lot_id,line_id,product_id,start_ts,end_ts,output_kg
LOT-00001,L1,P-L1-02,2025-10-01T08:00:00+09:00,2025-10-01T16:30:00+09:00,25475
LOT-00002,L1,P-L1-02,2025-10-01T20:00:00+09:00,2025-10-01T23:30:00+09:00,25595
LOT-00003,L2,P-L2-03,2025-10-01T08:00:00+09:00,2025-10-01T16:30:00+09:00,24475
LOT-00004,L2,P-L2-03,2025-10-01T20:00:00+09:00,2025-10-01T23:30:00+09:00,24595
LOT-00005,L3,P-L3-04,2025-10-01T08:00:00+09:00,2025-10-01T16:30:00+09:00,24475
LOT-00006,L3,P-L3-04,2025-10-01T20:00:00+09:00,2025-10-01T23:30:00+09:00,24595
LOT-00007,L4,P-L4-05,2025-10-01T08:00:00+09:00,2025-10-01T16:30:00+09:00,22975
LOT-00008,L4,P-L4-05,2025-10-01T20:00:00+09:00,2025-10-01T23:30:00+09:00,23095
LOT-00009,L5,P-L5-01,2025-10-01T08:00:00+09:00,2025-10-01T16:30:00+09:00,13730
LOT-00010,L5,P-L5-01,2025-10-01T20:00:00+09:00,2025-10-01T23:30:00+09:00,13850
LOT-00011,L6,P-L6-02,2025-10-01T08:00:00+09:00,2025-10-01T16:30:00+09:00,12730
LOT-00012,L6,P-L6-02,2025-10-01T20:00:00+09:00,2025-10-01T23:30:00+09:00,12850
LOT-00013,L2,P-L2-04,2025-10-02T08:00:00+09:00,2025-10-02T16:30:00+09:00,24650
LOT-00014,L2,P-L2-04,2025-10-02T20:00:00+09:00,2025-10-02T23:30:00+09:00,24770
LOT-00015,L3,P-L3-05,2025-10-02T08:00:00+09:00,2025-10-02T16:30:00+09:00,24650
LOT-00016,L3,P-L3-05,2025-10-02T20:00:00+09:00,2025-10-02T23:30:00+09:00,24770
LOT-00017,L4,P-L4-01,2025-10-02T08:00:00+09:00,2025-10-02T16:30:00+09:00,23150
LOT-00018,L4,P-L4-01,2025-10-02T20:00:00+09:00,2025-10-02T23:30:00+09:00,23270
LOT-00019,L5,P-L5-02,2025-10-02T08:00:00+09:00,2025-10-02T16:30:00+09:00,13820
LOT-00020,L5,P-L5-02,2025-10-02T20:00:00+09:00,2025-10-02T23:30:00+09:00,13940
LOT-00021,L6,P-L6-03,2025-10-02T08:00:00+09:00,2025-10-02T16:30:00+09:00,12820
LOT-00022,L6,P-L6-03,2025-10-02T20:00:00+09:00,2025-10-02T23:30:00+09:00,12940
LOT-00023,L1,P-L1-04,2025-10-03T08:00:00+09:00,2025-10-03T16:30:00+09:00,25825
LOT-00024,L1,P-L1-04,2025-10-03T20:00:00+09:00,2025-10-03T23:30:00+09:00,25945
LOT-00025,L3,P-L3-01,2025-10-03T08:00:00+09:00,2025-10-03T16:30:00+09:00,24825
LOT-00026,L3,P-L3-01,2025-10-03T20:00:00+09:00,2025-10-03T23:30:00+09:00,24945
LOT-00027,L4,P-L4-02,2025-10-03T08:00:00+09:00,2025-10-03T16:30:00+09:00,23325
LOT-00028,L4,P-L4-02,2025-10-03T20:00:00+09:00,2025-10-03T23:30:00+09:00,23445
LOT-00029,L5,P-L5-03,2025-10-03T08:00:00+09:00,2025-10-03T16:30:00+09:00,13910
LOT-00030,L5,P-L5-03,2025-10-03T20:00:00+09:00,2025-10-03T23:30:00+09:00,14030
LOT-00031,L6,P-L6-04,2025-10-03T08:00:00+09:00,2025-10-03T16:30:00+09:00,12910
LOT-00032,L6,P-L6-04,2025-10-03T20:00:00+09:00,2025-10-03T23:30:00+09:00,13030
LOT-00033,L1,P-L1-05,2025-10-04T08:00:00+09:00,2025-10-04T16:30:00+09:00,26000
LOT-00034,L1,P-L1-05,2025-10-04T20:00:00+09:00,2025-10-04T23:30:00+09:00,26120
LOT-00035,L2,P-L2-01,2025-10-04T08:00:00+09:00,2025-10-04T16:30:00+09:00,25000
LOT-00036,L2,P-L2-01,2025-10-04T20:00:00+09:00,2025-10-04T23:30:00+09:00,25120
LOT-00037,L4,P-L4-03,2025-10-04T08:00:00+09:00,2025-10-04T16:30:00+09:00,23500
LOT-00038,L4,P-L4-03,2025-10-04T20:00:00+09:00,2025-10-04T23:30:00+09:00,23620
LOT-00039,L5,P-L5-04,2025-10-04T08:00:00+09:00,2025-10-04T16:30:00+09:00,14000
LOT-00040,L5,P-L5-04,2025-10-04T20:00:00+09:00,2025-10-04T23:30:00+09:00,14120
LOT-00041,L6,P-L6-05,2025-10-04T08:00:00+09:00,2025-10-04T16:30:00+09:00,13000
LOT-00042,L6,P-L6-05,2025-10-04T20:00:00+09:00,2025-10-04T23:30:00+09:00,13120
LOT-00043,L1,P-L1-01,2025-10-05T08:00:00+09:00,2025-10-05T16:30:00+09:00,26175
LOT-00044,L1,P-L1-01,2025-10-05T20:00:00+09:00,2025-10-05T23:30:00+09:00,26295
LOT-00045,L2,P-L2-02,2025-10-05T08:00:00+09:00,2025-10-05T16:30:00+09:00,25175
LOT-00046,L2,P-L2-02,2025-10-05T20:00:00+09:00,2025-10-05T23:30:00+09:00,25295
LOT-00047,L3,P-L3-03,2025-10-05T08:00:00+09:00,2025-10-05T16:30:00+09:00,25175
LOT-00048,L3,P-L3-03,2025-10-05T20:00:00+09:00,2025-10-05T23:30:00+09:00,25295
LOT-00049,L5,P-L5-05,2025-10-05T08:00:00+09:00,2025-10-05T16:30:00+09:00,14090
LOT-00050,L5,P-L5-05,2025-10-05T20:00:00+09:00,2025-10-05T23:30:00+09:00,14210
LOT-00051,L6,P-L6-01,2025-10-05T08:00:00+09:00,2025-10-05T16:30:00+09:00,13090
LOT-00052,L6,P-L6-01,2025-10-05T20:00:00+09:00,2025-10-05T23:30:00+09:00,13210
LOT-00053,L1,P-L1-02,2025-10-06T08:00:00+09:00,2025-10-06T16:30:00+09:00,26350
LOT-00054,L1,P-L1-02,2025-10-06T20:00:00+09:00,2025-10-06T23:30:00+09:00,26470
LOT-00055,L2,P-L2-03,2025-10-06T08:00:00+09:00,2025-10-06T16:30:00+09:00,25350
LOT-00056,L2,P-L2-03,2025-10-06T20:00:00+09:00,2025-10-06T23:30:00+09:00,25470
LOT-00057,L3,P-L3-04,2025-10-06T08:00:00+09:00,2025-10-06T16:30:00+09:00,25350
LOT-00058,L3,P-L3-04,2025-10-06T20:00:00+09:00,2025-10-06T23:30:00+09:00,25470
LOT-00059,L4,P-L4-05,2025-10-06T08:00:00+09:00,2025-10-06T16:30:00+09:00,23850
LOT-00060,L4,P-L4-05,2025-10-06T20:00:00+09:00,2025-10-06T23:30:00+09:00,23970
LOT-00061,L6,P-L6-02,2025-10-06T08:00:00+09:00,2025-10-06T16:30:00+09:00,13180
LOT-00062,L6,P-L6-02,2025-10-06T20:00:00+09:00,2025-10-06T23:30:00+09:00,13300
LOT-00063,L1,P-L1-03,2025-10-07T08:00:00+09:00,2025-10-07T16:30:00+09:00,26525
LOT-00064,L1,P-L1-03,2025-10-07T20:00:00+09:00,2025-10-07T23:30:00+09:00,26645
LOT-00065,L2,P-L2-04,2025-10-07T08:00:00+09:00,2025-10-07T16:30:00+09:00,25525
LOT-00066,L2,P-L2-04,2025-10-07T20:00:00+09:00,2025-10-07T23:30:00+09:00,25645
LOT-00067,L3,P-L3-05,2025-10-07T08:00:00+09:00,2025-10-07T16:30:00+09:00,25525
LOT-00068,L3,P-L3-05,2025-10-07T20:00:00+09:00,2025-10-07T23:30:00+09:00,25645
LOT-00069,L4,P-L4-01,2025-10-07T08:00:00+09:00,2025-10-07T16:30:00+09:00,24025
LOT-00070,L4,P-L4-01,2025-10-07T20:00:00+09:00,2025-10-07T23:30:00+09:00,24145
LOT-00071,L5,P-L5-02,2025-10-07T08:00:00+09:00,2025-10-07T16:30:00+09:00,14270
LOT-00072,L5,P-L5-02,2025-10-07T20:00:00+09:00,2025-10-07T23:30:00+09:00,14390
LOT-00073,L1,P-L1-04,2025-10-08T08:00:00+09:00,2025-10-08T16:30:00+09:00,25475
LOT-00074,L1,P-L1-04,2025-10-08T20:00:00+09:00,2025-10-08T23:30:00+09:00,25595
LOT-00075,L2,P-L2-05,2025-10-08T08:00:00+09:00,2025-10-08T16:30:00+09:00,24475
LOT-00076,L2,P-L2-05,2025-10-08T20:00:00+09:00,2025-10-08T23:30:00+09:00,24595
LOT-00077,L3,P-L3-01,2025-10-08T08:00:00+09:00,2025-10-08T16:30:00+09:00,24475
LOT-00078,L3,P-L3-01,2025-10-08T20:00:00+09:00,2025-10-08T23:30:00+09:00,24595
LOT-00079,L4,P-L4-02,2025-10-08T08:00:00+09:00,2025-10-08T16:30:00+09:00,22975
LOT-00080,L4,P-L4-02,2025-10-08T20:00:00+09:00,2025-10-08T23:30:00+09:00,23095
LOT-00081,L5,P-L5-03,2025-10-08T08:00:00+09:00,2025-10-08T16:30:00+09:00,13730
LOT-00082,L5,P-L5-03,2025-10-08T20:00:00+09:00,2025-10-08T23:30:00+09:00,13850
LOT-00083,L6,P-L6-04,2025-10-08T08:00:00+09:00,2025-10-08T16:30:00+09:00,12730
LOT-00084,L6,P-L6-04,2025-10-08T20:00:00+09:00,2025-10-08T23:30:00+09:00,12850
LOT-00085,L1,P-L1-05,2025-10-09T08:00:00+09:00,2025-10-09T16:30:00+09:00,25650
LOT-00086,L1,P-L1-05,2025-10-09T20:00:00+09:00,2025-10-09T23:30:00+09:00,25770
LOT-00087,L2,P-L2-01,2025-10-09T08:00:00+09:00,2025-10-09T16:30:00+09:00,24650
LOT-00088,L2,P-L2-01,2025-10-09T20:00:00+09:00,2025-10-09T23:30:00+09:00,24770
LOT-00089,L3,P-L3-02,2025-10-09T08:00:00+09:00,2025-10-09T16:30:00+09:00,24650
LOT-00090,L3,P-L3-02,2025-10-09T20:00:00+09:00,2025-10-09T23:30:00+09:00,24770
LOT-00091,L4,P-L4-03,2025-10-09T08:00:00+09:00,2025-10-09T16:30:00+09:00,23150
LOT-00092,L4,P-L4-03,2025-10-09T20:00:00+09:00,2025-10-09T23:30:00+09:00,23270
LOT-00093,L5,P-L5-04,2025-10-09T08:00:00+09:00,2025-10-09T16:30:00+09:00,13820
LOT-00094,L5,P-L5-04,2025-10-09T20:00:00+09:00,2025-10-09T23:30:00+09:00,13940
LOT-00095,L6,P-L6-05,2025-10-09T08:00:00+09:00,2025-10-09T16:30:00+09:00,12820
LOT-00096,L6,P-L6-05,2025-10-09T20:00:00+09:00,2025-10-09T23:30:00+09:00,12940
LOT-00097,L1,P-L1-01,2025-10-10T08:00:00+09:00,2025-10-10T16:30:00+09:00,25825
LOT-00098,L1,P-L1-01,2025-10-10T20:00:00+09:00,2025-10-10T23:30:00+09:00,25945
LOT-00099,L2,P-L2-02,2025-10-10T08:00:00+09:00,2025-10-10T16:30:00+09:00,24825
LOT-00100,L2,P-L2-02,2025-10-10T20:00:00+09:00,2025-10-10T23:30:00+09:00,24945
LOT-00101,L3,P-L3-03,2025-10-10T08:00:00+09:00,2025-10-10T16:30:00+09:00,24825
LOT-00102,L3,P-L3-03,2025-10-10T20:00:00+09:00,2025-10-10T23:30:00+09:00,24945
LOT-00103,L4,P-L4-04,2025-10-10T08:00:00+09:00,2025-10-10T16:30:00+09:00,23325
LOT-00104,L4,P-L4-04,2025-10-10T20:00:00+09:00,2025-10-10T23:30:00+09:00,23445
LOT-00105,L5,P-L5-05,2025-10-10T08:00:00+09:00,2025-10-10T16:30:00+09:00,13910
LOT-00106,L5,P-L5-05,2025-10-10T20:00:00+09:00,2025-10-10T23:30:00+09:00,14030
LOT-00107,L6,P-L6-01,2025-10-10T08:00:00+09:00,2025-10-10T16:30:00+09:00,12910
LOT-00108,L6,P-L6-01,2025-10-10T20:00:00+09:00,2025-10-10T23:30:00+09:00,13030
LOT-00109,L1,P-L1-02,2025-10-11T08:00:00+09:00,2025-10-11T16:30:00+09:00,26000
LOT-00110,L1,P-L1-02,2025-10-11T20:00:00+09:00,2025-10-11T23:30:00+09:00,26120
LOT-00111,L2,P-L2-03,2025-10-11T08:00:00+09:00,2025-10-11T16:30:00+09:00,25000
LOT-00112,L2,P-L2-03,2025-10-11T20:00:00+09:00,2025-10-11T23:30:00+09:00,25120
LOT-00113,L3,P-L3-04,2025-10-11T08:00:00+09:00,2025-10-11T16:30:00+09:00,25000
LOT-00114,L3,P-L3-04,2025-10-11T20:00:00+09:00,2025-10-11T23:30:00+09:00,25120
LOT-00115,L4,P-L4-05,2025-10-11T08:00:00+09:00,2025-10-11T16:30:00+09:00,23500
LOT-00116,L4,P-L4-05,2025-10-11T20:00:00+09:00,2025-10-11T23:30:00+09:00,23620
LOT-00117,L5,P-L5-01,2025-10-11T08:00:00+09:00,2025-10-11T16:30:00+09:00,14000
LOT-00118,L5,P-L5-01,2025-10-11T20:00:00+09:00,2025-10-11T23:30:00+09:00,14120
LOT-00119,L6,P-L6-02,2025-10-11T08:00:00+09:00,2025-10-11T16:30:00+09:00,13000
LOT-00120,L6,P-L6-02,2025-10-11T20:00:00+09:00,2025-10-11T23:30:00+09:00,13120
LOT-00121,L1,P-L1-03,2025-10-12T08:00:00+09:00,2025-10-12T16:30:00+09:00,26175
LOT-00122,L1,P-L1-03,2025-10-12T20:00:00+09:00,2025-10-12T23:30:00+09:00,26295
LOT-00123,L2,P-L2-04,2025-10-12T08:00:00+09:00,2025-10-12T16:30:00+09:00,25175
LOT-00124,L2,P-L2-04,2025-10-12T20:00:00+09:00,2025-10-12T23:30:00+09:00,25295
LOT-00125,L3,P-L3-05,2025-10-12T08:00:00+09:00,2025-10-12T16:30:00+09:00,25175
LOT-00126,L3,P-L3-05,2025-10-12T20:00:00+09:00,2025-10-12T23:30:00+09:00,25295
LOT-00127,L4,P-L4-01,2025-10-12T08:00:00+09:00,2025-10-12T16:30:00+09:00,23675
LOT-00128,L4,P-L4-01,2025-10-12T20:00:00+09:00,2025-10-12T23:30:00+09:00,23795
LOT-00129,L5,P-L5-02,2025-10-12T08:00:00+09:00,2025-10-12T16:30:00+09:00,14090
LOT-00130,L5,P-L5-02,2025-10-12T20:00:00+09:00,2025-10-12T23:30:00+09:00,14210
LOT-00131,L6,P-L6-03,2025-10-12T08:00:00+09:00,2025-10-12T16:30:00+09:00,13090
LOT-00132,L6,P-L6-03,2025-10-12T20:00:00+09:00,2025-10-12T23:30:00+09:00,13210
LOT-00133,L1,P-L1-04,2025-10-13T08:00:00+09:00,2025-10-13T16:30:00+09:00,26350
LOT-00134,L1,P-L1-04,2025-10-13T20:00:00+09:00,2025-10-13T23:30:00+09:00,26470
LOT-00135,L2,P-L2-05,2025-10-13T08:00:00+09:00,2025-10-13T16:30:00+09:00,25350
LOT-00136,L2,P-L2-05,2025-10-13T20:00:00+09:00,2025-10-13T23:30:00+09:00,25470
LOT-00137,L3,P-L3-01,2025-10-13T08:00:00+09:00,2025-10-13T16:30:00+09:00,25350
LOT-00138,L3,P-L3-01,2025-10-13T20:00:00+09:00,2025-10-13T23:30:00+09:00,25470
LOT-00139,L4,P-L4-02,2025-10-13T08:00:00+09:00,2025-10-13T16:30:00+09:00,23850
LOT-00140,L4,P-L4-02,2025-10-13T20:00:00+09:00,2025-10-13T23:30:00+09:00,23970
LOT-00141,L5,P-L5-03,2025-10-13T08:00:00+09:00,2025-10-13T16:30:00+09:00,14180
LOT-00142,L5,P-L5-03,2025-10-13T20:00:00+09:00,2025-10-13T23:30:00+09:00,14300
LOT-00143,L6,P-L6-04,2025-10-13T08:00:00+09:00,2025-10-13T16:30:00+09:00,13180
LOT-00144,L6,P-L6-04,2025-10-13T20:00:00+09:00,2025-10-13T23:30:00+09:00,13300
LOT-00145,L1,P-L1-05,2025-10-14T08:00:00+09:00,2025-10-14T16:30:00+09:00,26525
LOT-00146,L1,P-L1-05,2025-10-14T20:00:00+09:00,2025-10-14T23:30:00+09:00,26645
LOT-00147,L2,P-L2-01,2025-10-14T08:00:00+09:00,2025-10-14T16:30:00+09:00,25525
LOT-00148,L2,P-L2-01,2025-10-14T20:00:00+09:00,2025-10-14T23:30:00+09:00,25645
LOT-00149,L3,P-L3-02,2025-10-14T08:00:00+09:00,2025-10-14T16:30:00+09:00,25525
LOT-00150,L3,P-L3-02,2025-10-14T20:00:00+09:00,2025-10-14T23:30:00+09:00,25645
LOT-00151,L4,P-L4-03,2025-10-14T08:00:00+09:00,2025-10-14T16:30:00+09:00,24025
LOT-00152,L4,P-L4-03,2025-10-14T20:00:00+09:00,2025-10-14T23:30:00+09:00,24145
LOT-00153,L5,P-L5-04,2025-10-14T08:00:00+09:00,2025-10-14T16:30:00+09:00,14270
LOT-00154,L5,P-L5-04,2025-10-14T20:00:00+09:00,2025-10-14T23:30:00+09:00,14390
LOT-00155,L6,P-L6-05,2025-10-14T08:00:00+09:00,2025-10-14T16:30:00+09:00,13270
LOT-00156,L6,P-L6-05,2025-10-14T20:00:00+09:00,2025-10-14T23:30:00+09:00,13390
LOT-00157,L1,P-L1-01,2025-10-15T08:00:00+09:00,2025-10-15T16:30:00+09:00,25475
LOT-00158,L1,P-L1-01,2025-10-15T20:00:00+09:00,2025-10-15T23:30:00+09:00,25595
LOT-00159,L2,P-L2-02,2025-10-15T08:00:00+09:00,2025-10-15T16:30:00+09:00,24475
LOT-00160,L2,P-L2-02,2025-10-15T20:00:00+09:00,2025-10-15T23:30:00+09:00,24595
LOT-00161,L3,P-L3-03,2025-10-15T08:00:00+09:00,2025-10-15T16:30:00+09:00,24475
LOT-00162,L3,P-L3-03,2025-10-15T20:00:00+09:00,2025-10-15T23:30:00+09:00,24595
LOT-00163,L4,P-L4-04,2025-10-15T08:00:00+09:00,2025-10-15T16:30:00+09:00,22975
LOT-00164,L4,P-L4-04,2025-10-15T20:00:00+09:00,2025-10-15T23:30:00+09:00,23095
LOT-00165,L5,P-L5-05,2025-10-15T08:00:00+09:00,2025-10-15T16:30:00+09:00,13730
LOT-00166,L5,P-L5-05,2025-10-15T20:00:00+09:00,2025-10-15T23:30:00+09:00,13850
LOT-00167,L6,P-L6-01,2025-10-15T08:00:00+09:00,2025-10-15T16:30:00+09:00,12730
LOT-00168,L6,P-L6-01,2025-10-15T20:00:00+09:00,2025-10-15T23:30:00+09:00,12850
LOT-00169,L1,P-L1-02,2025-10-16T08:00:00+09:00,2025-10-16T16:30:00+09:00,25650
LOT-00170,L1,P-L1-02,2025-10-16T20:00:00+09:00,2025-10-16T23:30:00+09:00,25770
LOT-00171,L2,P-L2-03,2025-10-16T08:00:00+09:00,2025-10-16T16:30:00+09:00,24650
LOT-00172,L2,P-L2-03,2025-10-16T20:00:00+09:00,2025-10-16T23:30:00+09:00,24770
LOT-00173,L3,P-L3-04,2025-10-16T08:00:00+09:00,2025-10-16T16:30:00+09:00,24650
LOT-00174,L3,P-L3-04,2025-10-16T20:00:00+09:00,2025-10-16T23:30:00+09:00,24770
LOT-00175,L4,P-L4-05,2025-10-16T08:00:00+09:00,2025-10-16T16:30:00+09:00,23150
LOT-00176,L4,P-L4-05,2025-10-16T20:00:00+09:00,2025-10-16T23:30:00+09:00,23270
LOT-00177,L5,P-L5-01,2025-10-16T08:00:00+09:00,2025-10-16T16:30:00+09:00,13820
LOT-00178,L5,P-L5-01,2025-10-16T20:00:00+09:00,2025-10-16T23:30:00+09:00,13940
LOT-00179,L6,P-L6-02,2025-10-16T08:00:00+09:00,2025-10-16T16:30:00+09:00,12820
LOT-00180,L6,P-L6-02,2025-10-16T20:00:00+09:00,2025-10-16T23:30:00+09:00,12940
LOT-00181,L1,P-L1-03,2025-10-17T08:00:00+09:00,2025-10-17T16:30:00+09:00,25825
LOT-00182,L1,P-L1-03,2025-10-17T20:00:00+09:00,2025-10-17T23:30:00+09:00,25945
LOT-00183,L2,P-L2-04,2025-10-17T08:00:00+09:00,2025-10-17T16:30:00+09:00,24825
LOT-00184,L2,P-L2-04,2025-10-17T20:00:00+09:00,2025-10-17T23:30:00+09:00,24945
LOT-00185,L3,P-L3-05,2025-10-17T08:00:00+09:00,2025-10-17T16:30:00+09:00,24825
LOT-00186,L3,P-L3-05,2025-10-17T20:00:00+09:00,2025-10-17T23:30:00+09:00,24945
LOT-00187,L4,P-L4-01,2025-10-17T08:00:00+09:00,2025-10-17T16:30:00+09:00,23325
LOT-00188,L4,P-L4-01,2025-10-17T20:00:00+09:00,2025-10-17T23:30:00+09:00,23445
LOT-00189,L5,P-L5-02,2025-10-17T08:00:00+09:00,2025-10-17T16:30:00+09:00,13910
LOT-00190,L5,P-L5-02,2025-10-17T20:00:00+09:00,2025-10-17T23:30:00+09:00,14030
LOT-00191,L6,P-L6-03,2025-10-17T08:00:00+09:00,2025-10-17T16:30:00+09:00,12910
LOT-00192,L6,P-L6-03,2025-10-17T20:00:00+09:00,2025-10-17T23:30:00+09:00,13030
LOT-00193,L1,P-L1-04,2025-10-18T08:00:00+09:00,2025-10-18T16:30:00+09:00,26000
LOT-00194,L1,P-L1-04,2025-10-18T20:00:00+09:00,2025-10-18T23:30:00+09:00,26120
LOT-00195,L2,P-L2-05,2025-10-18T08:00:00+09:00,2025-10-18T16:30:00+09:00,25000
LOT-00196,L2,P-L2-05,2025-10-18T20:00:00+09:00,2025-10-18T23:30:00+09:00,25120
LOT-00197,L3,P-L3-01,2025-10-18T08:00:00+09:00,2025-10-18T16:30:00+09:00,25000
LOT-00198,L3,P-L3-01,2025-10-18T20:00:00+09:00,2025-10-18T23:30:00+09:00,25120
LOT-00199,L4,P-L4-02,2025-10-18T08:00:00+09:00,2025-10-18T16:30:00+09:00,23500
LOT-00200,L4,P-L4-02,2025-10-18T20:00:00+09:00,2025-10-18T23:30:00+09:00,23620
LOT-00201,L5,P-L5-03,2025-10-18T08:00:00+09:00,2025-10-18T16:30:00+09:00,14000
LOT-00202,L5,P-L5-03,2025-10-18T20:00:00+09:00,2025-10-18T23:30:00+09:00,14120
LOT-00203,L6,P-L6-04,2025-10-18T08:00:00+09:00,2025-10-18T16:30:00+09:00,13000
LOT-00204,L6,P-L6-04,2025-10-18T20:00:00+09:00,2025-10-18T23:30:00+09:00,13120
LOT-00205,L1,P-L1-05,2025-10-19T08:00:00+09:00,2025-10-19T16:30:00+09:00,26175
LOT-00206,L1,P-L1-05,2025-10-19T20:00:00+09:00,2025-10-19T23:30:00+09:00,26295
LOT-00207,L2,P-L2-01,2025-10-19T08:00:00+09:00,2025-10-19T16:30:00+09:00,25175
LOT-00208,L2,P-L2-01,2025-10-19T20:00:00+09:00,2025-10-19T23:30:00+09:00,25295
LOT-00209,L3,P-L3-02,2025-10-19T08:00:00+09:00,2025-10-19T16:30:00+09:00,25175
LOT-00210,L3,P-L3-02,2025-10-19T20:00:00+09:00,2025-10-19T23:30:00+09:00,25295
LOT-00211,L4,P-L4-03,2025-10-19T08:00:00+09:00,2025-10-19T16:30:00+09:00,23675
LOT-00212,L4,P-L4-03,2025-10-19T20:00:00+09:00,2025-10-19T23:30:00+09:00,23795
LOT-00213,L5,P-L5-04,2025-10-19T08:00:00+09:00,2025-10-19T16:30:00+09:00,14090
LOT-00214,L5,P-L5-04,2025-10-19T20:00:00+09:00,2025-10-19T23:30:00+09:00,14210
LOT-00215,L6,P-L6-05,2025-10-19T08:00:00+09:00,2025-10-19T16:30:00+09:00,13090
LOT-00216,L6,P-L6-05,2025-10-19T20:00:00+09:00,2025-10-19T23:30:00+09:00,13210
LOT-00217,L2,P-L2-02,2025-10-20T08:00:00+09:00,2025-10-20T16:30:00+09:00,25350
LOT-00218,L2,P-L2-02,2025-10-20T20:00:00+09:00,2025-10-20T23:30:00+09:00,25470
LOT-00219,L3,P-L3-03,2025-10-20T08:00:00+09:00,2025-10-20T16:30:00+09:00,25350
LOT-00220,L3,P-L3-03,2025-10-20T20:00:00+09:00,2025-10-20T23:30:00+09:00,25470
LOT-00221,L4,P-L4-04,2025-10-20T08:00:00+09:00,2025-10-20T16:30:00+09:00,23850
LOT-00222,L4,P-L4-04,2025-10-20T20:00:00+09:00,2025-10-20T23:30:00+09:00,23970
LOT-00223,L5,P-L5-05,2025-10-20T08:00:00+09:00,2025-10-20T16:30:00+09:00,14180
LOT-00224,L5,P-L5-05,2025-10-20T20:00:00+09:00,2025-10-20T23:30:00+09:00,14300
LOT-00225,L6,P-L6-01,2025-10-20T08:00:00+09:00,2025-10-20T16:30:00+09:00,13180
LOT-00226,L6,P-L6-01,2025-10-20T20:00:00+09:00,2025-10-20T23:30:00+09:00,13300
LOT-00227,L1,P-L1-02,2025-10-21T08:00:00+09:00,2025-10-21T16:30:00+09:00,26525
LOT-00228,L1,P-L1-02,2025-10-21T20:00:00+09:00,2025-10-21T23:30:00+09:00,26645
LOT-00229,L3,P-L3-04,2025-10-21T08:00:00+09:00,2025-10-21T16:30:00+09:00,25525
LOT-00230,L3,P-L3-04,2025-10-21T20:00:00+09:00,2025-10-21T23:30:00+09:00,25645
LOT-00231,L4,P-L4-05,2025-10-21T08:00:00+09:00,2025-10-21T16:30:00+09:00,24025
LOT-00232,L4,P-L4-05,2025-10-21T20:00:00+09:00,2025-10-21T23:30:00+09:00,24145
LOT-00233,L5,P-L5-01,2025-10-21T08:00:00+09:00,2025-10-21T16:30:00+09:00,14270
LOT-00234,L5,P-L5-01,2025-10-21T20:00:00+09:00,2025-10-21T23:30:00+09:00,14390
LOT-00235,L6,P-L6-02,2025-10-21T08:00:00+09:00,2025-10-21T16:30:00+09:00,13270
LOT-00236,L6,P-L6-02,2025-10-21T20:00:00+09:00,2025-10-21T23:30:00+09:00,13390
LOT-00237,L1,P-L1-03,2025-10-22T08:00:00+09:00,2025-10-22T16:30:00+09:00,25475
LOT-00238,L1,P-L1-03,2025-10-22T20:00:00+09:00,2025-10-22T23:30:00+09:00,25595
LOT-00239,L2,P-L2-04,2025-10-22T08:00:00+09:00,2025-10-22T16:30:00+09:00,24475
LOT-00240,L2,P-L2-04,2025-10-22T20:00:00+09:00,2025-10-22T23:30:00+09:00,24595
LOT-00241,L4,P-L4-01,2025-10-22T08:00:00+09:00,2025-10-22T16:30:00+09:00,22975
LOT-00242,L4,P-L4-01,2025-10-22T20:00:00+09:00,2025-10-22T23:30:00+09:00,23095
LOT-00243,L5,P-L5-02,2025-10-22T08:00:00+09:00,2025-10-22T16:30:00+09:00,13730
LOT-00244,L5,P-L5-02,2025-10-22T20:00:00+09:00,2025-10-22T23:30:00+09:00,13850
LOT-00245,L6,P-L6-03,2025-10-22T08:00:00+09:00,2025-10-22T16:30:00+09:00,12730
LOT-00246,L6,P-L6-03,2025-10-22T20:00:00+09:00,2025-10-22T23:30:00+09:00,12850
LOT-00247,L1,P-L1-04,2025-10-23T08:00:00+09:00,2025-10-23T16:30:00+09:00,25650
LOT-00248,L1,P-L1-04,2025-10-23T20:00:00+09:00,2025-10-23T23:30:00+09:00,25770
LOT-00249,L2,P-L2-05,2025-10-23T08:00:00+09:00,2025-10-23T16:30:00+09:00,24650
LOT-00250,L2,P-L2-05,2025-10-23T20:00:00+09:00,2025-10-23T23:30:00+09:00,24770
LOT-00251,L3,P-L3-01,2025-10-23T08:00:00+09:00,2025-10-23T16:30:00+09:00,24650
LOT-00252,L3,P-L3-01,2025-10-23T20:00:00+09:00,2025-10-23T23:30:00+09:00,24770
LOT-00253,L5,P-L5-03,2025-10-23T08:00:00+09:00,2025-10-23T16:30:00+09:00,13820
LOT-00254,L5,P-L5-03,2025-10-23T20:00:00+09:00,2025-10-23T23:30:00+09:00,13940
LOT-00255,L6,P-L6-04,2025-10-23T08:00:00+09:00,2025-10-23T16:30:00+09:00,12820
LOT-00256,L6,P-L6-04,2025-10-23T20:00:00+09:00,2025-10-23T23:30:00+09:00,12940
LOT-00257,L1,P-L1-05,2025-10-24T08:00:00+09:00,2025-10-24T16:30:00+09:00,25825
LOT-00258,L1,P-L1-05,2025-10-24T20:00:00+09:00,2025-10-24T23:30:00+09:00,25945
LOT-00259,L2,P-L2-01,2025-10-24T08:00:00+09:00,2025-10-24T16:30:00+09:00,24825
LOT-00260,L2,P-L2-01,2025-10-24T20:00:00+09:00,2025-10-24T23:30:00+09:00,24945
LOT-00261,L3,P-L3-02,2025-10-24T08:00:00+09:00,2025-10-24T16:30:00+09:00,24825
LOT-00262,L3,P-L3-02,2025-10-24T20:00:00+09:00,2025-10-24T23:30:00+09:00,24945
LOT-00263,L4,P-L4-03,2025-10-24T08:00:00+09:00,2025-10-24T16:30:00+09:00,23325
LOT-00264,L4,P-L4-03,2025-10-24T20:00:00+09:00,2025-10-24T23:30:00+09:00,23445
LOT-00265,L6,P-L6-05,2025-10-24T08:00:00+09:00,2025-10-24T16:30:00+09:00,12910
LOT-00266,L6,P-L6-05,2025-10-24T20:00:00+09:00,2025-10-24T23:30:00+09:00,13030
LOT-00267,L1,P-L1-01,2025-10-25T08:00:00+09:00,2025-10-25T16:30:00+09:00,26000
LOT-00268,L1,P-L1-01,2025-10-25T20:00:00+09:00,2025-10-25T23:30:00+09:00,26120
LOT-00269,L2,P-L2-02,2025-10-25T08:00:00+09:00,2025-10-25T16:30:00+09:00,25000
LOT-00270,L2,P-L2-02,2025-10-25T20:00:00+09:00,2025-10-25T23:30:00+09:00,25120
LOT-00271,L3,P-L3-03,2025-10-25T08:00:00+09:00,2025-10-25T16:30:00+09:00,25000
LOT-00272,L3,P-L3-03,2025-10-25T20:00:00+09:00,2025-10-25T23:30:00+09:00,25120
LOT-00273,L4,P-L4-04,2025-10-25T08:00:00+09:00,2025-10-25T16:30:00+09:00,23500
LOT-00274,L4,P-L4-04,2025-10-25T20:00:00+09:00,2025-10-25T23:30:00+09:00,23620
LOT-00275,L5,P-L5-05,2025-10-25T08:00:00+09:00,2025-10-25T16:30:00+09:00,14000
LOT-00276,L5,P-L5-05,2025-10-25T20:00:00+09:00,2025-10-25T23:30:00+09:00,14120
LOT-00277,L1,P-L1-02,2025-10-26T08:00:00+09:00,2025-10-26T16:30:00+09:00,26175
LOT-00278,L1,P-L1-02,2025-10-26T20:00:00+09:00,2025-10-26T23:30:00+09:00,26295
LOT-00279,L2,P-L2-03,2025-10-26T08:00:00+09:00,2025-10-26T16:30:00+09:00,25175
LOT-00280,L2,P-L2-03,2025-10-26T20:00:00+09:00,2025-10-26T23:30:00+09:00,25295
LOT-00281,L3,P-L3-04,2025-10-26T08:00:00+09:00,2025-10-26T16:30:00+09:00,25175
LOT-00282,L3,P-L3-04,2025-10-26T20:00:00+09:00,2025-10-26T23:30:00+09:00,25295
LOT-00283,L4,P-L4-05,2025-10-26T08:00:00+09:00,2025-10-26T16:30:00+09:00,23675
LOT-00284,L4,P-L4-05,2025-10-26T20:00:00+09:00,2025-10-26T23:30:00+09:00,23795
LOT-00285,L5,P-L5-01,2025-10-26T08:00:00+09:00,2025-10-26T16:30:00+09:00,14090
LOT-00286,L5,P-L5-01,2025-10-26T20:00:00+09:00,2025-10-26T23:30:00+09:00,14210
LOT-00287,L6,P-L6-02,2025-10-26T08:00:00+09:00,2025-10-26T16:30:00+09:00,13090
LOT-00288,L6,P-L6-02,2025-10-26T20:00:00+09:00,2025-10-26T23:30:00+09:00,13210
LOT-00289,L1,P-L1-03,2025-10-27T08:00:00+09:00,2025-10-27T16:30:00+09:00,26350
LOT-00290,L1,P-L1-03,2025-10-27T20:00:00+09:00,2025-10-27T23:30:00+09:00,26470
LOT-00291,L2,P-L2-04,2025-10-27T08:00:00+09:00,2025-10-27T16:30:00+09:00,25350
LOT-00292,L2,P-L2-04,2025-10-27T20:00:00+09:00,2025-10-27T23:30:00+09:00,25470
LOT-00293,L3,P-L3-05,2025-10-27T08:00:00+09:00,2025-10-27T16:30:00+09:00,25350
LOT-00294,L3,P-L3-05,2025-10-27T20:00:00+09:00,2025-10-27T23:30:00+09:00,25470
LOT-00295,L4,P-L4-01,2025-10-27T08:00:00+09:00,2025-10-27T16:30:00+09:00,23850
LOT-00296,L4,P-L4-01,2025-10-27T20:00:00+09:00,2025-10-27T23:30:00+09:00,23970
LOT-00297,L5,P-L5-02,2025-10-27T08:00:00+09:00,2025-10-27T16:30:00+09:00,14180
LOT-00298,L5,P-L5-02,2025-10-27T20:00:00+09:00,2025-10-27T23:30:00+09:00,14300
LOT-00299,L6,P-L6-03,2025-10-27T08:00:00+09:00,2025-10-27T16:30:00+09:00,13180
LOT-00300,L6,P-L6-03,2025-10-27T20:00:00+09:00,2025-10-27T23:30:00+09:00,13300
LOT-00301,L1,P-L1-04,2025-10-28T08:00:00+09:00,2025-10-28T16:30:00+09:00,26525
LOT-00302,L1,P-L1-04,2025-10-28T20:00:00+09:00,2025-10-28T23:30:00+09:00,26645
LOT-00303,L2,P-L2-05,2025-10-28T08:00:00+09:00,2025-10-28T16:30:00+09:00,25525
LOT-00304,L2,P-L2-05,2025-10-28T20:00:00+09:00,2025-10-28T23:30:00+09:00,25645
LOT-00305,L3,P-L3-01,2025-10-28T08:00:00+09:00,2025-10-28T16:30:00+09:00,25525
LOT-00306,L3,P-L3-01,2025-10-28T20:00:00+09:00,2025-10-28T23:30:00+09:00,25645
LOT-00307,L4,P-L4-02,2025-10-28T08:00:00+09:00,2025-10-28T16:30:00+09:00,24025
LOT-00308,L4,P-L4-02,2025-10-28T20:00:00+09:00,2025-10-28T23:30:00+09:00,24145
LOT-00309,L5,P-L5-03,2025-10-28T08:00:00+09:00,2025-10-28T16:30:00+09:00,14270
LOT-00310,L5,P-L5-03,2025-10-28T20:00:00+09:00,2025-10-28T23:30:00+09:00,14390
LOT-00311,L6,P-L6-04,2025-10-28T08:00:00+09:00,2025-10-28T16:30:00+09:00,13270
LOT-00312,L6,P-L6-04,2025-10-28T20:00:00+09:00,2025-10-28T23:30:00+09:00,13390
LOT-00313,L1,P-L1-05,2025-10-29T08:00:00+09:00,2025-10-29T16:30:00+09:00,25475
LOT-00314,L1,P-L1-05,2025-10-29T20:00:00+09:00,2025-10-29T23:30:00+09:00,25595
LOT-00315,L2,P-L2-01,2025-10-29T08:00:00+09:00,2025-10-29T16:30:00+09:00,24475
LOT-00316,L2,P-L2-01,2025-10-29T20:00:00+09:00,2025-10-29T23:30:00+09:00,24595
LOT-00317,L3,P-L3-02,2025-10-29T08:00:00+09:00,2025-10-29T16:30:00+09:00,24475
LOT-00318,L3,P-L3-02,2025-10-29T20:00:00+09:00,2025-10-29T23:30:00+09:00,24595
LOT-00319,L4,P-L4-03,2025-10-29T08:00:00+09:00,2025-10-29T16:30:00+09:00,22975
LOT-00320,L4,P-L4-03,2025-10-29T20:00:00+09:00,2025-10-29T23:30:00+09:00,23095
LOT-00321,L5,P-L5-04,2025-10-29T08:00:00+09:00,2025-10-29T16:30:00+09:00,13730
LOT-00322,L5,P-L5-04,2025-10-29T20:00:00+09:00,2025-10-29T23:30:00+09:00,13850
LOT-00323,L6,P-L6-05,2025-10-29T08:00:00+09:00,2025-10-29T16:30:00+09:00,12730
LOT-00324,L6,P-L6-05,2025-10-29T20:00:00+09:00,2025-10-29T23:30:00+09:00,12850
LOT-00325,L1,P-L1-01,2025-10-30T08:00:00+09:00,2025-10-30T16:30:00+09:00,25650
LOT-00326,L1,P-L1-01,2025-10-30T20:00:00+09:00,2025-10-30T23:30:00+09:00,25770
LOT-00327,L2,P-L2-02,2025-10-30T08:00:00+09:00,2025-10-30T16:30:00+09:00,24650
LOT-00328,L2,P-L2-02,2025-10-30T20:00:00+09:00,2025-10-30T23:30:00+09:00,24770
LOT-00329,L3,P-L3-03,2025-10-30T08:00:00+09:00,2025-10-30T16:30:00+09:00,24650
LOT-00330,L3,P-L3-03,2025-10-30T20:00:00+09:00,2025-10-30T23:30:00+09:00,24770
LOT-00331,L4,P-L4-04,2025-10-30T08:00:00+09:00,2025-10-30T16:30:00+09:00,23150
LOT-00332,L4,P-L4-04,2025-10-30T20:00:00+09:00,2025-10-30T23:30:00+09:00,23270
LOT-00333,L5,P-L5-05,2025-10-30T08:00:00+09:00,2025-10-30T16:30:00+09:00,13820
LOT-00334,L5,P-L5-05,2025-10-30T20:00:00+09:00,2025-10-30T23:30:00+09:00,13940
LOT-00335,L6,P-L6-01,2025-10-30T08:00:00+09:00,2025-10-30T16:30:00+09:00,12820
LOT-00336,L6,P-L6-01,2025-10-30T20:00:00+09:00,2025-10-30T23:30:00+09:00,12940
LOT-00337,L1,P-L1-02,2025-10-31T08:00:00+09:00,2025-10-31T16:30:00+09:00,25825
LOT-00338,L1,P-L1-02,2025-10-31T20:00:00+09:00,2025-10-31T23:30:00+09:00,25945
LOT-00339,L2,P-L2-03,2025-10-31T08:00:00+09:00,2025-10-31T16:30:00+09:00,24825
LOT-00340,L2,P-L2-03,2025-10-31T20:00:00+09:00,2025-10-31T23:30:00+09:00,24945
LOT-00341,L3,P-L3-04,2025-10-31T08:00:00+09:00,2025-10-31T16:30:00+09:00,24825
LOT-00342,L3,P-L3-04,2025-10-31T20:00:00+09:00,2025-10-31T23:30:00+09:00,24945
LOT-00343,L4,P-L4-05,2025-10-31T08:00:00+09:00,2025-10-31T16:30:00+09:00,23325
LOT-00344,L4,P-L4-05,2025-10-31T20:00:00+09:00,2025-10-31T23:30:00+09:00,23445
LOT-00345,L5,P-L5-01,2025-10-31T08:00:00+09:00,2025-10-31T16:30:00+09:00,13910
LOT-00346,L5,P-L5-01,2025-10-31T20:00:00+09:00,2025-10-31T23:30:00+09:00,14030
LOT-00347,L6,P-L6-02,2025-10-31T08:00:00+09:00,2025-10-31T16:30:00+09:00,12910
LOT-00348,L6,P-L6-02,2025-10-31T20:00:00+09:00,2025-10-31T23:30:00+09:00,13030
LOT-00349,L1,P-L1-03,2025-11-01T08:00:00+09:00,2025-11-01T16:30:00+09:00,26000
LOT-00350,L1,P-L1-03,2025-11-01T20:00:00+09:00,2025-11-01T23:30:00+09:00,26120
LOT-00351,L2,P-L2-04,2025-11-01T08:00:00+09:00,2025-11-01T16:30:00+09:00,25000
LOT-00352,L2,P-L2-04,2025-11-01T20:00:00+09:00,2025-11-01T23:30:00+09:00,25120
LOT-00353,L3,P-L3-05,2025-11-01T08:00:00+09:00,2025-11-01T16:30:00+09:00,25000
LOT-00354,L3,P-L3-05,2025-11-01T20:00:00+09:00,2025-11-01T23:30:00+09:00,25120
LOT-00355,L4,P-L4-01,2025-11-01T08:00:00+09:00,2025-11-01T16:30:00+09:00,23500
LOT-00356,L4,P-L4-01,2025-11-01T20:00:00+09:00,2025-11-01T23:30:00+09:00,23620
LOT-00357,L5,P-L5-02,2025-11-01T08:00:00+09:00,2025-11-01T16:30:00+09:00,14000
LOT-00358,L5,P-L5-02,2025-11-01T20:00:00+09:00,2025-11-01T23:30:00+09:00,14120
LOT-00359,L6,P-L6-03,2025-11-01T08:00:00+09:00,2025-11-01T16:30:00+09:00,13000
LOT-00360,L6,P-L6-03,2025-11-01T20:00:00+09:00,2025-11-01T23:30:00+09:00,13120
LOT-00361,L1,P-L1-04,2025-11-02T08:00:00+09:00,2025-11-02T16:30:00+09:00,26175
LOT-00362,L1,P-L1-04,2025-11-02T20:00:00+09:00,2025-11-02T23:30:00+09:00,26295
LOT-00363,L2,P-L2-05,2025-11-02T08:00:00+09:00,2025-11-02T16:30:00+09:00,25175
LOT-00364,L2,P-L2-05,2025-11-02T20:00:00+09:00,2025-11-02T23:30:00+09:00,25295
LOT-00365,L3,P-L3-01,2025-11-02T08:00:00+09:00,2025-11-02T16:30:00+09:00,25175
LOT-00366,L3,P-L3-01,2025-11-02T20:00:00+09:00,2025-11-02T23:30:00+09:00,25295
LOT-00367,L4,P-L4-02,2025-11-02T08:00:00+09:00,2025-11-02T16:30:00+09:00,23675
LOT-00368,L4,P-L4-02,2025-11-02T20:00:00+09:00,2025-11-02T23:30:00+09:00,23795
LOT-00369,L5,P-L5-03,2025-11-02T08:00:00+09:00,2025-11-02T16:30:00+09:00,14090
LOT-00370,L5,P-L5-03,2025-11-02T20:00:00+09:00,2025-11-02T23:30:00+09:00,14210
LOT-00371,L6,P-L6-04,2025-11-02T08:00:00+09:00,2025-11-02T16:30:00+09:00,13090
LOT-00372,L6,P-L6-04,2025-11-02T20:00:00+09:00,2025-11-02T23:30:00+09:00,13210
LOT-00373,L1,P-L1-05,2025-11-03T08:00:00+09:00,2025-11-03T16:30:00+09:00,26350
LOT-00374,L1,P-L1-05,2025-11-03T20:00:00+09:00,2025-11-03T23:30:00+09:00,26470
LOT-00375,L2,P-L2-01,2025-11-03T08:00:00+09:00,2025-11-03T16:30:00+09:00,25350
LOT-00376,L2,P-L2-01,2025-11-03T20:00:00+09:00,2025-11-03T23:30:00+09:00,25470
LOT-00377,L3,P-L3-02,2025-11-03T08:00:00+09:00,2025-11-03T16:30:00+09:00,25350
LOT-00378,L3,P-L3-02,2025-11-03T20:00:00+09:00,2025-11-03T23:30:00+09:00,25470
LOT-00379,L4,P-L4-03,2025-11-03T08:00:00+09:00,2025-11-03T16:30:00+09:00,23850
LOT-00380,L4,P-L4-03,2025-11-03T20:00:00+09:00,2025-11-03T23:30:00+09:00,23970
LOT-00381,L5,P-L5-04,2025-11-03T08:00:00+09:00,2025-11-03T16:30:00+09:00,14180
LOT-00382,L5,P-L5-04,2025-11-03T20:00:00+09:00,2025-11-03T23:30:00+09:00,14300
LOT-00383,L6,P-L6-05,2025-11-03T08:00:00+09:00,2025-11-03T16:30:00+09:00,13180
LOT-00384,L6,P-L6-05,2025-11-03T20:00:00+09:00,2025-11-03T23:30:00+09:00,13300
LOT-00385,L1,P-L1-01,2025-11-04T08:00:00+09:00,2025-11-04T16:30:00+09:00,26525
LOT-00386,L1,P-L1-01,2025-11-04T20:00:00+09:00,2025-11-04T23:30:00+09:00,26645
LOT-00387,L2,P-L2-02,2025-11-04T08:00:00+09:00,2025-11-04T16:30:00+09:00,25525
LOT-00388,L2,P-L2-02,2025-11-04T20:00:00+09:00,2025-11-04T23:30:00+09:00,25645
LOT-00389,L3,P-L3-03,2025-11-04T08:00:00+09:00,2025-11-04T16:30:00+09:00,25525
LOT-00390,L3,P-L3-03,2025-11-04T20:00:00+09:00,2025-11-04T23:30:00+09:00,25645
LOT-00391,L4,P-L4-04,2025-11-04T08:00:00+09:00,2025-11-04T16:30:00+09:00,24025
LOT-00392,L4,P-L4-04,2025-11-04T20:00:00+09:00,2025-11-04T23:30:00+09:00,24145
LOT-00393,L5,P-L5-05,2025-11-04T08:00:00+09:00,2025-11-04T16:30:00+09:00,14270
LOT-00394,L5,P-L5-05,2025-11-04T20:00:00+09:00,2025-11-04T23:30:00+09:00,14390
LOT-00395,L6,P-L6-01,2025-11-04T08:00:00+09:00,2025-11-04T16:30:00+09:00,13270
LOT-00396,L6,P-L6-01,2025-11-04T20:00:00+09:00,2025-11-04T23:30:00+09:00,13390
LOT-00397,L1,P-L1-02,2025-11-05T08:00:00+09:00,2025-11-05T16:30:00+09:00,25475
LOT-00398,L1,P-L1-02,2025-11-05T20:00:00+09:00,2025-11-05T23:30:00+09:00,25595
LOT-00399,L2,P-L2-03,2025-11-05T08:00:00+09:00,2025-11-05T16:30:00+09:00,24475
LOT-00400,L2,P-L2-03,2025-11-05T20:00:00+09:00,2025-11-05T23:30:00+09:00,24595
LOT-00401,L3,P-L3-04,2025-11-05T08:00:00+09:00,2025-11-05T16:30:00+09:00,24475
LOT-00402,L3,P-L3-04,2025-11-05T20:00:00+09:00,2025-11-05T23:30:00+09:00,24595
LOT-00403,L4,P-L4-05,2025-11-05T08:00:00+09:00,2025-11-05T16:30:00+09:00,22975
LOT-00404,L4,P-L4-05,2025-11-05T20:00:00+09:00,2025-11-05T23:30:00+09:00,23095
LOT-00405,L5,P-L5-01,2025-11-05T08:00:00+09:00,2025-11-05T16:30:00+09:00,13730
LOT-00406,L5,P-L5-01,2025-11-05T20:00:00+09:00,2025-11-05T23:30:00+09:00,13850
LOT-00407,L6,P-L6-02,2025-11-05T08:00:00+09:00,2025-11-05T16:30:00+09:00,12730
LOT-00408,L6,P-L6-02,2025-11-05T20:00:00+09:00,2025-11-05T23:30:00+09:00,12850
LOT-00409,L1,P-L1-03,2025-11-06T08:00:00+09:00,2025-11-06T16:30:00+09:00,25650
LOT-00410,L1,P-L1-03,2025-11-06T20:00:00+09:00,2025-11-06T23:30:00+09:00,25770
LOT-00411,L2,P-L2-04,2025-11-06T08:00:00+09:00,2025-11-06T16:30:00+09:00,24650
LOT-00412,L2,P-L2-04,2025-11-06T20:00:00+09:00,2025-11-06T23:30:00+09:00,24770
LOT-00413,L3,P-L3-05,2025-11-06T08:00:00+09:00,2025-11-06T16:30:00+09:00,24650
LOT-00414,L3,P-L3-05,2025-11-06T20:00:00+09:00,2025-11-06T23:30:00+09:00,24770
LOT-00415,L4,P-L4-01,2025-11-06T08:00:00+09:00,2025-11-06T16:30:00+09:00,23150
LOT-00416,L4,P-L4-01,2025-11-06T20:00:00+09:00,2025-11-06T23:30:00+09:00,23270
LOT-00417,L5,P-L5-02,2025-11-06T08:00:00+09:00,2025-11-06T16:30:00+09:00,13820
LOT-00418,L5,P-L5-02,2025-11-06T20:00:00+09:00,2025-11-06T23:30:00+09:00,13940
LOT-00419,L6,P-L6-03,2025-11-06T08:00:00+09:00,2025-11-06T16:30:00+09:00,12820
LOT-00420,L6,P-L6-03,2025-11-06T20:00:00+09:00,2025-11-06T23:30:00+09:00,12940
LOT-00421,L2,P-L2-05,2025-11-07T08:00:00+09:00,2025-11-07T16:30:00+09:00,24825
LOT-00422,L2,P-L2-05,2025-11-07T20:00:00+09:00,2025-11-07T23:30:00+09:00,24945
LOT-00423,L3,P-L3-01,2025-11-07T08:00:00+09:00,2025-11-07T16:30:00+09:00,24825
LOT-00424,L3,P-L3-01,2025-11-07T20:00:00+09:00,2025-11-07T23:30:00+09:00,24945
LOT-00425,L4,P-L4-02,2025-11-07T08:00:00+09:00,2025-11-07T16:30:00+09:00,23325
LOT-00426,L4,P-L4-02,2025-11-07T20:00:00+09:00,2025-11-07T23:30:00+09:00,23445
LOT-00427,L5,P-L5-03,2025-11-07T08:00:00+09:00,2025-11-07T16:30:00+09:00,13910
LOT-00428,L5,P-L5-03,2025-11-07T20:00:00+09:00,2025-11-07T23:30:00+09:00,14030
LOT-00429,L6,P-L6-04,2025-11-07T08:00:00+09:00,2025-11-07T16:30:00+09:00,12910
LOT-00430,L6,P-L6-04,2025-11-07T20:00:00+09:00,2025-11-07T23:30:00+09:00,13030
LOT-00431,L1,P-L1-05,2025-11-08T08:00:00+09:00,2025-11-08T16:30:00+09:00,26000
LOT-00432,L1,P-L1-05,2025-11-08T20:00:00+09:00,2025-11-08T23:30:00+09:00,26120
LOT-00433,L3,P-L3-02,2025-11-08T08:00:00+09:00,2025-11-08T16:30:00+09:00,25000
LOT-00434,L3,P-L3-02,2025-11-08T20:00:00+09:00,2025-11-08T23:30:00+09:00,25120
LOT-00435,L4,P-L4-03,2025-11-08T08:00:00+09:00,2025-11-08T16:30:00+09:00,23500
LOT-00436,L4,P-L4-03,2025-11-08T20:00:00+09:00,2025-11-08T23:30:00+09:00,23620
LOT-00437,L5,P-L5-04,2025-11-08T08:00:00+09:00,2025-11-08T16:30:00+09:00,14000
LOT-00438,L5,P-L5-04,2025-11-08T20:00:00+09:00,2025-11-08T23:30:00+09:00,14120
LOT-00439,L6,P-L6-05,2025-11-08T08:00:00+09:00,2025-11-08T16:30:00+09:00,13000
LOT-00440,L6,P-L6-05,2025-11-08T20:00:00+09:00,2025-11-08T23:30:00+09:00,13120
LOT-00441,L1,P-L1-01,2025-11-09T08:00:00+09:00,2025-11-09T16:30:00+09:00,26175
LOT-00442,L1,P-L1-01,2025-11-09T20:00:00+09:00,2025-11-09T23:30:00+09:00,26295
LOT-00443,L2,P-L2-02,2025-11-09T08:00:00+09:00,2025-11-09T16:30:00+09:00,25175
LOT-00444,L2,P-L2-02,2025-11-09T20:00:00+09:00,2025-11-09T23:30:00+09:00,25295
LOT-00445,L4,P-L4-04,2025-11-09T08:00:00+09:00,2025-11-09T16:30:00+09:00,23675
LOT-00446,L4,P-L4-04,2025-11-09T20:00:00+09:00,2025-11-09T23:30:00+09:00,23795
LOT-00447,L5,P-L5-05,2025-11-09T08:00:00+09:00,2025-11-09T16:30:00+09:00,14090
LOT-00448,L5,P-L5-05,2025-11-09T20:00:00+09:00,2025-11-09T23:30:00+09:00,14210
LOT-00449,L6,P-L6-01,2025-11-09T08:00:00+09:00,2025-11-09T16:30:00+09:00,13090
LOT-00450,L6,P-L6-01,2025-11-09T20:00:00+09:00,2025-11-09T23:30:00+09:00,13210
LOT-00451,L1,P-L1-02,2025-11-10T08:00:00+09:00,2025-11-10T16:30:00+09:00,26350
LOT-00452,L1,P-L1-02,2025-11-10T20:00:00+09:00,2025-11-10T23:30:00+09:00,26470
LOT-00453,L2,P-L2-03,2025-11-10T08:00:00+09:00,2025-11-10T16:30:00+09:00,25350
LOT-00454,L2,P-L2-03,2025-11-10T20:00:00+09:00,2025-11-10T23:30:00+09:00,25470
LOT-00455,L3,P-L3-04,2025-11-10T08:00:00+09:00,2025-11-10T16:30:00+09:00,25350
LOT-00456,L3,P-L3-04,2025-11-10T20:00:00+09:00,2025-11-10T23:30:00+09:00,25470
LOT-00457,L5,P-L5-01,2025-11-10T08:00:00+09:00,2025-11-10T16:30:00+09:00,14180
LOT-00458,L5,P-L5-01,2025-11-10T20:00:00+09:00,2025-11-10T23:30:00+09:00,14300
LOT-00459,L6,P-L6-02,2025-11-10T08:00:00+09:00,2025-11-10T16:30:00+09:00,13180
LOT-00460,L6,P-L6-02,2025-11-10T20:00:00+09:00,2025-11-10T23:30:00+09:00,13300
LOT-00461,L1,P-L1-03,2025-11-11T08:00:00+09:00,2025-11-11T16:30:00+09:00,26525
LOT-00462,L1,P-L1-03,2025-11-11T20:00:00+09:00,2025-11-11T23:30:00+09:00,26645
LOT-00463,L2,P-L2-04,2025-11-11T08:00:00+09:00,2025-11-11T16:30:00+09:00,25525
LOT-00464,L2,P-L2-04,2025-11-11T20:00:00+09:00,2025-11-11T23:30:00+09:00,25645
LOT-00465,L3,P-L3-05,2025-11-11T08:00:00+09:00,2025-11-11T16:30:00+09:00,25525
LOT-00466,L3,P-L3-05,2025-11-11T20:00:00+09:00,2025-11-11T23:30:00+09:00,25645
LOT-00467,L4,P-L4-01,2025-11-11T08:00:00+09:00,2025-11-11T16:30:00+09:00,24025
LOT-00468,L4,P-L4-01,2025-11-11T20:00:00+09:00,2025-11-11T23:30:00+09:00,24145
LOT-00469,L6,P-L6-03,2025-11-11T08:00:00+09:00,2025-11-11T16:30:00+09:00,13270
LOT-00470,L6,P-L6-03,2025-11-11T20:00:00+09:00,2025-11-11T23:30:00+09:00,13390
LOT-00471,L1,P-L1-04,2025-11-12T08:00:00+09:00,2025-11-12T16:30:00+09:00,25475
LOT-00472,L1,P-L1-04,2025-11-12T20:00:00+09:00,2025-11-12T23:30:00+09:00,25595
LOT-00473,L2,P-L2-05,2025-11-12T08:00:00+09:00,2025-11-12T16:30:00+09:00,24475
LOT-00474,L2,P-L2-05,2025-11-12T20:00:00+09:00,2025-11-12T23:30:00+09:00,24595
LOT-00475,L3,P-L3-01,2025-11-12T08:00:00+09:00,2025-11-12T16:30:00+09:00,24475
LOT-00476,L3,P-L3-01,2025-11-12T20:00:00+09:00,2025-11-12T23:30:00+09:00,24595
LOT-00477,L4,P-L4-02,2025-11-12T08:00:00+09:00,2025-11-12T16:30:00+09:00,22975
LOT-00478,L4,P-L4-02,2025-11-12T20:00:00+09:00,2025-11-12T23:30:00+09:00,23095
LOT-00479,L5,P-L5-03,2025-11-12T08:00:00+09:00,2025-11-12T16:30:00+09:00,13730
LOT-00480,L5,P-L5-03,2025-11-12T20:00:00+09:00,2025-11-12T23:30:00+09:00,13850
LOT-00481,L1,P-L1-05,2025-11-13T08:00:00+09:00,2025-11-13T16:30:00+09:00,25650
LOT-00482,L1,P-L1-05,2025-11-13T20:00:00+09:00,2025-11-13T23:30:00+09:00,25770
LOT-00483,L2,P-L2-01,2025-11-13T08:00:00+09:00,2025-11-13T16:30:00+09:00,24650
LOT-00484,L2,P-L2-01,2025-11-13T20:00:00+09:00,2025-11-13T23:30:00+09:00,24770
LOT-00485,L3,P-L3-02,2025-11-13T08:00:00+09:00,2025-11-13T16:30:00+09:00,24650
LOT-00486,L3,P-L3-02,2025-11-13T20:00:00+09:00,2025-11-13T23:30:00+09:00,24770
LOT-00487,L4,P-L4-03,2025-11-13T08:00:00+09:00,2025-11-13T16:30:00+09:00,23150
LOT-00488,L4,P-L4-03,2025-11-13T20:00:00+09:00,2025-11-13T23:30:00+09:00,23270
LOT-00489,L5,P-L5-04,2025-11-13T08:00:00+09:00,2025-11-13T16:30:00+09:00,13820
LOT-00490,L5,P-L5-04,2025-11-13T20:00:00+09:00,2025-11-13T23:30:00+09:00,13940
LOT-00491,L6,P-L6-05,2025-11-13T08:00:00+09:00,2025-11-13T16:30:00+09:00,12820
LOT-00492,L6,P-L6-05,2025-11-13T20:00:00+09:00,2025-11-13T23:30:00+09:00,12940
LOT-00493,L1,P-L1-01,2025-11-14T08:00:00+09:00,2025-11-14T16:30:00+09:00,25825
LOT-00494,L1,P-L1-01,2025-11-14T20:00:00+09:00,2025-11-14T23:30:00+09:00,25945
LOT-00495,L2,P-L2-02,2025-11-14T08:00:00+09:00,2025-11-14T16:30:00+09:00,24825
LOT-00496,L2,P-L2-02,2025-11-14T20:00:00+09:00,2025-11-14T23:30:00+09:00,24945
LOT-00497,L3,P-L3-03,2025-11-14T08:00:00+09:00,2025-11-14T16:30:00+09:00,24825
LOT-00498,L3,P-L3-03,2025-11-14T20:00:00+09:00,2025-11-14T23:30:00+09:00,24945
LOT-00499,L4,P-L4-04,2025-11-14T08:00:00+09:00,2025-11-14T16:30:00+09:00,23325
LOT-00500,L4,P-L4-04,2025-11-14T20:00:00+09:00,2025-11-14T23:30:00+09:00,23445
LOT-00501,L5,P-L5-05,2025-11-14T08:00:00+09:00,2025-11-14T16:30:00+09:00,13910
LOT-00502,L5,P-L5-05,2025-11-14T20:00:00+09:00,2025-11-14T23:30:00+09:00,14030
LOT-00503,L6,P-L6-01,2025-11-14T08:00:00+09:00,2025-11-14T16:30:00+09:00,12910
LOT-00504,L6,P-L6-01,2025-11-14T20:00:00+09:00,2025-11-14T23:30:00+09:00,13030
LOT-00505,L1,P-L1-02,2025-11-15T08:00:00+09:00,2025-11-15T16:30:00+09:00,26000
LOT-00506,L1,P-L1-02,2025-11-15T20:00:00+09:00,2025-11-15T23:30:00+09:00,26120
LOT-00507,L2,P-L2-03,2025-11-15T08:00:00+09:00,2025-11-15T16:30:00+09:00,25000
LOT-00508,L2,P-L2-03,2025-11-15T20:00:00+09:00,2025-11-15T23:30:00+09:00,25120
LOT-00509,L3,P-L3-04,2025-11-15T08:00:00+09:00,2025-11-15T16:30:00+09:00,25000
LOT-00510,L3,P-L3-04,2025-11-15T20:00:00+09:00,2025-11-15T23:30:00+09:00,25120
LOT-00511,L4,P-L4-05,2025-11-15T08:00:00+09:00,2025-11-15T16:30:00+09:00,23500
LOT-00512,L4,P-L4-05,2025-11-15T20:00:00+09:00,2025-11-15T23:30:00+09:00,23620
LOT-00513,L5,P-L5-01,2025-11-15T08:00:00+09:00,2025-11-15T16:30:00+09:00,14000
LOT-00514,L5,P-L5-01,2025-11-15T20:00:00+09:00,2025-11-15T23:30:00+09:00,14120
LOT-00515,L6,P-L6-02,2025-11-15T08:00:00+09:00,2025-11-15T16:30:00+09:00,13000
LOT-00516,L6,P-L6-02,2025-11-15T20:00:00+09:00,2025-11-15T23:30:00+09:00,13120
LOT-00517,L1,P-L1-03,2025-11-16T08:00:00+09:00,2025-11-16T16:30:00+09:00,26175
LOT-00518,L1,P-L1-03,2025-11-16T20:00:00+09:00,2025-11-16T23:30:00+09:00,26295
LOT-00519,L2,P-L2-04,2025-11-16T08:00:00+09:00,2025-11-16T16:30:00+09:00,25175
LOT-00520,L2,P-L2-04,2025-11-16T20:00:00+09:00,2025-11-16T23:30:00+09:00,25295
LOT-00521,L3,P-L3-05,2025-11-16T08:00:00+09:00,2025-11-16T16:30:00+09:00,25175
LOT-00522,L3,P-L3-05,2025-11-16T20:00:00+09:00,2025-11-16T23:30:00+09:00,25295
LOT-00523,L4,P-L4-01,2025-11-16T08:00:00+09:00,2025-11-16T16:30:00+09:00,23675
LOT-00524,L4,P-L4-01,2025-11-16T20:00:00+09:00,2025-11-16T23:30:00+09:00,23795
LOT-00525,L5,P-L5-02,2025-11-16T08:00:00+09:00,2025-11-16T16:30:00+09:00,14090
LOT-00526,L5,P-L5-02,2025-11-16T20:00:00+09:00,2025-11-16T23:30:00+09:00,14210
LOT-00527,L6,P-L6-03,2025-11-16T08:00:00+09:00,2025-11-16T16:30:00+09:00,13090
LOT-00528,L6,P-L6-03,2025-11-16T20:00:00+09:00,2025-11-16T23:30:00+09:00,13210
LOT-00529,L1,P-L1-04,2025-11-17T08:00:00+09:00,2025-11-17T16:30:00+09:00,26350
LOT-00530,L1,P-L1-04,2025-11-17T20:00:00+09:00,2025-11-17T23:30:00+09:00,26470
LOT-00531,L2,P-L2-05,2025-11-17T08:00:00+09:00,2025-11-17T16:30:00+09:00,25350
LOT-00532,L2,P-L2-05,2025-11-17T20:00:00+09:00,2025-11-17T23:30:00+09:00,25470
LOT-00533,L3,P-L3-01,2025-11-17T08:00:00+09:00,2025-11-17T16:30:00+09:00,25350
LOT-00534,L3,P-L3-01,2025-11-17T20:00:00+09:00,2025-11-17T23:30:00+09:00,25470
LOT-00535,L4,P-L4-02,2025-11-17T08:00:00+09:00,2025-11-17T16:30:00+09:00,23850
LOT-00536,L4,P-L4-02,2025-11-17T20:00:00+09:00,2025-11-17T23:30:00+09:00,23970
LOT-00537,L5,P-L5-03,2025-11-17T08:00:00+09:00,2025-11-17T16:30:00+09:00,14180
LOT-00538,L5,P-L5-03,2025-11-17T20:00:00+09:00,2025-11-17T23:30:00+09:00,14300
LOT-00539,L6,P-L6-04,2025-11-17T08:00:00+09:00,2025-11-17T16:30:00+09:00,13180
LOT-00540,L6,P-L6-04,2025-11-17T20:00:00+09:00,2025-11-17T23:30:00+09:00,13300
LOT-00541,L1,P-L1-05,2025-11-18T08:00:00+09:00,2025-11-18T16:30:00+09:00,26525
LOT-00542,L1,P-L1-05,2025-11-18T20:00:00+09:00,2025-11-18T23:30:00+09:00,26645
LOT-00543,L2,P-L2-01,2025-11-18T08:00:00+09:00,2025-11-18T16:30:00+09:00,25525
LOT-00544,L2,P-L2-01,2025-11-18T20:00:00+09:00,2025-11-18T23:30:00+09:00,25645
LOT-00545,L3,P-L3-02,2025-11-18T08:00:00+09:00,2025-11-18T16:30:00+09:00,25525
LOT-00546,L3,P-L3-02,2025-11-18T20:00:00+09:00,2025-11-18T23:30:00+09:00,25645
LOT-00547,L4,P-L4-03,2025-11-18T08:00:00+09:00,2025-11-18T16:30:00+09:00,24025
LOT-00548,L4,P-L4-03,2025-11-18T20:00:00+09:00,2025-11-18T23:30:00+09:00,24145
LOT-00549,L5,P-L5-04,2025-11-18T08:00:00+09:00,2025-11-18T16:30:00+09:00,14270
LOT-00550,L5,P-L5-04,2025-11-18T20:00:00+09:00,2025-11-18T23:30:00+09:00,14390
LOT-00551,L6,P-L6-05,2025-11-18T08:00:00+09:00,2025-11-18T16:30:00+09:00,13270
LOT-00552,L6,P-L6-05,2025-11-18T20:00:00+09:00,2025-11-18T23:30:00+09:00,13390
LOT-00553,L1,P-L1-01,2025-11-19T08:00:00+09:00,2025-11-19T16:30:00+09:00,25475
LOT-00554,L1,P-L1-01,2025-11-19T20:00:00+09:00,2025-11-19T23:30:00+09:00,25595
LOT-00555,L2,P-L2-02,2025-11-19T08:00:00+09:00,2025-11-19T16:30:00+09:00,24475
LOT-00556,L2,P-L2-02,2025-11-19T20:00:00+09:00,2025-11-19T23:30:00+09:00,24595
LOT-00557,L3,P-L3-03,2025-11-19T08:00:00+09:00,2025-11-19T16:30:00+09:00,24475
LOT-00558,L3,P-L3-03,2025-11-19T20:00:00+09:00,2025-11-19T23:30:00+09:00,24595
LOT-00559,L4,P-L4-04,2025-11-19T08:00:00+09:00,2025-11-19T16:30:00+09:00,22975
LOT-00560,L4,P-L4-04,2025-11-19T20:00:00+09:00,2025-11-19T23:30:00+09:00,23095
LOT-00561,L5,P-L5-05,2025-11-19T08:00:00+09:00,2025-11-19T16:30:00+09:00,13730
LOT-00562,L5,P-L5-05,2025-11-19T20:00:00+09:00,2025-11-19T23:30:00+09:00,13850
LOT-00563,L6,P-L6-01,2025-11-19T08:00:00+09:00,2025-11-19T16:30:00+09:00,12730
LOT-00564,L6,P-L6-01,2025-11-19T20:00:00+09:00,2025-11-19T23:30:00+09:00,12850
LOT-00565,L1,P-L1-02,2025-11-20T08:00:00+09:00,2025-11-20T16:30:00+09:00,25650
LOT-00566,L1,P-L1-02,2025-11-20T20:00:00+09:00,2025-11-20T23:30:00+09:00,25770
LOT-00567,L2,P-L2-03,2025-11-20T08:00:00+09:00,2025-11-20T16:30:00+09:00,24650
LOT-00568,L2,P-L2-03,2025-11-20T20:00:00+09:00,2025-11-20T23:30:00+09:00,24770
LOT-00569,L3,P-L3-04,2025-11-20T08:00:00+09:00,2025-11-20T16:30:00+09:00,24650
LOT-00570,L3,P-L3-04,2025-11-20T20:00:00+09:00,2025-11-20T23:30:00+09:00,24770
LOT-00571,L4,P-L4-05,2025-11-20T08:00:00+09:00,2025-11-20T16:30:00+09:00,23150
LOT-00572,L4,P-L4-05,2025-11-20T20:00:00+09:00,2025-11-20T23:30:00+09:00,23270
LOT-00573,L5,P-L5-01,2025-11-20T08:00:00+09:00,2025-11-20T16:30:00+09:00,13820
LOT-00574,L5,P-L5-01,2025-11-20T20:00:00+09:00,2025-11-20T23:30:00+09:00,13940
LOT-00575,L6,P-L6-02,2025-11-20T08:00:00+09:00,2025-11-20T16:30:00+09:00,12820
LOT-00576,L6,P-L6-02,2025-11-20T20:00:00+09:00,2025-11-20T23:30:00+09:00,12940
LOT-00577,L1,P-L1-03,2025-11-21T08:00:00+09:00,2025-11-21T16:30:00+09:00,25825
LOT-00578,L1,P-L1-03,2025-11-21T20:00:00+09:00,2025-11-21T23:30:00+09:00,25945
LOT-00579,L2,P-L2-04,2025-11-21T08:00:00+09:00,2025-11-21T16:30:00+09:00,24825
LOT-00580,L2,P-L2-04,2025-11-21T20:00:00+09:00,2025-11-21T23:30:00+09:00,24945
LOT-00581,L3,P-L3-05,2025-11-21T08:00:00+09:00,2025-11-21T16:30:00+09:00,24825
LOT-00582,L3,P-L3-05,2025-11-21T20:00:00+09:00,2025-11-21T23:30:00+09:00,24945
LOT-00583,L4,P-L4-01,2025-11-21T08:00:00+09:00,2025-11-21T16:30:00+09:00,23325
LOT-00584,L4,P-L4-01,2025-11-21T20:00:00+09:00,2025-11-21T23:30:00+09:00,23445
LOT-00585,L5,P-L5-02,2025-11-21T08:00:00+09:00,2025-11-21T16:30:00+09:00,13910
LOT-00586,L5,P-L5-02,2025-11-21T20:00:00+09:00,2025-11-21T23:30:00+09:00,14030
LOT-00587,L6,P-L6-03,2025-11-21T08:00:00+09:00,2025-11-21T16:30:00+09:00,12910
LOT-00588,L6,P-L6-03,2025-11-21T20:00:00+09:00,2025-11-21T23:30:00+09:00,13030
LOT-00589,L1,P-L1-04,2025-11-22T08:00:00+09:00,2025-11-22T16:30:00+09:00,26000
LOT-00590,L1,P-L1-04,2025-11-22T20:00:00+09:00,2025-11-22T23:30:00+09:00,26120
LOT-00591,L2,P-L2-05,2025-11-22T08:00:00+09:00,2025-11-22T16:30:00+09:00,25000
LOT-00592,L2,P-L2-05,2025-11-22T20:00:00+09:00,2025-11-22T23:30:00+09:00,25120
LOT-00593,L3,P-L3-01,2025-11-22T08:00:00+09:00,2025-11-22T16:30:00+09:00,25000
LOT-00594,L3,P-L3-01,2025-11-22T20:00:00+09:00,2025-11-22T23:30:00+09:00,25120
LOT-00595,L4,P-L4-02,2025-11-22T08:00:00+09:00,2025-11-22T16:30:00+09:00,23500
LOT-00596,L4,P-L4-02,2025-11-22T20:00:00+09:00,2025-11-22T23:30:00+09:00,23620
LOT-00597,L5,P-L5-03,2025-11-22T08:00:00+09:00,2025-11-22T16:30:00+09:00,14000
LOT-00598,L5,P-L5-03,2025-11-22T20:00:00+09:00,2025-11-22T23:30:00+09:00,14120
LOT-00599,L6,P-L6-04,2025-11-22T08:00:00+09:00,2025-11-22T16:30:00+09:00,13000
LOT-00600,L6,P-L6-04,2025-11-22T20:00:00+09:00,2025-11-22T23:30:00+09:00,13120
LOT-00601,L1,P-L1-05,2025-11-23T08:00:00+09:00,2025-11-23T16:30:00+09:00,26175
LOT-00602,L1,P-L1-05,2025-11-23T20:00:00+09:00,2025-11-23T23:30:00+09:00,26295
LOT-00603,L2,P-L2-01,2025-11-23T08:00:00+09:00,2025-11-23T16:30:00+09:00,25175
LOT-00604,L2,P-L2-01,2025-11-23T20:00:00+09:00,2025-11-23T23:30:00+09:00,25295
LOT-00605,L3,P-L3-02,2025-11-23T08:00:00+09:00,2025-11-23T16:30:00+09:00,25175
LOT-00606,L3,P-L3-02,2025-11-23T20:00:00+09:00,2025-11-23T23:30:00+09:00,25295
LOT-00607,L4,P-L4-03,2025-11-23T08:00:00+09:00,2025-11-23T16:30:00+09:00,23675
LOT-00608,L4,P-L4-03,2025-11-23T20:00:00+09:00,2025-11-23T23:30:00+09:00,23795
LOT-00609,L5,P-L5-04,2025-11-23T08:00:00+09:00,2025-11-23T16:30:00+09:00,14090
LOT-00610,L5,P-L5-04,2025-11-23T20:00:00+09:00,2025-11-23T23:30:00+09:00,14210
LOT-00611,L6,P-L6-05,2025-11-23T08:00:00+09:00,2025-11-23T16:30:00+09:00,13090
LOT-00612,L6,P-L6-05,2025-11-23T20:00:00+09:00,2025-11-23T23:30:00+09:00,13210
LOT-00613,L1,P-L1-01,2025-11-24T08:00:00+09:00,2025-11-24T16:30:00+09:00,26350
LOT-00614,L1,P-L1-01,2025-11-24T20:00:00+09:00,2025-11-24T23:30:00+09:00,26470
LOT-00615,L2,P-L2-02,2025-11-24T08:00:00+09:00,2025-11-24T16:30:00+09:00,25350
LOT-00616,L2,P-L2-02,2025-11-24T20:00:00+09:00,2025-11-24T23:30:00+09:00,25470
LOT-00617,L3,P-L3-03,2025-11-24T08:00:00+09:00,2025-11-24T16:30:00+09:00,25350
LOT-00618,L3,P-L3-03,2025-11-24T20:00:00+09:00,2025-11-24T23:30:00+09:00,25470
LOT-00619,L4,P-L4-04,2025-11-24T08:00:00+09:00,2025-11-24T16:30:00+09:00,23850
LOT-00620,L4,P-L4-04,2025-11-24T20:00:00+09:00,2025-11-24T23:30:00+09:00,23970
LOT-00621,L5,P-L5-05,2025-11-24T08:00:00+09:00,2025-11-24T16:30:00+09:00,14180
LOT-00622,L5,P-L5-05,2025-11-24T20:00:00+09:00,2025-11-24T23:30:00+09:00,14300
LOT-00623,L6,P-L6-01,2025-11-24T08:00:00+09:00,2025-11-24T16:30:00+09:00,13180
LOT-00624,L6,P-L6-01,2025-11-24T20:00:00+09:00,2025-11-24T23:30:00+09:00,13300
LOT-00625,L2,P-L2-03,2025-11-25T08:00:00+09:00,2025-11-25T16:30:00+09:00,25525
LOT-00626,L2,P-L2-03,2025-11-25T20:00:00+09:00,2025-11-25T23:30:00+09:00,25645
LOT-00627,L3,P-L3-04,2025-11-25T08:00:00+09:00,2025-11-25T16:30:00+09:00,25525
LOT-00628,L3,P-L3-04,2025-11-25T20:00:00+09:00,2025-11-25T23:30:00+09:00,25645
LOT-00629,L4,P-L4-05,2025-11-25T08:00:00+09:00,2025-11-25T16:30:00+09:00,24025
LOT-00630,L4,P-L4-05,2025-11-25T20:00:00+09:00,2025-11-25T23:30:00+09:00,24145
LOT-00631,L5,P-L5-01,2025-11-25T08:00:00+09:00,2025-11-25T16:30:00+09:00,14270
LOT-00632,L5,P-L5-01,2025-11-25T20:00:00+09:00,2025-11-25T23:30:00+09:00,14390
LOT-00633,L6,P-L6-02,2025-11-25T08:00:00+09:00,2025-11-25T16:30:00+09:00,13270
LOT-00634,L6,P-L6-02,2025-11-25T20:00:00+09:00,2025-11-25T23:30:00+09:00,13390
LOT-00635,L1,P-L1-03,2025-11-26T08:00:00+09:00,2025-11-26T16:30:00+09:00,25475
LOT-00636,L1,P-L1-03,2025-11-26T20:00:00+09:00,2025-11-26T23:30:00+09:00,25595
LOT-00637,L3,P-L3-05,2025-11-26T08:00:00+09:00,2025-11-26T16:30:00+09:00,24475
LOT-00638,L3,P-L3-05,2025-11-26T20:00:00+09:00,2025-11-26T23:30:00+09:00,24595
LOT-00639,L4,P-L4-01,2025-11-26T08:00:00+09:00,2025-11-26T16:30:00+09:00,22975
LOT-00640,L4,P-L4-01,2025-11-26T20:00:00+09:00,2025-11-26T23:30:00+09:00,23095
LOT-00641,L5,P-L5-02,2025-11-26T08:00:00+09:00,2025-11-26T16:30:00+09:00,13730
LOT-00642,L5,P-L5-02,2025-11-26T20:00:00+09:00,2025-11-26T23:30:00+09:00,13850
LOT-00643,L6,P-L6-03,2025-11-26T08:00:00+09:00,2025-11-26T16:30:00+09:00,12730
LOT-00644,L6,P-L6-03,2025-11-26T20:00:00+09:00,2025-11-26T23:30:00+09:00,12850
LOT-00645,L1,P-L1-04,2025-11-27T08:00:00+09:00,2025-11-27T16:30:00+09:00,25650
LOT-00646,L1,P-L1-04,2025-11-27T20:00:00+09:00,2025-11-27T23:30:00+09:00,25770
LOT-00647,L2,P-L2-05,2025-11-27T08:00:00+09:00,2025-11-27T16:30:00+09:00,24650
LOT-00648,L2,P-L2-05,2025-11-27T20:00:00+09:00,2025-11-27T23:30:00+09:00,24770
LOT-00649,L4,P-L4-02,2025-11-27T08:00:00+09:00,2025-11-27T16:30:00+09:00,23150
LOT-00650,L4,P-L4-02,2025-11-27T20:00:00+09:00,2025-11-27T23:30:00+09:00,23270
LOT-00651,L5,P-L5-03,2025-11-27T08:00:00+09:00,2025-11-27T16:30:00+09:00,13820
LOT-00652,L5,P-L5-03,2025-11-27T20:00:00+09:00,2025-11-27T23:30:00+09:00,13940
LOT-00653,L6,P-L6-04,2025-11-27T08:00:00+09:00,2025-11-27T16:30:00+09:00,12820
LOT-00654,L6,P-L6-04,2025-11-27T20:00:00+09:00,2025-11-27T23:30:00+09:00,12940
LOT-00655,L1,P-L1-05,2025-11-28T08:00:00+09:00,2025-11-28T16:30:00+09:00,25825
LOT-00656,L1,P-L1-05,2025-11-28T20:00:00+09:00,2025-11-28T23:30:00+09:00,25945
LOT-00657,L2,P-L2-01,2025-11-28T08:00:00+09:00,2025-11-28T16:30:00+09:00,24825
LOT-00658,L2,P-L2-01,2025-11-28T20:00:00+09:00,2025-11-28T23:30:00+09:00,24945
LOT-00659,L3,P-L3-02,2025-11-28T08:00:00+09:00,2025-11-28T16:30:00+09:00,24825
LOT-00660,L3,P-L3-02,2025-11-28T20:00:00+09:00,2025-11-28T23:30:00+09:00,24945
LOT-00661,L5,P-L5-04,2025-11-28T08:00:00+09:00,2025-11-28T16:30:00+09:00,13910
LOT-00662,L5,P-L5-04,2025-11-28T20:00:00+09:00,2025-11-28T23:30:00+09:00,14030
LOT-00663,L6,P-L6-05,2025-11-28T08:00:00+09:00,2025-11-28T16:30:00+09:00,12910
LOT-00664,L6,P-L6-05,2025-11-28T20:00:00+09:00,2025-11-28T23:30:00+09:00,13030
LOT-00665,L1,P-L1-01,2025-11-29T08:00:00+09:00,2025-11-29T16:30:00+09:00,26000
LOT-00666,L1,P-L1-01,2025-11-29T20:00:00+09:00,2025-11-29T23:30:00+09:00,26120
LOT-00667,L2,P-L2-02,2025-11-29T08:00:00+09:00,2025-11-29T16:30:00+09:00,25000
LOT-00668,L2,P-L2-02,2025-11-29T20:00:00+09:00,2025-11-29T23:30:00+09:00,25120
LOT-00669,L3,P-L3-03,2025-11-29T08:00:00+09:00,2025-11-29T16:30:00+09:00,25000
LOT-00670,L3,P-L3-03,2025-11-29T20:00:00+09:00,2025-11-29T23:30:00+09:00,25120
LOT-00671,L4,P-L4-04,2025-11-29T08:00:00+09:00,2025-11-29T16:30:00+09:00,23500
LOT-00672,L4,P-L4-04,2025-11-29T20:00:00+09:00,2025-11-29T23:30:00+09:00,23620
LOT-00673,L6,P-L6-01,2025-11-29T08:00:00+09:00,2025-11-29T16:30:00+09:00,13000
LOT-00674,L6,P-L6-01,2025-11-29T20:00:00+09:00,2025-11-29T23:30:00+09:00,13120
LOT-00675,L1,P-L1-02,2025-11-30T08:00:00+09:00,2025-11-30T16:30:00+09:00,26175
LOT-00676,L1,P-L1-02,2025-11-30T20:00:00+09:00,2025-11-30T23:30:00+09:00,26295
LOT-00677,L2,P-L2-03,2025-11-30T08:00:00+09:00,2025-11-30T16:30:00+09:00,25175
LOT-00678,L2,P-L2-03,2025-11-30T20:00:00+09:00,2025-11-30T23:30:00+09:00,25295
LOT-00679,L3,P-L3-04,2025-11-30T08:00:00+09:00,2025-11-30T16:30:00+09:00,25175
LOT-00680,L3,P-L3-04,2025-11-30T20:00:00+09:00,2025-11-30T23:30:00+09:00,25295
LOT-00681,L4,P-L4-05,2025-11-30T08:00:00+09:00,2025-11-30T16:30:00+09:00,23675
LOT-00682,L4,P-L4-05,2025-11-30T20:00:00+09:00,2025-11-30T23:30:00+09:00,23795
LOT-00683,L5,P-L5-01,2025-11-30T08:00:00+09:00,2025-11-30T16:30:00+09:00,14090
LOT-00684,L5,P-L5-01,2025-11-30T20:00:00+09:00,2025-11-30T23:30:00+09:00,14210
LOT-00685,L1,P-L1-03,2025-12-01T08:00:00+09:00,2025-12-01T16:30:00+09:00,26350
LOT-00686,L1,P-L1-03,2025-12-01T20:00:00+09:00,2025-12-01T23:30:00+09:00,26470
LOT-00687,L2,P-L2-04,2025-12-01T08:00:00+09:00,2025-12-01T16:30:00+09:00,25350
LOT-00688,L2,P-L2-04,2025-12-01T20:00:00+09:00,2025-12-01T23:30:00+09:00,25470
LOT-00689,L3,P-L3-05,2025-12-01T08:00:00+09:00,2025-12-01T16:30:00+09:00,25350
LOT-00690,L3,P-L3-05,2025-12-01T20:00:00+09:00,2025-12-01T23:30:00+09:00,25470
LOT-00691,L4,P-L4-01,2025-12-01T08:00:00+09:00,2025-12-01T16:30:00+09:00,23850
LOT-00692,L4,P-L4-01,2025-12-01T20:00:00+09:00,2025-12-01T23:30:00+09:00,23970
LOT-00693,L5,P-L5-02,2025-12-01T08:00:00+09:00,2025-12-01T16:30:00+09:00,14180
LOT-00694,L5,P-L5-02,2025-12-01T20:00:00+09:00,2025-12-01T23:30:00+09:00,14300
LOT-00695,L6,P-L6-03,2025-12-01T08:00:00+09:00,2025-12-01T16:30:00+09:00,13180
LOT-00696,L6,P-L6-03,2025-12-01T20:00:00+09:00,2025-12-01T23:30:00+09:00,13300
LOT-00697,L1,P-L1-04,2025-12-02T08:00:00+09:00,2025-12-02T16:30:00+09:00,26525
LOT-00698,L1,P-L1-04,2025-12-02T20:00:00+09:00,2025-12-02T23:30:00+09:00,26645
LOT-00699,L2,P-L2-05,2025-12-02T08:00:00+09:00,2025-12-02T16:30:00+09:00,25525
LOT-00700,L2,P-L2-05,2025-12-02T20:00:00+09:00,2025-12-02T23:30:00+09:00,25645
LOT-00701,L3,P-L3-01,2025-12-02T08:00:00+09:00,2025-12-02T16:30:00+09:00,25525
LOT-00702,L3,P-L3-01,2025-12-02T20:00:00+09:00,2025-12-02T23:30:00+09:00,25645
LOT-00703,L4,P-L4-02,2025-12-02T08:00:00+09:00,2025-12-02T16:30:00+09:00,24025
LOT-00704,L4,P-L4-02,2025-12-02T20:00:00+09:00,2025-12-02T23:30:00+09:00,24145
LOT-00705,L5,P-L5-03,2025-12-02T08:00:00+09:00,2025-12-02T16:30:00+09:00,14270
LOT-00706,L5,P-L5-03,2025-12-02T20:00:00+09:00,2025-12-02T23:30:00+09:00,14390
LOT-00707,L6,P-L6-04,2025-12-02T08:00:00+09:00,2025-12-02T16:30:00+09:00,13270
LOT-00708,L6,P-L6-04,2025-12-02T20:00:00+09:00,2025-12-02T23:30:00+09:00,13390
LOT-00709,L1,P-L1-05,2025-12-03T08:00:00+09:00,2025-12-03T16:30:00+09:00,25475
LOT-00710,L1,P-L1-05,2025-12-03T20:00:00+09:00,2025-12-03T23:30:00+09:00,25595
LOT-00711,L2,P-L2-01,2025-12-03T08:00:00+09:00,2025-12-03T16:30:00+09:00,24475
LOT-00712,L2,P-L2-01,2025-12-03T20:00:00+09:00,2025-12-03T23:30:00+09:00,24595
LOT-00713,L3,P-L3-02,2025-12-03T08:00:00+09:00,2025-12-03T16:30:00+09:00,24475
LOT-00714,L3,P-L3-02,2025-12-03T20:00:00+09:00,2025-12-03T23:30:00+09:00,24595
LOT-00715,L4,P-L4-03,2025-12-03T08:00:00+09:00,2025-12-03T16:30:00+09:00,22975
LOT-00716,L4,P-L4-03,2025-12-03T20:00:00+09:00,2025-12-03T23:30:00+09:00,23095
LOT-00717,L5,P-L5-04,2025-12-03T08:00:00+09:00,2025-12-03T16:30:00+09:00,13730
LOT-00718,L5,P-L5-04,2025-12-03T20:00:00+09:00,2025-12-03T23:30:00+09:00,13850
LOT-00719,L6,P-L6-05,2025-12-03T08:00:00+09:00,2025-12-03T16:30:00+09:00,12730
LOT-00720,L6,P-L6-05,2025-12-03T20:00:00+09:00,2025-12-03T23:30:00+09:00,12850
LOT-00721,L1,P-L1-01,2025-12-04T08:00:00+09:00,2025-12-04T16:30:00+09:00,25650
LOT-00722,L1,P-L1-01,2025-12-04T20:00:00+09:00,2025-12-04T23:30:00+09:00,25770
LOT-00723,L2,P-L2-02,2025-12-04T08:00:00+09:00,2025-12-04T16:30:00+09:00,24650
LOT-00724,L2,P-L2-02,2025-12-04T20:00:00+09:00,2025-12-04T23:30:00+09:00,24770
LOT-00725,L3,P-L3-03,2025-12-04T08:00:00+09:00,2025-12-04T16:30:00+09:00,24650
LOT-00726,L3,P-L3-03,2025-12-04T20:00:00+09:00,2025-12-04T23:30:00+09:00,24770
LOT-00727,L4,P-L4-04,2025-12-04T08:00:00+09:00,2025-12-04T16:30:00+09:00,23150
LOT-00728,L4,P-L4-04,2025-12-04T20:00:00+09:00,2025-12-04T23:30:00+09:00,23270
LOT-00729,L5,P-L5-05,2025-12-04T08:00:00+09:00,2025-12-04T16:30:00+09:00,13820
LOT-00730,L5,P-L5-05,2025-12-04T20:00:00+09:00,2025-12-04T23:30:00+09:00,13940
LOT-00731,L6,P-L6-01,2025-12-04T08:00:00+09:00,2025-12-04T16:30:00+09:00,12820
LOT-00732,L6,P-L6-01,2025-12-04T20:00:00+09:00,2025-12-04T23:30:00+09:00,12940
LOT-00733,L1,P-L1-02,2025-12-05T08:00:00+09:00,2025-12-05T16:30:00+09:00,25825
LOT-00734,L1,P-L1-02,2025-12-05T20:00:00+09:00,2025-12-05T23:30:00+09:00,25945
LOT-00735,L2,P-L2-03,2025-12-05T08:00:00+09:00,2025-12-05T16:30:00+09:00,24825
LOT-00736,L2,P-L2-03,2025-12-05T20:00:00+09:00,2025-12-05T23:30:00+09:00,24945
LOT-00737,L3,P-L3-04,2025-12-05T08:00:00+09:00,2025-12-05T16:30:00+09:00,24825
LOT-00738,L3,P-L3-04,2025-12-05T20:00:00+09:00,2025-12-05T23:30:00+09:00,24945
LOT-00739,L4,P-L4-05,2025-12-05T08:00:00+09:00,2025-12-05T16:30:00+09:00,23325
LOT-00740,L4,P-L4-05,2025-12-05T20:00:00+09:00,2025-12-05T23:30:00+09:00,23445
LOT-00741,L5,P-L5-01,2025-12-05T08:00:00+09:00,2025-12-05T16:30:00+09:00,13910
LOT-00742,L5,P-L5-01,2025-12-05T20:00:00+09:00,2025-12-05T23:30:00+09:00,14030
LOT-00743,L6,P-L6-02,2025-12-05T08:00:00+09:00,2025-12-05T16:30:00+09:00,12910
LOT-00744,L6,P-L6-02,2025-12-05T20:00:00+09:00,2025-12-05T23:30:00+09:00,13030
LOT-00745,L1,P-L1-03,2025-12-06T08:00:00+09:00,2025-12-06T16:30:00+09:00,26000
LOT-00746,L1,P-L1-03,2025-12-06T20:00:00+09:00,2025-12-06T23:30:00+09:00,26120
LOT-00747,L2,P-L2-04,2025-12-06T08:00:00+09:00,2025-12-06T16:30:00+09:00,25000
LOT-00748,L2,P-L2-04,2025-12-06T20:00:00+09:00,2025-12-06T23:30:00+09:00,25120
LOT-00749,L3,P-L3-05,2025-12-06T08:00:00+09:00,2025-12-06T16:30:00+09:00,25000
LOT-00750,L3,P-L3-05,2025-12-06T20:00:00+09:00,2025-12-06T23:30:00+09:00,25120
LOT-00751,L4,P-L4-01,2025-12-06T08:00:00+09:00,2025-12-06T16:30:00+09:00,23500
LOT-00752,L4,P-L4-01,2025-12-06T20:00:00+09:00,2025-12-06T23:30:00+09:00,23620
LOT-00753,L5,P-L5-02,2025-12-06T08:00:00+09:00,2025-12-06T16:30:00+09:00,14000
LOT-00754,L5,P-L5-02,2025-12-06T20:00:00+09:00,2025-12-06T23:30:00+09:00,14120
LOT-00755,L6,P-L6-03,2025-12-06T08:00:00+09:00,2025-12-06T16:30:00+09:00,13000
LOT-00756,L6,P-L6-03,2025-12-06T20:00:00+09:00,2025-12-06T23:30:00+09:00,13120
LOT-00757,L1,P-L1-04,2025-12-07T08:00:00+09:00,2025-12-07T16:30:00+09:00,26175
LOT-00758,L1,P-L1-04,2025-12-07T20:00:00+09:00,2025-12-07T23:30:00+09:00,26295
LOT-00759,L2,P-L2-05,2025-12-07T08:00:00+09:00,2025-12-07T16:30:00+09:00,25175
LOT-00760,L2,P-L2-05,2025-12-07T20:00:00+09:00,2025-12-07T23:30:00+09:00,25295
LOT-00761,L3,P-L3-01,2025-12-07T08:00:00+09:00,2025-12-07T16:30:00+09:00,25175
LOT-00762,L3,P-L3-01,2025-12-07T20:00:00+09:00,2025-12-07T23:30:00+09:00,25295
LOT-00763,L4,P-L4-02,2025-12-07T08:00:00+09:00,2025-12-07T16:30:00+09:00,23675
LOT-00764,L4,P-L4-02,2025-12-07T20:00:00+09:00,2025-12-07T23:30:00+09:00,23795
LOT-00765,L5,P-L5-03,2025-12-07T08:00:00+09:00,2025-12-07T16:30:00+09:00,14090
LOT-00766,L5,P-L5-03,2025-12-07T20:00:00+09:00,2025-12-07T23:30:00+09:00,14210
LOT-00767,L6,P-L6-04,2025-12-07T08:00:00+09:00,2025-12-07T16:30:00+09:00,13090
LOT-00768,L6,P-L6-04,2025-12-07T20:00:00+09:00,2025-12-07T23:30:00+09:00,13210
LOT-00769,L1,P-L1-05,2025-12-08T08:00:00+09:00,2025-12-08T16:30:00+09:00,26350
LOT-00770,L1,P-L1-05,2025-12-08T20:00:00+09:00,2025-12-08T23:30:00+09:00,26470
LOT-00771,L2,P-L2-01,2025-12-08T08:00:00+09:00,2025-12-08T16:30:00+09:00,25350
LOT-00772,L2,P-L2-01,2025-12-08T20:00:00+09:00,2025-12-08T23:30:00+09:00,25470
LOT-00773,L3,P-L3-02,2025-12-08T08:00:00+09:00,2025-12-08T16:30:00+09:00,25350
LOT-00774,L3,P-L3-02,2025-12-08T20:00:00+09:00,2025-12-08T23:30:00+09:00,25470
LOT-00775,L4,P-L4-03,2025-12-08T08:00:00+09:00,2025-12-08T16:30:00+09:00,23850
LOT-00776,L4,P-L4-03,2025-12-08T20:00:00+09:00,2025-12-08T23:30:00+09:00,23970
LOT-00777,L5,P-L5-04,2025-12-08T08:00:00+09:00,2025-12-08T16:30:00+09:00,14180
LOT-00778,L5,P-L5-04,2025-12-08T20:00:00+09:00,2025-12-08T23:30:00+09:00,14300
LOT-00779,L6,P-L6-05,2025-12-08T08:00:00+09:00,2025-12-08T16:30:00+09:00,13180
LOT-00780,L6,P-L6-05,2025-12-08T20:00:00+09:00,2025-12-08T23:30:00+09:00,13300
LOT-00781,L1,P-L1-01,2025-12-09T08:00:00+09:00,2025-12-09T16:30:00+09:00,26525
LOT-00782,L1,P-L1-01,2025-12-09T20:00:00+09:00,2025-12-09T23:30:00+09:00,26645
LOT-00783,L2,P-L2-02,2025-12-09T08:00:00+09:00,2025-12-09T16:30:00+09:00,25525
LOT-00784,L2,P-L2-02,2025-12-09T20:00:00+09:00,2025-12-09T23:30:00+09:00,25645
LOT-00785,L3,P-L3-03,2025-12-09T08:00:00+09:00,2025-12-09T16:30:00+09:00,25525
LOT-00786,L3,P-L3-03,2025-12-09T20:00:00+09:00,2025-12-09T23:30:00+09:00,25645
LOT-00787,L4,P-L4-04,2025-12-09T08:00:00+09:00,2025-12-09T16:30:00+09:00,24025
LOT-00788,L4,P-L4-04,2025-12-09T20:00:00+09:00,2025-12-09T23:30:00+09:00,24145
LOT-00789,L5,P-L5-05,2025-12-09T08:00:00+09:00,2025-12-09T16:30:00+09:00,14270
LOT-00790,L5,P-L5-05,2025-12-09T20:00:00+09:00,2025-12-09T23:30:00+09:00,14390
LOT-00791,L6,P-L6-01,2025-12-09T08:00:00+09:00,2025-12-09T16:30:00+09:00,13270
LOT-00792,L6,P-L6-01,2025-12-09T20:00:00+09:00,2025-12-09T23:30:00+09:00,13390
LOT-00793,L1,P-L1-02,2025-12-10T08:00:00+09:00,2025-12-10T16:30:00+09:00,25475
LOT-00794,L1,P-L1-02,2025-12-10T20:00:00+09:00,2025-12-10T23:30:00+09:00,25595
LOT-00795,L2,P-L2-03,2025-12-10T08:00:00+09:00,2025-12-10T16:30:00+09:00,24475
LOT-00796,L2,P-L2-03,2025-12-10T20:00:00+09:00,2025-12-10T23:30:00+09:00,24595
LOT-00797,L3,P-L3-04,2025-12-10T08:00:00+09:00,2025-12-10T16:30:00+09:00,24475
LOT-00798,L3,P-L3-04,2025-12-10T20:00:00+09:00,2025-12-10T23:30:00+09:00,24595
LOT-00799,L4,P-L4-05,2025-12-10T08:00:00+09:00,2025-12-10T16:30:00+09:00,22975
LOT-00800,L4,P-L4-05,2025-12-10T20:00:00+09:00,2025-12-10T23:30:00+09:00,23095
LOT-00801,L5,P-L5-01,2025-12-10T08:00:00+09:00,2025-12-10T16:30:00+09:00,13730
LOT-00802,L5,P-L5-01,2025-12-10T20:00:00+09:00,2025-12-10T23:30:00+09:00,13850
LOT-00803,L6,P-L6-02,2025-12-10T08:00:00+09:00,2025-12-10T16:30:00+09:00,12730
LOT-00804,L6,P-L6-02,2025-12-10T20:00:00+09:00,2025-12-10T23:30:00+09:00,12850
LOT-00805,L1,P-L1-03,2025-12-11T08:00:00+09:00,2025-12-11T16:30:00+09:00,25650
LOT-00806,L1,P-L1-03,2025-12-11T20:00:00+09:00,2025-12-11T23:30:00+09:00,25770
LOT-00807,L2,P-L2-04,2025-12-11T08:00:00+09:00,2025-12-11T16:30:00+09:00,24650
LOT-00808,L2,P-L2-04,2025-12-11T20:00:00+09:00,2025-12-11T23:30:00+09:00,24770
LOT-00809,L3,P-L3-05,2025-12-11T08:00:00+09:00,2025-12-11T16:30:00+09:00,24650
LOT-00810,L3,P-L3-05,2025-12-11T20:00:00+09:00,2025-12-11T23:30:00+09:00,24770
LOT-00811,L4,P-L4-01,2025-12-11T08:00:00+09:00,2025-12-11T16:30:00+09:00,23150
LOT-00812,L4,P-L4-01,2025-12-11T20:00:00+09:00,2025-12-11T23:30:00+09:00,23270
LOT-00813,L5,P-L5-02,2025-12-11T08:00:00+09:00,2025-12-11T16:30:00+09:00,13820
LOT-00814,L5,P-L5-02,2025-12-11T20:00:00+09:00,2025-12-11T23:30:00+09:00,13940
LOT-00815,L6,P-L6-03,2025-12-11T08:00:00+09:00,2025-12-11T16:30:00+09:00,12820
LOT-00816,L6,P-L6-03,2025-12-11T20:00:00+09:00,2025-12-11T23:30:00+09:00,12940
LOT-00817,L1,P-L1-04,2025-12-12T08:00:00+09:00,2025-12-12T16:30:00+09:00,25825
LOT-00818,L1,P-L1-04,2025-12-12T20:00:00+09:00,2025-12-12T23:30:00+09:00,25945
LOT-00819,L2,P-L2-05,2025-12-12T08:00:00+09:00,2025-12-12T16:30:00+09:00,24825
LOT-00820,L2,P-L2-05,2025-12-12T20:00:00+09:00,2025-12-12T23:30:00+09:00,24945
LOT-00821,L3,P-L3-01,2025-12-12T08:00:00+09:00,2025-12-12T16:30:00+09:00,24825
LOT-00822,L3,P-L3-01,2025-12-12T20:00:00+09:00,2025-12-12T23:30:00+09:00,24945
LOT-00823,L4,P-L4-02,2025-12-12T08:00:00+09:00,2025-12-12T16:30:00+09:00,23325
LOT-00824,L4,P-L4-02,2025-12-12T20:00:00+09:00,2025-12-12T23:30:00+09:00,23445
LOT-00825,L5,P-L5-03,2025-12-12T08:00:00+09:00,2025-12-12T16:30:00+09:00,13910
LOT-00826,L5,P-L5-03,2025-12-12T20:00:00+09:00,2025-12-12T23:30:00+09:00,14030
LOT-00827,L6,P-L6-04,2025-12-12T08:00:00+09:00,2025-12-12T16:30:00+09:00,12910
LOT-00828,L6,P-L6-04,2025-12-12T20:00:00+09:00,2025-12-12T23:30:00+09:00,13030
LOT-00829,L2,P-L2-01,2025-12-13T08:00:00+09:00,2025-12-13T16:30:00+09:00,25000
LOT-00830,L2,P-L2-01,2025-12-13T20:00:00+09:00,2025-12-13T23:30:00+09:00,25120
LOT-00831,L3,P-L3-02,2025-12-13T08:00:00+09:00,2025-12-13T16:30:00+09:00,25000
LOT-00832,L3,P-L3-02,2025-12-13T20:00:00+09:00,2025-12-13T23:30:00+09:00,25120
LOT-00833,L4,P-L4-03,2025-12-13T08:00:00+09:00,2025-12-13T16:30:00+09:00,23500
LOT-00834,L4,P-L4-03,2025-12-13T20:00:00+09:00,2025-12-13T23:30:00+09:00,23620
LOT-00835,L5,P-L5-04,2025-12-13T08:00:00+09:00,2025-12-13T16:30:00+09:00,14000
LOT-00836,L5,P-L5-04,2025-12-13T20:00:00+09:00,2025-12-13T23:30:00+09:00,14120
LOT-00837,L6,P-L6-05,2025-12-13T08:00:00+09:00,2025-12-13T16:30:00+09:00,13000
LOT-00838,L6,P-L6-05,2025-12-13T20:00:00+09:00,2025-12-13T23:30:00+09:00,13120
LOT-00839,L1,P-L1-01,2025-12-14T08:00:00+09:00,2025-12-14T16:30:00+09:00,26175
LOT-00840,L1,P-L1-01,2025-12-14T20:00:00+09:00,2025-12-14T23:30:00+09:00,26295
LOT-00841,L3,P-L3-03,2025-12-14T08:00:00+09:00,2025-12-14T16:30:00+09:00,25175
LOT-00842,L3,P-L3-03,2025-12-14T20:00:00+09:00,2025-12-14T23:30:00+09:00,25295
LOT-00843,L4,P-L4-04,2025-12-14T08:00:00+09:00,2025-12-14T16:30:00+09:00,23675
LOT-00844,L4,P-L4-04,2025-12-14T20:00:00+09:00,2025-12-14T23:30:00+09:00,23795
LOT-00845,L5,P-L5-05,2025-12-14T08:00:00+09:00,2025-12-14T16:30:00+09:00,14090
LOT-00846,L5,P-L5-05,2025-12-14T20:00:00+09:00,2025-12-14T23:30:00+09:00,14210
LOT-00847,L6,P-L6-01,2025-12-14T08:00:00+09:00,2025-12-14T16:30:00+09:00,13090
LOT-00848,L6,P-L6-01,2025-12-14T20:00:00+09:00,2025-12-14T23:30:00+09:00,13210
LOT-00849,L1,P-L1-02,2025-12-15T08:00:00+09:00,2025-12-15T16:30:00+09:00,26350
LOT-00850,L1,P-L1-02,2025-12-15T20:00:00+09:00,2025-12-15T23:30:00+09:00,26470
LOT-00851,L2,P-L2-03,2025-12-15T08:00:00+09:00,2025-12-15T16:30:00+09:00,25350
LOT-00852,L2,P-L2-03,2025-12-15T20:00:00+09:00,2025-12-15T23:30:00+09:00,25470
LOT-00853,L4,P-L4-05,2025-12-15T08:00:00+09:00,2025-12-15T16:30:00+09:00,23850
LOT-00854,L4,P-L4-05,2025-12-15T20:00:00+09:00,2025-12-15T23:30:00+09:00,23970
LOT-00855,L5,P-L5-01,2025-12-15T08:00:00+09:00,2025-12-15T16:30:00+09:00,14180
LOT-00856,L5,P-L5-01,2025-12-15T20:00:00+09:00,2025-12-15T23:30:00+09:00,14300
LOT-00857,L6,P-L6-02,2025-12-15T08:00:00+09:00,2025-12-15T16:30:00+09:00,13180
LOT-00858,L6,P-L6-02,2025-12-15T20:00:00+09:00,2025-12-15T23:30:00+09:00,13300
LOT-00859,L1,P-L1-03,2025-12-16T08:00:00+09:00,2025-12-16T16:30:00+09:00,26525
LOT-00860,L1,P-L1-03,2025-12-16T20:00:00+09:00,2025-12-16T23:30:00+09:00,26645
LOT-00861,L2,P-L2-04,2025-12-16T08:00:00+09:00,2025-12-16T16:30:00+09:00,25525
LOT-00862,L2,P-L2-04,2025-12-16T20:00:00+09:00,2025-12-16T23:30:00+09:00,25645
LOT-00863,L3,P-L3-05,2025-12-16T08:00:00+09:00,2025-12-16T16:30:00+09:00,25525
LOT-00864,L3,P-L3-05,2025-12-16T20:00:00+09:00,2025-12-16T23:30:00+09:00,25645
LOT-00865,L5,P-L5-02,2025-12-16T08:00:00+09:00,2025-12-16T16:30:00+09:00,14270
LOT-00866,L5,P-L5-02,2025-12-16T20:00:00+09:00,2025-12-16T23:30:00+09:00,14390
LOT-00867,L6,P-L6-03,2025-12-16T08:00:00+09:00,2025-12-16T16:30:00+09:00,13270
LOT-00868,L6,P-L6-03,2025-12-16T20:00:00+09:00,2025-12-16T23:30:00+09:00,13390
LOT-00869,L1,P-L1-04,2025-12-17T08:00:00+09:00,2025-12-17T16:30:00+09:00,25475
LOT-00870,L1,P-L1-04,2025-12-17T20:00:00+09:00,2025-12-17T23:30:00+09:00,25595
LOT-00871,L2,P-L2-05,2025-12-17T08:00:00+09:00,2025-12-17T16:30:00+09:00,24475
LOT-00872,L2,P-L2-05,2025-12-17T20:00:00+09:00,2025-12-17T23:30:00+09:00,24595
LOT-00873,L3,P-L3-01,2025-12-17T08:00:00+09:00,2025-12-17T16:30:00+09:00,24475
LOT-00874,L3,P-L3-01,2025-12-17T20:00:00+09:00,2025-12-17T23:30:00+09:00,24595
LOT-00875,L4,P-L4-02,2025-12-17T08:00:00+09:00,2025-12-17T16:30:00+09:00,22975
LOT-00876,L4,P-L4-02,2025-12-17T20:00:00+09:00,2025-12-17T23:30:00+09:00,23095
LOT-00877,L6,P-L6-04,2025-12-17T08:00:00+09:00,2025-12-17T16:30:00+09:00,12730
LOT-00878,L6,P-L6-04,2025-12-17T20:00:00+09:00,2025-12-17T23:30:00+09:00,12850
LOT-00879,L1,P-L1-05,2025-12-18T08:00:00+09:00,2025-12-18T16:30:00+09:00,25650
LOT-00880,L1,P-L1-05,2025-12-18T20:00:00+09:00,2025-12-18T23:30:00+09:00,25770
LOT-00881,L2,P-L2-01,2025-12-18T08:00:00+09:00,2025-12-18T16:30:00+09:00,24650
LOT-00882,L2,P-L2-01,2025-12-18T20:00:00+09:00,2025-12-18T23:30:00+09:00,24770
LOT-00883,L3,P-L3-02,2025-12-18T08:00:00+09:00,2025-12-18T16:30:00+09:00,24650
LOT-00884,L3,P-L3-02,2025-12-18T20:00:00+09:00,2025-12-18T23:30:00+09:00,24770
LOT-00885,L4,P-L4-03,2025-12-18T08:00:00+09:00,2025-12-18T16:30:00+09:00,23150
LOT-00886,L4,P-L4-03,2025-12-18T20:00:00+09:00,2025-12-18T23:30:00+09:00,23270
LOT-00887,L5,P-L5-04,2025-12-18T08:00:00+09:00,2025-12-18T16:30:00+09:00,13820
LOT-00888,L5,P-L5-04,2025-12-18T20:00:00+09:00,2025-12-18T23:30:00+09:00,13940
LOT-00889,L1,P-L1-01,2025-12-19T08:00:00+09:00,2025-12-19T16:30:00+09:00,25825
LOT-00890,L1,P-L1-01,2025-12-19T20:00:00+09:00,2025-12-19T23:30:00+09:00,25945
LOT-00891,L2,P-L2-02,2025-12-19T08:00:00+09:00,2025-12-19T16:30:00+09:00,24825
LOT-00892,L2,P-L2-02,2025-12-19T20:00:00+09:00,2025-12-19T23:30:00+09:00,24945
LOT-00893,L3,P-L3-03,2025-12-19T08:00:00+09:00,2025-12-19T16:30:00+09:00,24825
LOT-00894,L3,P-L3-03,2025-12-19T20:00:00+09:00,2025-12-19T23:30:00+09:00,24945
LOT-00895,L4,P-L4-04,2025-12-19T08:00:00+09:00,2025-12-19T16:30:00+09:00,23325
LOT-00896,L4,P-L4-04,2025-12-19T20:00:00+09:00,2025-12-19T23:30:00+09:00,23445
LOT-00897,L5,P-L5-05,2025-12-19T08:00:00+09:00,2025-12-19T16:30:00+09:00,13910
LOT-00898,L5,P-L5-05,2025-12-19T20:00:00+09:00,2025-12-19T23:30:00+09:00,14030
LOT-00899,L6,P-L6-01,2025-12-19T08:00:00+09:00,2025-12-19T16:30:00+09:00,12910
LOT-00900,L6,P-L6-01,2025-12-19T20:00:00+09:00,2025-12-19T23:30:00+09:00,13030
LOT-00901,L1,P-L1-02,2025-12-20T08:00:00+09:00,2025-12-20T16:30:00+09:00,26000
LOT-00902,L1,P-L1-02,2025-12-20T20:00:00+09:00,2025-12-20T23:30:00+09:00,26120
LOT-00903,L2,P-L2-03,2025-12-20T08:00:00+09:00,2025-12-20T16:30:00+09:00,25000
LOT-00904,L2,P-L2-03,2025-12-20T20:00:00+09:00,2025-12-20T23:30:00+09:00,25120
LOT-00905,L3,P-L3-04,2025-12-20T08:00:00+09:00,2025-12-20T16:30:00+09:00,25000
LOT-00906,L3,P-L3-04,2025-12-20T20:00:00+09:00,2025-12-20T23:30:00+09:00,25120
LOT-00907,L4,P-L4-05,2025-12-20T08:00:00+09:00,2025-12-20T16:30:00+09:00,23500
LOT-00908,L4,P-L4-05,2025-12-20T20:00:00+09:00,2025-12-20T23:30:00+09:00,23620
LOT-00909,L5,P-L5-01,2025-12-20T08:00:00+09:00,2025-12-20T16:30:00+09:00,14000
LOT-00910,L5,P-L5-01,2025-12-20T20:00:00+09:00,2025-12-20T23:30:00+09:00,14120
LOT-00911,L6,P-L6-02,2025-12-20T08:00:00+09:00,2025-12-20T16:30:00+09:00,13000
LOT-00912,L6,P-L6-02,2025-12-20T20:00:00+09:00,2025-12-20T23:30:00+09:00,13120
LOT-00913,L1,P-L1-03,2025-12-21T08:00:00+09:00,2025-12-21T16:30:00+09:00,26175
LOT-00914,L1,P-L1-03,2025-12-21T20:00:00+09:00,2025-12-21T23:30:00+09:00,26295
LOT-00915,L2,P-L2-04,2025-12-21T08:00:00+09:00,2025-12-21T16:30:00+09:00,25175
LOT-00916,L2,P-L2-04,2025-12-21T20:00:00+09:00,2025-12-21T23:30:00+09:00,25295
LOT-00917,L3,P-L3-05,2025-12-21T08:00:00+09:00,2025-12-21T16:30:00+09:00,25175
LOT-00918,L3,P-L3-05,2025-12-21T20:00:00+09:00,2025-12-21T23:30:00+09:00,25295
LOT-00919,L4,P-L4-01,2025-12-21T08:00:00+09:00,2025-12-21T16:30:00+09:00,23675
LOT-00920,L4,P-L4-01,2025-12-21T20:00:00+09:00,2025-12-21T23:30:00+09:00,23795
LOT-00921,L5,P-L5-02,2025-12-21T08:00:00+09:00,2025-12-21T16:30:00+09:00,14090
LOT-00922,L5,P-L5-02,2025-12-21T20:00:00+09:00,2025-12-21T23:30:00+09:00,14210
LOT-00923,L6,P-L6-03,2025-12-21T08:00:00+09:00,2025-12-21T16:30:00+09:00,13090
LOT-00924,L6,P-L6-03,2025-12-21T20:00:00+09:00,2025-12-21T23:30:00+09:00,13210
LOT-00925,L1,P-L1-04,2025-12-22T08:00:00+09:00,2025-12-22T16:30:00+09:00,26350
LOT-00926,L1,P-L1-04,2025-12-22T20:00:00+09:00,2025-12-22T23:30:00+09:00,26470
LOT-00927,L2,P-L2-05,2025-12-22T08:00:00+09:00,2025-12-22T16:30:00+09:00,25350
LOT-00928,L2,P-L2-05,2025-12-22T20:00:00+09:00,2025-12-22T23:30:00+09:00,25470
LOT-00929,L3,P-L3-01,2025-12-22T08:00:00+09:00,2025-12-22T16:30:00+09:00,25350
LOT-00930,L3,P-L3-01,2025-12-22T20:00:00+09:00,2025-12-22T23:30:00+09:00,25470
LOT-00931,L4,P-L4-02,2025-12-22T08:00:00+09:00,2025-12-22T16:30:00+09:00,23850
LOT-00932,L4,P-L4-02,2025-12-22T20:00:00+09:00,2025-12-22T23:30:00+09:00,23970
LOT-00933,L5,P-L5-03,2025-12-22T08:00:00+09:00,2025-12-22T16:30:00+09:00,14180
LOT-00934,L5,P-L5-03,2025-12-22T20:00:00+09:00,2025-12-22T23:30:00+09:00,14300
LOT-00935,L6,P-L6-04,2025-12-22T08:00:00+09:00,2025-12-22T16:30:00+09:00,13180
LOT-00936,L6,P-L6-04,2025-12-22T20:00:00+09:00,2025-12-22T23:30:00+09:00,13300
LOT-00937,L1,P-L1-05,2025-12-23T08:00:00+09:00,2025-12-23T16:30:00+09:00,26525
LOT-00938,L1,P-L1-05,2025-12-23T20:00:00+09:00,2025-12-23T23:30:00+09:00,26645
LOT-00939,L2,P-L2-01,2025-12-23T08:00:00+09:00,2025-12-23T16:30:00+09:00,25525
LOT-00940,L2,P-L2-01,2025-12-23T20:00:00+09:00,2025-12-23T23:30:00+09:00,25645
LOT-00941,L3,P-L3-02,2025-12-23T08:00:00+09:00,2025-12-23T16:30:00+09:00,25525
LOT-00942,L3,P-L3-02,2025-12-23T20:00:00+09:00,2025-12-23T23:30:00+09:00,25645
LOT-00943,L4,P-L4-03,2025-12-23T08:00:00+09:00,2025-12-23T16:30:00+09:00,24025
LOT-00944,L4,P-L4-03,2025-12-23T20:00:00+09:00,2025-12-23T23:30:00+09:00,24145
LOT-00945,L5,P-L5-04,2025-12-23T08:00:00+09:00,2025-12-23T16:30:00+09:00,14270
LOT-00946,L5,P-L5-04,2025-12-23T20:00:00+09:00,2025-12-23T23:30:00+09:00,14390
LOT-00947,L6,P-L6-05,2025-12-23T08:00:00+09:00,2025-12-23T16:30:00+09:00,13270
LOT-00948,L6,P-L6-05,2025-12-23T20:00:00+09:00,2025-12-23T23:30:00+09:00,13390
LOT-00949,L1,P-L1-01,2025-12-24T08:00:00+09:00,2025-12-24T16:30:00+09:00,25475
LOT-00950,L1,P-L1-01,2025-12-24T20:00:00+09:00,2025-12-24T23:30:00+09:00,25595
LOT-00951,L2,P-L2-02,2025-12-24T08:00:00+09:00,2025-12-24T16:30:00+09:00,24475
LOT-00952,L2,P-L2-02,2025-12-24T20:00:00+09:00,2025-12-24T23:30:00+09:00,24595
LOT-00953,L3,P-L3-03,2025-12-24T08:00:00+09:00,2025-12-24T16:30:00+09:00,24475
LOT-00954,L3,P-L3-03,2025-12-24T20:00:00+09:00,2025-12-24T23:30:00+09:00,24595
LOT-00955,L4,P-L4-04,2025-12-24T08:00:00+09:00,2025-12-24T16:30:00+09:00,22975
LOT-00956,L4,P-L4-04,2025-12-24T20:00:00+09:00,2025-12-24T23:30:00+09:00,23095
LOT-00957,L5,P-L5-05,2025-12-24T08:00:00+09:00,2025-12-24T16:30:00+09:00,13730
LOT-00958,L5,P-L5-05,2025-12-24T20:00:00+09:00,2025-12-24T23:30:00+09:00,13850
LOT-00959,L6,P-L6-01,2025-12-24T08:00:00+09:00,2025-12-24T16:30:00+09:00,12730
LOT-00960,L6,P-L6-01,2025-12-24T20:00:00+09:00,2025-12-24T23:30:00+09:00,12850
LOT-00961,L1,P-L1-02,2025-12-25T08:00:00+09:00,2025-12-25T16:30:00+09:00,25650
LOT-00962,L1,P-L1-02,2025-12-25T20:00:00+09:00,2025-12-25T23:30:00+09:00,25770
LOT-00963,L2,P-L2-03,2025-12-25T08:00:00+09:00,2025-12-25T16:30:00+09:00,24650
LOT-00964,L2,P-L2-03,2025-12-25T20:00:00+09:00,2025-12-25T23:30:00+09:00,24770
LOT-00965,L3,P-L3-04,2025-12-25T08:00:00+09:00,2025-12-25T16:30:00+09:00,24650
LOT-00966,L3,P-L3-04,2025-12-25T20:00:00+09:00,2025-12-25T23:30:00+09:00,24770
LOT-00967,L4,P-L4-05,2025-12-25T08:00:00+09:00,2025-12-25T16:30:00+09:00,23150
LOT-00968,L4,P-L4-05,2025-12-25T20:00:00+09:00,2025-12-25T23:30:00+09:00,23270
LOT-00969,L5,P-L5-01,2025-12-25T08:00:00+09:00,2025-12-25T16:30:00+09:00,13820
LOT-00970,L5,P-L5-01,2025-12-25T20:00:00+09:00,2025-12-25T23:30:00+09:00,13940
LOT-00971,L6,P-L6-02,2025-12-25T08:00:00+09:00,2025-12-25T16:30:00+09:00,12820
LOT-00972,L6,P-L6-02,2025-12-25T20:00:00+09:00,2025-12-25T23:30:00+09:00,12940
LOT-00973,L1,P-L1-03,2025-12-26T08:00:00+09:00,2025-12-26T16:30:00+09:00,25825
LOT-00974,L1,P-L1-03,2025-12-26T20:00:00+09:00,2025-12-26T23:30:00+09:00,25945
LOT-00975,L2,P-L2-04,2025-12-26T08:00:00+09:00,2025-12-26T16:30:00+09:00,24825
LOT-00976,L2,P-L2-04,2025-12-26T20:00:00+09:00,2025-12-26T23:30:00+09:00,24945
LOT-00977,L3,P-L3-05,2025-12-26T08:00:00+09:00,2025-12-26T16:30:00+09:00,24825
LOT-00978,L3,P-L3-05,2025-12-26T20:00:00+09:00,2025-12-26T23:30:00+09:00,24945
LOT-00979,L4,P-L4-01,2025-12-26T08:00:00+09:00,2025-12-26T16:30:00+09:00,23325
LOT-00980,L4,P-L4-01,2025-12-26T20:00:00+09:00,2025-12-26T23:30:00+09:00,23445
LOT-00981,L5,P-L5-02,2025-12-26T08:00:00+09:00,2025-12-26T16:30:00+09:00,13910
LOT-00982,L5,P-L5-02,2025-12-26T20:00:00+09:00,2025-12-26T23:30:00+09:00,14030
LOT-00983,L6,P-L6-03,2025-12-26T08:00:00+09:00,2025-12-26T16:30:00+09:00,12910
LOT-00984,L6,P-L6-03,2025-12-26T20:00:00+09:00,2025-12-26T23:30:00+09:00,13030
LOT-00985,L1,P-L1-04,2025-12-27T08:00:00+09:00,2025-12-27T16:30:00+09:00,26000
LOT-00986,L1,P-L1-04,2025-12-27T20:00:00+09:00,2025-12-27T23:30:00+09:00,26120
LOT-00987,L2,P-L2-05,2025-12-27T08:00:00+09:00,2025-12-27T16:30:00+09:00,25000
LOT-00988,L2,P-L2-05,2025-12-27T20:00:00+09:00,2025-12-27T23:30:00+09:00,25120
LOT-00989,L3,P-L3-01,2025-12-27T08:00:00+09:00,2025-12-27T16:30:00+09:00,25000
LOT-00990,L3,P-L3-01,2025-12-27T20:00:00+09:00,2025-12-27T23:30:00+09:00,25120
LOT-00991,L4,P-L4-02,2025-12-27T08:00:00+09:00,2025-12-27T16:30:00+09:00,23500
LOT-00992,L4,P-L4-02,2025-12-27T20:00:00+09:00,2025-12-27T23:30:00+09:00,23620
LOT-00993,L5,P-L5-03,2025-12-27T08:00:00+09:00,2025-12-27T16:30:00+09:00,14000
LOT-00994,L5,P-L5-03,2025-12-27T20:00:00+09:00,2025-12-27T23:30:00+09:00,14120
LOT-00995,L6,P-L6-04,2025-12-27T08:00:00+09:00,2025-12-27T16:30:00+09:00,13000
LOT-00996,L6,P-L6-04,2025-12-27T20:00:00+09:00,2025-12-27T23:30:00+09:00,13120
LOT-00997,L1,P-L1-05,2025-12-28T08:00:00+09:00,2025-12-28T16:30:00+09:00,26175
LOT-00998,L1,P-L1-05,2025-12-28T20:00:00+09:00,2025-12-28T23:30:00+09:00,26295
LOT-00999,L2,P-L2-01,2025-12-28T08:00:00+09:00,2025-12-28T16:30:00+09:00,25175
LOT-01000,L2,P-L2-01,2025-12-28T20:00:00+09:00,2025-12-28T23:30:00+09:00,25295
LOT-01001,L3,P-L3-02,2025-12-28T08:00:00+09:00,2025-12-28T16:30:00+09:00,25175
LOT-01002,L3,P-L3-02,2025-12-28T20:00:00+09:00,2025-12-28T23:30:00+09:00,25295
LOT-01003,L4,P-L4-03,2025-12-28T08:00:00+09:00,2025-12-28T16:30:00+09:00,23675
LOT-01004,L4,P-L4-03,2025-12-28T20:00:00+09:00,2025-12-28T23:30:00+09:00,23795
LOT-01005,L5,P-L5-04,2025-12-28T08:00:00+09:00,2025-12-28T16:30:00+09:00,14090
LOT-01006,L5,P-L5-04,2025-12-28T20:00:00+09:00,2025-12-28T23:30:00+09:00,14210
LOT-01007,L6,P-L6-05,2025-12-28T08:00:00+09:00,2025-12-28T16:30:00+09:00,13090
LOT-01008,L6,P-L6-05,2025-12-28T20:00:00+09:00,2025-12-28T23:30:00+09:00,13210
LOT-01009,L1,P-L1-01,2025-12-29T08:00:00+09:00,2025-12-29T16:30:00+09:00,26350
LOT-01010,L1,P-L1-01,2025-12-29T20:00:00+09:00,2025-12-29T23:30:00+09:00,26470
LOT-01011,L2,P-L2-02,2025-12-29T08:00:00+09:00,2025-12-29T16:30:00+09:00,25350
LOT-01012,L2,P-L2-02,2025-12-29T20:00:00+09:00,2025-12-29T23:30:00+09:00,25470
LOT-01013,L3,P-L3-03,2025-12-29T08:00:00+09:00,2025-12-29T16:30:00+09:00,25350
LOT-01014,L3,P-L3-03,2025-12-29T20:00:00+09:00,2025-12-29T23:30:00+09:00,25470
LOT-01015,L4,P-L4-04,2025-12-29T08:00:00+09:00,2025-12-29T16:30:00+09:00,23850
LOT-01016,L4,P-L4-04,2025-12-29T20:00:00+09:00,2025-12-29T23:30:00+09:00,23970
LOT-01017,L5,P-L5-05,2025-12-29T08:00:00+09:00,2025-12-29T16:30:00+09:00,14180
LOT-01018,L5,P-L5-05,2025-12-29T20:00:00+09:00,2025-12-29T23:30:00+09:00,14300
LOT-01019,L6,P-L6-01,2025-12-29T08:00:00+09:00,2025-12-29T16:30:00+09:00,13180
LOT-01020,L6,P-L6-01,2025-12-29T20:00:00+09:00,2025-12-29T23:30:00+09:00,13300
LOT-01021,L1,P-L1-02,2025-12-30T08:00:00+09:00,2025-12-30T16:30:00+09:00,26525
LOT-01022,L1,P-L1-02,2025-12-30T20:00:00+09:00,2025-12-30T23:30:00+09:00,26645
LOT-01023,L2,P-L2-03,2025-12-30T08:00:00+09:00,2025-12-30T16:30:00+09:00,25525
LOT-01024,L2,P-L2-03,2025-12-30T20:00:00+09:00,2025-12-30T23:30:00+09:00,25645
LOT-01025,L3,P-L3-04,2025-12-30T08:00:00+09:00,2025-12-30T16:30:00+09:00,25525
LOT-01026,L3,P-L3-04,2025-12-30T20:00:00+09:00,2025-12-30T23:30:00+09:00,25645
LOT-01027,L4,P-L4-05,2025-12-30T08:00:00+09:00,2025-12-30T16:30:00+09:00,24025
LOT-01028,L4,P-L4-05,2025-12-30T20:00:00+09:00,2025-12-30T23:30:00+09:00,24145
LOT-01029,L5,P-L5-01,2025-12-30T08:00:00+09:00,2025-12-30T16:30:00+09:00,14270
LOT-01030,L5,P-L5-01,2025-12-30T20:00:00+09:00,2025-12-30T23:30:00+09:00,14390
LOT-01031,L6,P-L6-02,2025-12-30T08:00:00+09:00,2025-12-30T16:30:00+09:00,13270
LOT-01032,L6,P-L6-02,2025-12-30T20:00:00+09:00,2025-12-30T23:30:00+09:00,13390
LOT-01033,L2,P-L2-04,2025-12-31T08:00:00+09:00,2025-12-31T16:30:00+09:00,24475
LOT-01034,L2,P-L2-04,2025-12-31T20:00:00+09:00,2025-12-31T23:30:00+09:00,24595
LOT-01035,L3,P-L3-05,2025-12-31T08:00:00+09:00,2025-12-31T16:30:00+09:00,24475
LOT-01036,L3,P-L3-05,2025-12-31T20:00:00+09:00,2025-12-31T23:30:00+09:00,24595
LOT-01037,L4,P-L4-01,2025-12-31T08:00:00+09:00,2025-12-31T16:30:00+09:00,22975
LOT-01038,L4,P-L4-01,2025-12-31T20:00:00+09:00,2025-12-31T23:30:00+09:00,23095
LOT-01039,L5,P-L5-02,2025-12-31T08:00:00+09:00,2025-12-31T16:30:00+09:00,13730
LOT-01040,L5,P-L5-02,2025-12-31T20:00:00+09:00,2025-12-31T23:30:00+09:00,13850
LOT-01041,L6,P-L6-03,2025-12-31T08:00:00+09:00,2025-12-31T16:30:00+09:00,12730
LOT-01042,L6,P-L6-03,2025-12-31T20:00:00+09:00,2025-12-31T23:30:00+09:00,12850
LOT-01043,L1,P-L1-04,2026-01-01T08:00:00+09:00,2026-01-01T16:30:00+09:00,25650
LOT-01044,L1,P-L1-04,2026-01-01T20:00:00+09:00,2026-01-01T23:30:00+09:00,25770
LOT-01045,L3,P-L3-01,2026-01-01T08:00:00+09:00,2026-01-01T16:30:00+09:00,24650
LOT-01046,L3,P-L3-01,2026-01-01T20:00:00+09:00,2026-01-01T23:30:00+09:00,24770
LOT-01047,L4,P-L4-02,2026-01-01T08:00:00+09:00,2026-01-01T16:30:00+09:00,23150
LOT-01048,L4,P-L4-02,2026-01-01T20:00:00+09:00,2026-01-01T23:30:00+09:00,23270
LOT-01049,L5,P-L5-03,2026-01-01T08:00:00+09:00,2026-01-01T16:30:00+09:00,13820
LOT-01050,L5,P-L5-03,2026-01-01T20:00:00+09:00,2026-01-01T23:30:00+09:00,13940
LOT-01051,L6,P-L6-04,2026-01-01T08:00:00+09:00,2026-01-01T16:30:00+09:00,12820
LOT-01052,L6,P-L6-04,2026-01-01T20:00:00+09:00,2026-01-01T23:30:00+09:00,12940
LOT-01053,L1,P-L1-05,2026-01-02T08:00:00+09:00,2026-01-02T16:30:00+09:00,25825
LOT-01054,L1,P-L1-05,2026-01-02T20:00:00+09:00,2026-01-02T23:30:00+09:00,25945
LOT-01055,L2,P-L2-01,2026-01-02T08:00:00+09:00,2026-01-02T16:30:00+09:00,24825
LOT-01056,L2,P-L2-01,2026-01-02T20:00:00+09:00,2026-01-02T23:30:00+09:00,24945
LOT-01057,L4,P-L4-03,2026-01-02T08:00:00+09:00,2026-01-02T16:30:00+09:00,23325
LOT-01058,L4,P-L4-03,2026-01-02T20:00:00+09:00,2026-01-02T23:30:00+09:00,23445
LOT-01059,L5,P-L5-04,2026-01-02T08:00:00+09:00,2026-01-02T16:30:00+09:00,13910
LOT-01060,L5,P-L5-04,2026-01-02T20:00:00+09:00,2026-01-02T23:30:00+09:00,14030
LOT-01061,L6,P-L6-05,2026-01-02T08:00:00+09:00,2026-01-02T16:30:00+09:00,12910
LOT-01062,L6,P-L6-05,2026-01-02T20:00:00+09:00,2026-01-02T23:30:00+09:00,13030
LOT-01063,L1,P-L1-01,2026-01-03T08:00:00+09:00,2026-01-03T16:30:00+09:00,26000
LOT-01064,L1,P-L1-01,2026-01-03T20:00:00+09:00,2026-01-03T23:30:00+09:00,26120
LOT-01065,L2,P-L2-02,2026-01-03T08:00:00+09:00,2026-01-03T16:30:00+09:00,25000
LOT-01066,L2,P-L2-02,2026-01-03T20:00:00+09:00,2026-01-03T23:30:00+09:00,25120
LOT-01067,L3,P-L3-03,2026-01-03T08:00:00+09:00,2026-01-03T16:30:00+09:00,25000
LOT-01068,L3,P-L3-03,2026-01-03T20:00:00+09:00,2026-01-03T23:30:00+09:00,25120
LOT-01069,L5,P-L5-05,2026-01-03T08:00:00+09:00,2026-01-03T16:30:00+09:00,14000
LOT-01070,L5,P-L5-05,2026-01-03T20:00:00+09:00,2026-01-03T23:30:00+09:00,14120
LOT-01071,L6,P-L6-01,2026-01-03T08:00:00+09:00,2026-01-03T16:30:00+09:00,13000
LOT-01072,L6,P-L6-01,2026-01-03T20:00:00+09:00,2026-01-03T23:30:00+09:00,13120
LOT-01073,L1,P-L1-02,2026-01-04T08:00:00+09:00,2026-01-04T16:30:00+09:00,26175
LOT-01074,L1,P-L1-02,2026-01-04T20:00:00+09:00,2026-01-04T23:30:00+09:00,26295
LOT-01075,L2,P-L2-03,2026-01-04T08:00:00+09:00,2026-01-04T16:30:00+09:00,25175
LOT-01076,L2,P-L2-03,2026-01-04T20:00:00+09:00,2026-01-04T23:30:00+09:00,25295
LOT-01077,L3,P-L3-04,2026-01-04T08:00:00+09:00,2026-01-04T16:30:00+09:00,25175
LOT-01078,L3,P-L3-04,2026-01-04T20:00:00+09:00,2026-01-04T23:30:00+09:00,25295
LOT-01079,L4,P-L4-05,2026-01-04T08:00:00+09:00,2026-01-04T16:30:00+09:00,23675
LOT-01080,L4,P-L4-05,2026-01-04T20:00:00+09:00,2026-01-04T23:30:00+09:00,23795
LOT-01081,L6,P-L6-02,2026-01-04T08:00:00+09:00,2026-01-04T16:30:00+09:00,13090
LOT-01082,L6,P-L6-02,2026-01-04T20:00:00+09:00,2026-01-04T23:30:00+09:00,13210
LOT-01083,L1,P-L1-03,2026-01-05T08:00:00+09:00,2026-01-05T16:30:00+09:00,26350
LOT-01084,L1,P-L1-03,2026-01-05T20:00:00+09:00,2026-01-05T23:30:00+09:00,26470
LOT-01085,L2,P-L2-04,2026-01-05T08:00:00+09:00,2026-01-05T16:30:00+09:00,25350
LOT-01086,L2,P-L2-04,2026-01-05T20:00:00+09:00,2026-01-05T23:30:00+09:00,25470
LOT-01087,L3,P-L3-05,2026-01-05T08:00:00+09:00,2026-01-05T16:30:00+09:00,25350
LOT-01088,L3,P-L3-05,2026-01-05T20:00:00+09:00,2026-01-05T23:30:00+09:00,25470
LOT-01089,L4,P-L4-01,2026-01-05T08:00:00+09:00,2026-01-05T16:30:00+09:00,23850
LOT-01090,L4,P-L4-01,2026-01-05T20:00:00+09:00,2026-01-05T23:30:00+09:00,23970
LOT-01091,L5,P-L5-02,2026-01-05T08:00:00+09:00,2026-01-05T16:30:00+09:00,14180
LOT-01092,L5,P-L5-02,2026-01-05T20:00:00+09:00,2026-01-05T23:30:00+09:00,14300
LOT-01093,L1,P-L1-04,2026-01-06T08:00:00+09:00,2026-01-06T16:30:00+09:00,26525
LOT-01094,L1,P-L1-04,2026-01-06T20:00:00+09:00,2026-01-06T23:30:00+09:00,26645
LOT-01095,L2,P-L2-05,2026-01-06T08:00:00+09:00,2026-01-06T16:30:00+09:00,25525
LOT-01096,L2,P-L2-05,2026-01-06T20:00:00+09:00,2026-01-06T23:30:00+09:00,25645
LOT-01097,L3,P-L3-01,2026-01-06T08:00:00+09:00,2026-01-06T16:30:00+09:00,25525
LOT-01098,L3,P-L3-01,2026-01-06T20:00:00+09:00,2026-01-06T23:30:00+09:00,25645
LOT-01099,L4,P-L4-02,2026-01-06T08:00:00+09:00,2026-01-06T16:30:00+09:00,24025
LOT-01100,L4,P-L4-02,2026-01-06T20:00:00+09:00,2026-01-06T23:30:00+09:00,24145
LOT-01101,L5,P-L5-03,2026-01-06T08:00:00+09:00,2026-01-06T16:30:00+09:00,14270
LOT-01102,L5,P-L5-03,2026-01-06T20:00:00+09:00,2026-01-06T23:30:00+09:00,14390
LOT-01103,L6,P-L6-04,2026-01-06T08:00:00+09:00,2026-01-06T16:30:00+09:00,13270
LOT-01104,L6,P-L6-04,2026-01-06T20:00:00+09:00,2026-01-06T23:30:00+09:00,13390
LOT-01105,L1,P-L1-05,2026-01-07T08:00:00+09:00,2026-01-07T16:30:00+09:00,25475
LOT-01106,L1,P-L1-05,2026-01-07T20:00:00+09:00,2026-01-07T23:30:00+09:00,25595
LOT-01107,L2,P-L2-01,2026-01-07T08:00:00+09:00,2026-01-07T16:30:00+09:00,24475
LOT-01108,L2,P-L2-01,2026-01-07T20:00:00+09:00,2026-01-07T23:30:00+09:00,24595
LOT-01109,L3,P-L3-02,2026-01-07T08:00:00+09:00,2026-01-07T16:30:00+09:00,24475
LOT-01110,L3,P-L3-02,2026-01-07T20:00:00+09:00,2026-01-07T23:30:00+09:00,24595
LOT-01111,L4,P-L4-03,2026-01-07T08:00:00+09:00,2026-01-07T16:30:00+09:00,22975
LOT-01112,L4,P-L4-03,2026-01-07T20:00:00+09:00,2026-01-07T23:30:00+09:00,23095
LOT-01113,L5,P-L5-04,2026-01-07T08:00:00+09:00,2026-01-07T16:30:00+09:00,13730
LOT-01114,L5,P-L5-04,2026-01-07T20:00:00+09:00,2026-01-07T23:30:00+09:00,13850
LOT-01115,L6,P-L6-05,2026-01-07T08:00:00+09:00,2026-01-07T16:30:00+09:00,12730
LOT-01116,L6,P-L6-05,2026-01-07T20:00:00+09:00,2026-01-07T23:30:00+09:00,12850
LOT-01117,L1,P-L1-01,2026-01-08T08:00:00+09:00,2026-01-08T16:30:00+09:00,25650
LOT-01118,L1,P-L1-01,2026-01-08T20:00:00+09:00,2026-01-08T23:30:00+09:00,25770
LOT-01119,L2,P-L2-02,2026-01-08T08:00:00+09:00,2026-01-08T16:30:00+09:00,24650
LOT-01120,L2,P-L2-02,2026-01-08T20:00:00+09:00,2026-01-08T23:30:00+09:00,24770
LOT-01121,L3,P-L3-03,2026-01-08T08:00:00+09:00,2026-01-08T16:30:00+09:00,24650
LOT-01122,L3,P-L3-03,2026-01-08T20:00:00+09:00,2026-01-08T23:30:00+09:00,24770
LOT-01123,L4,P-L4-04,2026-01-08T08:00:00+09:00,2026-01-08T16:30:00+09:00,23150
LOT-01124,L4,P-L4-04,2026-01-08T20:00:00+09:00,2026-01-08T23:30:00+09:00,23270
LOT-01125,L5,P-L5-05,2026-01-08T08:00:00+09:00,2026-01-08T16:30:00+09:00,13820
LOT-01126,L5,P-L5-05,2026-01-08T20:00:00+09:00,2026-01-08T23:30:00+09:00,13940
LOT-01127,L6,P-L6-01,2026-01-08T08:00:00+09:00,2026-01-08T16:30:00+09:00,12820
LOT-01128,L6,P-L6-01,2026-01-08T20:00:00+09:00,2026-01-08T23:30:00+09:00,12940
LOT-01129,L1,P-L1-02,2026-01-09T08:00:00+09:00,2026-01-09T16:30:00+09:00,25825
LOT-01130,L1,P-L1-02,2026-01-09T20:00:00+09:00,2026-01-09T23:30:00+09:00,25945
LOT-01131,L2,P-L2-03,2026-01-09T08:00:00+09:00,2026-01-09T16:30:00+09:00,24825
LOT-01132,L2,P-L2-03,2026-01-09T20:00:00+09:00,2026-01-09T23:30:00+09:00,24945
LOT-01133,L3,P-L3-04,2026-01-09T08:00:00+09:00,2026-01-09T16:30:00+09:00,24825
LOT-01134,L3,P-L3-04,2026-01-09T20:00:00+09:00,2026-01-09T23:30:00+09:00,24945
LOT-01135,L4,P-L4-05,2026-01-09T08:00:00+09:00,2026-01-09T16:30:00+09:00,23325
LOT-01136,L4,P-L4-05,2026-01-09T20:00:00+09:00,2026-01-09T23:30:00+09:00,23445
LOT-01137,L5,P-L5-01,2026-01-09T08:00:00+09:00,2026-01-09T16:30:00+09:00,13910
LOT-01138,L5,P-L5-01,2026-01-09T20:00:00+09:00,2026-01-09T23:30:00+09:00,14030
LOT-01139,L6,P-L6-02,2026-01-09T08:00:00+09:00,2026-01-09T16:30:00+09:00,12910
LOT-01140,L6,P-L6-02,2026-01-09T20:00:00+09:00,2026-01-09T23:30:00+09:00,13030
LOT-01141,L1,P-L1-03,2026-01-10T08:00:00+09:00,2026-01-10T16:30:00+09:00,26000
LOT-01142,L1,P-L1-03,2026-01-10T20:00:00+09:00,2026-01-10T23:30:00+09:00,26120
LOT-01143,L2,P-L2-04,2026-01-10T08:00:00+09:00,2026-01-10T16:30:00+09:00,25000
LOT-01144,L2,P-L2-04,2026-01-10T20:00:00+09:00,2026-01-10T23:30:00+09:00,25120
LOT-01145,L3,P-L3-05,2026-01-10T08:00:00+09:00,2026-01-10T16:30:00+09:00,25000
LOT-01146,L3,P-L3-05,2026-01-10T20:00:00+09:00,2026-01-10T23:30:00+09:00,25120
LOT-01147,L4,P-L4-01,2026-01-10T08:00:00+09:00,2026-01-10T16:30:00+09:00,23500
LOT-01148,L4,P-L4-01,2026-01-10T20:00:00+09:00,2026-01-10T23:30:00+09:00,23620
LOT-01149,L5,P-L5-02,2026-01-10T08:00:00+09:00,2026-01-10T16:30:00+09:00,14000
LOT-01150,L5,P-L5-02,2026-01-10T20:00:00+09:00,2026-01-10T23:30:00+09:00,14120
LOT-01151,L6,P-L6-03,2026-01-10T08:00:00+09:00,2026-01-10T16:30:00+09:00,13000
LOT-01152,L6,P-L6-03,2026-01-10T20:00:00+09:00,2026-01-10T23:30:00+09:00,13120
LOT-01153,L1,P-L1-04,2026-01-11T08:00:00+09:00,2026-01-11T16:30:00+09:00,26175
LOT-01154,L1,P-L1-04,2026-01-11T20:00:00+09:00,2026-01-11T23:30:00+09:00,26295
LOT-01155,L2,P-L2-05,2026-01-11T08:00:00+09:00,2026-01-11T16:30:00+09:00,25175
LOT-01156,L2,P-L2-05,2026-01-11T20:00:00+09:00,2026-01-11T23:30:00+09:00,25295
LOT-01157,L3,P-L3-01,2026-01-11T08:00:00+09:00,2026-01-11T16:30:00+09:00,25175
LOT-01158,L3,P-L3-01,2026-01-11T20:00:00+09:00,2026-01-11T23:30:00+09:00,25295
LOT-01159,L4,P-L4-02,2026-01-11T08:00:00+09:00,2026-01-11T16:30:00+09:00,23675
LOT-01160,L4,P-L4-02,2026-01-11T20:00:00+09:00,2026-01-11T23:30:00+09:00,23795
LOT-01161,L5,P-L5-03,2026-01-11T08:00:00+09:00,2026-01-11T16:30:00+09:00,14090
LOT-01162,L5,P-L5-03,2026-01-11T20:00:00+09:00,2026-01-11T23:30:00+09:00,14210
LOT-01163,L6,P-L6-04,2026-01-11T08:00:00+09:00,2026-01-11T16:30:00+09:00,13090
LOT-01164,L6,P-L6-04,2026-01-11T20:00:00+09:00,2026-01-11T23:30:00+09:00,13210
LOT-01165,L1,P-L1-05,2026-01-12T08:00:00+09:00,2026-01-12T16:30:00+09:00,26350
LOT-01166,L1,P-L1-05,2026-01-12T20:00:00+09:00,2026-01-12T23:30:00+09:00,26470
LOT-01167,L2,P-L2-01,2026-01-12T08:00:00+09:00,2026-01-12T16:30:00+09:00,25350
LOT-01168,L2,P-L2-01,2026-01-12T20:00:00+09:00,2026-01-12T23:30:00+09:00,25470
LOT-01169,L3,P-L3-02,2026-01-12T08:00:00+09:00,2026-01-12T16:30:00+09:00,25350
LOT-01170,L3,P-L3-02,2026-01-12T20:00:00+09:00,2026-01-12T23:30:00+09:00,25470
LOT-01171,L4,P-L4-03,2026-01-12T08:00:00+09:00,2026-01-12T16:30:00+09:00,23850
LOT-01172,L4,P-L4-03,2026-01-12T20:00:00+09:00,2026-01-12T23:30:00+09:00,23970
LOT-01173,L5,P-L5-04,2026-01-12T08:00:00+09:00,2026-01-12T16:30:00+09:00,14180
LOT-01174,L5,P-L5-04,2026-01-12T20:00:00+09:00,2026-01-12T23:30:00+09:00,14300
LOT-01175,L6,P-L6-05,2026-01-12T08:00:00+09:00,2026-01-12T16:30:00+09:00,13180
LOT-01176,L6,P-L6-05,2026-01-12T20:00:00+09:00,2026-01-12T23:30:00+09:00,13300
LOT-01177,L1,P-L1-01,2026-01-13T08:00:00+09:00,2026-01-13T16:30:00+09:00,26525
LOT-01178,L1,P-L1-01,2026-01-13T20:00:00+09:00,2026-01-13T23:30:00+09:00,26645
LOT-01179,L2,P-L2-02,2026-01-13T08:00:00+09:00,2026-01-13T16:30:00+09:00,25525
LOT-01180,L2,P-L2-02,2026-01-13T20:00:00+09:00,2026-01-13T23:30:00+09:00,25645
LOT-01181,L3,P-L3-03,2026-01-13T08:00:00+09:00,2026-01-13T16:30:00+09:00,25525
LOT-01182,L3,P-L3-03,2026-01-13T20:00:00+09:00,2026-01-13T23:30:00+09:00,25645
LOT-01183,L4,P-L4-04,2026-01-13T08:00:00+09:00,2026-01-13T16:30:00+09:00,24025
LOT-01184,L4,P-L4-04,2026-01-13T20:00:00+09:00,2026-01-13T23:30:00+09:00,24145
LOT-01185,L5,P-L5-05,2026-01-13T08:00:00+09:00,2026-01-13T16:30:00+09:00,14270
LOT-01186,L5,P-L5-05,2026-01-13T20:00:00+09:00,2026-01-13T23:30:00+09:00,14390
LOT-01187,L6,P-L6-01,2026-01-13T08:00:00+09:00,2026-01-13T16:30:00+09:00,13270
LOT-01188,L6,P-L6-01,2026-01-13T20:00:00+09:00,2026-01-13T23:30:00+09:00,13390
LOT-01189,L1,P-L1-02,2026-01-14T08:00:00+09:00,2026-01-14T16:30:00+09:00,25475
LOT-01190,L1,P-L1-02,2026-01-14T20:00:00+09:00,2026-01-14T23:30:00+09:00,25595
LOT-01191,L2,P-L2-03,2026-01-14T08:00:00+09:00,2026-01-14T16:30:00+09:00,24475
LOT-01192,L2,P-L2-03,2026-01-14T20:00:00+09:00,2026-01-14T23:30:00+09:00,24595
LOT-01193,L3,P-L3-04,2026-01-14T08:00:00+09:00,2026-01-14T16:30:00+09:00,24475
LOT-01194,L3,P-L3-04,2026-01-14T20:00:00+09:00,2026-01-14T23:30:00+09:00,24595
LOT-01195,L4,P-L4-05,2026-01-14T08:00:00+09:00,2026-01-14T16:30:00+09:00,22975
LOT-01196,L4,P-L4-05,2026-01-14T20:00:00+09:00,2026-01-14T23:30:00+09:00,23095
LOT-01197,L5,P-L5-01,2026-01-14T08:00:00+09:00,2026-01-14T16:30:00+09:00,13730
LOT-01198,L5,P-L5-01,2026-01-14T20:00:00+09:00,2026-01-14T23:30:00+09:00,13850
LOT-01199,L6,P-L6-02,2026-01-14T08:00:00+09:00,2026-01-14T16:30:00+09:00,12730
LOT-01200,L6,P-L6-02,2026-01-14T20:00:00+09:00,2026-01-14T23:30:00+09:00,12850
LOT-01201,L1,P-L1-03,2026-01-15T08:00:00+09:00,2026-01-15T16:30:00+09:00,25650
LOT-01202,L1,P-L1-03,2026-01-15T20:00:00+09:00,2026-01-15T23:30:00+09:00,25770
LOT-01203,L2,P-L2-04,2026-01-15T08:00:00+09:00,2026-01-15T16:30:00+09:00,24650
LOT-01204,L2,P-L2-04,2026-01-15T20:00:00+09:00,2026-01-15T23:30:00+09:00,24770
LOT-01205,L3,P-L3-05,2026-01-15T08:00:00+09:00,2026-01-15T16:30:00+09:00,24650
LOT-01206,L3,P-L3-05,2026-01-15T20:00:00+09:00,2026-01-15T23:30:00+09:00,24770
LOT-01207,L4,P-L4-01,2026-01-15T08:00:00+09:00,2026-01-15T16:30:00+09:00,23150
LOT-01208,L4,P-L4-01,2026-01-15T20:00:00+09:00,2026-01-15T23:30:00+09:00,23270
LOT-01209,L5,P-L5-02,2026-01-15T08:00:00+09:00,2026-01-15T16:30:00+09:00,13820
LOT-01210,L5,P-L5-02,2026-01-15T20:00:00+09:00,2026-01-15T23:30:00+09:00,13940
LOT-01211,L6,P-L6-03,2026-01-15T08:00:00+09:00,2026-01-15T16:30:00+09:00,12820
LOT-01212,L6,P-L6-03,2026-01-15T20:00:00+09:00,2026-01-15T23:30:00+09:00,12940
LOT-01213,L1,P-L1-04,2026-01-16T08:00:00+09:00,2026-01-16T16:30:00+09:00,25825
LOT-01214,L1,P-L1-04,2026-01-16T20:00:00+09:00,2026-01-16T23:30:00+09:00,25945
LOT-01215,L2,P-L2-05,2026-01-16T08:00:00+09:00,2026-01-16T16:30:00+09:00,24825
LOT-01216,L2,P-L2-05,2026-01-16T20:00:00+09:00,2026-01-16T23:30:00+09:00,24945
LOT-01217,L3,P-L3-01,2026-01-16T08:00:00+09:00,2026-01-16T16:30:00+09:00,24825
LOT-01218,L3,P-L3-01,2026-01-16T20:00:00+09:00,2026-01-16T23:30:00+09:00,24945
LOT-01219,L4,P-L4-02,2026-01-16T08:00:00+09:00,2026-01-16T16:30:00+09:00,23325
LOT-01220,L4,P-L4-02,2026-01-16T20:00:00+09:00,2026-01-16T23:30:00+09:00,23445
LOT-01221,L5,P-L5-03,2026-01-16T08:00:00+09:00,2026-01-16T16:30:00+09:00,13910
LOT-01222,L5,P-L5-03,2026-01-16T20:00:00+09:00,2026-01-16T23:30:00+09:00,14030
LOT-01223,L6,P-L6-04,2026-01-16T08:00:00+09:00,2026-01-16T16:30:00+09:00,12910
LOT-01224,L6,P-L6-04,2026-01-16T20:00:00+09:00,2026-01-16T23:30:00+09:00,13030
LOT-01225,L1,P-L1-05,2026-01-17T08:00:00+09:00,2026-01-17T16:30:00+09:00,26000
LOT-01226,L1,P-L1-05,2026-01-17T20:00:00+09:00,2026-01-17T23:30:00+09:00,26120
LOT-01227,L2,P-L2-01,2026-01-17T08:00:00+09:00,2026-01-17T16:30:00+09:00,25000
LOT-01228,L2,P-L2-01,2026-01-17T20:00:00+09:00,2026-01-17T23:30:00+09:00,25120
LOT-01229,L3,P-L3-02,2026-01-17T08:00:00+09:00,2026-01-17T16:30:00+09:00,25000
LOT-01230,L3,P-L3-02,2026-01-17T20:00:00+09:00,2026-01-17T23:30:00+09:00,25120
LOT-01231,L4,P-L4-03,2026-01-17T08:00:00+09:00,2026-01-17T16:30:00+09:00,23500
LOT-01232,L4,P-L4-03,2026-01-17T20:00:00+09:00,2026-01-17T23:30:00+09:00,23620
LOT-01233,L5,P-L5-04,2026-01-17T08:00:00+09:00,2026-01-17T16:30:00+09:00,14000
LOT-01234,L5,P-L5-04,2026-01-17T20:00:00+09:00,2026-01-17T23:30:00+09:00,14120
LOT-01235,L6,P-L6-05,2026-01-17T08:00:00+09:00,2026-01-17T16:30:00+09:00,13000
LOT-01236,L6,P-L6-05,2026-01-17T20:00:00+09:00,2026-01-17T23:30:00+09:00,13120
LOT-01237,L2,P-L2-02,2026-01-18T08:00:00+09:00,2026-01-18T16:30:00+09:00,25175
LOT-01238,L2,P-L2-02,2026-01-18T20:00:00+09:00,2026-01-18T23:30:00+09:00,25295
LOT-01239,L3,P-L3-03,2026-01-18T08:00:00+09:00,2026-01-18T16:30:00+09:00,25175
LOT-01240,L3,P-L3-03,2026-01-18T20:00:00+09:00,2026-01-18T23:30:00+09:00,25295
LOT-01241,L4,P-L4-04,2026-01-18T08:00:00+09:00,2026-01-18T16:30:00+09:00,23675
LOT-01242,L4,P-L4-04,2026-01-18T20:00:00+09:00,2026-01-18T23:30:00+09:00,23795
LOT-01243,L5,P-L5-05,2026-01-18T08:00:00+09:00,2026-01-18T16:30:00+09:00,14090
LOT-01244,L5,P-L5-05,2026-01-18T20:00:00+09:00,2026-01-18T23:30:00+09:00,14210
LOT-01245,L6,P-L6-01,2026-01-18T08:00:00+09:00,2026-01-18T16:30:00+09:00,13090
LOT-01246,L6,P-L6-01,2026-01-18T20:00:00+09:00,2026-01-18T23:30:00+09:00,13210
LOT-01247,L1,P-L1-02,2026-01-19T08:00:00+09:00,2026-01-19T16:30:00+09:00,26350
LOT-01248,L1,P-L1-02,2026-01-19T20:00:00+09:00,2026-01-19T23:30:00+09:00,26470
LOT-01249,L3,P-L3-04,2026-01-19T08:00:00+09:00,2026-01-19T16:30:00+09:00,25350
LOT-01250,L3,P-L3-04,2026-01-19T20:00:00+09:00,2026-01-19T23:30:00+09:00,25470
LOT-01251,L4,P-L4-05,2026-01-19T08:00:00+09:00,2026-01-19T16:30:00+09:00,23850
LOT-01252,L4,P-L4-05,2026-01-19T20:00:00+09:00,2026-01-19T23:30:00+09:00,23970
LOT-01253,L5,P-L5-01,2026-01-19T08:00:00+09:00,2026-01-19T16:30:00+09:00,14180
LOT-01254,L5,P-L5-01,2026-01-19T20:00:00+09:00,2026-01-19T23:30:00+09:00,14300
LOT-01255,L6,P-L6-02,2026-01-19T08:00:00+09:00,2026-01-19T16:30:00+09:00,13180
LOT-01256,L6,P-L6-02,2026-01-19T20:00:00+09:00,2026-01-19T23:30:00+09:00,13300
LOT-01257,L1,P-L1-03,2026-01-20T08:00:00+09:00,2026-01-20T16:30:00+09:00,26525
LOT-01258,L1,P-L1-03,2026-01-20T20:00:00+09:00,2026-01-20T23:30:00+09:00,26645
LOT-01259,L2,P-L2-04,2026-01-20T08:00:00+09:00,2026-01-20T16:30:00+09:00,25525
LOT-01260,L2,P-L2-04,2026-01-20T20:00:00+09:00,2026-01-20T23:30:00+09:00,25645
LOT-01261,L4,P-L4-01,2026-01-20T08:00:00+09:00,2026-01-20T16:30:00+09:00,24025
LOT-01262,L4,P-L4-01,2026-01-20T20:00:00+09:00,2026-01-20T23:30:00+09:00,24145
LOT-01263,L5,P-L5-02,2026-01-20T08:00:00+09:00,2026-01-20T16:30:00+09:00,14270
LOT-01264,L5,P-L5-02,2026-01-20T20:00:00+09:00,2026-01-20T23:30:00+09:00,14390
LOT-01265,L6,P-L6-03,2026-01-20T08:00:00+09:00,2026-01-20T16:30:00+09:00,13270
LOT-01266,L6,P-L6-03,2026-01-20T20:00:00+09:00,2026-01-20T23:30:00+09:00,13390
LOT-01267,L1,P-L1-04,2026-01-21T08:00:00+09:00,2026-01-21T16:30:00+09:00,25475
LOT-01268,L1,P-L1-04,2026-01-21T20:00:00+09:00,2026-01-21T23:30:00+09:00,25595
LOT-01269,L2,P-L2-05,2026-01-21T08:00:00+09:00,2026-01-21T16:30:00+09:00,24475
LOT-01270,L2,P-L2-05,2026-01-21T20:00:00+09:00,2026-01-21T23:30:00+09:00,24595
LOT-01271,L3,P-L3-01,2026-01-21T08:00:00+09:00,2026-01-21T16:30:00+09:00,24475
LOT-01272,L3,P-L3-01,2026-01-21T20:00:00+09:00,2026-01-21T23:30:00+09:00,24595
LOT-01273,L5,P-L5-03,2026-01-21T08:00:00+09:00,2026-01-21T16:30:00+09:00,13730
LOT-01274,L5,P-L5-03,2026-01-21T20:00:00+09:00,2026-01-21T23:30:00+09:00,13850
LOT-01275,L6,P-L6-04,2026-01-21T08:00:00+09:00,2026-01-21T16:30:00+09:00,12730
LOT-01276,L6,P-L6-04,2026-01-21T20:00:00+09:00,2026-01-21T23:30:00+09:00,12850
LOT-01277,L1,P-L1-05,2026-01-22T08:00:00+09:00,2026-01-22T16:30:00+09:00,25650
LOT-01278,L1,P-L1-05,2026-01-22T20:00:00+09:00,2026-01-22T23:30:00+09:00,25770
LOT-01279,L2,P-L2-01,2026-01-22T08:00:00+09:00,2026-01-22T16:30:00+09:00,24650
LOT-01280,L2,P-L2-01,2026-01-22T20:00:00+09:00,2026-01-22T23:30:00+09:00,24770
LOT-01281,L3,P-L3-02,2026-01-22T08:00:00+09:00,2026-01-22T16:30:00+09:00,24650
LOT-01282,L3,P-L3-02,2026-01-22T20:00:00+09:00,2026-01-22T23:30:00+09:00,24770
LOT-01283,L4,P-L4-03,2026-01-22T08:00:00+09:00,2026-01-22T16:30:00+09:00,23150
LOT-01284,L4,P-L4-03,2026-01-22T20:00:00+09:00,2026-01-22T23:30:00+09:00,23270
LOT-01285,L6,P-L6-05,2026-01-22T08:00:00+09:00,2026-01-22T16:30:00+09:00,12820
LOT-01286,L6,P-L6-05,2026-01-22T20:00:00+09:00,2026-01-22T23:30:00+09:00,12940
LOT-01287,L1,P-L1-01,2026-01-23T08:00:00+09:00,2026-01-23T16:30:00+09:00,25825
LOT-01288,L1,P-L1-01,2026-01-23T20:00:00+09:00,2026-01-23T23:30:00+09:00,25945
LOT-01289,L2,P-L2-02,2026-01-23T08:00:00+09:00,2026-01-23T16:30:00+09:00,24825
LOT-01290,L2,P-L2-02,2026-01-23T20:00:00+09:00,2026-01-23T23:30:00+09:00,24945
LOT-01291,L3,P-L3-03,2026-01-23T08:00:00+09:00,2026-01-23T16:30:00+09:00,24825
LOT-01292,L3,P-L3-03,2026-01-23T20:00:00+09:00,2026-01-23T23:30:00+09:00,24945
LOT-01293,L4,P-L4-04,2026-01-23T08:00:00+09:00,2026-01-23T16:30:00+09:00,23325
LOT-01294,L4,P-L4-04,2026-01-23T20:00:00+09:00,2026-01-23T23:30:00+09:00,23445
LOT-01295,L5,P-L5-05,2026-01-23T08:00:00+09:00,2026-01-23T16:30:00+09:00,13910
LOT-01296,L5,P-L5-05,2026-01-23T20:00:00+09:00,2026-01-23T23:30:00+09:00,14030
LOT-01297,L1,P-L1-02,2026-01-24T08:00:00+09:00,2026-01-24T16:30:00+09:00,26000
LOT-01298,L1,P-L1-02,2026-01-24T20:00:00+09:00,2026-01-24T23:30:00+09:00,26120
LOT-01299,L2,P-L2-03,2026-01-24T08:00:00+09:00,2026-01-24T16:30:00+09:00,25000
LOT-01300,L2,P-L2-03,2026-01-24T20:00:00+09:00,2026-01-24T23:30:00+09:00,25120
LOT-01301,L3,P-L3-04,2026-01-24T08:00:00+09:00,2026-01-24T16:30:00+09:00,25000
LOT-01302,L3,P-L3-04,2026-01-24T20:00:00+09:00,2026-01-24T23:30:00+09:00,25120
LOT-01303,L4,P-L4-05,2026-01-24T08:00:00+09:00,2026-01-24T16:30:00+09:00,23500
LOT-01304,L4,P-L4-05,2026-01-24T20:00:00+09:00,2026-01-24T23:30:00+09:00,23620
LOT-01305,L5,P-L5-01,2026-01-24T08:00:00+09:00,2026-01-24T16:30:00+09:00,14000
LOT-01306,L5,P-L5-01,2026-01-24T20:00:00+09:00,2026-01-24T23:30:00+09:00,14120
LOT-01307,L6,P-L6-02,2026-01-24T08:00:00+09:00,2026-01-24T16:30:00+09:00,13000
LOT-01308,L6,P-L6-02,2026-01-24T20:00:00+09:00,2026-01-24T23:30:00+09:00,13120
LOT-01309,L1,P-L1-03,2026-01-25T08:00:00+09:00,2026-01-25T16:30:00+09:00,26175
LOT-01310,L1,P-L1-03,2026-01-25T20:00:00+09:00,2026-01-25T23:30:00+09:00,26295
LOT-01311,L2,P-L2-04,2026-01-25T08:00:00+09:00,2026-01-25T16:30:00+09:00,25175
LOT-01312,L2,P-L2-04,2026-01-25T20:00:00+09:00,2026-01-25T23:30:00+09:00,25295
LOT-01313,L3,P-L3-05,2026-01-25T08:00:00+09:00,2026-01-25T16:30:00+09:00,25175
LOT-01314,L3,P-L3-05,2026-01-25T20:00:00+09:00,2026-01-25T23:30:00+09:00,25295
LOT-01315,L4,P-L4-01,2026-01-25T08:00:00+09:00,2026-01-25T16:30:00+09:00,23675
LOT-01316,L4,P-L4-01,2026-01-25T20:00:00+09:00,2026-01-25T23:30:00+09:00,23795
LOT-01317,L5,P-L5-02,2026-01-25T08:00:00+09:00,2026-01-25T16:30:00+09:00,14090
LOT-01318,L5,P-L5-02,2026-01-25T20:00:00+09:00,2026-01-25T23:30:00+09:00,14210
LOT-01319,L6,P-L6-03,2026-01-25T08:00:00+09:00,2026-01-25T16:30:00+09:00,13090
LOT-01320,L6,P-L6-03,2026-01-25T20:00:00+09:00,2026-01-25T23:30:00+09:00,13210
LOT-01321,L1,P-L1-04,2026-01-26T08:00:00+09:00,2026-01-26T16:30:00+09:00,26350
LOT-01322,L1,P-L1-04,2026-01-26T20:00:00+09:00,2026-01-26T23:30:00+09:00,26470
LOT-01323,L2,P-L2-05,2026-01-26T08:00:00+09:00,2026-01-26T16:30:00+09:00,25350
LOT-01324,L2,P-L2-05,2026-01-26T20:00:00+09:00,2026-01-26T23:30:00+09:00,25470
LOT-01325,L3,P-L3-01,2026-01-26T08:00:00+09:00,2026-01-26T16:30:00+09:00,25350
LOT-01326,L3,P-L3-01,2026-01-26T20:00:00+09:00,2026-01-26T23:30:00+09:00,25470
LOT-01327,L4,P-L4-02,2026-01-26T08:00:00+09:00,2026-01-26T16:30:00+09:00,23850
LOT-01328,L4,P-L4-02,2026-01-26T20:00:00+09:00,2026-01-26T23:30:00+09:00,23970
LOT-01329,L5,P-L5-03,2026-01-26T08:00:00+09:00,2026-01-26T16:30:00+09:00,14180
LOT-01330,L5,P-L5-03,2026-01-26T20:00:00+09:00,2026-01-26T23:30:00+09:00,14300
LOT-01331,L6,P-L6-04,2026-01-26T08:00:00+09:00,2026-01-26T16:30:00+09:00,13180
LOT-01332,L6,P-L6-04,2026-01-26T20:00:00+09:00,2026-01-26T23:30:00+09:00,13300
LOT-01333,L1,P-L1-05,2026-01-27T08:00:00+09:00,2026-01-27T16:30:00+09:00,26525
LOT-01334,L1,P-L1-05,2026-01-27T20:00:00+09:00,2026-01-27T23:30:00+09:00,26645
LOT-01335,L2,P-L2-01,2026-01-27T08:00:00+09:00,2026-01-27T16:30:00+09:00,25525
LOT-01336,L2,P-L2-01,2026-01-27T20:00:00+09:00,2026-01-27T23:30:00+09:00,25645
LOT-01337,L3,P-L3-02,2026-01-27T08:00:00+09:00,2026-01-27T16:30:00+09:00,25525
LOT-01338,L3,P-L3-02,2026-01-27T20:00:00+09:00,2026-01-27T23:30:00+09:00,25645
LOT-01339,L4,P-L4-03,2026-01-27T08:00:00+09:00,2026-01-27T16:30:00+09:00,24025
LOT-01340,L4,P-L4-03,2026-01-27T20:00:00+09:00,2026-01-27T23:30:00+09:00,24145
LOT-01341,L5,P-L5-04,2026-01-27T08:00:00+09:00,2026-01-27T16:30:00+09:00,14270
LOT-01342,L5,P-L5-04,2026-01-27T20:00:00+09:00,2026-01-27T23:30:00+09:00,14390
LOT-01343,L6,P-L6-05,2026-01-27T08:00:00+09:00,2026-01-27T16:30:00+09:00,13270
LOT-01344,L6,P-L6-05,2026-01-27T20:00:00+09:00,2026-01-27T23:30:00+09:00,13390
LOT-01345,L1,P-L1-01,2026-01-28T08:00:00+09:00,2026-01-28T16:30:00+09:00,25475
LOT-01346,L1,P-L1-01,2026-01-28T20:00:00+09:00,2026-01-28T23:30:00+09:00,25595
LOT-01347,L2,P-L2-02,2026-01-28T08:00:00+09:00,2026-01-28T16:30:00+09:00,24475
LOT-01348,L2,P-L2-02,2026-01-28T20:00:00+09:00,2026-01-28T23:30:00+09:00,24595
LOT-01349,L3,P-L3-03,2026-01-28T08:00:00+09:00,2026-01-28T16:30:00+09:00,24475
LOT-01350,L3,P-L3-03,2026-01-28T20:00:00+09:00,2026-01-28T23:30:00+09:00,24595
LOT-01351,L4,P-L4-04,2026-01-28T08:00:00+09:00,2026-01-28T16:30:00+09:00,22975
LOT-01352,L4,P-L4-04,2026-01-28T20:00:00+09:00,2026-01-28T23:30:00+09:00,23095
LOT-01353,L5,P-L5-05,2026-01-28T08:00:00+09:00,2026-01-28T16:30:00+09:00,13730
LOT-01354,L5,P-L5-05,2026-01-28T20:00:00+09:00,2026-01-28T23:30:00+09:00,13850
LOT-01355,L6,P-L6-01,2026-01-28T08:00:00+09:00,2026-01-28T16:30:00+09:00,12730
LOT-01356,L6,P-L6-01,2026-01-28T20:00:00+09:00,2026-01-28T23:30:00+09:00,12850
LOT-01357,L1,P-L1-02,2026-01-29T08:00:00+09:00,2026-01-29T16:30:00+09:00,25650
LOT-01358,L1,P-L1-02,2026-01-29T20:00:00+09:00,2026-01-29T23:30:00+09:00,25770
LOT-01359,L2,P-L2-03,2026-01-29T08:00:00+09:00,2026-01-29T16:30:00+09:00,24650
LOT-01360,L2,P-L2-03,2026-01-29T20:00:00+09:00,2026-01-29T23:30:00+09:00,24770
LOT-01361,L3,P-L3-04,2026-01-29T08:00:00+09:00,2026-01-29T16:30:00+09:00,24650
LOT-01362,L3,P-L3-04,2026-01-29T20:00:00+09:00,2026-01-29T23:30:00+09:00,24770
LOT-01363,L4,P-L4-05,2026-01-29T08:00:00+09:00,2026-01-29T16:30:00+09:00,23150
LOT-01364,L4,P-L4-05,2026-01-29T20:00:00+09:00,2026-01-29T23:30:00+09:00,23270
LOT-01365,L5,P-L5-01,2026-01-29T08:00:00+09:00,2026-01-29T16:30:00+09:00,13820
LOT-01366,L5,P-L5-01,2026-01-29T20:00:00+09:00,2026-01-29T23:30:00+09:00,13940
LOT-01367,L6,P-L6-02,2026-01-29T08:00:00+09:00,2026-01-29T16:30:00+09:00,12820
LOT-01368,L6,P-L6-02,2026-01-29T20:00:00+09:00,2026-01-29T23:30:00+09:00,12940
LOT-01369,L1,P-L1-03,2026-01-30T08:00:00+09:00,2026-01-30T16:30:00+09:00,25825
LOT-01370,L1,P-L1-03,2026-01-30T20:00:00+09:00,2026-01-30T23:30:00+09:00,25945
LOT-01371,L2,P-L2-04,2026-01-30T08:00:00+09:00,2026-01-30T16:30:00+09:00,24825
LOT-01372,L2,P-L2-04,2026-01-30T20:00:00+09:00,2026-01-30T23:30:00+09:00,24945
LOT-01373,L3,P-L3-05,2026-01-30T08:00:00+09:00,2026-01-30T16:30:00+09:00,24825
LOT-01374,L3,P-L3-05,2026-01-30T20:00:00+09:00,2026-01-30T23:30:00+09:00,24945
LOT-01375,L4,P-L4-01,2026-01-30T08:00:00+09:00,2026-01-30T16:30:00+09:00,23325
LOT-01376,L4,P-L4-01,2026-01-30T20:00:00+09:00,2026-01-30T23:30:00+09:00,23445
LOT-01377,L5,P-L5-02,2026-01-30T08:00:00+09:00,2026-01-30T16:30:00+09:00,13910
LOT-01378,L5,P-L5-02,2026-01-30T20:00:00+09:00,2026-01-30T23:30:00+09:00,14030
LOT-01379,L6,P-L6-03,2026-01-30T08:00:00+09:00,2026-01-30T16:30:00+09:00,12910
LOT-01380,L6,P-L6-03,2026-01-30T20:00:00+09:00,2026-01-30T23:30:00+09:00,13030
LOT-01381,L1,P-L1-04,2026-01-31T08:00:00+09:00,2026-01-31T16:30:00+09:00,26000
LOT-01382,L1,P-L1-04,2026-01-31T20:00:00+09:00,2026-01-31T23:30:00+09:00,26120
LOT-01383,L2,P-L2-05,2026-01-31T08:00:00+09:00,2026-01-31T16:30:00+09:00,25000
LOT-01384,L2,P-L2-05,2026-01-31T20:00:00+09:00,2026-01-31T23:30:00+09:00,25120
LOT-01385,L3,P-L3-01,2026-01-31T08:00:00+09:00,2026-01-31T16:30:00+09:00,25000
LOT-01386,L3,P-L3-01,2026-01-31T20:00:00+09:00,2026-01-31T23:30:00+09:00,25120
LOT-01387,L4,P-L4-02,2026-01-31T08:00:00+09:00,2026-01-31T16:30:00+09:00,23500
LOT-01388,L4,P-L4-02,2026-01-31T20:00:00+09:00,2026-01-31T23:30:00+09:00,23620
LOT-01389,L5,P-L5-03,2026-01-31T08:00:00+09:00,2026-01-31T16:30:00+09:00,14000
LOT-01390,L5,P-L5-03,2026-01-31T20:00:00+09:00,2026-01-31T23:30:00+09:00,14120
LOT-01391,L6,P-L6-04,2026-01-31T08:00:00+09:00,2026-01-31T16:30:00+09:00,13000
LOT-01392,L6,P-L6-04,2026-01-31T20:00:00+09:00,2026-01-31T23:30:00+09:00,13120
LOT-01393,L1,P-L1-05,2026-02-01T08:00:00+09:00,2026-02-01T16:30:00+09:00,26175
LOT-01394,L1,P-L1-05,2026-02-01T20:00:00+09:00,2026-02-01T23:30:00+09:00,26295
LOT-01395,L2,P-L2-01,2026-02-01T08:00:00+09:00,2026-02-01T16:30:00+09:00,25175
LOT-01396,L2,P-L2-01,2026-02-01T20:00:00+09:00,2026-02-01T23:30:00+09:00,25295
LOT-01397,L3,P-L3-02,2026-02-01T08:00:00+09:00,2026-02-01T16:30:00+09:00,25175
LOT-01398,L3,P-L3-02,2026-02-01T20:00:00+09:00,2026-02-01T23:30:00+09:00,25295
LOT-01399,L4,P-L4-03,2026-02-01T08:00:00+09:00,2026-02-01T16:30:00+09:00,23675
LOT-01400,L4,P-L4-03,2026-02-01T20:00:00+09:00,2026-02-01T23:30:00+09:00,23795
LOT-01401,L5,P-L5-04,2026-02-01T08:00:00+09:00,2026-02-01T16:30:00+09:00,14090
LOT-01402,L5,P-L5-04,2026-02-01T20:00:00+09:00,2026-02-01T23:30:00+09:00,14210
LOT-01403,L6,P-L6-05,2026-02-01T08:00:00+09:00,2026-02-01T16:30:00+09:00,13090
LOT-01404,L6,P-L6-05,2026-02-01T20:00:00+09:00,2026-02-01T23:30:00+09:00,13210
LOT-01405,L1,P-L1-01,2026-02-02T08:00:00+09:00,2026-02-02T16:30:00+09:00,26350
LOT-01406,L1,P-L1-01,2026-02-02T20:00:00+09:00,2026-02-02T23:30:00+09:00,26470
LOT-01407,L2,P-L2-02,2026-02-02T08:00:00+09:00,2026-02-02T16:30:00+09:00,25350
LOT-01408,L2,P-L2-02,2026-02-02T20:00:00+09:00,2026-02-02T23:30:00+09:00,25470
LOT-01409,L3,P-L3-03,2026-02-02T08:00:00+09:00,2026-02-02T16:30:00+09:00,25350
LOT-01410,L3,P-L3-03,2026-02-02T20:00:00+09:00,2026-02-02T23:30:00+09:00,25470
LOT-01411,L4,P-L4-04,2026-02-02T08:00:00+09:00,2026-02-02T16:30:00+09:00,23850
LOT-01412,L4,P-L4-04,2026-02-02T20:00:00+09:00,2026-02-02T23:30:00+09:00,23970
LOT-01413,L5,P-L5-05,2026-02-02T08:00:00+09:00,2026-02-02T16:30:00+09:00,14180
LOT-01414,L5,P-L5-05,2026-02-02T20:00:00+09:00,2026-02-02T23:30:00+09:00,14300
LOT-01415,L6,P-L6-01,2026-02-02T08:00:00+09:00,2026-02-02T16:30:00+09:00,13180
LOT-01416,L6,P-L6-01,2026-02-02T20:00:00+09:00,2026-02-02T23:30:00+09:00,13300
LOT-01417,L1,P-L1-02,2026-02-03T08:00:00+09:00,2026-02-03T16:30:00+09:00,26525
LOT-01418,L1,P-L1-02,2026-02-03T20:00:00+09:00,2026-02-03T23:30:00+09:00,26645
LOT-01419,L2,P-L2-03,2026-02-03T08:00:00+09:00,2026-02-03T16:30:00+09:00,25525
LOT-01420,L2,P-L2-03,2026-02-03T20:00:00+09:00,2026-02-03T23:30:00+09:00,25645
LOT-01421,L3,P-L3-04,2026-02-03T08:00:00+09:00,2026-02-03T16:30:00+09:00,25525
LOT-01422,L3,P-L3-04,2026-02-03T20:00:00+09:00,2026-02-03T23:30:00+09:00,25645
LOT-01423,L4,P-L4-05,2026-02-03T08:00:00+09:00,2026-02-03T16:30:00+09:00,24025
LOT-01424,L4,P-L4-05,2026-02-03T20:00:00+09:00,2026-02-03T23:30:00+09:00,24145
LOT-01425,L5,P-L5-01,2026-02-03T08:00:00+09:00,2026-02-03T16:30:00+09:00,14270
LOT-01426,L5,P-L5-01,2026-02-03T20:00:00+09:00,2026-02-03T23:30:00+09:00,14390
LOT-01427,L6,P-L6-02,2026-02-03T08:00:00+09:00,2026-02-03T16:30:00+09:00,13270
LOT-01428,L6,P-L6-02,2026-02-03T20:00:00+09:00,2026-02-03T23:30:00+09:00,13390
LOT-01429,L1,P-L1-03,2026-02-04T08:00:00+09:00,2026-02-04T16:30:00+09:00,25475
LOT-01430,L1,P-L1-03,2026-02-04T20:00:00+09:00,2026-02-04T23:30:00+09:00,25595
LOT-01431,L2,P-L2-04,2026-02-04T08:00:00+09:00,2026-02-04T16:30:00+09:00,24475
LOT-01432,L2,P-L2-04,2026-02-04T20:00:00+09:00,2026-02-04T23:30:00+09:00,24595
LOT-01433,L3,P-L3-05,2026-02-04T08:00:00+09:00,2026-02-04T16:30:00+09:00,24475
LOT-01434,L3,P-L3-05,2026-02-04T20:00:00+09:00,2026-02-04T23:30:00+09:00,24595
LOT-01435,L4,P-L4-01,2026-02-04T08:00:00+09:00,2026-02-04T16:30:00+09:00,22975
LOT-01436,L4,P-L4-01,2026-02-04T20:00:00+09:00,2026-02-04T23:30:00+09:00,23095
LOT-01437,L5,P-L5-02,2026-02-04T08:00:00+09:00,2026-02-04T16:30:00+09:00,13730
LOT-01438,L5,P-L5-02,2026-02-04T20:00:00+09:00,2026-02-04T23:30:00+09:00,13850
LOT-01439,L6,P-L6-03,2026-02-04T08:00:00+09:00,2026-02-04T16:30:00+09:00,12730
LOT-01440,L6,P-L6-03,2026-02-04T20:00:00+09:00,2026-02-04T23:30:00+09:00,12850
LOT-01441,L2,P-L2-05,2026-02-05T08:00:00+09:00,2026-02-05T16:30:00+09:00,24650
LOT-01442,L2,P-L2-05,2026-02-05T20:00:00+09:00,2026-02-05T23:30:00+09:00,24770
LOT-01443,L3,P-L3-01,2026-02-05T08:00:00+09:00,2026-02-05T16:30:00+09:00,24650
LOT-01444,L3,P-L3-01,2026-02-05T20:00:00+09:00,2026-02-05T23:30:00+09:00,24770
LOT-01445,L4,P-L4-02,2026-02-05T08:00:00+09:00,2026-02-05T16:30:00+09:00,23150
LOT-01446,L4,P-L4-02,2026-02-05T20:00:00+09:00,2026-02-05T23:30:00+09:00,23270
LOT-01447,L5,P-L5-03,2026-02-05T08:00:00+09:00,2026-02-05T16:30:00+09:00,13820
LOT-01448,L5,P-L5-03,2026-02-05T20:00:00+09:00,2026-02-05T23:30:00+09:00,13940
LOT-01449,L6,P-L6-04,2026-02-05T08:00:00+09:00,2026-02-05T16:30:00+09:00,12820
LOT-01450,L6,P-L6-04,2026-02-05T20:00:00+09:00,2026-02-05T23:30:00+09:00,12940
LOT-01451,L1,P-L1-05,2026-02-06T08:00:00+09:00,2026-02-06T16:30:00+09:00,25825
LOT-01452,L1,P-L1-05,2026-02-06T20:00:00+09:00,2026-02-06T23:30:00+09:00,25945
LOT-01453,L3,P-L3-02,2026-02-06T08:00:00+09:00,2026-02-06T16:30:00+09:00,24825
LOT-01454,L3,P-L3-02,2026-02-06T20:00:00+09:00,2026-02-06T23:30:00+09:00,24945
LOT-01455,L4,P-L4-03,2026-02-06T08:00:00+09:00,2026-02-06T16:30:00+09:00,23325
LOT-01456,L4,P-L4-03,2026-02-06T20:00:00+09:00,2026-02-06T23:30:00+09:00,23445
LOT-01457,L5,P-L5-04,2026-02-06T08:00:00+09:00,2026-02-06T16:30:00+09:00,13910
LOT-01458,L5,P-L5-04,2026-02-06T20:00:00+09:00,2026-02-06T23:30:00+09:00,14030
LOT-01459,L6,P-L6-05,2026-02-06T08:00:00+09:00,2026-02-06T16:30:00+09:00,12910
LOT-01460,L6,P-L6-05,2026-02-06T20:00:00+09:00,2026-02-06T23:30:00+09:00,13030
LOT-01461,L1,P-L1-01,2026-02-07T08:00:00+09:00,2026-02-07T16:30:00+09:00,26000
LOT-01462,L1,P-L1-01,2026-02-07T20:00:00+09:00,2026-02-07T23:30:00+09:00,26120
LOT-01463,L2,P-L2-02,2026-02-07T08:00:00+09:00,2026-02-07T16:30:00+09:00,25000
LOT-01464,L2,P-L2-02,2026-02-07T20:00:00+09:00,2026-02-07T23:30:00+09:00,25120
LOT-01465,L4,P-L4-04,2026-02-07T08:00:00+09:00,2026-02-07T16:30:00+09:00,23500
LOT-01466,L4,P-L4-04,2026-02-07T20:00:00+09:00,2026-02-07T23:30:00+09:00,23620
LOT-01467,L5,P-L5-05,2026-02-07T08:00:00+09:00,2026-02-07T16:30:00+09:00,14000
LOT-01468,L5,P-L5-05,2026-02-07T20:00:00+09:00,2026-02-07T23:30:00+09:00,14120
LOT-01469,L6,P-L6-01,2026-02-07T08:00:00+09:00,2026-02-07T16:30:00+09:00,13000
LOT-01470,L6,P-L6-01,2026-02-07T20:00:00+09:00,2026-02-07T23:30:00+09:00,13120
LOT-01471,L1,P-L1-02,2026-02-08T08:00:00+09:00,2026-02-08T16:30:00+09:00,26175
LOT-01472,L1,P-L1-02,2026-02-08T20:00:00+09:00,2026-02-08T23:30:00+09:00,26295
LOT-01473,L2,P-L2-03,2026-02-08T08:00:00+09:00,2026-02-08T16:30:00+09:00,25175
LOT-01474,L2,P-L2-03,2026-02-08T20:00:00+09:00,2026-02-08T23:30:00+09:00,25295
LOT-01475,L3,P-L3-04,2026-02-08T08:00:00+09:00,2026-02-08T16:30:00+09:00,25175
LOT-01476,L3,P-L3-04,2026-02-08T20:00:00+09:00,2026-02-08T23:30:00+09:00,25295
LOT-01477,L5,P-L5-01,2026-02-08T08:00:00+09:00,2026-02-08T16:30:00+09:00,14090
LOT-01478,L5,P-L5-01,2026-02-08T20:00:00+09:00,2026-02-08T23:30:00+09:00,14210
LOT-01479,L6,P-L6-02,2026-02-08T08:00:00+09:00,2026-02-08T16:30:00+09:00,13090
LOT-01480,L6,P-L6-02,2026-02-08T20:00:00+09:00,2026-02-08T23:30:00+09:00,13210
LOT-01481,L1,P-L1-03,2026-02-09T08:00:00+09:00,2026-02-09T16:30:00+09:00,26350
LOT-01482,L1,P-L1-03,2026-02-09T20:00:00+09:00,2026-02-09T23:30:00+09:00,26470
LOT-01483,L2,P-L2-04,2026-02-09T08:00:00+09:00,2026-02-09T16:30:00+09:00,25350
LOT-01484,L2,P-L2-04,2026-02-09T20:00:00+09:00,2026-02-09T23:30:00+09:00,25470
LOT-01485,L3,P-L3-05,2026-02-09T08:00:00+09:00,2026-02-09T16:30:00+09:00,25350
LOT-01486,L3,P-L3-05,2026-02-09T20:00:00+09:00,2026-02-09T23:30:00+09:00,25470
LOT-01487,L4,P-L4-01,2026-02-09T08:00:00+09:00,2026-02-09T16:30:00+09:00,23850
LOT-01488,L4,P-L4-01,2026-02-09T20:00:00+09:00,2026-02-09T23:30:00+09:00,23970
LOT-01489,L6,P-L6-03,2026-02-09T08:00:00+09:00,2026-02-09T16:30:00+09:00,13180
LOT-01490,L6,P-L6-03,2026-02-09T20:00:00+09:00,2026-02-09T23:30:00+09:00,13300
LOT-01491,L1,P-L1-04,2026-02-10T08:00:00+09:00,2026-02-10T16:30:00+09:00,26525
LOT-01492,L1,P-L1-04,2026-02-10T20:00:00+09:00,2026-02-10T23:30:00+09:00,26645
LOT-01493,L2,P-L2-05,2026-02-10T08:00:00+09:00,2026-02-10T16:30:00+09:00,25525
LOT-01494,L2,P-L2-05,2026-02-10T20:00:00+09:00,2026-02-10T23:30:00+09:00,25645
LOT-01495,L3,P-L3-01,2026-02-10T08:00:00+09:00,2026-02-10T16:30:00+09:00,25525
LOT-01496,L3,P-L3-01,2026-02-10T20:00:00+09:00,2026-02-10T23:30:00+09:00,25645
LOT-01497,L4,P-L4-02,2026-02-10T08:00:00+09:00,2026-02-10T16:30:00+09:00,24025
LOT-01498,L4,P-L4-02,2026-02-10T20:00:00+09:00,2026-02-10T23:30:00+09:00,24145
LOT-01499,L5,P-L5-03,2026-02-10T08:00:00+09:00,2026-02-10T16:30:00+09:00,14270
LOT-01500,L5,P-L5-03,2026-02-10T20:00:00+09:00,2026-02-10T23:30:00+09:00,14390
LOT-01501,L1,P-L1-05,2026-02-11T08:00:00+09:00,2026-02-11T16:30:00+09:00,25475
LOT-01502,L1,P-L1-05,2026-02-11T20:00:00+09:00,2026-02-11T23:30:00+09:00,25595
LOT-01503,L2,P-L2-01,2026-02-11T08:00:00+09:00,2026-02-11T16:30:00+09:00,24475
LOT-01504,L2,P-L2-01,2026-02-11T20:00:00+09:00,2026-02-11T23:30:00+09:00,24595
LOT-01505,L3,P-L3-02,2026-02-11T08:00:00+09:00,2026-02-11T16:30:00+09:00,24475
LOT-01506,L3,P-L3-02,2026-02-11T20:00:00+09:00,2026-02-11T23:30:00+09:00,24595
LOT-01507,L4,P-L4-03,2026-02-11T08:00:00+09:00,2026-02-11T16:30:00+09:00,22975
LOT-01508,L4,P-L4-03,2026-02-11T20:00:00+09:00,2026-02-11T23:30:00+09:00,23095
LOT-01509,L5,P-L5-04,2026-02-11T08:00:00+09:00,2026-02-11T16:30:00+09:00,13730
LOT-01510,L5,P-L5-04,2026-02-11T20:00:00+09:00,2026-02-11T23:30:00+09:00,13850
LOT-01511,L6,P-L6-05,2026-02-11T08:00:00+09:00,2026-02-11T16:30:00+09:00,12730
LOT-01512,L6,P-L6-05,2026-02-11T20:00:00+09:00,2026-02-11T23:30:00+09:00,12850
LOT-01513,L1,P-L1-01,2026-02-12T08:00:00+09:00,2026-02-12T16:30:00+09:00,25650
LOT-01514,L1,P-L1-01,2026-02-12T20:00:00+09:00,2026-02-12T23:30:00+09:00,25770
LOT-01515,L2,P-L2-02,2026-02-12T08:00:00+09:00,2026-02-12T16:30:00+09:00,24650
LOT-01516,L2,P-L2-02,2026-02-12T20:00:00+09:00,2026-02-12T23:30:00+09:00,24770
LOT-01517,L3,P-L3-03,2026-02-12T08:00:00+09:00,2026-02-12T16:30:00+09:00,24650
LOT-01518,L3,P-L3-03,2026-02-12T20:00:00+09:00,2026-02-12T23:30:00+09:00,24770
LOT-01519,L4,P-L4-04,2026-02-12T08:00:00+09:00,2026-02-12T16:30:00+09:00,23150
LOT-01520,L4,P-L4-04,2026-02-12T20:00:00+09:00,2026-02-12T23:30:00+09:00,23270
LOT-01521,L5,P-L5-05,2026-02-12T08:00:00+09:00,2026-02-12T16:30:00+09:00,13820
LOT-01522,L5,P-L5-05,2026-02-12T20:00:00+09:00,2026-02-12T23:30:00+09:00,13940
LOT-01523,L6,P-L6-01,2026-02-12T08:00:00+09:00,2026-02-12T16:30:00+09:00,12820
LOT-01524,L6,P-L6-01,2026-02-12T20:00:00+09:00,2026-02-12T23:30:00+09:00,12940
LOT-01525,L1,P-L1-02,2026-02-13T08:00:00+09:00,2026-02-13T16:30:00+09:00,25825
LOT-01526,L1,P-L1-02,2026-02-13T20:00:00+09:00,2026-02-13T23:30:00+09:00,25945
LOT-01527,L2,P-L2-03,2026-02-13T08:00:00+09:00,2026-02-13T16:30:00+09:00,24825
LOT-01528,L2,P-L2-03,2026-02-13T20:00:00+09:00,2026-02-13T23:30:00+09:00,24945
LOT-01529,L3,P-L3-04,2026-02-13T08:00:00+09:00,2026-02-13T16:30:00+09:00,24825
LOT-01530,L3,P-L3-04,2026-02-13T20:00:00+09:00,2026-02-13T23:30:00+09:00,24945
LOT-01531,L4,P-L4-05,2026-02-13T08:00:00+09:00,2026-02-13T16:30:00+09:00,23325
LOT-01532,L4,P-L4-05,2026-02-13T20:00:00+09:00,2026-02-13T23:30:00+09:00,23445
LOT-01533,L5,P-L5-01,2026-02-13T08:00:00+09:00,2026-02-13T16:30:00+09:00,13910
LOT-01534,L5,P-L5-01,2026-02-13T20:00:00+09:00,2026-02-13T23:30:00+09:00,14030
LOT-01535,L6,P-L6-02,2026-02-13T08:00:00+09:00,2026-02-13T16:30:00+09:00,12910
LOT-01536,L6,P-L6-02,2026-02-13T20:00:00+09:00,2026-02-13T23:30:00+09:00,13030
LOT-01537,L1,P-L1-03,2026-02-14T08:00:00+09:00,2026-02-14T16:30:00+09:00,26000
LOT-01538,L1,P-L1-03,2026-02-14T20:00:00+09:00,2026-02-14T23:30:00+09:00,26120
LOT-01539,L2,P-L2-04,2026-02-14T08:00:00+09:00,2026-02-14T16:30:00+09:00,25000
LOT-01540,L2,P-L2-04,2026-02-14T20:00:00+09:00,2026-02-14T23:30:00+09:00,25120
LOT-01541,L3,P-L3-05,2026-02-14T08:00:00+09:00,2026-02-14T16:30:00+09:00,25000
LOT-01542,L3,P-L3-05,2026-02-14T20:00:00+09:00,2026-02-14T23:30:00+09:00,25120
LOT-01543,L4,P-L4-01,2026-02-14T08:00:00+09:00,2026-02-14T16:30:00+09:00,23500
LOT-01544,L4,P-L4-01,2026-02-14T20:00:00+09:00,2026-02-14T23:30:00+09:00,23620
LOT-01545,L5,P-L5-02,2026-02-14T08:00:00+09:00,2026-02-14T16:30:00+09:00,14000
LOT-01546,L5,P-L5-02,2026-02-14T20:00:00+09:00,2026-02-14T23:30:00+09:00,14120
LOT-01547,L6,P-L6-03,2026-02-14T08:00:00+09:00,2026-02-14T16:30:00+09:00,13000
LOT-01548,L6,P-L6-03,2026-02-14T20:00:00+09:00,2026-02-14T23:30:00+09:00,13120
LOT-01549,L1,P-L1-04,2026-02-15T08:00:00+09:00,2026-02-15T16:30:00+09:00,26175
LOT-01550,L1,P-L1-04,2026-02-15T20:00:00+09:00,2026-02-15T23:30:00+09:00,26295
LOT-01551,L2,P-L2-05,2026-02-15T08:00:00+09:00,2026-02-15T16:30:00+09:00,25175
LOT-01552,L2,P-L2-05,2026-02-15T20:00:00+09:00,2026-02-15T23:30:00+09:00,25295
LOT-01553,L3,P-L3-01,2026-02-15T08:00:00+09:00,2026-02-15T16:30:00+09:00,25175
LOT-01554,L3,P-L3-01,2026-02-15T20:00:00+09:00,2026-02-15T23:30:00+09:00,25295
LOT-01555,L4,P-L4-02,2026-02-15T08:00:00+09:00,2026-02-15T16:30:00+09:00,23675
LOT-01556,L4,P-L4-02,2026-02-15T20:00:00+09:00,2026-02-15T23:30:00+09:00,23795
LOT-01557,L5,P-L5-03,2026-02-15T08:00:00+09:00,2026-02-15T16:30:00+09:00,14090
LOT-01558,L5,P-L5-03,2026-02-15T20:00:00+09:00,2026-02-15T23:30:00+09:00,14210
LOT-01559,L6,P-L6-04,2026-02-15T08:00:00+09:00,2026-02-15T16:30:00+09:00,13090
LOT-01560,L6,P-L6-04,2026-02-15T20:00:00+09:00,2026-02-15T23:30:00+09:00,13210
LOT-01561,L1,P-L1-05,2026-02-16T08:00:00+09:00,2026-02-16T16:30:00+09:00,26350
LOT-01562,L1,P-L1-05,2026-02-16T20:00:00+09:00,2026-02-16T23:30:00+09:00,26470
LOT-01563,L2,P-L2-01,2026-02-16T08:00:00+09:00,2026-02-16T16:30:00+09:00,25350
LOT-01564,L2,P-L2-01,2026-02-16T20:00:00+09:00,2026-02-16T23:30:00+09:00,25470
LOT-01565,L3,P-L3-02,2026-02-16T08:00:00+09:00,2026-02-16T16:30:00+09:00,25350
LOT-01566,L3,P-L3-02,2026-02-16T20:00:00+09:00,2026-02-16T23:30:00+09:00,25470
LOT-01567,L4,P-L4-03,2026-02-16T08:00:00+09:00,2026-02-16T16:30:00+09:00,23850
LOT-01568,L4,P-L4-03,2026-02-16T20:00:00+09:00,2026-02-16T23:30:00+09:00,23970
LOT-01569,L5,P-L5-04,2026-02-16T08:00:00+09:00,2026-02-16T16:30:00+09:00,14180
LOT-01570,L5,P-L5-04,2026-02-16T20:00:00+09:00,2026-02-16T23:30:00+09:00,14300
LOT-01571,L6,P-L6-05,2026-02-16T08:00:00+09:00,2026-02-16T16:30:00+09:00,13180
LOT-01572,L6,P-L6-05,2026-02-16T20:00:00+09:00,2026-02-16T23:30:00+09:00,13300
LOT-01573,L1,P-L1-01,2026-02-17T08:00:00+09:00,2026-02-17T16:30:00+09:00,26525
LOT-01574,L1,P-L1-01,2026-02-17T20:00:00+09:00,2026-02-17T23:30:00+09:00,26645
LOT-01575,L2,P-L2-02,2026-02-17T08:00:00+09:00,2026-02-17T16:30:00+09:00,25525
LOT-01576,L2,P-L2-02,2026-02-17T20:00:00+09:00,2026-02-17T23:30:00+09:00,25645
LOT-01577,L3,P-L3-03,2026-02-17T08:00:00+09:00,2026-02-17T16:30:00+09:00,25525
LOT-01578,L3,P-L3-03,2026-02-17T20:00:00+09:00,2026-02-17T23:30:00+09:00,25645
LOT-01579,L4,P-L4-04,2026-02-17T08:00:00+09:00,2026-02-17T16:30:00+09:00,24025
LOT-01580,L4,P-L4-04,2026-02-17T20:00:00+09:00,2026-02-17T23:30:00+09:00,24145
LOT-01581,L5,P-L5-05,2026-02-17T08:00:00+09:00,2026-02-17T16:30:00+09:00,14270
LOT-01582,L5,P-L5-05,2026-02-17T20:00:00+09:00,2026-02-17T23:30:00+09:00,14390
LOT-01583,L6,P-L6-01,2026-02-17T08:00:00+09:00,2026-02-17T16:30:00+09:00,13270
LOT-01584,L6,P-L6-01,2026-02-17T20:00:00+09:00,2026-02-17T23:30:00+09:00,13390
LOT-01585,L1,P-L1-02,2026-02-18T08:00:00+09:00,2026-02-18T16:30:00+09:00,25475
LOT-01586,L1,P-L1-02,2026-02-18T20:00:00+09:00,2026-02-18T23:30:00+09:00,25595
LOT-01587,L2,P-L2-03,2026-02-18T08:00:00+09:00,2026-02-18T16:30:00+09:00,24475
LOT-01588,L2,P-L2-03,2026-02-18T20:00:00+09:00,2026-02-18T23:30:00+09:00,24595
LOT-01589,L3,P-L3-04,2026-02-18T08:00:00+09:00,2026-02-18T16:30:00+09:00,24475
LOT-01590,L3,P-L3-04,2026-02-18T20:00:00+09:00,2026-02-18T23:30:00+09:00,24595
LOT-01591,L4,P-L4-05,2026-02-18T08:00:00+09:00,2026-02-18T16:30:00+09:00,22975
LOT-01592,L4,P-L4-05,2026-02-18T20:00:00+09:00,2026-02-18T23:30:00+09:00,23095
LOT-01593,L5,P-L5-01,2026-02-18T08:00:00+09:00,2026-02-18T16:30:00+09:00,13730
LOT-01594,L5,P-L5-01,2026-02-18T20:00:00+09:00,2026-02-18T23:30:00+09:00,13850
LOT-01595,L6,P-L6-02,2026-02-18T08:00:00+09:00,2026-02-18T16:30:00+09:00,12730
LOT-01596,L6,P-L6-02,2026-02-18T20:00:00+09:00,2026-02-18T23:30:00+09:00,12850
LOT-01597,L1,P-L1-03,2026-02-19T08:00:00+09:00,2026-02-19T16:30:00+09:00,25650
LOT-01598,L1,P-L1-03,2026-02-19T20:00:00+09:00,2026-02-19T23:30:00+09:00,25770
LOT-01599,L2,P-L2-04,2026-02-19T08:00:00+09:00,2026-02-19T16:30:00+09:00,24650
LOT-01600,L2,P-L2-04,2026-02-19T20:00:00+09:00,2026-02-19T23:30:00+09:00,24770
LOT-01601,L3,P-L3-05,2026-02-19T08:00:00+09:00,2026-02-19T16:30:00+09:00,24650
LOT-01602,L3,P-L3-05,2026-02-19T20:00:00+09:00,2026-02-19T23:30:00+09:00,24770
LOT-01603,L4,P-L4-01,2026-02-19T08:00:00+09:00,2026-02-19T16:30:00+09:00,23150
LOT-01604,L4,P-L4-01,2026-02-19T20:00:00+09:00,2026-02-19T23:30:00+09:00,23270
LOT-01605,L5,P-L5-02,2026-02-19T08:00:00+09:00,2026-02-19T16:30:00+09:00,13820
LOT-01606,L5,P-L5-02,2026-02-19T20:00:00+09:00,2026-02-19T23:30:00+09:00,13940
LOT-01607,L6,P-L6-03,2026-02-19T08:00:00+09:00,2026-02-19T16:30:00+09:00,12820
LOT-01608,L6,P-L6-03,2026-02-19T20:00:00+09:00,2026-02-19T23:30:00+09:00,12940
LOT-01609,L1,P-L1-04,2026-02-20T08:00:00+09:00,2026-02-20T16:30:00+09:00,25825
LOT-01610,L1,P-L1-04,2026-02-20T20:00:00+09:00,2026-02-20T23:30:00+09:00,25945
LOT-01611,L2,P-L2-05,2026-02-20T08:00:00+09:00,2026-02-20T16:30:00+09:00,24825
LOT-01612,L2,P-L2-05,2026-02-20T20:00:00+09:00,2026-02-20T23:30:00+09:00,24945
LOT-01613,L3,P-L3-01,2026-02-20T08:00:00+09:00,2026-02-20T16:30:00+09:00,24825
LOT-01614,L3,P-L3-01,2026-02-20T20:00:00+09:00,2026-02-20T23:30:00+09:00,24945
LOT-01615,L4,P-L4-02,2026-02-20T08:00:00+09:00,2026-02-20T16:30:00+09:00,23325
LOT-01616,L4,P-L4-02,2026-02-20T20:00:00+09:00,2026-02-20T23:30:00+09:00,23445
LOT-01617,L5,P-L5-03,2026-02-20T08:00:00+09:00,2026-02-20T16:30:00+09:00,13910
LOT-01618,L5,P-L5-03,2026-02-20T20:00:00+09:00,2026-02-20T23:30:00+09:00,14030
LOT-01619,L6,P-L6-04,2026-02-20T08:00:00+09:00,2026-02-20T16:30:00+09:00,12910
LOT-01620,L6,P-L6-04,2026-02-20T20:00:00+09:00,2026-02-20T23:30:00+09:00,13030
LOT-01621,L1,P-L1-05,2026-02-21T08:00:00+09:00,2026-02-21T16:30:00+09:00,26000
LOT-01622,L1,P-L1-05,2026-02-21T20:00:00+09:00,2026-02-21T23:30:00+09:00,26120
LOT-01623,L2,P-L2-01,2026-02-21T08:00:00+09:00,2026-02-21T16:30:00+09:00,25000
LOT-01624,L2,P-L2-01,2026-02-21T20:00:00+09:00,2026-02-21T23:30:00+09:00,25120
LOT-01625,L3,P-L3-02,2026-02-21T08:00:00+09:00,2026-02-21T16:30:00+09:00,25000
LOT-01626,L3,P-L3-02,2026-02-21T20:00:00+09:00,2026-02-21T23:30:00+09:00,25120
LOT-01627,L4,P-L4-03,2026-02-21T08:00:00+09:00,2026-02-21T16:30:00+09:00,23500
LOT-01628,L4,P-L4-03,2026-02-21T20:00:00+09:00,2026-02-21T23:30:00+09:00,23620
LOT-01629,L5,P-L5-04,2026-02-21T08:00:00+09:00,2026-02-21T16:30:00+09:00,14000
LOT-01630,L5,P-L5-04,2026-02-21T20:00:00+09:00,2026-02-21T23:30:00+09:00,14120
LOT-01631,L6,P-L6-05,2026-02-21T08:00:00+09:00,2026-02-21T16:30:00+09:00,13000
LOT-01632,L6,P-L6-05,2026-02-21T20:00:00+09:00,2026-02-21T23:30:00+09:00,13120
LOT-01633,L1,P-L1-01,2026-02-22T08:00:00+09:00,2026-02-22T16:30:00+09:00,26175
LOT-01634,L1,P-L1-01,2026-02-22T20:00:00+09:00,2026-02-22T23:30:00+09:00,26295
LOT-01635,L2,P-L2-02,2026-02-22T08:00:00+09:00,2026-02-22T16:30:00+09:00,25175
LOT-01636,L2,P-L2-02,2026-02-22T20:00:00+09:00,2026-02-22T23:30:00+09:00,25295
LOT-01637,L3,P-L3-03,2026-02-22T08:00:00+09:00,2026-02-22T16:30:00+09:00,25175
LOT-01638,L3,P-L3-03,2026-02-22T20:00:00+09:00,2026-02-22T23:30:00+09:00,25295
LOT-01639,L4,P-L4-04,2026-02-22T08:00:00+09:00,2026-02-22T16:30:00+09:00,23675
LOT-01640,L4,P-L4-04,2026-02-22T20:00:00+09:00,2026-02-22T23:30:00+09:00,23795
LOT-01641,L5,P-L5-05,2026-02-22T08:00:00+09:00,2026-02-22T16:30:00+09:00,14090
LOT-01642,L5,P-L5-05,2026-02-22T20:00:00+09:00,2026-02-22T23:30:00+09:00,14210
LOT-01643,L6,P-L6-01,2026-02-22T08:00:00+09:00,2026-02-22T16:30:00+09:00,13090
LOT-01644,L6,P-L6-01,2026-02-22T20:00:00+09:00,2026-02-22T23:30:00+09:00,13210
LOT-01645,L2,P-L2-03,2026-02-23T08:00:00+09:00,2026-02-23T16:30:00+09:00,25350
LOT-01646,L2,P-L2-03,2026-02-23T20:00:00+09:00,2026-02-23T23:30:00+09:00,25470
LOT-01647,L3,P-L3-04,2026-02-23T08:00:00+09:00,2026-02-23T16:30:00+09:00,25350
LOT-01648,L3,P-L3-04,2026-02-23T20:00:00+09:00,2026-02-23T23:30:00+09:00,25470
LOT-01649,L4,P-L4-05,2026-02-23T08:00:00+09:00,2026-02-23T16:30:00+09:00,23850
LOT-01650,L4,P-L4-05,2026-02-23T20:00:00+09:00,2026-02-23T23:30:00+09:00,23970
LOT-01651,L5,P-L5-01,2026-02-23T08:00:00+09:00,2026-02-23T16:30:00+09:00,14180
LOT-01652,L5,P-L5-01,2026-02-23T20:00:00+09:00,2026-02-23T23:30:00+09:00,14300
LOT-01653,L6,P-L6-02,2026-02-23T08:00:00+09:00,2026-02-23T16:30:00+09:00,13180
LOT-01654,L6,P-L6-02,2026-02-23T20:00:00+09:00,2026-02-23T23:30:00+09:00,13300
LOT-01655,L1,P-L1-03,2026-02-24T08:00:00+09:00,2026-02-24T16:30:00+09:00,26525
LOT-01656,L1,P-L1-03,2026-02-24T20:00:00+09:00,2026-02-24T23:30:00+09:00,26645
LOT-01657,L3,P-L3-05,2026-02-24T08:00:00+09:00,2026-02-24T16:30:00+09:00,25525
LOT-01658,L3,P-L3-05,2026-02-24T20:00:00+09:00,2026-02-24T23:30:00+09:00,25645
LOT-01659,L4,P-L4-01,2026-02-24T08:00:00+09:00,2026-02-24T16:30:00+09:00,24025
LOT-01660,L4,P-L4-01,2026-02-24T20:00:00+09:00,2026-02-24T23:30:00+09:00,24145
LOT-01661,L5,P-L5-02,2026-02-24T08:00:00+09:00,2026-02-24T16:30:00+09:00,14270
LOT-01662,L5,P-L5-02,2026-02-24T20:00:00+09:00,2026-02-24T23:30:00+09:00,14390
LOT-01663,L6,P-L6-03,2026-02-24T08:00:00+09:00,2026-02-24T16:30:00+09:00,13270
LOT-01664,L6,P-L6-03,2026-02-24T20:00:00+09:00,2026-02-24T23:30:00+09:00,13390
LOT-01665,L1,P-L1-04,2026-02-25T08:00:00+09:00,2026-02-25T16:30:00+09:00,25475
LOT-01666,L1,P-L1-04,2026-02-25T20:00:00+09:00,2026-02-25T23:30:00+09:00,25595
LOT-01667,L2,P-L2-05,2026-02-25T08:00:00+09:00,2026-02-25T16:30:00+09:00,24475
LOT-01668,L2,P-L2-05,2026-02-25T20:00:00+09:00,2026-02-25T23:30:00+09:00,24595
LOT-01669,L4,P-L4-02,2026-02-25T08:00:00+09:00,2026-02-25T16:30:00+09:00,22975
LOT-01670,L4,P-L4-02,2026-02-25T20:00:00+09:00,2026-02-25T23:30:00+09:00,23095
LOT-01671,L5,P-L5-03,2026-02-25T08:00:00+09:00,2026-02-25T16:30:00+09:00,13730
LOT-01672,L5,P-L5-03,2026-02-25T20:00:00+09:00,2026-02-25T23:30:00+09:00,13850
LOT-01673,L6,P-L6-04,2026-02-25T08:00:00+09:00,2026-02-25T16:30:00+09:00,12730
LOT-01674,L6,P-L6-04,2026-02-25T20:00:00+09:00,2026-02-25T23:30:00+09:00,12850
LOT-01675,L1,P-L1-05,2026-02-26T08:00:00+09:00,2026-02-26T16:30:00+09:00,25650
LOT-01676,L1,P-L1-05,2026-02-26T20:00:00+09:00,2026-02-26T23:30:00+09:00,25770
LOT-01677,L2,P-L2-01,2026-02-26T08:00:00+09:00,2026-02-26T16:30:00+09:00,24650
LOT-01678,L2,P-L2-01,2026-02-26T20:00:00+09:00,2026-02-26T23:30:00+09:00,24770
LOT-01679,L3,P-L3-02,2026-02-26T08:00:00+09:00,2026-02-26T16:30:00+09:00,24650
LOT-01680,L3,P-L3-02,2026-02-26T20:00:00+09:00,2026-02-26T23:30:00+09:00,24770
LOT-01681,L5,P-L5-04,2026-02-26T08:00:00+09:00,2026-02-26T16:30:00+09:00,13820
LOT-01682,L5,P-L5-04,2026-02-26T20:00:00+09:00,2026-02-26T23:30:00+09:00,13940
LOT-01683,L6,P-L6-05,2026-02-26T08:00:00+09:00,2026-02-26T16:30:00+09:00,12820
LOT-01684,L6,P-L6-05,2026-02-26T20:00:00+09:00,2026-02-26T23:30:00+09:00,12940
LOT-01685,L1,P-L1-01,2026-02-27T08:00:00+09:00,2026-02-27T16:30:00+09:00,25825
LOT-01686,L1,P-L1-01,2026-02-27T20:00:00+09:00,2026-02-27T23:30:00+09:00,25945
LOT-01687,L2,P-L2-02,2026-02-27T08:00:00+09:00,2026-02-27T16:30:00+09:00,24825
LOT-01688,L2,P-L2-02,2026-02-27T20:00:00+09:00,2026-02-27T23:30:00+09:00,24945
LOT-01689,L3,P-L3-03,2026-02-27T08:00:00+09:00,2026-02-27T16:30:00+09:00,24825
LOT-01690,L3,P-L3-03,2026-02-27T20:00:00+09:00,2026-02-27T23:30:00+09:00,24945
LOT-01691,L4,P-L4-04,2026-02-27T08:00:00+09:00,2026-02-27T16:30:00+09:00,23325
LOT-01692,L4,P-L4-04,2026-02-27T20:00:00+09:00,2026-02-27T23:30:00+09:00,23445
LOT-01693,L6,P-L6-01,2026-02-27T08:00:00+09:00,2026-02-27T16:30:00+09:00,12910
LOT-01694,L6,P-L6-01,2026-02-27T20:00:00+09:00,2026-02-27T23:30:00+09:00,13030
LOT-01695,L1,P-L1-02,2026-02-28T08:00:00+09:00,2026-02-28T16:30:00+09:00,26000
LOT-01696,L1,P-L1-02,2026-02-28T20:00:00+09:00,2026-02-28T23:30:00+09:00,26120
LOT-01697,L2,P-L2-03,2026-02-28T08:00:00+09:00,2026-02-28T16:30:00+09:00,25000
LOT-01698,L2,P-L2-03,2026-02-28T20:00:00+09:00,2026-02-28T23:30:00+09:00,25120
LOT-01699,L3,P-L3-04,2026-02-28T08:00:00+09:00,2026-02-28T16:30:00+09:00,25000
LOT-01700,L3,P-L3-04,2026-02-28T20:00:00+09:00,2026-02-28T23:30:00+09:00,25120
LOT-01701,L4,P-L4-05,2026-02-28T08:00:00+09:00,2026-02-28T16:30:00+09:00,23500
LOT-01702,L4,P-L4-05,2026-02-28T20:00:00+09:00,2026-02-28T23:30:00+09:00,23620
LOT-01703,L5,P-L5-01,2026-02-28T08:00:00+09:00,2026-02-28T16:30:00+09:00,14000
LOT-01704,L5,P-L5-01,2026-02-28T20:00:00+09:00,2026-02-28T23:30:00+09:00,14120
LOT-01705,L1,P-L1-03,2026-03-01T08:00:00+09:00,2026-03-01T16:30:00+09:00,26175
LOT-01706,L1,P-L1-03,2026-03-01T20:00:00+09:00,2026-03-01T23:30:00+09:00,26295
LOT-01707,L2,P-L2-04,2026-03-01T08:00:00+09:00,2026-03-01T16:30:00+09:00,25175
LOT-01708,L2,P-L2-04,2026-03-01T20:00:00+09:00,2026-03-01T23:30:00+09:00,25295
LOT-01709,L3,P-L3-05,2026-03-01T08:00:00+09:00,2026-03-01T16:30:00+09:00,25175
LOT-01710,L3,P-L3-05,2026-03-01T20:00:00+09:00,2026-03-01T23:30:00+09:00,25295
LOT-01711,L4,P-L4-01,2026-03-01T08:00:00+09:00,2026-03-01T16:30:00+09:00,23675
LOT-01712,L4,P-L4-01,2026-03-01T20:00:00+09:00,2026-03-01T23:30:00+09:00,23795
LOT-01713,L5,P-L5-02,2026-03-01T08:00:00+09:00,2026-03-01T16:30:00+09:00,14090
LOT-01714,L5,P-L5-02,2026-03-01T20:00:00+09:00,2026-03-01T23:30:00+09:00,14210
LOT-01715,L6,P-L6-03,2026-03-01T08:00:00+09:00,2026-03-01T16:30:00+09:00,13090
LOT-01716,L6,P-L6-03,2026-03-01T20:00:00+09:00,2026-03-01T23:30:00+09:00,13210
LOT-01717,L1,P-L1-04,2026-03-02T08:00:00+09:00,2026-03-02T16:30:00+09:00,26350
LOT-01718,L1,P-L1-04,2026-03-02T20:00:00+09:00,2026-03-02T23:30:00+09:00,26470
LOT-01719,L2,P-L2-05,2026-03-02T08:00:00+09:00,2026-03-02T16:30:00+09:00,25350
LOT-01720,L2,P-L2-05,2026-03-02T20:00:00+09:00,2026-03-02T23:30:00+09:00,25470
LOT-01721,L3,P-L3-01,2026-03-02T08:00:00+09:00,2026-03-02T16:30:00+09:00,25350
LOT-01722,L3,P-L3-01,2026-03-02T20:00:00+09:00,2026-03-02T23:30:00+09:00,25470
LOT-01723,L4,P-L4-02,2026-03-02T08:00:00+09:00,2026-03-02T16:30:00+09:00,23850
LOT-01724,L4,P-L4-02,2026-03-02T20:00:00+09:00,2026-03-02T23:30:00+09:00,23970
LOT-01725,L5,P-L5-03,2026-03-02T08:00:00+09:00,2026-03-02T16:30:00+09:00,14180
LOT-01726,L5,P-L5-03,2026-03-02T20:00:00+09:00,2026-03-02T23:30:00+09:00,14300
LOT-01727,L6,P-L6-04,2026-03-02T08:00:00+09:00,2026-03-02T16:30:00+09:00,13180
LOT-01728,L6,P-L6-04,2026-03-02T20:00:00+09:00,2026-03-02T23:30:00+09:00,13300
LOT-01729,L1,P-L1-05,2026-03-03T08:00:00+09:00,2026-03-03T16:30:00+09:00,26525
LOT-01730,L1,P-L1-05,2026-03-03T20:00:00+09:00,2026-03-03T23:30:00+09:00,26645
LOT-01731,L2,P-L2-01,2026-03-03T08:00:00+09:00,2026-03-03T16:30:00+09:00,25525
LOT-01732,L2,P-L2-01,2026-03-03T20:00:00+09:00,2026-03-03T23:30:00+09:00,25645
LOT-01733,L3,P-L3-02,2026-03-03T08:00:00+09:00,2026-03-03T16:30:00+09:00,25525
LOT-01734,L3,P-L3-02,2026-03-03T20:00:00+09:00,2026-03-03T23:30:00+09:00,25645
LOT-01735,L4,P-L4-03,2026-03-03T08:00:00+09:00,2026-03-03T16:30:00+09:00,24025
LOT-01736,L4,P-L4-03,2026-03-03T20:00:00+09:00,2026-03-03T23:30:00+09:00,24145
LOT-01737,L5,P-L5-04,2026-03-03T08:00:00+09:00,2026-03-03T16:30:00+09:00,14270
LOT-01738,L5,P-L5-04,2026-03-03T20:00:00+09:00,2026-03-03T23:30:00+09:00,14390
LOT-01739,L6,P-L6-05,2026-03-03T08:00:00+09:00,2026-03-03T16:30:00+09:00,13270
LOT-01740,L6,P-L6-05,2026-03-03T20:00:00+09:00,2026-03-03T23:30:00+09:00,13390
LOT-01741,L1,P-L1-01,2026-03-04T08:00:00+09:00,2026-03-04T16:30:00+09:00,25475
LOT-01742,L1,P-L1-01,2026-03-04T20:00:00+09:00,2026-03-04T23:30:00+09:00,25595
LOT-01743,L2,P-L2-02,2026-03-04T08:00:00+09:00,2026-03-04T16:30:00+09:00,24475
LOT-01744,L2,P-L2-02,2026-03-04T20:00:00+09:00,2026-03-04T23:30:00+09:00,24595
LOT-01745,L3,P-L3-03,2026-03-04T08:00:00+09:00,2026-03-04T16:30:00+09:00,24475
LOT-01746,L3,P-L3-03,2026-03-04T20:00:00+09:00,2026-03-04T23:30:00+09:00,24595
LOT-01747,L4,P-L4-04,2026-03-04T08:00:00+09:00,2026-03-04T16:30:00+09:00,22975
LOT-01748,L4,P-L4-04,2026-03-04T20:00:00+09:00,2026-03-04T23:30:00+09:00,23095
LOT-01749,L5,P-L5-05,2026-03-04T08:00:00+09:00,2026-03-04T16:30:00+09:00,13730
LOT-01750,L5,P-L5-05,2026-03-04T20:00:00+09:00,2026-03-04T23:30:00+09:00,13850
LOT-01751,L6,P-L6-01,2026-03-04T08:00:00+09:00,2026-03-04T16:30:00+09:00,12730
LOT-01752,L6,P-L6-01,2026-03-04T20:00:00+09:00,2026-03-04T23:30:00+09:00,12850
LOT-01753,L1,P-L1-02,2026-03-05T08:00:00+09:00,2026-03-05T16:30:00+09:00,25650
LOT-01754,L1,P-L1-02,2026-03-05T20:00:00+09:00,2026-03-05T23:30:00+09:00,25770
LOT-01755,L2,P-L2-03,2026-03-05T08:00:00+09:00,2026-03-05T16:30:00+09:00,24650
LOT-01756,L2,P-L2-03,2026-03-05T20:00:00+09:00,2026-03-05T23:30:00+09:00,24770
LOT-01757,L3,P-L3-04,2026-03-05T08:00:00+09:00,2026-03-05T16:30:00+09:00,24650
LOT-01758,L3,P-L3-04,2026-03-05T20:00:00+09:00,2026-03-05T23:30:00+09:00,24770
LOT-01759,L4,P-L4-05,2026-03-05T08:00:00+09:00,2026-03-05T16:30:00+09:00,23150
LOT-01760,L4,P-L4-05,2026-03-05T20:00:00+09:00,2026-03-05T23:30:00+09:00,23270
LOT-01761,L5,P-L5-01,2026-03-05T08:00:00+09:00,2026-03-05T16:30:00+09:00,13820
LOT-01762,L5,P-L5-01,2026-03-05T20:00:00+09:00,2026-03-05T23:30:00+09:00,13940
LOT-01763,L6,P-L6-02,2026-03-05T08:00:00+09:00,2026-03-05T16:30:00+09:00,12820
LOT-01764,L6,P-L6-02,2026-03-05T20:00:00+09:00,2026-03-05T23:30:00+09:00,12940
LOT-01765,L1,P-L1-03,2026-03-06T08:00:00+09:00,2026-03-06T16:30:00+09:00,25825
LOT-01766,L1,P-L1-03,2026-03-06T20:00:00+09:00,2026-03-06T23:30:00+09:00,25945
LOT-01767,L2,P-L2-04,2026-03-06T08:00:00+09:00,2026-03-06T16:30:00+09:00,24825
LOT-01768,L2,P-L2-04,2026-03-06T20:00:00+09:00,2026-03-06T23:30:00+09:00,24945
LOT-01769,L3,P-L3-05,2026-03-06T08:00:00+09:00,2026-03-06T16:30:00+09:00,24825
LOT-01770,L3,P-L3-05,2026-03-06T20:00:00+09:00,2026-03-06T23:30:00+09:00,24945
LOT-01771,L4,P-L4-01,2026-03-06T08:00:00+09:00,2026-03-06T16:30:00+09:00,23325
LOT-01772,L4,P-L4-01,2026-03-06T20:00:00+09:00,2026-03-06T23:30:00+09:00,23445
LOT-01773,L5,P-L5-02,2026-03-06T08:00:00+09:00,2026-03-06T16:30:00+09:00,13910
LOT-01774,L5,P-L5-02,2026-03-06T20:00:00+09:00,2026-03-06T23:30:00+09:00,14030
LOT-01775,L6,P-L6-03,2026-03-06T08:00:00+09:00,2026-03-06T16:30:00+09:00,12910
LOT-01776,L6,P-L6-03,2026-03-06T20:00:00+09:00,2026-03-06T23:30:00+09:00,13030
LOT-01777,L1,P-L1-04,2026-03-07T08:00:00+09:00,2026-03-07T16:30:00+09:00,26000
LOT-01778,L1,P-L1-04,2026-03-07T20:00:00+09:00,2026-03-07T23:30:00+09:00,26120
LOT-01779,L2,P-L2-05,2026-03-07T08:00:00+09:00,2026-03-07T16:30:00+09:00,25000
LOT-01780,L2,P-L2-05,2026-03-07T20:00:00+09:00,2026-03-07T23:30:00+09:00,25120
LOT-01781,L3,P-L3-01,2026-03-07T08:00:00+09:00,2026-03-07T16:30:00+09:00,25000
LOT-01782,L3,P-L3-01,2026-03-07T20:00:00+09:00,2026-03-07T23:30:00+09:00,25120
LOT-01783,L4,P-L4-02,2026-03-07T08:00:00+09:00,2026-03-07T16:30:00+09:00,23500
LOT-01784,L4,P-L4-02,2026-03-07T20:00:00+09:00,2026-03-07T23:30:00+09:00,23620
LOT-01785,L5,P-L5-03,2026-03-07T08:00:00+09:00,2026-03-07T16:30:00+09:00,14000
LOT-01786,L5,P-L5-03,2026-03-07T20:00:00+09:00,2026-03-07T23:30:00+09:00,14120
LOT-01787,L6,P-L6-04,2026-03-07T08:00:00+09:00,2026-03-07T16:30:00+09:00,13000
LOT-01788,L6,P-L6-04,2026-03-07T20:00:00+09:00,2026-03-07T23:30:00+09:00,13120
LOT-01789,L1,P-L1-05,2026-03-08T08:00:00+09:00,2026-03-08T16:30:00+09:00,26175
LOT-01790,L1,P-L1-05,2026-03-08T20:00:00+09:00,2026-03-08T23:30:00+09:00,26295
LOT-01791,L2,P-L2-01,2026-03-08T08:00:00+09:00,2026-03-08T16:30:00+09:00,25175
LOT-01792,L2,P-L2-01,2026-03-08T20:00:00+09:00,2026-03-08T23:30:00+09:00,25295
LOT-01793,L3,P-L3-02,2026-03-08T08:00:00+09:00,2026-03-08T16:30:00+09:00,25175
LOT-01794,L3,P-L3-02,2026-03-08T20:00:00+09:00,2026-03-08T23:30:00+09:00,25295
LOT-01795,L4,P-L4-03,2026-03-08T08:00:00+09:00,2026-03-08T16:30:00+09:00,23675
LOT-01796,L4,P-L4-03,2026-03-08T20:00:00+09:00,2026-03-08T23:30:00+09:00,23795
LOT-01797,L5,P-L5-04,2026-03-08T08:00:00+09:00,2026-03-08T16:30:00+09:00,14090
LOT-01798,L5,P-L5-04,2026-03-08T20:00:00+09:00,2026-03-08T23:30:00+09:00,14210
LOT-01799,L6,P-L6-05,2026-03-08T08:00:00+09:00,2026-03-08T16:30:00+09:00,13090
LOT-01800,L6,P-L6-05,2026-03-08T20:00:00+09:00,2026-03-08T23:30:00+09:00,13210
LOT-01801,L1,P-L1-01,2026-03-09T08:00:00+09:00,2026-03-09T16:30:00+09:00,26350
LOT-01802,L1,P-L1-01,2026-03-09T20:00:00+09:00,2026-03-09T23:30:00+09:00,26470
LOT-01803,L2,P-L2-02,2026-03-09T08:00:00+09:00,2026-03-09T16:30:00+09:00,25350
LOT-01804,L2,P-L2-02,2026-03-09T20:00:00+09:00,2026-03-09T23:30:00+09:00,25470
LOT-01805,L3,P-L3-03,2026-03-09T08:00:00+09:00,2026-03-09T16:30:00+09:00,25350
LOT-01806,L3,P-L3-03,2026-03-09T20:00:00+09:00,2026-03-09T23:30:00+09:00,25470
LOT-01807,L4,P-L4-04,2026-03-09T08:00:00+09:00,2026-03-09T16:30:00+09:00,23850
LOT-01808,L4,P-L4-04,2026-03-09T20:00:00+09:00,2026-03-09T23:30:00+09:00,23970
LOT-01809,L5,P-L5-05,2026-03-09T08:00:00+09:00,2026-03-09T16:30:00+09:00,14180
LOT-01810,L5,P-L5-05,2026-03-09T20:00:00+09:00,2026-03-09T23:30:00+09:00,14300
LOT-01811,L6,P-L6-01,2026-03-09T08:00:00+09:00,2026-03-09T16:30:00+09:00,13180
LOT-01812,L6,P-L6-01,2026-03-09T20:00:00+09:00,2026-03-09T23:30:00+09:00,13300
LOT-01813,L1,P-L1-02,2026-03-10T08:00:00+09:00,2026-03-10T16:30:00+09:00,26525
LOT-01814,L1,P-L1-02,2026-03-10T20:00:00+09:00,2026-03-10T23:30:00+09:00,26645
LOT-01815,L2,P-L2-03,2026-03-10T08:00:00+09:00,2026-03-10T16:30:00+09:00,25525
LOT-01816,L2,P-L2-03,2026-03-10T20:00:00+09:00,2026-03-10T23:30:00+09:00,25645
LOT-01817,L3,P-L3-04,2026-03-10T08:00:00+09:00,2026-03-10T16:30:00+09:00,25525
LOT-01818,L3,P-L3-04,2026-03-10T20:00:00+09:00,2026-03-10T23:30:00+09:00,25645
LOT-01819,L4,P-L4-05,2026-03-10T08:00:00+09:00,2026-03-10T16:30:00+09:00,24025
LOT-01820,L4,P-L4-05,2026-03-10T20:00:00+09:00,2026-03-10T23:30:00+09:00,24145
LOT-01821,L5,P-L5-01,2026-03-10T08:00:00+09:00,2026-03-10T16:30:00+09:00,14270
LOT-01822,L5,P-L5-01,2026-03-10T20:00:00+09:00,2026-03-10T23:30:00+09:00,14390
LOT-01823,L6,P-L6-02,2026-03-10T08:00:00+09:00,2026-03-10T16:30:00+09:00,13270
LOT-01824,L6,P-L6-02,2026-03-10T20:00:00+09:00,2026-03-10T23:30:00+09:00,13390
LOT-01825,L1,P-L1-03,2026-03-11T08:00:00+09:00,2026-03-11T16:30:00+09:00,25475
LOT-01826,L1,P-L1-03,2026-03-11T20:00:00+09:00,2026-03-11T23:30:00+09:00,25595
LOT-01827,L2,P-L2-04,2026-03-11T08:00:00+09:00,2026-03-11T16:30:00+09:00,24475
LOT-01828,L2,P-L2-04,2026-03-11T20:00:00+09:00,2026-03-11T23:30:00+09:00,24595
LOT-01829,L3,P-L3-05,2026-03-11T08:00:00+09:00,2026-03-11T16:30:00+09:00,24475
LOT-01830,L3,P-L3-05,2026-03-11T20:00:00+09:00,2026-03-11T23:30:00+09:00,24595
LOT-01831,L4,P-L4-01,2026-03-11T08:00:00+09:00,2026-03-11T16:30:00+09:00,22975
LOT-01832,L4,P-L4-01,2026-03-11T20:00:00+09:00,2026-03-11T23:30:00+09:00,23095
LOT-01833,L5,P-L5-02,2026-03-11T08:00:00+09:00,2026-03-11T16:30:00+09:00,13730
LOT-01834,L5,P-L5-02,2026-03-11T20:00:00+09:00,2026-03-11T23:30:00+09:00,13850
LOT-01835,L6,P-L6-03,2026-03-11T08:00:00+09:00,2026-03-11T16:30:00+09:00,12730
LOT-01836,L6,P-L6-03,2026-03-11T20:00:00+09:00,2026-03-11T23:30:00+09:00,12850
LOT-01837,L1,P-L1-04,2026-03-12T08:00:00+09:00,2026-03-12T16:30:00+09:00,25650
LOT-01838,L1,P-L1-04,2026-03-12T20:00:00+09:00,2026-03-12T23:30:00+09:00,25770
LOT-01839,L2,P-L2-05,2026-03-12T08:00:00+09:00,2026-03-12T16:30:00+09:00,24650
LOT-01840,L2,P-L2-05,2026-03-12T20:00:00+09:00,2026-03-12T23:30:00+09:00,24770
LOT-01841,L3,P-L3-01,2026-03-12T08:00:00+09:00,2026-03-12T16:30:00+09:00,24650
LOT-01842,L3,P-L3-01,2026-03-12T20:00:00+09:00,2026-03-12T23:30:00+09:00,24770
LOT-01843,L4,P-L4-02,2026-03-12T08:00:00+09:00,2026-03-12T16:30:00+09:00,23150
LOT-01844,L4,P-L4-02,2026-03-12T20:00:00+09:00,2026-03-12T23:30:00+09:00,23270
LOT-01845,L5,P-L5-03,2026-03-12T08:00:00+09:00,2026-03-12T16:30:00+09:00,13820
LOT-01846,L5,P-L5-03,2026-03-12T20:00:00+09:00,2026-03-12T23:30:00+09:00,13940
LOT-01847,L6,P-L6-04,2026-03-12T08:00:00+09:00,2026-03-12T16:30:00+09:00,12820
LOT-01848,L6,P-L6-04,2026-03-12T20:00:00+09:00,2026-03-12T23:30:00+09:00,12940
LOT-01849,L2,P-L2-01,2026-03-13T08:00:00+09:00,2026-03-13T16:30:00+09:00,24825
LOT-01850,L2,P-L2-01,2026-03-13T20:00:00+09:00,2026-03-13T23:30:00+09:00,24945
LOT-01851,L3,P-L3-02,2026-03-13T08:00:00+09:00,2026-03-13T16:30:00+09:00,24825
LOT-01852,L3,P-L3-02,2026-03-13T20:00:00+09:00,2026-03-13T23:30:00+09:00,24945
LOT-01853,L4,P-L4-03,2026-03-13T08:00:00+09:00,2026-03-13T16:30:00+09:00,23325
LOT-01854,L4,P-L4-03,2026-03-13T20:00:00+09:00,2026-03-13T23:30:00+09:00,23445
LOT-01855,L5,P-L5-04,2026-03-13T08:00:00+09:00,2026-03-13T16:30:00+09:00,13910
LOT-01856,L5,P-L5-04,2026-03-13T20:00:00+09:00,2026-03-13T23:30:00+09:00,14030
LOT-01857,L6,P-L6-05,2026-03-13T08:00:00+09:00,2026-03-13T16:30:00+09:00,12910
LOT-01858,L6,P-L6-05,2026-03-13T20:00:00+09:00,2026-03-13T23:30:00+09:00,13030
LOT-01859,L1,P-L1-01,2026-03-14T08:00:00+09:00,2026-03-14T16:30:00+09:00,26000
LOT-01860,L1,P-L1-01,2026-03-14T20:00:00+09:00,2026-03-14T23:30:00+09:00,26120
LOT-01861,L3,P-L3-03,2026-03-14T08:00:00+09:00,2026-03-14T16:30:00+09:00,25000
LOT-01862,L3,P-L3-03,2026-03-14T20:00:00+09:00,2026-03-14T23:30:00+09:00,25120
LOT-01863,L4,P-L4-04,2026-03-14T08:00:00+09:00,2026-03-14T16:30:00+09:00,23500
LOT-01864,L4,P-L4-04,2026-03-14T20:00:00+09:00,2026-03-14T23:30:00+09:00,23620
LOT-01865,L5,P-L5-05,2026-03-14T08:00:00+09:00,2026-03-14T16:30:00+09:00,14000
LOT-01866,L5,P-L5-05,2026-03-14T20:00:00+09:00,2026-03-14T23:30:00+09:00,14120
LOT-01867,L6,P-L6-01,2026-03-14T08:00:00+09:00,2026-03-14T16:30:00+09:00,13000
LOT-01868,L6,P-L6-01,2026-03-14T20:00:00+09:00,2026-03-14T23:30:00+09:00,13120
LOT-01869,L1,P-L1-02,2026-03-15T08:00:00+09:00,2026-03-15T16:30:00+09:00,26175
LOT-01870,L1,P-L1-02,2026-03-15T20:00:00+09:00,2026-03-15T23:30:00+09:00,26295
LOT-01871,L2,P-L2-03,2026-03-15T08:00:00+09:00,2026-03-15T16:30:00+09:00,25175
LOT-01872,L2,P-L2-03,2026-03-15T20:00:00+09:00,2026-03-15T23:30:00+09:00,25295
LOT-01873,L4,P-L4-05,2026-03-15T08:00:00+09:00,2026-03-15T16:30:00+09:00,23675
LOT-01874,L4,P-L4-05,2026-03-15T20:00:00+09:00,2026-03-15T23:30:00+09:00,23795
LOT-01875,L5,P-L5-01,2026-03-15T08:00:00+09:00,2026-03-15T16:30:00+09:00,14090
LOT-01876,L5,P-L5-01,2026-03-15T20:00:00+09:00,2026-03-15T23:30:00+09:00,14210
LOT-01877,L6,P-L6-02,2026-03-15T08:00:00+09:00,2026-03-15T16:30:00+09:00,13090
LOT-01878,L6,P-L6-02,2026-03-15T20:00:00+09:00,2026-03-15T23:30:00+09:00,13210
LOT-01879,L1,P-L1-03,2026-03-16T08:00:00+09:00,2026-03-16T16:30:00+09:00,26350
LOT-01880,L1,P-L1-03,2026-03-16T20:00:00+09:00,2026-03-16T23:30:00+09:00,26470
LOT-01881,L2,P-L2-04,2026-03-16T08:00:00+09:00,2026-03-16T16:30:00+09:00,25350
LOT-01882,L2,P-L2-04,2026-03-16T20:00:00+09:00,2026-03-16T23:30:00+09:00,25470
LOT-01883,L3,P-L3-05,2026-03-16T08:00:00+09:00,2026-03-16T16:30:00+09:00,25350
LOT-01884,L3,P-L3-05,2026-03-16T20:00:00+09:00,2026-03-16T23:30:00+09:00,25470
LOT-01885,L5,P-L5-02,2026-03-16T08:00:00+09:00,2026-03-16T16:30:00+09:00,14180
LOT-01886,L5,P-L5-02,2026-03-16T20:00:00+09:00,2026-03-16T23:30:00+09:00,14300
LOT-01887,L6,P-L6-03,2026-03-16T08:00:00+09:00,2026-03-16T16:30:00+09:00,13180
LOT-01888,L6,P-L6-03,2026-03-16T20:00:00+09:00,2026-03-16T23:30:00+09:00,13300
LOT-01889,L1,P-L1-04,2026-03-17T08:00:00+09:00,2026-03-17T16:30:00+09:00,26525
LOT-01890,L1,P-L1-04,2026-03-17T20:00:00+09:00,2026-03-17T23:30:00+09:00,26645
LOT-01891,L2,P-L2-05,2026-03-17T08:00:00+09:00,2026-03-17T16:30:00+09:00,25525
LOT-01892,L2,P-L2-05,2026-03-17T20:00:00+09:00,2026-03-17T23:30:00+09:00,25645
LOT-01893,L3,P-L3-01,2026-03-17T08:00:00+09:00,2026-03-17T16:30:00+09:00,25525
LOT-01894,L3,P-L3-01,2026-03-17T20:00:00+09:00,2026-03-17T23:30:00+09:00,25645
LOT-01895,L4,P-L4-02,2026-03-17T08:00:00+09:00,2026-03-17T16:30:00+09:00,24025
LOT-01896,L4,P-L4-02,2026-03-17T20:00:00+09:00,2026-03-17T23:30:00+09:00,24145
LOT-01897,L6,P-L6-04,2026-03-17T08:00:00+09:00,2026-03-17T16:30:00+09:00,13270
LOT-01898,L6,P-L6-04,2026-03-17T20:00:00+09:00,2026-03-17T23:30:00+09:00,13390
LOT-01899,L1,P-L1-05,2026-03-18T08:00:00+09:00,2026-03-18T16:30:00+09:00,25475
LOT-01900,L1,P-L1-05,2026-03-18T20:00:00+09:00,2026-03-18T23:30:00+09:00,25595
LOT-01901,L2,P-L2-01,2026-03-18T08:00:00+09:00,2026-03-18T16:30:00+09:00,24475
LOT-01902,L2,P-L2-01,2026-03-18T20:00:00+09:00,2026-03-18T23:30:00+09:00,24595
LOT-01903,L3,P-L3-02,2026-03-18T08:00:00+09:00,2026-03-18T16:30:00+09:00,24475
LOT-01904,L3,P-L3-02,2026-03-18T20:00:00+09:00,2026-03-18T23:30:00+09:00,24595
LOT-01905,L4,P-L4-03,2026-03-18T08:00:00+09:00,2026-03-18T16:30:00+09:00,22975
LOT-01906,L4,P-L4-03,2026-03-18T20:00:00+09:00,2026-03-18T23:30:00+09:00,23095
LOT-01907,L5,P-L5-04,2026-03-18T08:00:00+09:00,2026-03-18T16:30:00+09:00,13730
LOT-01908,L5,P-L5-04,2026-03-18T20:00:00+09:00,2026-03-18T23:30:00+09:00,13850
LOT-01909,L1,P-L1-01,2026-03-19T08:00:00+09:00,2026-03-19T16:30:00+09:00,25650
LOT-01910,L1,P-L1-01,2026-03-19T20:00:00+09:00,2026-03-19T23:30:00+09:00,25770
LOT-01911,L2,P-L2-02,2026-03-19T08:00:00+09:00,2026-03-19T16:30:00+09:00,24650
LOT-01912,L2,P-L2-02,2026-03-19T20:00:00+09:00,2026-03-19T23:30:00+09:00,24770
LOT-01913,L3,P-L3-03,2026-03-19T08:00:00+09:00,2026-03-19T16:30:00+09:00,24650
LOT-01914,L3,P-L3-03,2026-03-19T20:00:00+09:00,2026-03-19T23:30:00+09:00,24770
LOT-01915,L4,P-L4-04,2026-03-19T08:00:00+09:00,2026-03-19T16:30:00+09:00,23150
LOT-01916,L4,P-L4-04,2026-03-19T20:00:00+09:00,2026-03-19T23:30:00+09:00,23270
LOT-01917,L5,P-L5-05,2026-03-19T08:00:00+09:00,2026-03-19T16:30:00+09:00,13820
LOT-01918,L5,P-L5-05,2026-03-19T20:00:00+09:00,2026-03-19T23:30:00+09:00,13940
LOT-01919,L6,P-L6-01,2026-03-19T08:00:00+09:00,2026-03-19T16:30:00+09:00,12820
LOT-01920,L6,P-L6-01,2026-03-19T20:00:00+09:00,2026-03-19T23:30:00+09:00,12940
LOT-01921,L1,P-L1-02,2026-03-20T08:00:00+09:00,2026-03-20T16:30:00+09:00,25825
LOT-01922,L1,P-L1-02,2026-03-20T20:00:00+09:00,2026-03-20T23:30:00+09:00,25945
LOT-01923,L2,P-L2-03,2026-03-20T08:00:00+09:00,2026-03-20T16:30:00+09:00,24825
LOT-01924,L2,P-L2-03,2026-03-20T20:00:00+09:00,2026-03-20T23:30:00+09:00,24945
LOT-01925,L3,P-L3-04,2026-03-20T08:00:00+09:00,2026-03-20T16:30:00+09:00,24825
LOT-01926,L3,P-L3-04,2026-03-20T20:00:00+09:00,2026-03-20T23:30:00+09:00,24945
LOT-01927,L4,P-L4-05,2026-03-20T08:00:00+09:00,2026-03-20T16:30:00+09:00,23325
LOT-01928,L4,P-L4-05,2026-03-20T20:00:00+09:00,2026-03-20T23:30:00+09:00,23445
LOT-01929,L5,P-L5-01,2026-03-20T08:00:00+09:00,2026-03-20T16:30:00+09:00,13910
LOT-01930,L5,P-L5-01,2026-03-20T20:00:00+09:00,2026-03-20T23:30:00+09:00,14030
LOT-01931,L6,P-L6-02,2026-03-20T08:00:00+09:00,2026-03-20T16:30:00+09:00,12910
LOT-01932,L6,P-L6-02,2026-03-20T20:00:00+09:00,2026-03-20T23:30:00+09:00,13030
LOT-01933,L1,P-L1-03,2026-03-21T08:00:00+09:00,2026-03-21T16:30:00+09:00,26000
LOT-01934,L1,P-L1-03,2026-03-21T20:00:00+09:00,2026-03-21T23:30:00+09:00,26120
LOT-01935,L2,P-L2-04,2026-03-21T08:00:00+09:00,2026-03-21T16:30:00+09:00,25000
LOT-01936,L2,P-L2-04,2026-03-21T20:00:00+09:00,2026-03-21T23:30:00+09:00,25120
LOT-01937,L3,P-L3-05,2026-03-21T08:00:00+09:00,2026-03-21T16:30:00+09:00,25000
LOT-01938,L3,P-L3-05,2026-03-21T20:00:00+09:00,2026-03-21T23:30:00+09:00,25120
LOT-01939,L4,P-L4-01,2026-03-21T08:00:00+09:00,2026-03-21T16:30:00+09:00,23500
LOT-01940,L4,P-L4-01,2026-03-21T20:00:00+09:00,2026-03-21T23:30:00+09:00,23620
LOT-01941,L5,P-L5-02,2026-03-21T08:00:00+09:00,2026-03-21T16:30:00+09:00,14000
LOT-01942,L5,P-L5-02,2026-03-21T20:00:00+09:00,2026-03-21T23:30:00+09:00,14120
LOT-01943,L6,P-L6-03,2026-03-21T08:00:00+09:00,2026-03-21T16:30:00+09:00,13000
LOT-01944,L6,P-L6-03,2026-03-21T20:00:00+09:00,2026-03-21T23:30:00+09:00,13120
LOT-01945,L1,P-L1-04,2026-03-22T08:00:00+09:00,2026-03-22T16:30:00+09:00,26175
LOT-01946,L1,P-L1-04,2026-03-22T20:00:00+09:00,2026-03-22T23:30:00+09:00,26295
LOT-01947,L2,P-L2-05,2026-03-22T08:00:00+09:00,2026-03-22T16:30:00+09:00,25175
LOT-01948,L2,P-L2-05,2026-03-22T20:00:00+09:00,2026-03-22T23:30:00+09:00,25295
LOT-01949,L3,P-L3-01,2026-03-22T08:00:00+09:00,2026-03-22T16:30:00+09:00,25175
LOT-01950,L3,P-L3-01,2026-03-22T20:00:00+09:00,2026-03-22T23:30:00+09:00,25295
LOT-01951,L4,P-L4-02,2026-03-22T08:00:00+09:00,2026-03-22T16:30:00+09:00,23675
LOT-01952,L4,P-L4-02,2026-03-22T20:00:00+09:00,2026-03-22T23:30:00+09:00,23795
LOT-01953,L5,P-L5-03,2026-03-22T08:00:00+09:00,2026-03-22T16:30:00+09:00,14090
LOT-01954,L5,P-L5-03,2026-03-22T20:00:00+09:00,2026-03-22T23:30:00+09:00,14210
LOT-01955,L6,P-L6-04,2026-03-22T08:00:00+09:00,2026-03-22T16:30:00+09:00,13090
LOT-01956,L6,P-L6-04,2026-03-22T20:00:00+09:00,2026-03-22T23:30:00+09:00,13210
LOT-01957,L1,P-L1-05,2026-03-23T08:00:00+09:00,2026-03-23T16:30:00+09:00,26350
LOT-01958,L1,P-L1-05,2026-03-23T20:00:00+09:00,2026-03-23T23:30:00+09:00,26470
LOT-01959,L2,P-L2-01,2026-03-23T08:00:00+09:00,2026-03-23T16:30:00+09:00,25350
LOT-01960,L2,P-L2-01,2026-03-23T20:00:00+09:00,2026-03-23T23:30:00+09:00,25470
LOT-01961,L3,P-L3-02,2026-03-23T08:00:00+09:00,2026-03-23T16:30:00+09:00,25350
LOT-01962,L3,P-L3-02,2026-03-23T20:00:00+09:00,2026-03-23T23:30:00+09:00,25470
LOT-01963,L4,P-L4-03,2026-03-23T08:00:00+09:00,2026-03-23T16:30:00+09:00,23850
LOT-01964,L4,P-L4-03,2026-03-23T20:00:00+09:00,2026-03-23T23:30:00+09:00,23970
LOT-01965,L5,P-L5-04,2026-03-23T08:00:00+09:00,2026-03-23T16:30:00+09:00,14180
LOT-01966,L5,P-L5-04,2026-03-23T20:00:00+09:00,2026-03-23T23:30:00+09:00,14300
LOT-01967,L6,P-L6-05,2026-03-23T08:00:00+09:00,2026-03-23T16:30:00+09:00,13180
LOT-01968,L6,P-L6-05,2026-03-23T20:00:00+09:00,2026-03-23T23:30:00+09:00,13300
LOT-01969,L1,P-L1-01,2026-03-24T08:00:00+09:00,2026-03-24T16:30:00+09:00,26525
LOT-01970,L1,P-L1-01,2026-03-24T20:00:00+09:00,2026-03-24T23:30:00+09:00,26645
LOT-01971,L2,P-L2-02,2026-03-24T08:00:00+09:00,2026-03-24T16:30:00+09:00,25525
LOT-01972,L2,P-L2-02,2026-03-24T20:00:00+09:00,2026-03-24T23:30:00+09:00,25645
LOT-01973,L3,P-L3-03,2026-03-24T08:00:00+09:00,2026-03-24T16:30:00+09:00,25525
LOT-01974,L3,P-L3-03,2026-03-24T20:00:00+09:00,2026-03-24T23:30:00+09:00,25645
LOT-01975,L4,P-L4-04,2026-03-24T08:00:00+09:00,2026-03-24T16:30:00+09:00,24025
LOT-01976,L4,P-L4-04,2026-03-24T20:00:00+09:00,2026-03-24T23:30:00+09:00,24145
LOT-01977,L5,P-L5-05,2026-03-24T08:00:00+09:00,2026-03-24T16:30:00+09:00,14270
LOT-01978,L5,P-L5-05,2026-03-24T20:00:00+09:00,2026-03-24T23:30:00+09:00,14390
LOT-01979,L6,P-L6-01,2026-03-24T08:00:00+09:00,2026-03-24T16:30:00+09:00,13270
LOT-01980,L6,P-L6-01,2026-03-24T20:00:00+09:00,2026-03-24T23:30:00+09:00,13390
LOT-01981,L1,P-L1-02,2026-03-25T08:00:00+09:00,2026-03-25T16:30:00+09:00,25475
LOT-01982,L1,P-L1-02,2026-03-25T20:00:00+09:00,2026-03-25T23:30:00+09:00,25595
LOT-01983,L2,P-L2-03,2026-03-25T08:00:00+09:00,2026-03-25T16:30:00+09:00,24475
LOT-01984,L2,P-L2-03,2026-03-25T20:00:00+09:00,2026-03-25T23:30:00+09:00,24595
LOT-01985,L3,P-L3-04,2026-03-25T08:00:00+09:00,2026-03-25T16:30:00+09:00,24475
LOT-01986,L3,P-L3-04,2026-03-25T20:00:00+09:00,2026-03-25T23:30:00+09:00,24595
LOT-01987,L4,P-L4-05,2026-03-25T08:00:00+09:00,2026-03-25T16:30:00+09:00,22975
LOT-01988,L4,P-L4-05,2026-03-25T20:00:00+09:00,2026-03-25T23:30:00+09:00,23095
LOT-01989,L5,P-L5-01,2026-03-25T08:00:00+09:00,2026-03-25T16:30:00+09:00,13730
LOT-01990,L5,P-L5-01,2026-03-25T20:00:00+09:00,2026-03-25T23:30:00+09:00,13850
LOT-01991,L6,P-L6-02,2026-03-25T08:00:00+09:00,2026-03-25T16:30:00+09:00,12730
LOT-01992,L6,P-L6-02,2026-03-25T20:00:00+09:00,2026-03-25T23:30:00+09:00,12850
LOT-01993,L1,P-L1-03,2026-03-26T08:00:00+09:00,2026-03-26T16:30:00+09:00,25650
LOT-01994,L1,P-L1-03,2026-03-26T20:00:00+09:00,2026-03-26T23:30:00+09:00,25770
LOT-01995,L2,P-L2-04,2026-03-26T08:00:00+09:00,2026-03-26T16:30:00+09:00,24650
LOT-01996,L2,P-L2-04,2026-03-26T20:00:00+09:00,2026-03-26T23:30:00+09:00,24770
LOT-01997,L3,P-L3-05,2026-03-26T08:00:00+09:00,2026-03-26T16:30:00+09:00,24650
LOT-01998,L3,P-L3-05,2026-03-26T20:00:00+09:00,2026-03-26T23:30:00+09:00,24770
LOT-01999,L4,P-L4-01,2026-03-26T08:00:00+09:00,2026-03-26T16:30:00+09:00,23150
LOT-02000,L4,P-L4-01,2026-03-26T20:00:00+09:00,2026-03-26T23:30:00+09:00,23270
LOT-02001,L5,P-L5-02,2026-03-26T08:00:00+09:00,2026-03-26T16:30:00+09:00,13820
LOT-02002,L5,P-L5-02,2026-03-26T20:00:00+09:00,2026-03-26T23:30:00+09:00,13940
LOT-02003,L6,P-L6-03,2026-03-26T08:00:00+09:00,2026-03-26T16:30:00+09:00,12820
LOT-02004,L6,P-L6-03,2026-03-26T20:00:00+09:00,2026-03-26T23:30:00+09:00,12940
LOT-02005,L1,P-L1-04,2026-03-27T08:00:00+09:00,2026-03-27T16:30:00+09:00,25825
LOT-02006,L1,P-L1-04,2026-03-27T20:00:00+09:00,2026-03-27T23:30:00+09:00,25945
LOT-02007,L2,P-L2-05,2026-03-27T08:00:00+09:00,2026-03-27T16:30:00+09:00,24825
LOT-02008,L2,P-L2-05,2026-03-27T20:00:00+09:00,2026-03-27T23:30:00+09:00,24945
LOT-02009,L3,P-L3-01,2026-03-27T08:00:00+09:00,2026-03-27T16:30:00+09:00,24825
LOT-02010,L3,P-L3-01,2026-03-27T20:00:00+09:00,2026-03-27T23:30:00+09:00,24945
LOT-02011,L4,P-L4-02,2026-03-27T08:00:00+09:00,2026-03-27T16:30:00+09:00,23325
LOT-02012,L4,P-L4-02,2026-03-27T20:00:00+09:00,2026-03-27T23:30:00+09:00,23445
LOT-02013,L5,P-L5-03,2026-03-27T08:00:00+09:00,2026-03-27T16:30:00+09:00,13910
LOT-02014,L5,P-L5-03,2026-03-27T20:00:00+09:00,2026-03-27T23:30:00+09:00,14030
LOT-02015,L6,P-L6-04,2026-03-27T08:00:00+09:00,2026-03-27T16:30:00+09:00,12910
LOT-02016,L6,P-L6-04,2026-03-27T20:00:00+09:00,2026-03-27T23:30:00+09:00,13030
LOT-02017,L1,P-L1-05,2026-03-28T08:00:00+09:00,2026-03-28T16:30:00+09:00,26000
LOT-02018,L1,P-L1-05,2026-03-28T20:00:00+09:00,2026-03-28T23:30:00+09:00,26120
LOT-02019,L2,P-L2-01,2026-03-28T08:00:00+09:00,2026-03-28T16:30:00+09:00,25000
LOT-02020,L2,P-L2-01,2026-03-28T20:00:00+09:00,2026-03-28T23:30:00+09:00,25120
LOT-02021,L3,P-L3-02,2026-03-28T08:00:00+09:00,2026-03-28T16:30:00+09:00,25000
LOT-02022,L3,P-L3-02,2026-03-28T20:00:00+09:00,2026-03-28T23:30:00+09:00,25120
LOT-02023,L4,P-L4-03,2026-03-28T08:00:00+09:00,2026-03-28T16:30:00+09:00,23500
LOT-02024,L4,P-L4-03,2026-03-28T20:00:00+09:00,2026-03-28T23:30:00+09:00,23620
LOT-02025,L5,P-L5-04,2026-03-28T08:00:00+09:00,2026-03-28T16:30:00+09:00,14000
LOT-02026,L5,P-L5-04,2026-03-28T20:00:00+09:00,2026-03-28T23:30:00+09:00,14120
LOT-02027,L6,P-L6-05,2026-03-28T08:00:00+09:00,2026-03-28T16:30:00+09:00,13000
LOT-02028,L6,P-L6-05,2026-03-28T20:00:00+09:00,2026-03-28T23:30:00+09:00,13120
LOT-02029,L1,P-L1-01,2026-03-29T08:00:00+09:00,2026-03-29T16:30:00+09:00,26175
LOT-02030,L1,P-L1-01,2026-03-29T20:00:00+09:00,2026-03-29T23:30:00+09:00,26295
LOT-02031,L2,P-L2-02,2026-03-29T08:00:00+09:00,2026-03-29T16:30:00+09:00,25175
LOT-02032,L2,P-L2-02,2026-03-29T20:00:00+09:00,2026-03-29T23:30:00+09:00,25295
LOT-02033,L3,P-L3-03,2026-03-29T08:00:00+09:00,2026-03-29T16:30:00+09:00,25175
LOT-02034,L3,P-L3-03,2026-03-29T20:00:00+09:00,2026-03-29T23:30:00+09:00,25295
LOT-02035,L4,P-L4-04,2026-03-29T08:00:00+09:00,2026-03-29T16:30:00+09:00,23675
LOT-02036,L4,P-L4-04,2026-03-29T20:00:00+09:00,2026-03-29T23:30:00+09:00,23795
LOT-02037,L5,P-L5-05,2026-03-29T08:00:00+09:00,2026-03-29T16:30:00+09:00,14090
LOT-02038,L5,P-L5-05,2026-03-29T20:00:00+09:00,2026-03-29T23:30:00+09:00,14210
LOT-02039,L6,P-L6-01,2026-03-29T08:00:00+09:00,2026-03-29T16:30:00+09:00,13090
LOT-02040,L6,P-L6-01,2026-03-29T20:00:00+09:00,2026-03-29T23:30:00+09:00,13210
LOT-02041,L1,P-L1-02,2026-03-30T08:00:00+09:00,2026-03-30T16:30:00+09:00,26350
LOT-02042,L1,P-L1-02,2026-03-30T20:00:00+09:00,2026-03-30T23:30:00+09:00,26470
LOT-02043,L2,P-L2-03,2026-03-30T08:00:00+09:00,2026-03-30T16:30:00+09:00,25350
LOT-02044,L2,P-L2-03,2026-03-30T20:00:00+09:00,2026-03-30T23:30:00+09:00,25470
LOT-02045,L3,P-L3-04,2026-03-30T08:00:00+09:00,2026-03-30T16:30:00+09:00,25350
LOT-02046,L3,P-L3-04,2026-03-30T20:00:00+09:00,2026-03-30T23:30:00+09:00,25470
LOT-02047,L4,P-L4-05,2026-03-30T08:00:00+09:00,2026-03-30T16:30:00+09:00,23850
LOT-02048,L4,P-L4-05,2026-03-30T20:00:00+09:00,2026-03-30T23:30:00+09:00,23970
LOT-02049,L5,P-L5-01,2026-03-30T08:00:00+09:00,2026-03-30T16:30:00+09:00,14180
LOT-02050,L5,P-L5-01,2026-03-30T20:00:00+09:00,2026-03-30T23:30:00+09:00,14300
LOT-02051,L6,P-L6-02,2026-03-30T08:00:00+09:00,2026-03-30T16:30:00+09:00,13180
LOT-02052,L6,P-L6-02,2026-03-30T20:00:00+09:00,2026-03-30T23:30:00+09:00,13300
LOT-02053,L2,P-L2-04,2026-03-31T08:00:00+09:00,2026-03-31T16:30:00+09:00,25525
LOT-02054,L2,P-L2-04,2026-03-31T20:00:00+09:00,2026-03-31T23:30:00+09:00,25645
LOT-02055,L3,P-L3-05,2026-03-31T08:00:00+09:00,2026-03-31T16:30:00+09:00,25525
LOT-02056,L3,P-L3-05,2026-03-31T20:00:00+09:00,2026-03-31T23:30:00+09:00,25645
LOT-02057,L4,P-L4-01,2026-03-31T08:00:00+09:00,2026-03-31T16:30:00+09:00,24025
LOT-02058,L4,P-L4-01,2026-03-31T20:00:00+09:00,2026-03-31T23:30:00+09:00,24145
LOT-02059,L5,P-L5-02,2026-03-31T08:00:00+09:00,2026-03-31T16:30:00+09:00,14270
LOT-02060,L5,P-L5-02,2026-03-31T20:00:00+09:00,2026-03-31T23:30:00+09:00,14390
LOT-02061,L6,P-L6-03,2026-03-31T08:00:00+09:00,2026-03-31T16:30:00+09:00,13270
LOT-02062,L6,P-L6-03,2026-03-31T20:00:00+09:00,2026-03-31T23:30:00+09:00,13390
LOT-02063,L1,P-L1-04,2026-04-01T08:00:00+09:00,2026-04-01T16:30:00+09:00,25475
LOT-02064,L1,P-L1-04,2026-04-01T20:00:00+09:00,2026-04-01T23:30:00+09:00,25595
LOT-02065,L3,P-L3-01,2026-04-01T08:00:00+09:00,2026-04-01T16:30:00+09:00,24475
LOT-02066,L3,P-L3-01,2026-04-01T20:00:00+09:00,2026-04-01T23:30:00+09:00,24595
LOT-02067,L4,P-L4-02,2026-04-01T08:00:00+09:00,2026-04-01T16:30:00+09:00,22975
LOT-02068,L4,P-L4-02,2026-04-01T20:00:00+09:00,2026-04-01T23:30:00+09:00,23095
LOT-02069,L5,P-L5-03,2026-04-01T08:00:00+09:00,2026-04-01T16:30:00+09:00,13730
LOT-02070,L5,P-L5-03,2026-04-01T20:00:00+09:00,2026-04-01T23:30:00+09:00,13850
LOT-02071,L6,P-L6-04,2026-04-01T08:00:00+09:00,2026-04-01T16:30:00+09:00,12730
LOT-02072,L6,P-L6-04,2026-04-01T20:00:00+09:00,2026-04-01T23:30:00+09:00,12850
LOT-02073,L1,P-L1-05,2026-04-02T08:00:00+09:00,2026-04-02T16:30:00+09:00,25650
LOT-02074,L1,P-L1-05,2026-04-02T20:00:00+09:00,2026-04-02T23:30:00+09:00,25770
LOT-02075,L2,P-L2-01,2026-04-02T08:00:00+09:00,2026-04-02T16:30:00+09:00,24650
LOT-02076,L2,P-L2-01,2026-04-02T20:00:00+09:00,2026-04-02T23:30:00+09:00,24770
LOT-02077,L4,P-L4-03,2026-04-02T08:00:00+09:00,2026-04-02T16:30:00+09:00,23150
LOT-02078,L4,P-L4-03,2026-04-02T20:00:00+09:00,2026-04-02T23:30:00+09:00,23270
LOT-02079,L5,P-L5-04,2026-04-02T08:00:00+09:00,2026-04-02T16:30:00+09:00,13820
LOT-02080,L5,P-L5-04,2026-04-02T20:00:00+09:00,2026-04-02T23:30:00+09:00,13940
LOT-02081,L6,P-L6-05,2026-04-02T08:00:00+09:00,2026-04-02T16:30:00+09:00,12820
LOT-02082,L6,P-L6-05,2026-04-02T20:00:00+09:00,2026-04-02T23:30:00+09:00,12940
LOT-02083,L1,P-L1-01,2026-04-03T08:00:00+09:00,2026-04-03T16:30:00+09:00,25825
LOT-02084,L1,P-L1-01,2026-04-03T20:00:00+09:00,2026-04-03T23:30:00+09:00,25945
LOT-02085,L2,P-L2-02,2026-04-03T08:00:00+09:00,2026-04-03T16:30:00+09:00,24825
LOT-02086,L2,P-L2-02,2026-04-03T20:00:00+09:00,2026-04-03T23:30:00+09:00,24945
LOT-02087,L3,P-L3-03,2026-04-03T08:00:00+09:00,2026-04-03T16:30:00+09:00,24825
LOT-02088,L3,P-L3-03,2026-04-03T20:00:00+09:00,2026-04-03T23:30:00+09:00,24945
LOT-02089,L5,P-L5-05,2026-04-03T08:00:00+09:00,2026-04-03T16:30:00+09:00,13910
LOT-02090,L5,P-L5-05,2026-04-03T20:00:00+09:00,2026-04-03T23:30:00+09:00,14030
LOT-02091,L6,P-L6-01,2026-04-03T08:00:00+09:00,2026-04-03T16:30:00+09:00,12910
LOT-02092,L6,P-L6-01,2026-04-03T20:00:00+09:00,2026-04-03T23:30:00+09:00,13030
LOT-02093,L1,P-L1-02,2026-04-04T08:00:00+09:00,2026-04-04T16:30:00+09:00,26000
LOT-02094,L1,P-L1-02,2026-04-04T20:00:00+09:00,2026-04-04T23:30:00+09:00,26120
LOT-02095,L2,P-L2-03,2026-04-04T08:00:00+09:00,2026-04-04T16:30:00+09:00,25000
LOT-02096,L2,P-L2-03,2026-04-04T20:00:00+09:00,2026-04-04T23:30:00+09:00,25120
LOT-02097,L3,P-L3-04,2026-04-04T08:00:00+09:00,2026-04-04T16:30:00+09:00,25000
LOT-02098,L3,P-L3-04,2026-04-04T20:00:00+09:00,2026-04-04T23:30:00+09:00,25120
LOT-02099,L4,P-L4-05,2026-04-04T08:00:00+09:00,2026-04-04T16:30:00+09:00,23500
LOT-02100,L4,P-L4-05,2026-04-04T20:00:00+09:00,2026-04-04T23:30:00+09:00,23620
LOT-02101,L6,P-L6-02,2026-04-04T08:00:00+09:00,2026-04-04T16:30:00+09:00,13000
LOT-02102,L6,P-L6-02,2026-04-04T20:00:00+09:00,2026-04-04T23:30:00+09:00,13120
LOT-02103,L1,P-L1-03,2026-04-05T08:00:00+09:00,2026-04-05T16:30:00+09:00,26175
LOT-02104,L1,P-L1-03,2026-04-05T20:00:00+09:00,2026-04-05T23:30:00+09:00,26295
LOT-02105,L2,P-L2-04,2026-04-05T08:00:00+09:00,2026-04-05T16:30:00+09:00,25175
LOT-02106,L2,P-L2-04,2026-04-05T20:00:00+09:00,2026-04-05T23:30:00+09:00,25295
LOT-02107,L3,P-L3-05,2026-04-05T08:00:00+09:00,2026-04-05T16:30:00+09:00,25175
LOT-02108,L3,P-L3-05,2026-04-05T20:00:00+09:00,2026-04-05T23:30:00+09:00,25295
LOT-02109,L4,P-L4-01,2026-04-05T08:00:00+09:00,2026-04-05T16:30:00+09:00,23675
LOT-02110,L4,P-L4-01,2026-04-05T20:00:00+09:00,2026-04-05T23:30:00+09:00,23795
LOT-02111,L5,P-L5-02,2026-04-05T08:00:00+09:00,2026-04-05T16:30:00+09:00,14090
LOT-02112,L5,P-L5-02,2026-04-05T20:00:00+09:00,2026-04-05T23:30:00+09:00,14210
LOT-02113,L1,P-L1-04,2026-04-06T08:00:00+09:00,2026-04-06T16:30:00+09:00,26350
LOT-02114,L1,P-L1-04,2026-04-06T20:00:00+09:00,2026-04-06T23:30:00+09:00,26470
LOT-02115,L2,P-L2-05,2026-04-06T08:00:00+09:00,2026-04-06T16:30:00+09:00,25350
LOT-02116,L2,P-L2-05,2026-04-06T20:00:00+09:00,2026-04-06T23:30:00+09:00,25470
LOT-02117,L3,P-L3-01,2026-04-06T08:00:00+09:00,2026-04-06T16:30:00+09:00,25350
LOT-02118,L3,P-L3-01,2026-04-06T20:00:00+09:00,2026-04-06T23:30:00+09:00,25470
LOT-02119,L4,P-L4-02,2026-04-06T08:00:00+09:00,2026-04-06T16:30:00+09:00,23850
LOT-02120,L4,P-L4-02,2026-04-06T20:00:00+09:00,2026-04-06T23:30:00+09:00,23970
LOT-02121,L5,P-L5-03,2026-04-06T08:00:00+09:00,2026-04-06T16:30:00+09:00,14180
LOT-02122,L5,P-L5-03,2026-04-06T20:00:00+09:00,2026-04-06T23:30:00+09:00,14300
LOT-02123,L6,P-L6-04,2026-04-06T08:00:00+09:00,2026-04-06T16:30:00+09:00,13180
LOT-02124,L6,P-L6-04,2026-04-06T20:00:00+09:00,2026-04-06T23:30:00+09:00,13300
LOT-02125,L1,P-L1-05,2026-04-07T08:00:00+09:00,2026-04-07T16:30:00+09:00,26525
LOT-02126,L1,P-L1-05,2026-04-07T20:00:00+09:00,2026-04-07T23:30:00+09:00,26645
LOT-02127,L2,P-L2-01,2026-04-07T08:00:00+09:00,2026-04-07T16:30:00+09:00,25525
LOT-02128,L2,P-L2-01,2026-04-07T20:00:00+09:00,2026-04-07T23:30:00+09:00,25645
LOT-02129,L3,P-L3-02,2026-04-07T08:00:00+09:00,2026-04-07T16:30:00+09:00,25525
LOT-02130,L3,P-L3-02,2026-04-07T20:00:00+09:00,2026-04-07T23:30:00+09:00,25645
LOT-02131,L4,P-L4-03,2026-04-07T08:00:00+09:00,2026-04-07T16:30:00+09:00,24025
LOT-02132,L4,P-L4-03,2026-04-07T20:00:00+09:00,2026-04-07T23:30:00+09:00,24145
LOT-02133,L5,P-L5-04,2026-04-07T08:00:00+09:00,2026-04-07T16:30:00+09:00,14270
LOT-02134,L5,P-L5-04,2026-04-07T20:00:00+09:00,2026-04-07T23:30:00+09:00,14390
LOT-02135,L6,P-L6-05,2026-04-07T08:00:00+09:00,2026-04-07T16:30:00+09:00,13270
LOT-02136,L6,P-L6-05,2026-04-07T20:00:00+09:00,2026-04-07T23:30:00+09:00,13390
LOT-02137,L1,P-L1-01,2026-04-08T08:00:00+09:00,2026-04-08T16:30:00+09:00,25475
LOT-02138,L1,P-L1-01,2026-04-08T20:00:00+09:00,2026-04-08T23:30:00+09:00,25595
LOT-02139,L2,P-L2-02,2026-04-08T08:00:00+09:00,2026-04-08T16:30:00+09:00,24475
LOT-02140,L2,P-L2-02,2026-04-08T20:00:00+09:00,2026-04-08T23:30:00+09:00,24595
LOT-02141,L3,P-L3-03,2026-04-08T08:00:00+09:00,2026-04-08T16:30:00+09:00,24475
LOT-02142,L3,P-L3-03,2026-04-08T20:00:00+09:00,2026-04-08T23:30:00+09:00,24595
LOT-02143,L4,P-L4-04,2026-04-08T08:00:00+09:00,2026-04-08T16:30:00+09:00,22975
LOT-02144,L4,P-L4-04,2026-04-08T20:00:00+09:00,2026-04-08T23:30:00+09:00,23095
LOT-02145,L5,P-L5-05,2026-04-08T08:00:00+09:00,2026-04-08T16:30:00+09:00,13730
LOT-02146,L5,P-L5-05,2026-04-08T20:00:00+09:00,2026-04-08T23:30:00+09:00,13850
LOT-02147,L6,P-L6-01,2026-04-08T08:00:00+09:00,2026-04-08T16:30:00+09:00,12730
LOT-02148,L6,P-L6-01,2026-04-08T20:00:00+09:00,2026-04-08T23:30:00+09:00,12850
LOT-02149,L1,P-L1-02,2026-04-09T08:00:00+09:00,2026-04-09T16:30:00+09:00,25650
LOT-02150,L1,P-L1-02,2026-04-09T20:00:00+09:00,2026-04-09T23:30:00+09:00,25770
LOT-02151,L2,P-L2-03,2026-04-09T08:00:00+09:00,2026-04-09T16:30:00+09:00,24650
LOT-02152,L2,P-L2-03,2026-04-09T20:00:00+09:00,2026-04-09T23:30:00+09:00,24770
LOT-02153,L3,P-L3-04,2026-04-09T08:00:00+09:00,2026-04-09T16:30:00+09:00,24650
LOT-02154,L3,P-L3-04,2026-04-09T20:00:00+09:00,2026-04-09T23:30:00+09:00,24770
LOT-02155,L4,P-L4-05,2026-04-09T08:00:00+09:00,2026-04-09T16:30:00+09:00,23150
LOT-02156,L4,P-L4-05,2026-04-09T20:00:00+09:00,2026-04-09T23:30:00+09:00,23270
LOT-02157,L5,P-L5-01,2026-04-09T08:00:00+09:00,2026-04-09T16:30:00+09:00,13820
LOT-02158,L5,P-L5-01,2026-04-09T20:00:00+09:00,2026-04-09T23:30:00+09:00,13940
LOT-02159,L6,P-L6-02,2026-04-09T08:00:00+09:00,2026-04-09T16:30:00+09:00,12820
LOT-02160,L6,P-L6-02,2026-04-09T20:00:00+09:00,2026-04-09T23:30:00+09:00,12940
LOT-02161,L1,P-L1-03,2026-04-10T08:00:00+09:00,2026-04-10T16:30:00+09:00,25825
LOT-02162,L1,P-L1-03,2026-04-10T20:00:00+09:00,2026-04-10T23:30:00+09:00,25945
LOT-02163,L2,P-L2-04,2026-04-10T08:00:00+09:00,2026-04-10T16:30:00+09:00,24825
LOT-02164,L2,P-L2-04,2026-04-10T20:00:00+09:00,2026-04-10T23:30:00+09:00,24945
LOT-02165,L3,P-L3-05,2026-04-10T08:00:00+09:00,2026-04-10T16:30:00+09:00,24825
LOT-02166,L3,P-L3-05,2026-04-10T20:00:00+09:00,2026-04-10T23:30:00+09:00,24945
LOT-02167,L4,P-L4-01,2026-04-10T08:00:00+09:00,2026-04-10T16:30:00+09:00,23325
LOT-02168,L4,P-L4-01,2026-04-10T20:00:00+09:00,2026-04-10T23:30:00+09:00,23445
LOT-02169,L5,P-L5-02,2026-04-10T08:00:00+09:00,2026-04-10T16:30:00+09:00,13910
LOT-02170,L5,P-L5-02,2026-04-10T20:00:00+09:00,2026-04-10T23:30:00+09:00,14030
LOT-02171,L6,P-L6-03,2026-04-10T08:00:00+09:00,2026-04-10T16:30:00+09:00,12910
LOT-02172,L6,P-L6-03,2026-04-10T20:00:00+09:00,2026-04-10T23:30:00+09:00,13030
LOT-02173,L1,P-L1-04,2026-04-11T08:00:00+09:00,2026-04-11T16:30:00+09:00,26000
LOT-02174,L1,P-L1-04,2026-04-11T20:00:00+09:00,2026-04-11T23:30:00+09:00,26120
LOT-02175,L2,P-L2-05,2026-04-11T08:00:00+09:00,2026-04-11T16:30:00+09:00,25000
LOT-02176,L2,P-L2-05,2026-04-11T20:00:00+09:00,2026-04-11T23:30:00+09:00,25120
LOT-02177,L3,P-L3-01,2026-04-11T08:00:00+09:00,2026-04-11T16:30:00+09:00,25000
LOT-02178,L3,P-L3-01,2026-04-11T20:00:00+09:00,2026-04-11T23:30:00+09:00,25120
LOT-02179,L4,P-L4-02,2026-04-11T08:00:00+09:00,2026-04-11T16:30:00+09:00,23500
LOT-02180,L4,P-L4-02,2026-04-11T20:00:00+09:00,2026-04-11T23:30:00+09:00,23620
LOT-02181,L5,P-L5-03,2026-04-11T08:00:00+09:00,2026-04-11T16:30:00+09:00,14000
LOT-02182,L5,P-L5-03,2026-04-11T20:00:00+09:00,2026-04-11T23:30:00+09:00,14120
LOT-02183,L6,P-L6-04,2026-04-11T08:00:00+09:00,2026-04-11T16:30:00+09:00,13000
LOT-02184,L6,P-L6-04,2026-04-11T20:00:00+09:00,2026-04-11T23:30:00+09:00,13120
LOT-02185,L1,P-L1-05,2026-04-12T08:00:00+09:00,2026-04-12T16:30:00+09:00,26175
LOT-02186,L1,P-L1-05,2026-04-12T20:00:00+09:00,2026-04-12T23:30:00+09:00,26295
LOT-02187,L2,P-L2-01,2026-04-12T08:00:00+09:00,2026-04-12T16:30:00+09:00,25175
LOT-02188,L2,P-L2-01,2026-04-12T20:00:00+09:00,2026-04-12T23:30:00+09:00,25295
LOT-02189,L3,P-L3-02,2026-04-12T08:00:00+09:00,2026-04-12T16:30:00+09:00,25175
LOT-02190,L3,P-L3-02,2026-04-12T20:00:00+09:00,2026-04-12T23:30:00+09:00,25295
LOT-02191,L4,P-L4-03,2026-04-12T08:00:00+09:00,2026-04-12T16:30:00+09:00,23675
LOT-02192,L4,P-L4-03,2026-04-12T20:00:00+09:00,2026-04-12T23:30:00+09:00,23795
LOT-02193,L5,P-L5-04,2026-04-12T08:00:00+09:00,2026-04-12T16:30:00+09:00,14090
LOT-02194,L5,P-L5-04,2026-04-12T20:00:00+09:00,2026-04-12T23:30:00+09:00,14210
LOT-02195,L6,P-L6-05,2026-04-12T08:00:00+09:00,2026-04-12T16:30:00+09:00,13090
LOT-02196,L6,P-L6-05,2026-04-12T20:00:00+09:00,2026-04-12T23:30:00+09:00,13210
LOT-02197,L1,P-L1-01,2026-04-13T08:00:00+09:00,2026-04-13T16:30:00+09:00,26350
LOT-02198,L1,P-L1-01,2026-04-13T20:00:00+09:00,2026-04-13T23:30:00+09:00,26470
LOT-02199,L2,P-L2-02,2026-04-13T08:00:00+09:00,2026-04-13T16:30:00+09:00,25350
LOT-02200,L2,P-L2-02,2026-04-13T20:00:00+09:00,2026-04-13T23:30:00+09:00,25470
LOT-02201,L3,P-L3-03,2026-04-13T08:00:00+09:00,2026-04-13T16:30:00+09:00,25350
LOT-02202,L3,P-L3-03,2026-04-13T20:00:00+09:00,2026-04-13T23:30:00+09:00,25470
LOT-02203,L4,P-L4-04,2026-04-13T08:00:00+09:00,2026-04-13T16:30:00+09:00,23850
LOT-02204,L4,P-L4-04,2026-04-13T20:00:00+09:00,2026-04-13T23:30:00+09:00,23970
LOT-02205,L5,P-L5-05,2026-04-13T08:00:00+09:00,2026-04-13T16:30:00+09:00,14180
LOT-02206,L5,P-L5-05,2026-04-13T20:00:00+09:00,2026-04-13T23:30:00+09:00,14300
LOT-02207,L6,P-L6-01,2026-04-13T08:00:00+09:00,2026-04-13T16:30:00+09:00,13180
LOT-02208,L6,P-L6-01,2026-04-13T20:00:00+09:00,2026-04-13T23:30:00+09:00,13300
LOT-02209,L1,P-L1-02,2026-04-14T08:00:00+09:00,2026-04-14T16:30:00+09:00,26525
LOT-02210,L1,P-L1-02,2026-04-14T20:00:00+09:00,2026-04-14T23:30:00+09:00,26645
LOT-02211,L2,P-L2-03,2026-04-14T08:00:00+09:00,2026-04-14T16:30:00+09:00,25525
LOT-02212,L2,P-L2-03,2026-04-14T20:00:00+09:00,2026-04-14T23:30:00+09:00,25645
LOT-02213,L3,P-L3-04,2026-04-14T08:00:00+09:00,2026-04-14T16:30:00+09:00,25525
LOT-02214,L3,P-L3-04,2026-04-14T20:00:00+09:00,2026-04-14T23:30:00+09:00,25645
LOT-02215,L4,P-L4-05,2026-04-14T08:00:00+09:00,2026-04-14T16:30:00+09:00,24025
LOT-02216,L4,P-L4-05,2026-04-14T20:00:00+09:00,2026-04-14T23:30:00+09:00,24145
LOT-02217,L5,P-L5-01,2026-04-14T08:00:00+09:00,2026-04-14T16:30:00+09:00,14270
LOT-02218,L5,P-L5-01,2026-04-14T20:00:00+09:00,2026-04-14T23:30:00+09:00,14390
LOT-02219,L6,P-L6-02,2026-04-14T08:00:00+09:00,2026-04-14T16:30:00+09:00,13270
LOT-02220,L6,P-L6-02,2026-04-14T20:00:00+09:00,2026-04-14T23:30:00+09:00,13390
LOT-02221,L1,P-L1-03,2026-04-15T08:00:00+09:00,2026-04-15T16:30:00+09:00,25475
LOT-02222,L1,P-L1-03,2026-04-15T20:00:00+09:00,2026-04-15T23:30:00+09:00,25595
LOT-02223,L2,P-L2-04,2026-04-15T08:00:00+09:00,2026-04-15T16:30:00+09:00,24475
LOT-02224,L2,P-L2-04,2026-04-15T20:00:00+09:00,2026-04-15T23:30:00+09:00,24595
LOT-02225,L3,P-L3-05,2026-04-15T08:00:00+09:00,2026-04-15T16:30:00+09:00,24475
LOT-02226,L3,P-L3-05,2026-04-15T20:00:00+09:00,2026-04-15T23:30:00+09:00,24595
LOT-02227,L4,P-L4-01,2026-04-15T08:00:00+09:00,2026-04-15T16:30:00+09:00,22975
LOT-02228,L4,P-L4-01,2026-04-15T20:00:00+09:00,2026-04-15T23:30:00+09:00,23095
LOT-02229,L5,P-L5-02,2026-04-15T08:00:00+09:00,2026-04-15T16:30:00+09:00,13730
LOT-02230,L5,P-L5-02,2026-04-15T20:00:00+09:00,2026-04-15T23:30:00+09:00,13850
LOT-02231,L6,P-L6-03,2026-04-15T08:00:00+09:00,2026-04-15T16:30:00+09:00,12730
LOT-02232,L6,P-L6-03,2026-04-15T20:00:00+09:00,2026-04-15T23:30:00+09:00,12850
LOT-02233,L1,P-L1-04,2026-04-16T08:00:00+09:00,2026-04-16T16:30:00+09:00,25650
LOT-02234,L1,P-L1-04,2026-04-16T20:00:00+09:00,2026-04-16T23:30:00+09:00,25770
LOT-02235,L2,P-L2-05,2026-04-16T08:00:00+09:00,2026-04-16T16:30:00+09:00,24650
LOT-02236,L2,P-L2-05,2026-04-16T20:00:00+09:00,2026-04-16T23:30:00+09:00,24770
LOT-02237,L3,P-L3-01,2026-04-16T08:00:00+09:00,2026-04-16T16:30:00+09:00,24650
LOT-02238,L3,P-L3-01,2026-04-16T20:00:00+09:00,2026-04-16T23:30:00+09:00,24770
LOT-02239,L4,P-L4-02,2026-04-16T08:00:00+09:00,2026-04-16T16:30:00+09:00,23150
LOT-02240,L4,P-L4-02,2026-04-16T20:00:00+09:00,2026-04-16T23:30:00+09:00,23270
LOT-02241,L5,P-L5-03,2026-04-16T08:00:00+09:00,2026-04-16T16:30:00+09:00,13820
LOT-02242,L5,P-L5-03,2026-04-16T20:00:00+09:00,2026-04-16T23:30:00+09:00,13940
LOT-02243,L6,P-L6-04,2026-04-16T08:00:00+09:00,2026-04-16T16:30:00+09:00,12820
LOT-02244,L6,P-L6-04,2026-04-16T20:00:00+09:00,2026-04-16T23:30:00+09:00,12940
LOT-02245,L1,P-L1-05,2026-04-17T08:00:00+09:00,2026-04-17T16:30:00+09:00,25825
LOT-02246,L1,P-L1-05,2026-04-17T20:00:00+09:00,2026-04-17T23:30:00+09:00,25945
LOT-02247,L2,P-L2-01,2026-04-17T08:00:00+09:00,2026-04-17T16:30:00+09:00,24825
LOT-02248,L2,P-L2-01,2026-04-17T20:00:00+09:00,2026-04-17T23:30:00+09:00,24945
LOT-02249,L3,P-L3-02,2026-04-17T08:00:00+09:00,2026-04-17T16:30:00+09:00,24825
LOT-02250,L3,P-L3-02,2026-04-17T20:00:00+09:00,2026-04-17T23:30:00+09:00,24945
LOT-02251,L4,P-L4-03,2026-04-17T08:00:00+09:00,2026-04-17T16:30:00+09:00,23325
LOT-02252,L4,P-L4-03,2026-04-17T20:00:00+09:00,2026-04-17T23:30:00+09:00,23445
LOT-02253,L5,P-L5-04,2026-04-17T08:00:00+09:00,2026-04-17T16:30:00+09:00,13910
LOT-02254,L5,P-L5-04,2026-04-17T20:00:00+09:00,2026-04-17T23:30:00+09:00,14030
LOT-02255,L6,P-L6-05,2026-04-17T08:00:00+09:00,2026-04-17T16:30:00+09:00,12910
LOT-02256,L6,P-L6-05,2026-04-17T20:00:00+09:00,2026-04-17T23:30:00+09:00,13030
LOT-02257,L2,P-L2-02,2026-04-18T08:00:00+09:00,2026-04-18T16:30:00+09:00,25000
LOT-02258,L2,P-L2-02,2026-04-18T20:00:00+09:00,2026-04-18T23:30:00+09:00,25120
LOT-02259,L3,P-L3-03,2026-04-18T08:00:00+09:00,2026-04-18T16:30:00+09:00,25000
LOT-02260,L3,P-L3-03,2026-04-18T20:00:00+09:00,2026-04-18T23:30:00+09:00,25120
LOT-02261,L4,P-L4-04,2026-04-18T08:00:00+09:00,2026-04-18T16:30:00+09:00,23500
LOT-02262,L4,P-L4-04,2026-04-18T20:00:00+09:00,2026-04-18T23:30:00+09:00,23620
LOT-02263,L5,P-L5-05,2026-04-18T08:00:00+09:00,2026-04-18T16:30:00+09:00,14000
LOT-02264,L5,P-L5-05,2026-04-18T20:00:00+09:00,2026-04-18T23:30:00+09:00,14120
LOT-02265,L6,P-L6-01,2026-04-18T08:00:00+09:00,2026-04-18T16:30:00+09:00,13000
LOT-02266,L6,P-L6-01,2026-04-18T20:00:00+09:00,2026-04-18T23:30:00+09:00,13120
LOT-02267,L1,P-L1-02,2026-04-19T08:00:00+09:00,2026-04-19T16:30:00+09:00,26175
LOT-02268,L1,P-L1-02,2026-04-19T20:00:00+09:00,2026-04-19T23:30:00+09:00,26295
LOT-02269,L3,P-L3-04,2026-04-19T08:00:00+09:00,2026-04-19T16:30:00+09:00,25175
LOT-02270,L3,P-L3-04,2026-04-19T20:00:00+09:00,2026-04-19T23:30:00+09:00,25295
LOT-02271,L4,P-L4-05,2026-04-19T08:00:00+09:00,2026-04-19T16:30:00+09:00,23675
LOT-02272,L4,P-L4-05,2026-04-19T20:00:00+09:00,2026-04-19T23:30:00+09:00,23795
LOT-02273,L5,P-L5-01,2026-04-19T08:00:00+09:00,2026-04-19T16:30:00+09:00,14090
LOT-02274,L5,P-L5-01,2026-04-19T20:00:00+09:00,2026-04-19T23:30:00+09:00,14210
LOT-02275,L6,P-L6-02,2026-04-19T08:00:00+09:00,2026-04-19T16:30:00+09:00,13090
LOT-02276,L6,P-L6-02,2026-04-19T20:00:00+09:00,2026-04-19T23:30:00+09:00,13210
LOT-02277,L1,P-L1-03,2026-04-20T08:00:00+09:00,2026-04-20T16:30:00+09:00,26350
LOT-02278,L1,P-L1-03,2026-04-20T20:00:00+09:00,2026-04-20T23:30:00+09:00,26470
LOT-02279,L2,P-L2-04,2026-04-20T08:00:00+09:00,2026-04-20T16:30:00+09:00,25350
LOT-02280,L2,P-L2-04,2026-04-20T20:00:00+09:00,2026-04-20T23:30:00+09:00,25470
LOT-02281,L4,P-L4-01,2026-04-20T08:00:00+09:00,2026-04-20T16:30:00+09:00,23850
LOT-02282,L4,P-L4-01,2026-04-20T20:00:00+09:00,2026-04-20T23:30:00+09:00,23970
LOT-02283,L5,P-L5-02,2026-04-20T08:00:00+09:00,2026-04-20T16:30:00+09:00,14180
LOT-02284,L5,P-L5-02,2026-04-20T20:00:00+09:00,2026-04-20T23:30:00+09:00,14300
LOT-02285,L6,P-L6-03,2026-04-20T08:00:00+09:00,2026-04-20T16:30:00+09:00,13180
LOT-02286,L6,P-L6-03,2026-04-20T20:00:00+09:00,2026-04-20T23:30:00+09:00,13300
LOT-02287,L1,P-L1-04,2026-04-21T08:00:00+09:00,2026-04-21T16:30:00+09:00,26525
LOT-02288,L1,P-L1-04,2026-04-21T20:00:00+09:00,2026-04-21T23:30:00+09:00,26645
LOT-02289,L2,P-L2-05,2026-04-21T08:00:00+09:00,2026-04-21T16:30:00+09:00,25525
LOT-02290,L2,P-L2-05,2026-04-21T20:00:00+09:00,2026-04-21T23:30:00+09:00,25645
LOT-02291,L3,P-L3-01,2026-04-21T08:00:00+09:00,2026-04-21T16:30:00+09:00,25525
LOT-02292,L3,P-L3-01,2026-04-21T20:00:00+09:00,2026-04-21T23:30:00+09:00,25645
LOT-02293,L5,P-L5-03,2026-04-21T08:00:00+09:00,2026-04-21T16:30:00+09:00,14270
LOT-02294,L5,P-L5-03,2026-04-21T20:00:00+09:00,2026-04-21T23:30:00+09:00,14390
LOT-02295,L6,P-L6-04,2026-04-21T08:00:00+09:00,2026-04-21T16:30:00+09:00,13270
LOT-02296,L6,P-L6-04,2026-04-21T20:00:00+09:00,2026-04-21T23:30:00+09:00,13390
LOT-02297,L1,P-L1-05,2026-04-22T08:00:00+09:00,2026-04-22T16:30:00+09:00,25475
LOT-02298,L1,P-L1-05,2026-04-22T20:00:00+09:00,2026-04-22T23:30:00+09:00,25595
LOT-02299,L2,P-L2-01,2026-04-22T08:00:00+09:00,2026-04-22T16:30:00+09:00,24475
LOT-02300,L2,P-L2-01,2026-04-22T20:00:00+09:00,2026-04-22T23:30:00+09:00,24595
LOT-02301,L3,P-L3-02,2026-04-22T08:00:00+09:00,2026-04-22T16:30:00+09:00,24475
LOT-02302,L3,P-L3-02,2026-04-22T20:00:00+09:00,2026-04-22T23:30:00+09:00,24595
LOT-02303,L4,P-L4-03,2026-04-22T08:00:00+09:00,2026-04-22T16:30:00+09:00,22975
LOT-02304,L4,P-L4-03,2026-04-22T20:00:00+09:00,2026-04-22T23:30:00+09:00,23095
LOT-02305,L6,P-L6-05,2026-04-22T08:00:00+09:00,2026-04-22T16:30:00+09:00,12730
LOT-02306,L6,P-L6-05,2026-04-22T20:00:00+09:00,2026-04-22T23:30:00+09:00,12850
LOT-02307,L1,P-L1-01,2026-04-23T08:00:00+09:00,2026-04-23T16:30:00+09:00,25650
LOT-02308,L1,P-L1-01,2026-04-23T20:00:00+09:00,2026-04-23T23:30:00+09:00,25770
LOT-02309,L2,P-L2-02,2026-04-23T08:00:00+09:00,2026-04-23T16:30:00+09:00,24650
LOT-02310,L2,P-L2-02,2026-04-23T20:00:00+09:00,2026-04-23T23:30:00+09:00,24770
LOT-02311,L3,P-L3-03,2026-04-23T08:00:00+09:00,2026-04-23T16:30:00+09:00,24650
LOT-02312,L3,P-L3-03,2026-04-23T20:00:00+09:00,2026-04-23T23:30:00+09:00,24770
LOT-02313,L4,P-L4-04,2026-04-23T08:00:00+09:00,2026-04-23T16:30:00+09:00,23150
LOT-02314,L4,P-L4-04,2026-04-23T20:00:00+09:00,2026-04-23T23:30:00+09:00,23270
LOT-02315,L5,P-L5-05,2026-04-23T08:00:00+09:00,2026-04-23T16:30:00+09:00,13820
LOT-02316,L5,P-L5-05,2026-04-23T20:00:00+09:00,2026-04-23T23:30:00+09:00,13940
LOT-02317,L1,P-L1-02,2026-04-24T08:00:00+09:00,2026-04-24T16:30:00+09:00,25825
LOT-02318,L1,P-L1-02,2026-04-24T20:00:00+09:00,2026-04-24T23:30:00+09:00,25945
LOT-02319,L2,P-L2-03,2026-04-24T08:00:00+09:00,2026-04-24T16:30:00+09:00,24825
LOT-02320,L2,P-L2-03,2026-04-24T20:00:00+09:00,2026-04-24T23:30:00+09:00,24945
LOT-02321,L3,P-L3-04,2026-04-24T08:00:00+09:00,2026-04-24T16:30:00+09:00,24825
LOT-02322,L3,P-L3-04,2026-04-24T20:00:00+09:00,2026-04-24T23:30:00+09:00,24945
LOT-02323,L4,P-L4-05,2026-04-24T08:00:00+09:00,2026-04-24T16:30:00+09:00,23325
LOT-02324,L4,P-L4-05,2026-04-24T20:00:00+09:00,2026-04-24T23:30:00+09:00,23445
LOT-02325,L5,P-L5-01,2026-04-24T08:00:00+09:00,2026-04-24T16:30:00+09:00,13910
LOT-02326,L5,P-L5-01,2026-04-24T20:00:00+09:00,2026-04-24T23:30:00+09:00,14030
LOT-02327,L6,P-L6-02,2026-04-24T08:00:00+09:00,2026-04-24T16:30:00+09:00,12910
LOT-02328,L6,P-L6-02,2026-04-24T20:00:00+09:00,2026-04-24T23:30:00+09:00,13030
LOT-02329,L1,P-L1-03,2026-04-25T08:00:00+09:00,2026-04-25T16:30:00+09:00,26000
LOT-02330,L1,P-L1-03,2026-04-25T20:00:00+09:00,2026-04-25T23:30:00+09:00,26120
LOT-02331,L2,P-L2-04,2026-04-25T08:00:00+09:00,2026-04-25T16:30:00+09:00,25000
LOT-02332,L2,P-L2-04,2026-04-25T20:00:00+09:00,2026-04-25T23:30:00+09:00,25120
LOT-02333,L3,P-L3-05,2026-04-25T08:00:00+09:00,2026-04-25T16:30:00+09:00,25000
LOT-02334,L3,P-L3-05,2026-04-25T20:00:00+09:00,2026-04-25T23:30:00+09:00,25120
LOT-02335,L4,P-L4-01,2026-04-25T08:00:00+09:00,2026-04-25T16:30:00+09:00,23500
LOT-02336,L4,P-L4-01,2026-04-25T20:00:00+09:00,2026-04-25T23:30:00+09:00,23620
LOT-02337,L5,P-L5-02,2026-04-25T08:00:00+09:00,2026-04-25T16:30:00+09:00,14000
LOT-02338,L5,P-L5-02,2026-04-25T20:00:00+09:00,2026-04-25T23:30:00+09:00,14120
LOT-02339,L6,P-L6-03,2026-04-25T08:00:00+09:00,2026-04-25T16:30:00+09:00,13000
LOT-02340,L6,P-L6-03,2026-04-25T20:00:00+09:00,2026-04-25T23:30:00+09:00,13120
LOT-02341,L1,P-L1-04,2026-04-26T08:00:00+09:00,2026-04-26T16:30:00+09:00,26175
LOT-02342,L1,P-L1-04,2026-04-26T20:00:00+09:00,2026-04-26T23:30:00+09:00,26295
LOT-02343,L2,P-L2-05,2026-04-26T08:00:00+09:00,2026-04-26T16:30:00+09:00,25175
LOT-02344,L2,P-L2-05,2026-04-26T20:00:00+09:00,2026-04-26T23:30:00+09:00,25295
LOT-02345,L3,P-L3-01,2026-04-26T08:00:00+09:00,2026-04-26T16:30:00+09:00,25175
LOT-02346,L3,P-L3-01,2026-04-26T20:00:00+09:00,2026-04-26T23:30:00+09:00,25295
LOT-02347,L4,P-L4-02,2026-04-26T08:00:00+09:00,2026-04-26T16:30:00+09:00,23675
LOT-02348,L4,P-L4-02,2026-04-26T20:00:00+09:00,2026-04-26T23:30:00+09:00,23795
LOT-02349,L5,P-L5-03,2026-04-26T08:00:00+09:00,2026-04-26T16:30:00+09:00,14090
LOT-02350,L5,P-L5-03,2026-04-26T20:00:00+09:00,2026-04-26T23:30:00+09:00,14210
LOT-02351,L6,P-L6-04,2026-04-26T08:00:00+09:00,2026-04-26T16:30:00+09:00,13090
LOT-02352,L6,P-L6-04,2026-04-26T20:00:00+09:00,2026-04-26T23:30:00+09:00,13210
LOT-02353,L1,P-L1-05,2026-04-27T08:00:00+09:00,2026-04-27T16:30:00+09:00,26350
LOT-02354,L1,P-L1-05,2026-04-27T20:00:00+09:00,2026-04-27T23:30:00+09:00,26470
LOT-02355,L2,P-L2-01,2026-04-27T08:00:00+09:00,2026-04-27T16:30:00+09:00,25350
LOT-02356,L2,P-L2-01,2026-04-27T20:00:00+09:00,2026-04-27T23:30:00+09:00,25470
LOT-02357,L3,P-L3-02,2026-04-27T08:00:00+09:00,2026-04-27T16:30:00+09:00,25350
LOT-02358,L3,P-L3-02,2026-04-27T20:00:00+09:00,2026-04-27T23:30:00+09:00,25470
LOT-02359,L4,P-L4-03,2026-04-27T08:00:00+09:00,2026-04-27T16:30:00+09:00,23850
LOT-02360,L4,P-L4-03,2026-04-27T20:00:00+09:00,2026-04-27T23:30:00+09:00,23970
LOT-02361,L5,P-L5-04,2026-04-27T08:00:00+09:00,2026-04-27T16:30:00+09:00,14180
LOT-02362,L5,P-L5-04,2026-04-27T20:00:00+09:00,2026-04-27T23:30:00+09:00,14300
LOT-02363,L6,P-L6-05,2026-04-27T08:00:00+09:00,2026-04-27T16:30:00+09:00,13180
LOT-02364,L6,P-L6-05,2026-04-27T20:00:00+09:00,2026-04-27T23:30:00+09:00,13300
LOT-02365,L1,P-L1-01,2026-04-28T08:00:00+09:00,2026-04-28T16:30:00+09:00,26525
LOT-02366,L1,P-L1-01,2026-04-28T20:00:00+09:00,2026-04-28T23:30:00+09:00,26645
LOT-02367,L2,P-L2-02,2026-04-28T08:00:00+09:00,2026-04-28T16:30:00+09:00,25525
LOT-02368,L2,P-L2-02,2026-04-28T20:00:00+09:00,2026-04-28T23:30:00+09:00,25645
LOT-02369,L3,P-L3-03,2026-04-28T08:00:00+09:00,2026-04-28T16:30:00+09:00,25525
LOT-02370,L3,P-L3-03,2026-04-28T20:00:00+09:00,2026-04-28T23:30:00+09:00,25645
LOT-02371,L4,P-L4-04,2026-04-28T08:00:00+09:00,2026-04-28T16:30:00+09:00,24025
LOT-02372,L4,P-L4-04,2026-04-28T20:00:00+09:00,2026-04-28T23:30:00+09:00,24145
LOT-02373,L5,P-L5-05,2026-04-28T08:00:00+09:00,2026-04-28T16:30:00+09:00,14270
LOT-02374,L5,P-L5-05,2026-04-28T20:00:00+09:00,2026-04-28T23:30:00+09:00,14390
LOT-02375,L6,P-L6-01,2026-04-28T08:00:00+09:00,2026-04-28T16:30:00+09:00,13270
LOT-02376,L6,P-L6-01,2026-04-28T20:00:00+09:00,2026-04-28T23:30:00+09:00,13390
LOT-02377,L1,P-L1-02,2026-04-29T08:00:00+09:00,2026-04-29T16:30:00+09:00,25475
LOT-02378,L1,P-L1-02,2026-04-29T20:00:00+09:00,2026-04-29T23:30:00+09:00,25595
LOT-02379,L2,P-L2-03,2026-04-29T08:00:00+09:00,2026-04-29T16:30:00+09:00,24475
LOT-02380,L2,P-L2-03,2026-04-29T20:00:00+09:00,2026-04-29T23:30:00+09:00,24595
LOT-02381,L3,P-L3-04,2026-04-29T08:00:00+09:00,2026-04-29T16:30:00+09:00,24475
LOT-02382,L3,P-L3-04,2026-04-29T20:00:00+09:00,2026-04-29T23:30:00+09:00,24595
LOT-02383,L4,P-L4-05,2026-04-29T08:00:00+09:00,2026-04-29T16:30:00+09:00,22975
LOT-02384,L4,P-L4-05,2026-04-29T20:00:00+09:00,2026-04-29T23:30:00+09:00,23095
LOT-02385,L5,P-L5-01,2026-04-29T08:00:00+09:00,2026-04-29T16:30:00+09:00,13730
LOT-02386,L5,P-L5-01,2026-04-29T20:00:00+09:00,2026-04-29T23:30:00+09:00,13850
LOT-02387,L6,P-L6-02,2026-04-29T08:00:00+09:00,2026-04-29T16:30:00+09:00,12730
LOT-02388,L6,P-L6-02,2026-04-29T20:00:00+09:00,2026-04-29T23:30:00+09:00,12850
LOT-02389,L1,P-L1-03,2026-04-30T08:00:00+09:00,2026-04-30T16:30:00+09:00,25650
LOT-02390,L1,P-L1-03,2026-04-30T20:00:00+09:00,2026-04-30T23:30:00+09:00,25770
LOT-02391,L2,P-L2-04,2026-04-30T08:00:00+09:00,2026-04-30T16:30:00+09:00,24650
LOT-02392,L2,P-L2-04,2026-04-30T20:00:00+09:00,2026-04-30T23:30:00+09:00,24770
LOT-02393,L3,P-L3-05,2026-04-30T08:00:00+09:00,2026-04-30T16:30:00+09:00,24650
LOT-02394,L3,P-L3-05,2026-04-30T20:00:00+09:00,2026-04-30T23:30:00+09:00,24770
LOT-02395,L4,P-L4-01,2026-04-30T08:00:00+09:00,2026-04-30T16:30:00+09:00,23150
LOT-02396,L4,P-L4-01,2026-04-30T20:00:00+09:00,2026-04-30T23:30:00+09:00,23270
LOT-02397,L5,P-L5-02,2026-04-30T08:00:00+09:00,2026-04-30T16:30:00+09:00,13820
LOT-02398,L5,P-L5-02,2026-04-30T20:00:00+09:00,2026-04-30T23:30:00+09:00,13940
LOT-02399,L6,P-L6-03,2026-04-30T08:00:00+09:00,2026-04-30T16:30:00+09:00,12820
LOT-02400,L6,P-L6-03,2026-04-30T20:00:00+09:00,2026-04-30T23:30:00+09:00,12940
LOT-02401,L1,P-L1-04,2026-05-01T08:00:00+09:00,2026-05-01T16:30:00+09:00,25825
LOT-02402,L1,P-L1-04,2026-05-01T20:00:00+09:00,2026-05-01T23:30:00+09:00,25945
LOT-02403,L2,P-L2-05,2026-05-01T08:00:00+09:00,2026-05-01T16:30:00+09:00,24825
LOT-02404,L2,P-L2-05,2026-05-01T20:00:00+09:00,2026-05-01T23:30:00+09:00,24945
LOT-02405,L3,P-L3-01,2026-05-01T08:00:00+09:00,2026-05-01T16:30:00+09:00,24825
LOT-02406,L3,P-L3-01,2026-05-01T20:00:00+09:00,2026-05-01T23:30:00+09:00,24945
LOT-02407,L4,P-L4-02,2026-05-01T08:00:00+09:00,2026-05-01T16:30:00+09:00,23325
LOT-02408,L4,P-L4-02,2026-05-01T20:00:00+09:00,2026-05-01T23:30:00+09:00,23445
LOT-02409,L5,P-L5-03,2026-05-01T08:00:00+09:00,2026-05-01T16:30:00+09:00,13910
LOT-02410,L5,P-L5-03,2026-05-01T20:00:00+09:00,2026-05-01T23:30:00+09:00,14030
LOT-02411,L6,P-L6-04,2026-05-01T08:00:00+09:00,2026-05-01T16:30:00+09:00,12910
LOT-02412,L6,P-L6-04,2026-05-01T20:00:00+09:00,2026-05-01T23:30:00+09:00,13030
LOT-02413,L1,P-L1-05,2026-05-02T08:00:00+09:00,2026-05-02T16:30:00+09:00,26000
LOT-02414,L1,P-L1-05,2026-05-02T20:00:00+09:00,2026-05-02T23:30:00+09:00,26120
LOT-02415,L2,P-L2-01,2026-05-02T08:00:00+09:00,2026-05-02T16:30:00+09:00,25000
LOT-02416,L2,P-L2-01,2026-05-02T20:00:00+09:00,2026-05-02T23:30:00+09:00,25120
LOT-02417,L3,P-L3-02,2026-05-02T08:00:00+09:00,2026-05-02T16:30:00+09:00,25000
LOT-02418,L3,P-L3-02,2026-05-02T20:00:00+09:00,2026-05-02T23:30:00+09:00,25120
LOT-02419,L4,P-L4-03,2026-05-02T08:00:00+09:00,2026-05-02T16:30:00+09:00,23500
LOT-02420,L4,P-L4-03,2026-05-02T20:00:00+09:00,2026-05-02T23:30:00+09:00,23620
LOT-02421,L5,P-L5-04,2026-05-02T08:00:00+09:00,2026-05-02T16:30:00+09:00,14000
LOT-02422,L5,P-L5-04,2026-05-02T20:00:00+09:00,2026-05-02T23:30:00+09:00,14120
LOT-02423,L6,P-L6-05,2026-05-02T08:00:00+09:00,2026-05-02T16:30:00+09:00,13000
LOT-02424,L6,P-L6-05,2026-05-02T20:00:00+09:00,2026-05-02T23:30:00+09:00,13120
LOT-02425,L1,P-L1-01,2026-05-03T08:00:00+09:00,2026-05-03T16:30:00+09:00,26175
LOT-02426,L1,P-L1-01,2026-05-03T20:00:00+09:00,2026-05-03T23:30:00+09:00,26295
LOT-02427,L2,P-L2-02,2026-05-03T08:00:00+09:00,2026-05-03T16:30:00+09:00,25175
LOT-02428,L2,P-L2-02,2026-05-03T20:00:00+09:00,2026-05-03T23:30:00+09:00,25295
LOT-02429,L3,P-L3-03,2026-05-03T08:00:00+09:00,2026-05-03T16:30:00+09:00,25175
LOT-02430,L3,P-L3-03,2026-05-03T20:00:00+09:00,2026-05-03T23:30:00+09:00,25295
LOT-02431,L4,P-L4-04,2026-05-03T08:00:00+09:00,2026-05-03T16:30:00+09:00,23675
LOT-02432,L4,P-L4-04,2026-05-03T20:00:00+09:00,2026-05-03T23:30:00+09:00,23795
LOT-02433,L5,P-L5-05,2026-05-03T08:00:00+09:00,2026-05-03T16:30:00+09:00,14090
LOT-02434,L5,P-L5-05,2026-05-03T20:00:00+09:00,2026-05-03T23:30:00+09:00,14210
LOT-02435,L6,P-L6-01,2026-05-03T08:00:00+09:00,2026-05-03T16:30:00+09:00,13090
LOT-02436,L6,P-L6-01,2026-05-03T20:00:00+09:00,2026-05-03T23:30:00+09:00,13210
LOT-02437,L1,P-L1-02,2026-05-04T08:00:00+09:00,2026-05-04T16:30:00+09:00,26350
LOT-02438,L1,P-L1-02,2026-05-04T20:00:00+09:00,2026-05-04T23:30:00+09:00,26470
LOT-02439,L2,P-L2-03,2026-05-04T08:00:00+09:00,2026-05-04T16:30:00+09:00,25350
LOT-02440,L2,P-L2-03,2026-05-04T20:00:00+09:00,2026-05-04T23:30:00+09:00,25470
LOT-02441,L3,P-L3-04,2026-05-04T08:00:00+09:00,2026-05-04T16:30:00+09:00,25350
LOT-02442,L3,P-L3-04,2026-05-04T20:00:00+09:00,2026-05-04T23:30:00+09:00,25470
LOT-02443,L4,P-L4-05,2026-05-04T08:00:00+09:00,2026-05-04T16:30:00+09:00,23850
LOT-02444,L4,P-L4-05,2026-05-04T20:00:00+09:00,2026-05-04T23:30:00+09:00,23970
LOT-02445,L5,P-L5-01,2026-05-04T08:00:00+09:00,2026-05-04T16:30:00+09:00,14180
LOT-02446,L5,P-L5-01,2026-05-04T20:00:00+09:00,2026-05-04T23:30:00+09:00,14300
LOT-02447,L6,P-L6-02,2026-05-04T08:00:00+09:00,2026-05-04T16:30:00+09:00,13180
LOT-02448,L6,P-L6-02,2026-05-04T20:00:00+09:00,2026-05-04T23:30:00+09:00,13300
LOT-02449,L1,P-L1-03,2026-05-05T08:00:00+09:00,2026-05-05T16:30:00+09:00,26525
LOT-02450,L1,P-L1-03,2026-05-05T20:00:00+09:00,2026-05-05T23:30:00+09:00,26645
LOT-02451,L2,P-L2-04,2026-05-05T08:00:00+09:00,2026-05-05T16:30:00+09:00,25525
LOT-02452,L2,P-L2-04,2026-05-05T20:00:00+09:00,2026-05-05T23:30:00+09:00,25645
LOT-02453,L3,P-L3-05,2026-05-05T08:00:00+09:00,2026-05-05T16:30:00+09:00,25525
LOT-02454,L3,P-L3-05,2026-05-05T20:00:00+09:00,2026-05-05T23:30:00+09:00,25645
LOT-02455,L4,P-L4-01,2026-05-05T08:00:00+09:00,2026-05-05T16:30:00+09:00,24025
LOT-02456,L4,P-L4-01,2026-05-05T20:00:00+09:00,2026-05-05T23:30:00+09:00,24145
LOT-02457,L5,P-L5-02,2026-05-05T08:00:00+09:00,2026-05-05T16:30:00+09:00,14270
LOT-02458,L5,P-L5-02,2026-05-05T20:00:00+09:00,2026-05-05T23:30:00+09:00,14390
LOT-02459,L6,P-L6-03,2026-05-05T08:00:00+09:00,2026-05-05T16:30:00+09:00,13270
LOT-02460,L6,P-L6-03,2026-05-05T20:00:00+09:00,2026-05-05T23:30:00+09:00,13390
LOT-02461,L2,P-L2-05,2026-05-06T08:00:00+09:00,2026-05-06T16:30:00+09:00,24475
LOT-02462,L2,P-L2-05,2026-05-06T20:00:00+09:00,2026-05-06T23:30:00+09:00,24595
LOT-02463,L3,P-L3-01,2026-05-06T08:00:00+09:00,2026-05-06T16:30:00+09:00,24475
LOT-02464,L3,P-L3-01,2026-05-06T20:00:00+09:00,2026-05-06T23:30:00+09:00,24595
LOT-02465,L4,P-L4-02,2026-05-06T08:00:00+09:00,2026-05-06T16:30:00+09:00,22975
LOT-02466,L4,P-L4-02,2026-05-06T20:00:00+09:00,2026-05-06T23:30:00+09:00,23095
LOT-02467,L5,P-L5-03,2026-05-06T08:00:00+09:00,2026-05-06T16:30:00+09:00,13730
LOT-02468,L5,P-L5-03,2026-05-06T20:00:00+09:00,2026-05-06T23:30:00+09:00,13850
LOT-02469,L6,P-L6-04,2026-05-06T08:00:00+09:00,2026-05-06T16:30:00+09:00,12730
LOT-02470,L6,P-L6-04,2026-05-06T20:00:00+09:00,2026-05-06T23:30:00+09:00,12850
LOT-02471,L1,P-L1-05,2026-05-07T08:00:00+09:00,2026-05-07T16:30:00+09:00,25650
LOT-02472,L1,P-L1-05,2026-05-07T20:00:00+09:00,2026-05-07T23:30:00+09:00,25770
LOT-02473,L3,P-L3-02,2026-05-07T08:00:00+09:00,2026-05-07T16:30:00+09:00,24650
LOT-02474,L3,P-L3-02,2026-05-07T20:00:00+09:00,2026-05-07T23:30:00+09:00,24770
LOT-02475,L4,P-L4-03,2026-05-07T08:00:00+09:00,2026-05-07T16:30:00+09:00,23150
LOT-02476,L4,P-L4-03,2026-05-07T20:00:00+09:00,2026-05-07T23:30:00+09:00,23270
LOT-02477,L5,P-L5-04,2026-05-07T08:00:00+09:00,2026-05-07T16:30:00+09:00,13820
LOT-02478,L5,P-L5-04,2026-05-07T20:00:00+09:00,2026-05-07T23:30:00+09:00,13940
LOT-02479,L6,P-L6-05,2026-05-07T08:00:00+09:00,2026-05-07T16:30:00+09:00,12820
LOT-02480,L6,P-L6-05,2026-05-07T20:00:00+09:00,2026-05-07T23:30:00+09:00,12940
LOT-02481,L1,P-L1-01,2026-05-08T08:00:00+09:00,2026-05-08T16:30:00+09:00,25825
LOT-02482,L1,P-L1-01,2026-05-08T20:00:00+09:00,2026-05-08T23:30:00+09:00,25945
LOT-02483,L2,P-L2-02,2026-05-08T08:00:00+09:00,2026-05-08T16:30:00+09:00,24825
LOT-02484,L2,P-L2-02,2026-05-08T20:00:00+09:00,2026-05-08T23:30:00+09:00,24945
LOT-02485,L4,P-L4-04,2026-05-08T08:00:00+09:00,2026-05-08T16:30:00+09:00,23325
LOT-02486,L4,P-L4-04,2026-05-08T20:00:00+09:00,2026-05-08T23:30:00+09:00,23445
LOT-02487,L5,P-L5-05,2026-05-08T08:00:00+09:00,2026-05-08T16:30:00+09:00,13910
LOT-02488,L5,P-L5-05,2026-05-08T20:00:00+09:00,2026-05-08T23:30:00+09:00,14030
LOT-02489,L6,P-L6-01,2026-05-08T08:00:00+09:00,2026-05-08T16:30:00+09:00,12910
LOT-02490,L6,P-L6-01,2026-05-08T20:00:00+09:00,2026-05-08T23:30:00+09:00,13030
LOT-02491,L1,P-L1-02,2026-05-09T08:00:00+09:00,2026-05-09T16:30:00+09:00,26000
LOT-02492,L1,P-L1-02,2026-05-09T20:00:00+09:00,2026-05-09T23:30:00+09:00,26120
LOT-02493,L2,P-L2-03,2026-05-09T08:00:00+09:00,2026-05-09T16:30:00+09:00,25000
LOT-02494,L2,P-L2-03,2026-05-09T20:00:00+09:00,2026-05-09T23:30:00+09:00,25120
LOT-02495,L3,P-L3-04,2026-05-09T08:00:00+09:00,2026-05-09T16:30:00+09:00,25000
LOT-02496,L3,P-L3-04,2026-05-09T20:00:00+09:00,2026-05-09T23:30:00+09:00,25120
LOT-02497,L5,P-L5-01,2026-05-09T08:00:00+09:00,2026-05-09T16:30:00+09:00,14000
LOT-02498,L5,P-L5-01,2026-05-09T20:00:00+09:00,2026-05-09T23:30:00+09:00,14120
LOT-02499,L6,P-L6-02,2026-05-09T08:00:00+09:00,2026-05-09T16:30:00+09:00,13000
LOT-02500,L6,P-L6-02,2026-05-09T20:00:00+09:00,2026-05-09T23:30:00+09:00,13120
LOT-02501,L1,P-L1-03,2026-05-10T08:00:00+09:00,2026-05-10T16:30:00+09:00,26175
LOT-02502,L1,P-L1-03,2026-05-10T20:00:00+09:00,2026-05-10T23:30:00+09:00,26295
LOT-02503,L2,P-L2-04,2026-05-10T08:00:00+09:00,2026-05-10T16:30:00+09:00,25175
LOT-02504,L2,P-L2-04,2026-05-10T20:00:00+09:00,2026-05-10T23:30:00+09:00,25295
LOT-02505,L3,P-L3-05,2026-05-10T08:00:00+09:00,2026-05-10T16:30:00+09:00,25175
LOT-02506,L3,P-L3-05,2026-05-10T20:00:00+09:00,2026-05-10T23:30:00+09:00,25295
LOT-02507,L4,P-L4-01,2026-05-10T08:00:00+09:00,2026-05-10T16:30:00+09:00,23675
LOT-02508,L4,P-L4-01,2026-05-10T20:00:00+09:00,2026-05-10T23:30:00+09:00,23795
LOT-02509,L6,P-L6-03,2026-05-10T08:00:00+09:00,2026-05-10T16:30:00+09:00,13090
LOT-02510,L6,P-L6-03,2026-05-10T20:00:00+09:00,2026-05-10T23:30:00+09:00,13210
LOT-02511,L1,P-L1-04,2026-05-11T08:00:00+09:00,2026-05-11T16:30:00+09:00,26350
LOT-02512,L1,P-L1-04,2026-05-11T20:00:00+09:00,2026-05-11T23:30:00+09:00,26470
LOT-02513,L2,P-L2-05,2026-05-11T08:00:00+09:00,2026-05-11T16:30:00+09:00,25350
LOT-02514,L2,P-L2-05,2026-05-11T20:00:00+09:00,2026-05-11T23:30:00+09:00,25470
LOT-02515,L3,P-L3-01,2026-05-11T08:00:00+09:00,2026-05-11T16:30:00+09:00,25350
LOT-02516,L3,P-L3-01,2026-05-11T20:00:00+09:00,2026-05-11T23:30:00+09:00,25470
LOT-02517,L4,P-L4-02,2026-05-11T08:00:00+09:00,2026-05-11T16:30:00+09:00,23850
LOT-02518,L4,P-L4-02,2026-05-11T20:00:00+09:00,2026-05-11T23:30:00+09:00,23970
LOT-02519,L5,P-L5-03,2026-05-11T08:00:00+09:00,2026-05-11T16:30:00+09:00,14180
LOT-02520,L5,P-L5-03,2026-05-11T20:00:00+09:00,2026-05-11T23:30:00+09:00,14300
LOT-02521,L1,P-L1-05,2026-05-12T08:00:00+09:00,2026-05-12T16:30:00+09:00,26525
LOT-02522,L1,P-L1-05,2026-05-12T20:00:00+09:00,2026-05-12T23:30:00+09:00,26645
LOT-02523,L2,P-L2-01,2026-05-12T08:00:00+09:00,2026-05-12T16:30:00+09:00,25525
LOT-02524,L2,P-L2-01,2026-05-12T20:00:00+09:00,2026-05-12T23:30:00+09:00,25645
LOT-02525,L3,P-L3-02,2026-05-12T08:00:00+09:00,2026-05-12T16:30:00+09:00,25525
LOT-02526,L3,P-L3-02,2026-05-12T20:00:00+09:00,2026-05-12T23:30:00+09:00,25645
LOT-02527,L4,P-L4-03,2026-05-12T08:00:00+09:00,2026-05-12T16:30:00+09:00,24025
LOT-02528,L4,P-L4-03,2026-05-12T20:00:00+09:00,2026-05-12T23:30:00+09:00,24145
LOT-02529,L5,P-L5-04,2026-05-12T08:00:00+09:00,2026-05-12T16:30:00+09:00,14270
LOT-02530,L5,P-L5-04,2026-05-12T20:00:00+09:00,2026-05-12T23:30:00+09:00,14390
LOT-02531,L6,P-L6-05,2026-05-12T08:00:00+09:00,2026-05-12T16:30:00+09:00,13270
LOT-02532,L6,P-L6-05,2026-05-12T20:00:00+09:00,2026-05-12T23:30:00+09:00,13390
LOT-02533,L1,P-L1-01,2026-05-13T08:00:00+09:00,2026-05-13T16:30:00+09:00,25475
LOT-02534,L1,P-L1-01,2026-05-13T20:00:00+09:00,2026-05-13T23:30:00+09:00,25595
LOT-02535,L2,P-L2-02,2026-05-13T08:00:00+09:00,2026-05-13T16:30:00+09:00,24475
LOT-02536,L2,P-L2-02,2026-05-13T20:00:00+09:00,2026-05-13T23:30:00+09:00,24595
LOT-02537,L3,P-L3-03,2026-05-13T08:00:00+09:00,2026-05-13T16:30:00+09:00,24475
LOT-02538,L3,P-L3-03,2026-05-13T20:00:00+09:00,2026-05-13T23:30:00+09:00,24595
LOT-02539,L4,P-L4-04,2026-05-13T08:00:00+09:00,2026-05-13T16:30:00+09:00,22975
LOT-02540,L4,P-L4-04,2026-05-13T20:00:00+09:00,2026-05-13T23:30:00+09:00,23095
LOT-02541,L5,P-L5-05,2026-05-13T08:00:00+09:00,2026-05-13T16:30:00+09:00,13730
LOT-02542,L5,P-L5-05,2026-05-13T20:00:00+09:00,2026-05-13T23:30:00+09:00,13850
LOT-02543,L6,P-L6-01,2026-05-13T08:00:00+09:00,2026-05-13T16:30:00+09:00,12730
LOT-02544,L6,P-L6-01,2026-05-13T20:00:00+09:00,2026-05-13T23:30:00+09:00,12850
LOT-02545,L1,P-L1-02,2026-05-14T08:00:00+09:00,2026-05-14T16:30:00+09:00,25650
LOT-02546,L1,P-L1-02,2026-05-14T20:00:00+09:00,2026-05-14T23:30:00+09:00,25770
LOT-02547,L2,P-L2-03,2026-05-14T08:00:00+09:00,2026-05-14T16:30:00+09:00,24650
LOT-02548,L2,P-L2-03,2026-05-14T20:00:00+09:00,2026-05-14T23:30:00+09:00,24770
LOT-02549,L3,P-L3-04,2026-05-14T08:00:00+09:00,2026-05-14T16:30:00+09:00,24650
LOT-02550,L3,P-L3-04,2026-05-14T20:00:00+09:00,2026-05-14T23:30:00+09:00,24770
LOT-02551,L4,P-L4-05,2026-05-14T08:00:00+09:00,2026-05-14T16:30:00+09:00,23150
LOT-02552,L4,P-L4-05,2026-05-14T20:00:00+09:00,2026-05-14T23:30:00+09:00,23270
LOT-02553,L5,P-L5-01,2026-05-14T08:00:00+09:00,2026-05-14T16:30:00+09:00,13820
LOT-02554,L5,P-L5-01,2026-05-14T20:00:00+09:00,2026-05-14T23:30:00+09:00,13940
LOT-02555,L6,P-L6-02,2026-05-14T08:00:00+09:00,2026-05-14T16:30:00+09:00,12820
LOT-02556,L6,P-L6-02,2026-05-14T20:00:00+09:00,2026-05-14T23:30:00+09:00,12940
LOT-02557,L1,P-L1-03,2026-05-15T08:00:00+09:00,2026-05-15T16:30:00+09:00,25825
LOT-02558,L1,P-L1-03,2026-05-15T20:00:00+09:00,2026-05-15T23:30:00+09:00,25945
LOT-02559,L2,P-L2-04,2026-05-15T08:00:00+09:00,2026-05-15T16:30:00+09:00,24825
LOT-02560,L2,P-L2-04,2026-05-15T20:00:00+09:00,2026-05-15T23:30:00+09:00,24945
LOT-02561,L3,P-L3-05,2026-05-15T08:00:00+09:00,2026-05-15T16:30:00+09:00,24825
LOT-02562,L3,P-L3-05,2026-05-15T20:00:00+09:00,2026-05-15T23:30:00+09:00,24945
LOT-02563,L4,P-L4-01,2026-05-15T08:00:00+09:00,2026-05-15T16:30:00+09:00,23325
LOT-02564,L4,P-L4-01,2026-05-15T20:00:00+09:00,2026-05-15T23:30:00+09:00,23445
LOT-02565,L5,P-L5-02,2026-05-15T08:00:00+09:00,2026-05-15T16:30:00+09:00,13910
LOT-02566,L5,P-L5-02,2026-05-15T20:00:00+09:00,2026-05-15T23:30:00+09:00,14030
LOT-02567,L6,P-L6-03,2026-05-15T08:00:00+09:00,2026-05-15T16:30:00+09:00,12910
LOT-02568,L6,P-L6-03,2026-05-15T20:00:00+09:00,2026-05-15T23:30:00+09:00,13030
LOT-02569,L1,P-L1-04,2026-05-16T08:00:00+09:00,2026-05-16T16:30:00+09:00,26000
LOT-02570,L1,P-L1-04,2026-05-16T20:00:00+09:00,2026-05-16T23:30:00+09:00,26120
LOT-02571,L2,P-L2-05,2026-05-16T08:00:00+09:00,2026-05-16T16:30:00+09:00,25000
LOT-02572,L2,P-L2-05,2026-05-16T20:00:00+09:00,2026-05-16T23:30:00+09:00,25120
LOT-02573,L3,P-L3-01,2026-05-16T08:00:00+09:00,2026-05-16T16:30:00+09:00,25000
LOT-02574,L3,P-L3-01,2026-05-16T20:00:00+09:00,2026-05-16T23:30:00+09:00,25120
LOT-02575,L4,P-L4-02,2026-05-16T08:00:00+09:00,2026-05-16T16:30:00+09:00,23500
LOT-02576,L4,P-L4-02,2026-05-16T20:00:00+09:00,2026-05-16T23:30:00+09:00,23620
LOT-02577,L5,P-L5-03,2026-05-16T08:00:00+09:00,2026-05-16T16:30:00+09:00,14000
LOT-02578,L5,P-L5-03,2026-05-16T20:00:00+09:00,2026-05-16T23:30:00+09:00,14120
LOT-02579,L6,P-L6-04,2026-05-16T08:00:00+09:00,2026-05-16T16:30:00+09:00,13000
LOT-02580,L6,P-L6-04,2026-05-16T20:00:00+09:00,2026-05-16T23:30:00+09:00,13120
LOT-02581,L1,P-L1-05,2026-05-17T08:00:00+09:00,2026-05-17T16:30:00+09:00,26175
LOT-02582,L1,P-L1-05,2026-05-17T20:00:00+09:00,2026-05-17T23:30:00+09:00,26295
LOT-02583,L2,P-L2-01,2026-05-17T08:00:00+09:00,2026-05-17T16:30:00+09:00,25175
LOT-02584,L2,P-L2-01,2026-05-17T20:00:00+09:00,2026-05-17T23:30:00+09:00,25295
LOT-02585,L3,P-L3-02,2026-05-17T08:00:00+09:00,2026-05-17T16:30:00+09:00,25175
LOT-02586,L3,P-L3-02,2026-05-17T20:00:00+09:00,2026-05-17T23:30:00+09:00,25295
LOT-02587,L4,P-L4-03,2026-05-17T08:00:00+09:00,2026-05-17T16:30:00+09:00,23675
LOT-02588,L4,P-L4-03,2026-05-17T20:00:00+09:00,2026-05-17T23:30:00+09:00,23795
LOT-02589,L5,P-L5-04,2026-05-17T08:00:00+09:00,2026-05-17T16:30:00+09:00,14090
LOT-02590,L5,P-L5-04,2026-05-17T20:00:00+09:00,2026-05-17T23:30:00+09:00,14210
LOT-02591,L6,P-L6-05,2026-05-17T08:00:00+09:00,2026-05-17T16:30:00+09:00,13090
LOT-02592,L6,P-L6-05,2026-05-17T20:00:00+09:00,2026-05-17T23:30:00+09:00,13210
LOT-02593,L1,P-L1-01,2026-05-18T08:00:00+09:00,2026-05-18T16:30:00+09:00,26350
LOT-02594,L1,P-L1-01,2026-05-18T20:00:00+09:00,2026-05-18T23:30:00+09:00,26470
LOT-02595,L2,P-L2-02,2026-05-18T08:00:00+09:00,2026-05-18T16:30:00+09:00,25350
LOT-02596,L2,P-L2-02,2026-05-18T20:00:00+09:00,2026-05-18T23:30:00+09:00,25470
LOT-02597,L3,P-L3-03,2026-05-18T08:00:00+09:00,2026-05-18T16:30:00+09:00,25350
LOT-02598,L3,P-L3-03,2026-05-18T20:00:00+09:00,2026-05-18T23:30:00+09:00,25470
LOT-02599,L4,P-L4-04,2026-05-18T08:00:00+09:00,2026-05-18T16:30:00+09:00,23850
LOT-02600,L4,P-L4-04,2026-05-18T20:00:00+09:00,2026-05-18T23:30:00+09:00,23970
LOT-02601,L5,P-L5-05,2026-05-18T08:00:00+09:00,2026-05-18T16:30:00+09:00,14180
LOT-02602,L5,P-L5-05,2026-05-18T20:00:00+09:00,2026-05-18T23:30:00+09:00,14300
LOT-02603,L6,P-L6-01,2026-05-18T08:00:00+09:00,2026-05-18T16:30:00+09:00,13180
LOT-02604,L6,P-L6-01,2026-05-18T20:00:00+09:00,2026-05-18T23:30:00+09:00,13300
LOT-02605,L1,P-L1-02,2026-05-19T08:00:00+09:00,2026-05-19T16:30:00+09:00,26525
LOT-02606,L1,P-L1-02,2026-05-19T20:00:00+09:00,2026-05-19T23:30:00+09:00,26645
LOT-02607,L2,P-L2-03,2026-05-19T08:00:00+09:00,2026-05-19T16:30:00+09:00,25525
LOT-02608,L2,P-L2-03,2026-05-19T20:00:00+09:00,2026-05-19T23:30:00+09:00,25645
LOT-02609,L3,P-L3-04,2026-05-19T08:00:00+09:00,2026-05-19T16:30:00+09:00,25525
LOT-02610,L3,P-L3-04,2026-05-19T20:00:00+09:00,2026-05-19T23:30:00+09:00,25645
LOT-02611,L4,P-L4-05,2026-05-19T08:00:00+09:00,2026-05-19T16:30:00+09:00,24025
LOT-02612,L4,P-L4-05,2026-05-19T20:00:00+09:00,2026-05-19T23:30:00+09:00,24145
LOT-02613,L5,P-L5-01,2026-05-19T08:00:00+09:00,2026-05-19T16:30:00+09:00,14270
LOT-02614,L5,P-L5-01,2026-05-19T20:00:00+09:00,2026-05-19T23:30:00+09:00,14390
LOT-02615,L6,P-L6-02,2026-05-19T08:00:00+09:00,2026-05-19T16:30:00+09:00,13270
LOT-02616,L6,P-L6-02,2026-05-19T20:00:00+09:00,2026-05-19T23:30:00+09:00,13390
LOT-02617,L1,P-L1-03,2026-05-20T08:00:00+09:00,2026-05-20T16:30:00+09:00,25475
LOT-02618,L1,P-L1-03,2026-05-20T20:00:00+09:00,2026-05-20T23:30:00+09:00,25595
LOT-02619,L2,P-L2-04,2026-05-20T08:00:00+09:00,2026-05-20T16:30:00+09:00,24475
LOT-02620,L2,P-L2-04,2026-05-20T20:00:00+09:00,2026-05-20T23:30:00+09:00,24595
LOT-02621,L3,P-L3-05,2026-05-20T08:00:00+09:00,2026-05-20T16:30:00+09:00,24475
LOT-02622,L3,P-L3-05,2026-05-20T20:00:00+09:00,2026-05-20T23:30:00+09:00,24595
LOT-02623,L4,P-L4-01,2026-05-20T08:00:00+09:00,2026-05-20T16:30:00+09:00,22975
LOT-02624,L4,P-L4-01,2026-05-20T20:00:00+09:00,2026-05-20T23:30:00+09:00,23095
LOT-02625,L5,P-L5-02,2026-05-20T08:00:00+09:00,2026-05-20T16:30:00+09:00,13730
LOT-02626,L5,P-L5-02,2026-05-20T20:00:00+09:00,2026-05-20T23:30:00+09:00,13850
LOT-02627,L6,P-L6-03,2026-05-20T08:00:00+09:00,2026-05-20T16:30:00+09:00,12730
LOT-02628,L6,P-L6-03,2026-05-20T20:00:00+09:00,2026-05-20T23:30:00+09:00,12850
LOT-02629,L1,P-L1-04,2026-05-21T08:00:00+09:00,2026-05-21T16:30:00+09:00,25650
LOT-02630,L1,P-L1-04,2026-05-21T20:00:00+09:00,2026-05-21T23:30:00+09:00,25770
LOT-02631,L2,P-L2-05,2026-05-21T08:00:00+09:00,2026-05-21T16:30:00+09:00,24650
LOT-02632,L2,P-L2-05,2026-05-21T20:00:00+09:00,2026-05-21T23:30:00+09:00,24770
LOT-02633,L3,P-L3-01,2026-05-21T08:00:00+09:00,2026-05-21T16:30:00+09:00,24650
LOT-02634,L3,P-L3-01,2026-05-21T20:00:00+09:00,2026-05-21T23:30:00+09:00,24770
LOT-02635,L4,P-L4-02,2026-05-21T08:00:00+09:00,2026-05-21T16:30:00+09:00,23150
LOT-02636,L4,P-L4-02,2026-05-21T20:00:00+09:00,2026-05-21T23:30:00+09:00,23270
LOT-02637,L5,P-L5-03,2026-05-21T08:00:00+09:00,2026-05-21T16:30:00+09:00,13820
LOT-02638,L5,P-L5-03,2026-05-21T20:00:00+09:00,2026-05-21T23:30:00+09:00,13940
LOT-02639,L6,P-L6-04,2026-05-21T08:00:00+09:00,2026-05-21T16:30:00+09:00,12820
LOT-02640,L6,P-L6-04,2026-05-21T20:00:00+09:00,2026-05-21T23:30:00+09:00,12940
LOT-02641,L1,P-L1-05,2026-05-22T08:00:00+09:00,2026-05-22T16:30:00+09:00,25825
LOT-02642,L1,P-L1-05,2026-05-22T20:00:00+09:00,2026-05-22T23:30:00+09:00,25945
LOT-02643,L2,P-L2-01,2026-05-22T08:00:00+09:00,2026-05-22T16:30:00+09:00,24825
LOT-02644,L2,P-L2-01,2026-05-22T20:00:00+09:00,2026-05-22T23:30:00+09:00,24945
LOT-02645,L3,P-L3-02,2026-05-22T08:00:00+09:00,2026-05-22T16:30:00+09:00,24825
LOT-02646,L3,P-L3-02,2026-05-22T20:00:00+09:00,2026-05-22T23:30:00+09:00,24945
LOT-02647,L4,P-L4-03,2026-05-22T08:00:00+09:00,2026-05-22T16:30:00+09:00,23325
LOT-02648,L4,P-L4-03,2026-05-22T20:00:00+09:00,2026-05-22T23:30:00+09:00,23445
LOT-02649,L5,P-L5-04,2026-05-22T08:00:00+09:00,2026-05-22T16:30:00+09:00,13910
LOT-02650,L5,P-L5-04,2026-05-22T20:00:00+09:00,2026-05-22T23:30:00+09:00,14030
LOT-02651,L6,P-L6-05,2026-05-22T08:00:00+09:00,2026-05-22T16:30:00+09:00,12910
LOT-02652,L6,P-L6-05,2026-05-22T20:00:00+09:00,2026-05-22T23:30:00+09:00,13030
LOT-02653,L1,P-L1-01,2026-05-23T08:00:00+09:00,2026-05-23T16:30:00+09:00,26000
LOT-02654,L1,P-L1-01,2026-05-23T20:00:00+09:00,2026-05-23T23:30:00+09:00,26120
LOT-02655,L2,P-L2-02,2026-05-23T08:00:00+09:00,2026-05-23T16:30:00+09:00,25000
LOT-02656,L2,P-L2-02,2026-05-23T20:00:00+09:00,2026-05-23T23:30:00+09:00,25120
LOT-02657,L3,P-L3-03,2026-05-23T08:00:00+09:00,2026-05-23T16:30:00+09:00,25000
LOT-02658,L3,P-L3-03,2026-05-23T20:00:00+09:00,2026-05-23T23:30:00+09:00,25120
LOT-02659,L4,P-L4-04,2026-05-23T08:00:00+09:00,2026-05-23T16:30:00+09:00,23500
LOT-02660,L4,P-L4-04,2026-05-23T20:00:00+09:00,2026-05-23T23:30:00+09:00,23620
LOT-02661,L5,P-L5-05,2026-05-23T08:00:00+09:00,2026-05-23T16:30:00+09:00,14000
LOT-02662,L5,P-L5-05,2026-05-23T20:00:00+09:00,2026-05-23T23:30:00+09:00,14120
LOT-02663,L6,P-L6-01,2026-05-23T08:00:00+09:00,2026-05-23T16:30:00+09:00,13000
LOT-02664,L6,P-L6-01,2026-05-23T20:00:00+09:00,2026-05-23T23:30:00+09:00,13120
LOT-02665,L2,P-L2-03,2026-05-24T08:00:00+09:00,2026-05-24T16:30:00+09:00,25175
LOT-02666,L2,P-L2-03,2026-05-24T20:00:00+09:00,2026-05-24T23:30:00+09:00,25295
LOT-02667,L3,P-L3-04,2026-05-24T08:00:00+09:00,2026-05-24T16:30:00+09:00,25175
LOT-02668,L3,P-L3-04,2026-05-24T20:00:00+09:00,2026-05-24T23:30:00+09:00,25295
LOT-02669,L4,P-L4-05,2026-05-24T08:00:00+09:00,2026-05-24T16:30:00+09:00,23675
LOT-02670,L4,P-L4-05,2026-05-24T20:00:00+09:00,2026-05-24T23:30:00+09:00,23795
LOT-02671,L5,P-L5-01,2026-05-24T08:00:00+09:00,2026-05-24T16:30:00+09:00,14090
LOT-02672,L5,P-L5-01,2026-05-24T20:00:00+09:00,2026-05-24T23:30:00+09:00,14210
LOT-02673,L6,P-L6-02,2026-05-24T08:00:00+09:00,2026-05-24T16:30:00+09:00,13090
LOT-02674,L6,P-L6-02,2026-05-24T20:00:00+09:00,2026-05-24T23:30:00+09:00,13210
LOT-02675,L1,P-L1-03,2026-05-25T08:00:00+09:00,2026-05-25T16:30:00+09:00,26350
LOT-02676,L1,P-L1-03,2026-05-25T20:00:00+09:00,2026-05-25T23:30:00+09:00,26470
LOT-02677,L3,P-L3-05,2026-05-25T08:00:00+09:00,2026-05-25T16:30:00+09:00,25350
LOT-02678,L3,P-L3-05,2026-05-25T20:00:00+09:00,2026-05-25T23:30:00+09:00,25470
LOT-02679,L4,P-L4-01,2026-05-25T08:00:00+09:00,2026-05-25T16:30:00+09:00,23850
LOT-02680,L4,P-L4-01,2026-05-25T20:00:00+09:00,2026-05-25T23:30:00+09:00,23970
LOT-02681,L5,P-L5-02,2026-05-25T08:00:00+09:00,2026-05-25T16:30:00+09:00,14180
LOT-02682,L5,P-L5-02,2026-05-25T20:00:00+09:00,2026-05-25T23:30:00+09:00,14300
LOT-02683,L6,P-L6-03,2026-05-25T08:00:00+09:00,2026-05-25T16:30:00+09:00,13180
LOT-02684,L6,P-L6-03,2026-05-25T20:00:00+09:00,2026-05-25T23:30:00+09:00,13300
LOT-02685,L1,P-L1-04,2026-05-26T08:00:00+09:00,2026-05-26T16:30:00+09:00,26525
LOT-02686,L1,P-L1-04,2026-05-26T20:00:00+09:00,2026-05-26T23:30:00+09:00,26645
LOT-02687,L2,P-L2-05,2026-05-26T08:00:00+09:00,2026-05-26T16:30:00+09:00,25525
LOT-02688,L2,P-L2-05,2026-05-26T20:00:00+09:00,2026-05-26T23:30:00+09:00,25645
LOT-02689,L4,P-L4-02,2026-05-26T08:00:00+09:00,2026-05-26T16:30:00+09:00,24025
LOT-02690,L4,P-L4-02,2026-05-26T20:00:00+09:00,2026-05-26T23:30:00+09:00,24145
LOT-02691,L5,P-L5-03,2026-05-26T08:00:00+09:00,2026-05-26T16:30:00+09:00,14270
LOT-02692,L5,P-L5-03,2026-05-26T20:00:00+09:00,2026-05-26T23:30:00+09:00,14390
LOT-02693,L6,P-L6-04,2026-05-26T08:00:00+09:00,2026-05-26T16:30:00+09:00,13270
LOT-02694,L6,P-L6-04,2026-05-26T20:00:00+09:00,2026-05-26T23:30:00+09:00,13390
LOT-02695,L1,P-L1-05,2026-05-27T08:00:00+09:00,2026-05-27T16:30:00+09:00,25475
LOT-02696,L1,P-L1-05,2026-05-27T20:00:00+09:00,2026-05-27T23:30:00+09:00,25595
LOT-02697,L2,P-L2-01,2026-05-27T08:00:00+09:00,2026-05-27T16:30:00+09:00,24475
LOT-02698,L2,P-L2-01,2026-05-27T20:00:00+09:00,2026-05-27T23:30:00+09:00,24595
LOT-02699,L3,P-L3-02,2026-05-27T08:00:00+09:00,2026-05-27T16:30:00+09:00,24475
LOT-02700,L3,P-L3-02,2026-05-27T20:00:00+09:00,2026-05-27T23:30:00+09:00,24595
LOT-02701,L5,P-L5-04,2026-05-27T08:00:00+09:00,2026-05-27T16:30:00+09:00,13730
LOT-02702,L5,P-L5-04,2026-05-27T20:00:00+09:00,2026-05-27T23:30:00+09:00,13850
LOT-02703,L6,P-L6-05,2026-05-27T08:00:00+09:00,2026-05-27T16:30:00+09:00,12730
LOT-02704,L6,P-L6-05,2026-05-27T20:00:00+09:00,2026-05-27T23:30:00+09:00,12850
LOT-02705,L1,P-L1-01,2026-05-28T08:00:00+09:00,2026-05-28T16:30:00+09:00,25650
LOT-02706,L1,P-L1-01,2026-05-28T20:00:00+09:00,2026-05-28T23:30:00+09:00,25770
LOT-02707,L2,P-L2-02,2026-05-28T08:00:00+09:00,2026-05-28T16:30:00+09:00,24650
LOT-02708,L2,P-L2-02,2026-05-28T20:00:00+09:00,2026-05-28T23:30:00+09:00,24770
LOT-02709,L3,P-L3-03,2026-05-28T08:00:00+09:00,2026-05-28T16:30:00+09:00,24650
LOT-02710,L3,P-L3-03,2026-05-28T20:00:00+09:00,2026-05-28T23:30:00+09:00,24770
LOT-02711,L4,P-L4-04,2026-05-28T08:00:00+09:00,2026-05-28T16:30:00+09:00,23150
LOT-02712,L4,P-L4-04,2026-05-28T20:00:00+09:00,2026-05-28T23:30:00+09:00,23270
LOT-02713,L6,P-L6-01,2026-05-28T08:00:00+09:00,2026-05-28T16:30:00+09:00,12820
LOT-02714,L6,P-L6-01,2026-05-28T20:00:00+09:00,2026-05-28T23:30:00+09:00,12940
LOT-02715,L1,P-L1-02,2026-05-29T08:00:00+09:00,2026-05-29T16:30:00+09:00,25825
LOT-02716,L1,P-L1-02,2026-05-29T20:00:00+09:00,2026-05-29T23:30:00+09:00,25945
LOT-02717,L2,P-L2-03,2026-05-29T08:00:00+09:00,2026-05-29T16:30:00+09:00,24825
LOT-02718,L2,P-L2-03,2026-05-29T20:00:00+09:00,2026-05-29T23:30:00+09:00,24945
LOT-02719,L3,P-L3-04,2026-05-29T08:00:00+09:00,2026-05-29T16:30:00+09:00,24825
LOT-02720,L3,P-L3-04,2026-05-29T20:00:00+09:00,2026-05-29T23:30:00+09:00,24945
LOT-02721,L4,P-L4-05,2026-05-29T08:00:00+09:00,2026-05-29T16:30:00+09:00,23325
LOT-02722,L4,P-L4-05,2026-05-29T20:00:00+09:00,2026-05-29T23:30:00+09:00,23445
LOT-02723,L5,P-L5-01,2026-05-29T08:00:00+09:00,2026-05-29T16:30:00+09:00,13910
LOT-02724,L5,P-L5-01,2026-05-29T20:00:00+09:00,2026-05-29T23:30:00+09:00,14030
LOT-02725,L1,P-L1-03,2026-05-30T08:00:00+09:00,2026-05-30T16:30:00+09:00,26000
LOT-02726,L1,P-L1-03,2026-05-30T20:00:00+09:00,2026-05-30T23:30:00+09:00,26120
LOT-02727,L2,P-L2-04,2026-05-30T08:00:00+09:00,2026-05-30T16:30:00+09:00,25000
LOT-02728,L2,P-L2-04,2026-05-30T20:00:00+09:00,2026-05-30T23:30:00+09:00,25120
LOT-02729,L3,P-L3-05,2026-05-30T08:00:00+09:00,2026-05-30T16:30:00+09:00,25000
LOT-02730,L3,P-L3-05,2026-05-30T20:00:00+09:00,2026-05-30T23:30:00+09:00,25120
LOT-02731,L4,P-L4-01,2026-05-30T08:00:00+09:00,2026-05-30T16:30:00+09:00,23500
LOT-02732,L4,P-L4-01,2026-05-30T20:00:00+09:00,2026-05-30T23:30:00+09:00,23620
LOT-02733,L5,P-L5-02,2026-05-30T08:00:00+09:00,2026-05-30T16:30:00+09:00,14000
LOT-02734,L5,P-L5-02,2026-05-30T20:00:00+09:00,2026-05-30T23:30:00+09:00,14120
LOT-02735,L6,P-L6-03,2026-05-30T08:00:00+09:00,2026-05-30T16:30:00+09:00,13000
LOT-02736,L6,P-L6-03,2026-05-30T20:00:00+09:00,2026-05-30T23:30:00+09:00,13120
LOT-02737,L1,P-L1-04,2026-05-31T08:00:00+09:00,2026-05-31T16:30:00+09:00,26175
LOT-02738,L1,P-L1-04,2026-05-31T20:00:00+09:00,2026-05-31T23:30:00+09:00,26295
LOT-02739,L2,P-L2-05,2026-05-31T08:00:00+09:00,2026-05-31T16:30:00+09:00,25175
LOT-02740,L2,P-L2-05,2026-05-31T20:00:00+09:00,2026-05-31T23:30:00+09:00,25295
LOT-02741,L3,P-L3-01,2026-05-31T08:00:00+09:00,2026-05-31T16:30:00+09:00,25175
LOT-02742,L3,P-L3-01,2026-05-31T20:00:00+09:00,2026-05-31T23:30:00+09:00,25295
LOT-02743,L4,P-L4-02,2026-05-31T08:00:00+09:00,2026-05-31T16:30:00+09:00,23675
LOT-02744,L4,P-L4-02,2026-05-31T20:00:00+09:00,2026-05-31T23:30:00+09:00,23795
LOT-02745,L5,P-L5-03,2026-05-31T08:00:00+09:00,2026-05-31T16:30:00+09:00,14090
LOT-02746,L5,P-L5-03,2026-05-31T20:00:00+09:00,2026-05-31T23:30:00+09:00,14210
LOT-02747,L6,P-L6-04,2026-05-31T08:00:00+09:00,2026-05-31T16:30:00+09:00,13090
LOT-02748,L6,P-L6-04,2026-05-31T20:00:00+09:00,2026-05-31T23:30:00+09:00,13210
LOT-02749,L1,P-L1-05,2026-06-01T08:00:00+09:00,2026-06-01T16:30:00+09:00,26350
LOT-02750,L1,P-L1-05,2026-06-01T20:00:00+09:00,2026-06-01T23:30:00+09:00,26470
LOT-02751,L2,P-L2-01,2026-06-01T08:00:00+09:00,2026-06-01T16:30:00+09:00,25350
LOT-02752,L2,P-L2-01,2026-06-01T20:00:00+09:00,2026-06-01T23:30:00+09:00,25470
LOT-02753,L3,P-L3-02,2026-06-01T08:00:00+09:00,2026-06-01T16:30:00+09:00,25350
LOT-02754,L3,P-L3-02,2026-06-01T20:00:00+09:00,2026-06-01T23:30:00+09:00,25470
LOT-02755,L4,P-L4-03,2026-06-01T08:00:00+09:00,2026-06-01T16:30:00+09:00,23850
LOT-02756,L4,P-L4-03,2026-06-01T20:00:00+09:00,2026-06-01T23:30:00+09:00,23970
LOT-02757,L5,P-L5-04,2026-06-01T08:00:00+09:00,2026-06-01T16:30:00+09:00,14180
LOT-02758,L5,P-L5-04,2026-06-01T20:00:00+09:00,2026-06-01T23:30:00+09:00,14300
LOT-02759,L6,P-L6-05,2026-06-01T08:00:00+09:00,2026-06-01T16:30:00+09:00,13180
LOT-02760,L6,P-L6-05,2026-06-01T20:00:00+09:00,2026-06-01T23:30:00+09:00,13300
LOT-02761,L1,P-L1-01,2026-06-02T08:00:00+09:00,2026-06-02T16:30:00+09:00,26525
LOT-02762,L1,P-L1-01,2026-06-02T20:00:00+09:00,2026-06-02T23:30:00+09:00,26645
LOT-02763,L2,P-L2-02,2026-06-02T08:00:00+09:00,2026-06-02T16:30:00+09:00,25525
LOT-02764,L2,P-L2-02,2026-06-02T20:00:00+09:00,2026-06-02T23:30:00+09:00,25645
LOT-02765,L3,P-L3-03,2026-06-02T08:00:00+09:00,2026-06-02T16:30:00+09:00,25525
LOT-02766,L3,P-L3-03,2026-06-02T20:00:00+09:00,2026-06-02T23:30:00+09:00,25645
LOT-02767,L4,P-L4-04,2026-06-02T08:00:00+09:00,2026-06-02T16:30:00+09:00,24025
LOT-02768,L4,P-L4-04,2026-06-02T20:00:00+09:00,2026-06-02T23:30:00+09:00,24145
LOT-02769,L5,P-L5-05,2026-06-02T08:00:00+09:00,2026-06-02T16:30:00+09:00,14270
LOT-02770,L5,P-L5-05,2026-06-02T20:00:00+09:00,2026-06-02T23:30:00+09:00,14390
LOT-02771,L6,P-L6-01,2026-06-02T08:00:00+09:00,2026-06-02T16:30:00+09:00,13270
LOT-02772,L6,P-L6-01,2026-06-02T20:00:00+09:00,2026-06-02T23:30:00+09:00,13390
LOT-02773,L1,P-L1-02,2026-06-03T08:00:00+09:00,2026-06-03T16:30:00+09:00,25475
LOT-02774,L1,P-L1-02,2026-06-03T20:00:00+09:00,2026-06-03T23:30:00+09:00,25595
LOT-02775,L2,P-L2-03,2026-06-03T08:00:00+09:00,2026-06-03T16:30:00+09:00,24475
LOT-02776,L2,P-L2-03,2026-06-03T20:00:00+09:00,2026-06-03T23:30:00+09:00,24595
LOT-02777,L3,P-L3-04,2026-06-03T08:00:00+09:00,2026-06-03T16:30:00+09:00,24475
LOT-02778,L3,P-L3-04,2026-06-03T20:00:00+09:00,2026-06-03T23:30:00+09:00,24595
LOT-02779,L4,P-L4-05,2026-06-03T08:00:00+09:00,2026-06-03T16:30:00+09:00,22975
LOT-02780,L4,P-L4-05,2026-06-03T20:00:00+09:00,2026-06-03T23:30:00+09:00,23095
LOT-02781,L5,P-L5-01,2026-06-03T08:00:00+09:00,2026-06-03T16:30:00+09:00,13730
LOT-02782,L5,P-L5-01,2026-06-03T20:00:00+09:00,2026-06-03T23:30:00+09:00,13850
LOT-02783,L6,P-L6-02,2026-06-03T08:00:00+09:00,2026-06-03T16:30:00+09:00,12730
LOT-02784,L6,P-L6-02,2026-06-03T20:00:00+09:00,2026-06-03T23:30:00+09:00,12850
LOT-02785,L1,P-L1-03,2026-06-04T08:00:00+09:00,2026-06-04T16:30:00+09:00,25650
LOT-02786,L1,P-L1-03,2026-06-04T20:00:00+09:00,2026-06-04T23:30:00+09:00,25770
LOT-02787,L2,P-L2-04,2026-06-04T08:00:00+09:00,2026-06-04T16:30:00+09:00,24650
LOT-02788,L2,P-L2-04,2026-06-04T20:00:00+09:00,2026-06-04T23:30:00+09:00,24770
LOT-02789,L3,P-L3-05,2026-06-04T08:00:00+09:00,2026-06-04T16:30:00+09:00,24650
LOT-02790,L3,P-L3-05,2026-06-04T20:00:00+09:00,2026-06-04T23:30:00+09:00,24770
LOT-02791,L4,P-L4-01,2026-06-04T08:00:00+09:00,2026-06-04T16:30:00+09:00,23150
LOT-02792,L4,P-L4-01,2026-06-04T20:00:00+09:00,2026-06-04T23:30:00+09:00,23270
LOT-02793,L5,P-L5-02,2026-06-04T08:00:00+09:00,2026-06-04T16:30:00+09:00,13820
LOT-02794,L5,P-L5-02,2026-06-04T20:00:00+09:00,2026-06-04T23:30:00+09:00,13940
LOT-02795,L6,P-L6-03,2026-06-04T08:00:00+09:00,2026-06-04T16:30:00+09:00,12820
LOT-02796,L6,P-L6-03,2026-06-04T20:00:00+09:00,2026-06-04T23:30:00+09:00,12940
LOT-02797,L1,P-L1-04,2026-06-05T08:00:00+09:00,2026-06-05T16:30:00+09:00,25825
LOT-02798,L1,P-L1-04,2026-06-05T20:00:00+09:00,2026-06-05T23:30:00+09:00,25945
LOT-02799,L2,P-L2-05,2026-06-05T08:00:00+09:00,2026-06-05T16:30:00+09:00,24825
LOT-02800,L2,P-L2-05,2026-06-05T20:00:00+09:00,2026-06-05T23:30:00+09:00,24945
LOT-02801,L3,P-L3-01,2026-06-05T08:00:00+09:00,2026-06-05T16:30:00+09:00,24825
LOT-02802,L3,P-L3-01,2026-06-05T20:00:00+09:00,2026-06-05T23:30:00+09:00,24945
LOT-02803,L4,P-L4-02,2026-06-05T08:00:00+09:00,2026-06-05T16:30:00+09:00,23325
LOT-02804,L4,P-L4-02,2026-06-05T20:00:00+09:00,2026-06-05T23:30:00+09:00,23445
LOT-02805,L5,P-L5-03,2026-06-05T08:00:00+09:00,2026-06-05T16:30:00+09:00,13910
LOT-02806,L5,P-L5-03,2026-06-05T20:00:00+09:00,2026-06-05T23:30:00+09:00,14030
LOT-02807,L6,P-L6-04,2026-06-05T08:00:00+09:00,2026-06-05T16:30:00+09:00,12910
LOT-02808,L6,P-L6-04,2026-06-05T20:00:00+09:00,2026-06-05T23:30:00+09:00,13030
LOT-02809,L1,P-L1-05,2026-06-06T08:00:00+09:00,2026-06-06T16:30:00+09:00,26000
LOT-02810,L1,P-L1-05,2026-06-06T20:00:00+09:00,2026-06-06T23:30:00+09:00,26120
LOT-02811,L2,P-L2-01,2026-06-06T08:00:00+09:00,2026-06-06T16:30:00+09:00,25000
LOT-02812,L2,P-L2-01,2026-06-06T20:00:00+09:00,2026-06-06T23:30:00+09:00,25120
LOT-02813,L3,P-L3-02,2026-06-06T08:00:00+09:00,2026-06-06T16:30:00+09:00,25000
LOT-02814,L3,P-L3-02,2026-06-06T20:00:00+09:00,2026-06-06T23:30:00+09:00,25120
LOT-02815,L4,P-L4-03,2026-06-06T08:00:00+09:00,2026-06-06T16:30:00+09:00,23500
LOT-02816,L4,P-L4-03,2026-06-06T20:00:00+09:00,2026-06-06T23:30:00+09:00,23620
LOT-02817,L5,P-L5-04,2026-06-06T08:00:00+09:00,2026-06-06T16:30:00+09:00,14000
LOT-02818,L5,P-L5-04,2026-06-06T20:00:00+09:00,2026-06-06T23:30:00+09:00,14120
LOT-02819,L6,P-L6-05,2026-06-06T08:00:00+09:00,2026-06-06T16:30:00+09:00,13000
LOT-02820,L6,P-L6-05,2026-06-06T20:00:00+09:00,2026-06-06T23:30:00+09:00,13120
LOT-02821,L1,P-L1-01,2026-06-07T08:00:00+09:00,2026-06-07T16:30:00+09:00,26175
LOT-02822,L1,P-L1-01,2026-06-07T20:00:00+09:00,2026-06-07T23:30:00+09:00,26295
LOT-02823,L2,P-L2-02,2026-06-07T08:00:00+09:00,2026-06-07T16:30:00+09:00,25175
LOT-02824,L2,P-L2-02,2026-06-07T20:00:00+09:00,2026-06-07T23:30:00+09:00,25295
LOT-02825,L3,P-L3-03,2026-06-07T08:00:00+09:00,2026-06-07T16:30:00+09:00,25175
LOT-02826,L3,P-L3-03,2026-06-07T20:00:00+09:00,2026-06-07T23:30:00+09:00,25295
LOT-02827,L4,P-L4-04,2026-06-07T08:00:00+09:00,2026-06-07T16:30:00+09:00,23675
LOT-02828,L4,P-L4-04,2026-06-07T20:00:00+09:00,2026-06-07T23:30:00+09:00,23795
LOT-02829,L5,P-L5-05,2026-06-07T08:00:00+09:00,2026-06-07T16:30:00+09:00,14090
LOT-02830,L5,P-L5-05,2026-06-07T20:00:00+09:00,2026-06-07T23:30:00+09:00,14210
LOT-02831,L6,P-L6-01,2026-06-07T08:00:00+09:00,2026-06-07T16:30:00+09:00,13090
LOT-02832,L6,P-L6-01,2026-06-07T20:00:00+09:00,2026-06-07T23:30:00+09:00,13210
LOT-02833,L1,P-L1-02,2026-06-08T08:00:00+09:00,2026-06-08T16:30:00+09:00,26350
LOT-02834,L1,P-L1-02,2026-06-08T20:00:00+09:00,2026-06-08T23:30:00+09:00,26470
LOT-02835,L2,P-L2-03,2026-06-08T08:00:00+09:00,2026-06-08T16:30:00+09:00,25350
LOT-02836,L2,P-L2-03,2026-06-08T20:00:00+09:00,2026-06-08T23:30:00+09:00,25470
LOT-02837,L3,P-L3-04,2026-06-08T08:00:00+09:00,2026-06-08T16:30:00+09:00,25350
LOT-02838,L3,P-L3-04,2026-06-08T20:00:00+09:00,2026-06-08T23:30:00+09:00,25470
LOT-02839,L4,P-L4-05,2026-06-08T08:00:00+09:00,2026-06-08T16:30:00+09:00,23850
LOT-02840,L4,P-L4-05,2026-06-08T20:00:00+09:00,2026-06-08T23:30:00+09:00,23970
LOT-02841,L5,P-L5-01,2026-06-08T08:00:00+09:00,2026-06-08T16:30:00+09:00,14180
LOT-02842,L5,P-L5-01,2026-06-08T20:00:00+09:00,2026-06-08T23:30:00+09:00,14300
LOT-02843,L6,P-L6-02,2026-06-08T08:00:00+09:00,2026-06-08T16:30:00+09:00,13180
LOT-02844,L6,P-L6-02,2026-06-08T20:00:00+09:00,2026-06-08T23:30:00+09:00,13300
LOT-02845,L1,P-L1-03,2026-06-09T08:00:00+09:00,2026-06-09T16:30:00+09:00,26525
LOT-02846,L1,P-L1-03,2026-06-09T20:00:00+09:00,2026-06-09T23:30:00+09:00,26645
LOT-02847,L2,P-L2-04,2026-06-09T08:00:00+09:00,2026-06-09T16:30:00+09:00,25525
LOT-02848,L2,P-L2-04,2026-06-09T20:00:00+09:00,2026-06-09T23:30:00+09:00,25645
LOT-02849,L3,P-L3-05,2026-06-09T08:00:00+09:00,2026-06-09T16:30:00+09:00,25525
LOT-02850,L3,P-L3-05,2026-06-09T20:00:00+09:00,2026-06-09T23:30:00+09:00,25645
LOT-02851,L4,P-L4-01,2026-06-09T08:00:00+09:00,2026-06-09T16:30:00+09:00,24025
LOT-02852,L4,P-L4-01,2026-06-09T20:00:00+09:00,2026-06-09T23:30:00+09:00,24145
LOT-02853,L5,P-L5-02,2026-06-09T08:00:00+09:00,2026-06-09T16:30:00+09:00,14270
LOT-02854,L5,P-L5-02,2026-06-09T20:00:00+09:00,2026-06-09T23:30:00+09:00,14390
LOT-02855,L6,P-L6-03,2026-06-09T08:00:00+09:00,2026-06-09T16:30:00+09:00,13270
LOT-02856,L6,P-L6-03,2026-06-09T20:00:00+09:00,2026-06-09T23:30:00+09:00,13390
LOT-02857,L1,P-L1-04,2026-06-10T08:00:00+09:00,2026-06-10T16:30:00+09:00,25475
LOT-02858,L1,P-L1-04,2026-06-10T20:00:00+09:00,2026-06-10T23:30:00+09:00,25595
LOT-02859,L2,P-L2-05,2026-06-10T08:00:00+09:00,2026-06-10T16:30:00+09:00,24475
LOT-02860,L2,P-L2-05,2026-06-10T20:00:00+09:00,2026-06-10T23:30:00+09:00,24595
LOT-02861,L3,P-L3-01,2026-06-10T08:00:00+09:00,2026-06-10T16:30:00+09:00,24475
LOT-02862,L3,P-L3-01,2026-06-10T20:00:00+09:00,2026-06-10T23:30:00+09:00,24595
LOT-02863,L4,P-L4-02,2026-06-10T08:00:00+09:00,2026-06-10T16:30:00+09:00,22975
LOT-02864,L4,P-L4-02,2026-06-10T20:00:00+09:00,2026-06-10T23:30:00+09:00,23095
LOT-02865,L5,P-L5-03,2026-06-10T08:00:00+09:00,2026-06-10T16:30:00+09:00,13730
LOT-02866,L5,P-L5-03,2026-06-10T20:00:00+09:00,2026-06-10T23:30:00+09:00,13850
LOT-02867,L6,P-L6-04,2026-06-10T08:00:00+09:00,2026-06-10T16:30:00+09:00,12730
LOT-02868,L6,P-L6-04,2026-06-10T20:00:00+09:00,2026-06-10T23:30:00+09:00,12850
LOT-02869,L2,P-L2-01,2026-06-11T08:00:00+09:00,2026-06-11T16:30:00+09:00,24650
LOT-02870,L2,P-L2-01,2026-06-11T20:00:00+09:00,2026-06-11T23:30:00+09:00,24770
LOT-02871,L3,P-L3-02,2026-06-11T08:00:00+09:00,2026-06-11T16:30:00+09:00,24650
LOT-02872,L3,P-L3-02,2026-06-11T20:00:00+09:00,2026-06-11T23:30:00+09:00,24770
LOT-02873,L4,P-L4-03,2026-06-11T08:00:00+09:00,2026-06-11T16:30:00+09:00,23150
LOT-02874,L4,P-L4-03,2026-06-11T20:00:00+09:00,2026-06-11T23:30:00+09:00,23270
LOT-02875,L5,P-L5-04,2026-06-11T08:00:00+09:00,2026-06-11T16:30:00+09:00,13820
LOT-02876,L5,P-L5-04,2026-06-11T20:00:00+09:00,2026-06-11T23:30:00+09:00,13940
LOT-02877,L6,P-L6-05,2026-06-11T08:00:00+09:00,2026-06-11T16:30:00+09:00,12820
LOT-02878,L6,P-L6-05,2026-06-11T20:00:00+09:00,2026-06-11T23:30:00+09:00,12940
LOT-02879,L1,P-L1-01,2026-06-12T08:00:00+09:00,2026-06-12T16:30:00+09:00,25825
LOT-02880,L1,P-L1-01,2026-06-12T20:00:00+09:00,2026-06-12T23:30:00+09:00,25945
LOT-02881,L3,P-L3-03,2026-06-12T08:00:00+09:00,2026-06-12T16:30:00+09:00,24825
LOT-02882,L3,P-L3-03,2026-06-12T20:00:00+09:00,2026-06-12T23:30:00+09:00,24945
LOT-02883,L4,P-L4-04,2026-06-12T08:00:00+09:00,2026-06-12T16:30:00+09:00,23325
LOT-02884,L4,P-L4-04,2026-06-12T20:00:00+09:00,2026-06-12T23:30:00+09:00,23445
LOT-02885,L5,P-L5-05,2026-06-12T08:00:00+09:00,2026-06-12T16:30:00+09:00,13910
LOT-02886,L5,P-L5-05,2026-06-12T20:00:00+09:00,2026-06-12T23:30:00+09:00,14030
LOT-02887,L6,P-L6-01,2026-06-12T08:00:00+09:00,2026-06-12T16:30:00+09:00,12910
LOT-02888,L6,P-L6-01,2026-06-12T20:00:00+09:00,2026-06-12T23:30:00+09:00,13030
LOT-02889,L1,P-L1-02,2026-06-13T08:00:00+09:00,2026-06-13T16:30:00+09:00,26000
LOT-02890,L1,P-L1-02,2026-06-13T20:00:00+09:00,2026-06-13T23:30:00+09:00,26120
LOT-02891,L2,P-L2-03,2026-06-13T08:00:00+09:00,2026-06-13T16:30:00+09:00,25000
LOT-02892,L2,P-L2-03,2026-06-13T20:00:00+09:00,2026-06-13T23:30:00+09:00,25120
LOT-02893,L4,P-L4-05,2026-06-13T08:00:00+09:00,2026-06-13T16:30:00+09:00,23500
LOT-02894,L4,P-L4-05,2026-06-13T20:00:00+09:00,2026-06-13T23:30:00+09:00,23620
LOT-02895,L5,P-L5-01,2026-06-13T08:00:00+09:00,2026-06-13T16:30:00+09:00,14000
LOT-02896,L5,P-L5-01,2026-06-13T20:00:00+09:00,2026-06-13T23:30:00+09:00,14120
LOT-02897,L6,P-L6-02,2026-06-13T08:00:00+09:00,2026-06-13T16:30:00+09:00,13000
LOT-02898,L6,P-L6-02,2026-06-13T20:00:00+09:00,2026-06-13T23:30:00+09:00,13120
LOT-02899,L1,P-L1-03,2026-06-14T08:00:00+09:00,2026-06-14T16:30:00+09:00,26175
LOT-02900,L1,P-L1-03,2026-06-14T20:00:00+09:00,2026-06-14T23:30:00+09:00,26295
LOT-02901,L2,P-L2-04,2026-06-14T08:00:00+09:00,2026-06-14T16:30:00+09:00,25175
LOT-02902,L2,P-L2-04,2026-06-14T20:00:00+09:00,2026-06-14T23:30:00+09:00,25295
LOT-02903,L3,P-L3-05,2026-06-14T08:00:00+09:00,2026-06-14T16:30:00+09:00,25175
LOT-02904,L3,P-L3-05,2026-06-14T20:00:00+09:00,2026-06-14T23:30:00+09:00,25295
LOT-02905,L5,P-L5-02,2026-06-14T08:00:00+09:00,2026-06-14T16:30:00+09:00,14090
LOT-02906,L5,P-L5-02,2026-06-14T20:00:00+09:00,2026-06-14T23:30:00+09:00,14210
LOT-02907,L6,P-L6-03,2026-06-14T08:00:00+09:00,2026-06-14T16:30:00+09:00,13090
LOT-02908,L6,P-L6-03,2026-06-14T20:00:00+09:00,2026-06-14T23:30:00+09:00,13210
LOT-02909,L1,P-L1-04,2026-06-15T08:00:00+09:00,2026-06-15T16:30:00+09:00,26350
LOT-02910,L1,P-L1-04,2026-06-15T20:00:00+09:00,2026-06-15T23:30:00+09:00,26470
LOT-02911,L2,P-L2-05,2026-06-15T08:00:00+09:00,2026-06-15T16:30:00+09:00,25350
LOT-02912,L2,P-L2-05,2026-06-15T20:00:00+09:00,2026-06-15T23:30:00+09:00,25470
LOT-02913,L3,P-L3-01,2026-06-15T08:00:00+09:00,2026-06-15T16:30:00+09:00,25350
LOT-02914,L3,P-L3-01,2026-06-15T20:00:00+09:00,2026-06-15T23:30:00+09:00,25470
LOT-02915,L4,P-L4-02,2026-06-15T08:00:00+09:00,2026-06-15T16:30:00+09:00,23850
LOT-02916,L4,P-L4-02,2026-06-15T20:00:00+09:00,2026-06-15T23:30:00+09:00,23970
LOT-02917,L6,P-L6-04,2026-06-15T08:00:00+09:00,2026-06-15T16:30:00+09:00,13180
LOT-02918,L6,P-L6-04,2026-06-15T20:00:00+09:00,2026-06-15T23:30:00+09:00,13300
LOT-02919,L1,P-L1-05,2026-06-16T08:00:00+09:00,2026-06-16T16:30:00+09:00,26525
LOT-02920,L1,P-L1-05,2026-06-16T20:00:00+09:00,2026-06-16T23:30:00+09:00,26645
LOT-02921,L2,P-L2-01,2026-06-16T08:00:00+09:00,2026-06-16T16:30:00+09:00,25525
LOT-02922,L2,P-L2-01,2026-06-16T20:00:00+09:00,2026-06-16T23:30:00+09:00,25645
LOT-02923,L3,P-L3-02,2026-06-16T08:00:00+09:00,2026-06-16T16:30:00+09:00,25525
LOT-02924,L3,P-L3-02,2026-06-16T20:00:00+09:00,2026-06-16T23:30:00+09:00,25645
LOT-02925,L4,P-L4-03,2026-06-16T08:00:00+09:00,2026-06-16T16:30:00+09:00,24025
LOT-02926,L4,P-L4-03,2026-06-16T20:00:00+09:00,2026-06-16T23:30:00+09:00,24145
LOT-02927,L5,P-L5-04,2026-06-16T08:00:00+09:00,2026-06-16T16:30:00+09:00,14270
LOT-02928,L5,P-L5-04,2026-06-16T20:00:00+09:00,2026-06-16T23:30:00+09:00,14390
LOT-02929,L1,P-L1-01,2026-06-17T08:00:00+09:00,2026-06-17T16:30:00+09:00,25475
LOT-02930,L1,P-L1-01,2026-06-17T20:00:00+09:00,2026-06-17T23:30:00+09:00,25595
LOT-02931,L2,P-L2-02,2026-06-17T08:00:00+09:00,2026-06-17T16:30:00+09:00,24475
LOT-02932,L2,P-L2-02,2026-06-17T20:00:00+09:00,2026-06-17T23:30:00+09:00,24595
LOT-02933,L3,P-L3-03,2026-06-17T08:00:00+09:00,2026-06-17T16:30:00+09:00,24475
LOT-02934,L3,P-L3-03,2026-06-17T20:00:00+09:00,2026-06-17T23:30:00+09:00,24595
LOT-02935,L4,P-L4-04,2026-06-17T08:00:00+09:00,2026-06-17T16:30:00+09:00,22975
LOT-02936,L4,P-L4-04,2026-06-17T20:00:00+09:00,2026-06-17T23:30:00+09:00,23095
LOT-02937,L5,P-L5-05,2026-06-17T08:00:00+09:00,2026-06-17T16:30:00+09:00,13730
LOT-02938,L5,P-L5-05,2026-06-17T20:00:00+09:00,2026-06-17T23:30:00+09:00,13850
LOT-02939,L6,P-L6-01,2026-06-17T08:00:00+09:00,2026-06-17T16:30:00+09:00,12730
LOT-02940,L6,P-L6-01,2026-06-17T20:00:00+09:00,2026-06-17T23:30:00+09:00,12850
LOT-02941,L1,P-L1-02,2026-06-18T08:00:00+09:00,2026-06-18T16:30:00+09:00,25650
LOT-02942,L1,P-L1-02,2026-06-18T20:00:00+09:00,2026-06-18T23:30:00+09:00,25770
LOT-02943,L2,P-L2-03,2026-06-18T08:00:00+09:00,2026-06-18T16:30:00+09:00,24650
LOT-02944,L2,P-L2-03,2026-06-18T20:00:00+09:00,2026-06-18T23:30:00+09:00,24770
LOT-02945,L3,P-L3-04,2026-06-18T08:00:00+09:00,2026-06-18T16:30:00+09:00,24650
LOT-02946,L3,P-L3-04,2026-06-18T20:00:00+09:00,2026-06-18T23:30:00+09:00,24770
LOT-02947,L4,P-L4-05,2026-06-18T08:00:00+09:00,2026-06-18T16:30:00+09:00,23150
LOT-02948,L4,P-L4-05,2026-06-18T20:00:00+09:00,2026-06-18T23:30:00+09:00,23270
LOT-02949,L5,P-L5-01,2026-06-18T08:00:00+09:00,2026-06-18T16:30:00+09:00,13820
LOT-02950,L5,P-L5-01,2026-06-18T20:00:00+09:00,2026-06-18T23:30:00+09:00,13940
LOT-02951,L6,P-L6-02,2026-06-18T08:00:00+09:00,2026-06-18T16:30:00+09:00,12820
LOT-02952,L6,P-L6-02,2026-06-18T20:00:00+09:00,2026-06-18T23:30:00+09:00,12940
LOT-02953,L1,P-L1-03,2026-06-19T08:00:00+09:00,2026-06-19T16:30:00+09:00,25825
LOT-02954,L1,P-L1-03,2026-06-19T20:00:00+09:00,2026-06-19T23:30:00+09:00,25945
LOT-02955,L2,P-L2-04,2026-06-19T08:00:00+09:00,2026-06-19T16:30:00+09:00,24825
LOT-02956,L2,P-L2-04,2026-06-19T20:00:00+09:00,2026-06-19T23:30:00+09:00,24945
LOT-02957,L3,P-L3-05,2026-06-19T08:00:00+09:00,2026-06-19T16:30:00+09:00,24825
LOT-02958,L3,P-L3-05,2026-06-19T20:00:00+09:00,2026-06-19T23:30:00+09:00,24945
LOT-02959,L4,P-L4-01,2026-06-19T08:00:00+09:00,2026-06-19T16:30:00+09:00,23325
LOT-02960,L4,P-L4-01,2026-06-19T20:00:00+09:00,2026-06-19T23:30:00+09:00,23445
LOT-02961,L5,P-L5-02,2026-06-19T08:00:00+09:00,2026-06-19T16:30:00+09:00,13910
LOT-02962,L5,P-L5-02,2026-06-19T20:00:00+09:00,2026-06-19T23:30:00+09:00,14030
LOT-02963,L6,P-L6-03,2026-06-19T08:00:00+09:00,2026-06-19T16:30:00+09:00,12910
LOT-02964,L6,P-L6-03,2026-06-19T20:00:00+09:00,2026-06-19T23:30:00+09:00,13030
LOT-02965,L1,P-L1-04,2026-06-20T08:00:00+09:00,2026-06-20T16:30:00+09:00,26000
LOT-02966,L1,P-L1-04,2026-06-20T20:00:00+09:00,2026-06-20T23:30:00+09:00,26120
LOT-02967,L2,P-L2-05,2026-06-20T08:00:00+09:00,2026-06-20T16:30:00+09:00,25000
LOT-02968,L2,P-L2-05,2026-06-20T20:00:00+09:00,2026-06-20T23:30:00+09:00,25120
LOT-02969,L3,P-L3-01,2026-06-20T08:00:00+09:00,2026-06-20T16:30:00+09:00,25000
LOT-02970,L3,P-L3-01,2026-06-20T20:00:00+09:00,2026-06-20T23:30:00+09:00,25120
LOT-02971,L4,P-L4-02,2026-06-20T08:00:00+09:00,2026-06-20T16:30:00+09:00,23500
LOT-02972,L4,P-L4-02,2026-06-20T20:00:00+09:00,2026-06-20T23:30:00+09:00,23620
LOT-02973,L5,P-L5-03,2026-06-20T08:00:00+09:00,2026-06-20T16:30:00+09:00,14000
LOT-02974,L5,P-L5-03,2026-06-20T20:00:00+09:00,2026-06-20T23:30:00+09:00,14120
LOT-02975,L6,P-L6-04,2026-06-20T08:00:00+09:00,2026-06-20T16:30:00+09:00,13000
LOT-02976,L6,P-L6-04,2026-06-20T20:00:00+09:00,2026-06-20T23:30:00+09:00,13120
LOT-02977,L1,P-L1-05,2026-06-21T08:00:00+09:00,2026-06-21T16:30:00+09:00,26175
LOT-02978,L1,P-L1-05,2026-06-21T20:00:00+09:00,2026-06-21T23:30:00+09:00,26295
LOT-02979,L2,P-L2-01,2026-06-21T08:00:00+09:00,2026-06-21T16:30:00+09:00,25175
LOT-02980,L2,P-L2-01,2026-06-21T20:00:00+09:00,2026-06-21T23:30:00+09:00,25295
LOT-02981,L3,P-L3-02,2026-06-21T08:00:00+09:00,2026-06-21T16:30:00+09:00,25175
LOT-02982,L3,P-L3-02,2026-06-21T20:00:00+09:00,2026-06-21T23:30:00+09:00,25295
LOT-02983,L4,P-L4-03,2026-06-21T08:00:00+09:00,2026-06-21T16:30:00+09:00,23675
LOT-02984,L4,P-L4-03,2026-06-21T20:00:00+09:00,2026-06-21T23:30:00+09:00,23795
LOT-02985,L5,P-L5-04,2026-06-21T08:00:00+09:00,2026-06-21T16:30:00+09:00,14090
LOT-02986,L5,P-L5-04,2026-06-21T20:00:00+09:00,2026-06-21T23:30:00+09:00,14210
LOT-02987,L6,P-L6-05,2026-06-21T08:00:00+09:00,2026-06-21T16:30:00+09:00,13090
LOT-02988,L6,P-L6-05,2026-06-21T20:00:00+09:00,2026-06-21T23:30:00+09:00,13210
LOT-02989,L1,P-L1-01,2026-06-22T08:00:00+09:00,2026-06-22T16:30:00+09:00,26350
LOT-02990,L1,P-L1-01,2026-06-22T20:00:00+09:00,2026-06-22T23:30:00+09:00,26470
LOT-02991,L2,P-L2-02,2026-06-22T08:00:00+09:00,2026-06-22T16:30:00+09:00,25350
LOT-02992,L2,P-L2-02,2026-06-22T20:00:00+09:00,2026-06-22T23:30:00+09:00,25470
LOT-02993,L3,P-L3-03,2026-06-22T08:00:00+09:00,2026-06-22T16:30:00+09:00,25350
LOT-02994,L3,P-L3-03,2026-06-22T20:00:00+09:00,2026-06-22T23:30:00+09:00,25470
LOT-02995,L4,P-L4-04,2026-06-22T08:00:00+09:00,2026-06-22T16:30:00+09:00,23850
LOT-02996,L4,P-L4-04,2026-06-22T20:00:00+09:00,2026-06-22T23:30:00+09:00,23970
LOT-02997,L5,P-L5-05,2026-06-22T08:00:00+09:00,2026-06-22T16:30:00+09:00,14180
LOT-02998,L5,P-L5-05,2026-06-22T20:00:00+09:00,2026-06-22T23:30:00+09:00,14300
LOT-02999,L6,P-L6-01,2026-06-22T08:00:00+09:00,2026-06-22T16:30:00+09:00,13180
LOT-03000,L6,P-L6-01,2026-06-22T20:00:00+09:00,2026-06-22T23:30:00+09:00,13300
LOT-03001,L1,P-L1-02,2026-06-23T08:00:00+09:00,2026-06-23T16:30:00+09:00,26525
LOT-03002,L1,P-L1-02,2026-06-23T20:00:00+09:00,2026-06-23T23:30:00+09:00,26645
LOT-03003,L2,P-L2-03,2026-06-23T08:00:00+09:00,2026-06-23T16:30:00+09:00,25525
LOT-03004,L2,P-L2-03,2026-06-23T20:00:00+09:00,2026-06-23T23:30:00+09:00,25645
LOT-03005,L3,P-L3-04,2026-06-23T08:00:00+09:00,2026-06-23T16:30:00+09:00,25525
LOT-03006,L3,P-L3-04,2026-06-23T20:00:00+09:00,2026-06-23T23:30:00+09:00,25645
LOT-03007,L4,P-L4-05,2026-06-23T08:00:00+09:00,2026-06-23T16:30:00+09:00,24025
LOT-03008,L4,P-L4-05,2026-06-23T20:00:00+09:00,2026-06-23T23:30:00+09:00,24145
LOT-03009,L5,P-L5-01,2026-06-23T08:00:00+09:00,2026-06-23T16:30:00+09:00,14270
LOT-03010,L5,P-L5-01,2026-06-23T20:00:00+09:00,2026-06-23T23:30:00+09:00,14390
LOT-03011,L6,P-L6-02,2026-06-23T08:00:00+09:00,2026-06-23T16:30:00+09:00,13270
LOT-03012,L6,P-L6-02,2026-06-23T20:00:00+09:00,2026-06-23T23:30:00+09:00,13390
LOT-03013,L1,P-L1-03,2026-06-24T08:00:00+09:00,2026-06-24T16:30:00+09:00,25475
LOT-03014,L1,P-L1-03,2026-06-24T20:00:00+09:00,2026-06-24T23:30:00+09:00,25595
LOT-03015,L2,P-L2-04,2026-06-24T08:00:00+09:00,2026-06-24T16:30:00+09:00,24475
LOT-03016,L2,P-L2-04,2026-06-24T20:00:00+09:00,2026-06-24T23:30:00+09:00,24595
LOT-03017,L3,P-L3-05,2026-06-24T08:00:00+09:00,2026-06-24T16:30:00+09:00,24475
LOT-03018,L3,P-L3-05,2026-06-24T20:00:00+09:00,2026-06-24T23:30:00+09:00,24595
LOT-03019,L4,P-L4-01,2026-06-24T08:00:00+09:00,2026-06-24T16:30:00+09:00,22975
LOT-03020,L4,P-L4-01,2026-06-24T20:00:00+09:00,2026-06-24T23:30:00+09:00,23095
LOT-03021,L5,P-L5-02,2026-06-24T08:00:00+09:00,2026-06-24T16:30:00+09:00,13730
LOT-03022,L5,P-L5-02,2026-06-24T20:00:00+09:00,2026-06-24T23:30:00+09:00,13850
LOT-03023,L6,P-L6-03,2026-06-24T08:00:00+09:00,2026-06-24T16:30:00+09:00,12730
LOT-03024,L6,P-L6-03,2026-06-24T20:00:00+09:00,2026-06-24T23:30:00+09:00,12850
LOT-03025,L1,P-L1-04,2026-06-25T08:00:00+09:00,2026-06-25T16:30:00+09:00,25650
LOT-03026,L1,P-L1-04,2026-06-25T20:00:00+09:00,2026-06-25T23:30:00+09:00,25770
LOT-03027,L2,P-L2-05,2026-06-25T08:00:00+09:00,2026-06-25T16:30:00+09:00,24650
LOT-03028,L2,P-L2-05,2026-06-25T20:00:00+09:00,2026-06-25T23:30:00+09:00,24770
LOT-03029,L3,P-L3-01,2026-06-25T08:00:00+09:00,2026-06-25T16:30:00+09:00,24650
LOT-03030,L3,P-L3-01,2026-06-25T20:00:00+09:00,2026-06-25T23:30:00+09:00,24770
LOT-03031,L4,P-L4-02,2026-06-25T08:00:00+09:00,2026-06-25T16:30:00+09:00,23150
LOT-03032,L4,P-L4-02,2026-06-25T20:00:00+09:00,2026-06-25T23:30:00+09:00,23270
LOT-03033,L5,P-L5-03,2026-06-25T08:00:00+09:00,2026-06-25T16:30:00+09:00,13820
LOT-03034,L5,P-L5-03,2026-06-25T20:00:00+09:00,2026-06-25T23:30:00+09:00,13940
LOT-03035,L6,P-L6-04,2026-06-25T08:00:00+09:00,2026-06-25T16:30:00+09:00,12820
LOT-03036,L6,P-L6-04,2026-06-25T20:00:00+09:00,2026-06-25T23:30:00+09:00,12940
LOT-03037,L1,P-L1-05,2026-06-26T08:00:00+09:00,2026-06-26T16:30:00+09:00,25825
LOT-03038,L1,P-L1-05,2026-06-26T20:00:00+09:00,2026-06-26T23:30:00+09:00,25945
LOT-03039,L2,P-L2-01,2026-06-26T08:00:00+09:00,2026-06-26T16:30:00+09:00,24825
LOT-03040,L2,P-L2-01,2026-06-26T20:00:00+09:00,2026-06-26T23:30:00+09:00,24945
LOT-03041,L3,P-L3-02,2026-06-26T08:00:00+09:00,2026-06-26T16:30:00+09:00,24825
LOT-03042,L3,P-L3-02,2026-06-26T20:00:00+09:00,2026-06-26T23:30:00+09:00,24945
LOT-03043,L4,P-L4-03,2026-06-26T08:00:00+09:00,2026-06-26T16:30:00+09:00,23325
LOT-03044,L4,P-L4-03,2026-06-26T20:00:00+09:00,2026-06-26T23:30:00+09:00,23445
LOT-03045,L5,P-L5-04,2026-06-26T08:00:00+09:00,2026-06-26T16:30:00+09:00,13910
LOT-03046,L5,P-L5-04,2026-06-26T20:00:00+09:00,2026-06-26T23:30:00+09:00,14030
LOT-03047,L6,P-L6-05,2026-06-26T08:00:00+09:00,2026-06-26T16:30:00+09:00,12910
LOT-03048,L6,P-L6-05,2026-06-26T20:00:00+09:00,2026-06-26T23:30:00+09:00,13030
LOT-03049,L1,P-L1-01,2026-06-27T08:00:00+09:00,2026-06-27T16:30:00+09:00,26000
LOT-03050,L1,P-L1-01,2026-06-27T20:00:00+09:00,2026-06-27T23:30:00+09:00,26120
LOT-03051,L2,P-L2-02,2026-06-27T08:00:00+09:00,2026-06-27T16:30:00+09:00,25000
LOT-03052,L2,P-L2-02,2026-06-27T20:00:00+09:00,2026-06-27T23:30:00+09:00,25120
LOT-03053,L3,P-L3-03,2026-06-27T08:00:00+09:00,2026-06-27T16:30:00+09:00,25000
LOT-03054,L3,P-L3-03,2026-06-27T20:00:00+09:00,2026-06-27T23:30:00+09:00,25120
LOT-03055,L4,P-L4-04,2026-06-27T08:00:00+09:00,2026-06-27T16:30:00+09:00,23500
LOT-03056,L4,P-L4-04,2026-06-27T20:00:00+09:00,2026-06-27T23:30:00+09:00,23620
LOT-03057,L5,P-L5-05,2026-06-27T08:00:00+09:00,2026-06-27T16:30:00+09:00,14000
LOT-03058,L5,P-L5-05,2026-06-27T20:00:00+09:00,2026-06-27T23:30:00+09:00,14120
LOT-03059,L6,P-L6-01,2026-06-27T08:00:00+09:00,2026-06-27T16:30:00+09:00,13000
LOT-03060,L6,P-L6-01,2026-06-27T20:00:00+09:00,2026-06-27T23:30:00+09:00,13120
LOT-03061,L1,P-L1-02,2026-06-28T08:00:00+09:00,2026-06-28T16:30:00+09:00,26175
LOT-03062,L1,P-L1-02,2026-06-28T20:00:00+09:00,2026-06-28T23:30:00+09:00,26295
LOT-03063,L2,P-L2-03,2026-06-28T08:00:00+09:00,2026-06-28T16:30:00+09:00,25175
LOT-03064,L2,P-L2-03,2026-06-28T20:00:00+09:00,2026-06-28T23:30:00+09:00,25295
LOT-03065,L3,P-L3-04,2026-06-28T08:00:00+09:00,2026-06-28T16:30:00+09:00,25175
LOT-03066,L3,P-L3-04,2026-06-28T20:00:00+09:00,2026-06-28T23:30:00+09:00,25295
LOT-03067,L4,P-L4-05,2026-06-28T08:00:00+09:00,2026-06-28T16:30:00+09:00,23675
LOT-03068,L4,P-L4-05,2026-06-28T20:00:00+09:00,2026-06-28T23:30:00+09:00,23795
LOT-03069,L5,P-L5-01,2026-06-28T08:00:00+09:00,2026-06-28T16:30:00+09:00,14090
LOT-03070,L5,P-L5-01,2026-06-28T20:00:00+09:00,2026-06-28T23:30:00+09:00,14210
LOT-03071,L6,P-L6-02,2026-06-28T08:00:00+09:00,2026-06-28T16:30:00+09:00,13090
LOT-03072,L6,P-L6-02,2026-06-28T20:00:00+09:00,2026-06-28T23:30:00+09:00,13210
LOT-03073,L2,P-L2-04,2026-06-29T08:00:00+09:00,2026-06-29T16:30:00+09:00,25350
LOT-03074,L2,P-L2-04,2026-06-29T20:00:00+09:00,2026-06-29T23:30:00+09:00,25470
LOT-03075,L3,P-L3-05,2026-06-29T08:00:00+09:00,2026-06-29T16:30:00+09:00,25350
LOT-03076,L3,P-L3-05,2026-06-29T20:00:00+09:00,2026-06-29T23:30:00+09:00,25470
LOT-03077,L4,P-L4-01,2026-06-29T08:00:00+09:00,2026-06-29T16:30:00+09:00,23850
LOT-03078,L4,P-L4-01,2026-06-29T20:00:00+09:00,2026-06-29T23:30:00+09:00,23970
LOT-03079,L5,P-L5-02,2026-06-29T08:00:00+09:00,2026-06-29T16:30:00+09:00,14180
LOT-03080,L5,P-L5-02,2026-06-29T20:00:00+09:00,2026-06-29T23:30:00+09:00,14300
LOT-03081,L6,P-L6-03,2026-06-29T08:00:00+09:00,2026-06-29T16:30:00+09:00,13180
LOT-03082,L6,P-L6-03,2026-06-29T20:00:00+09:00,2026-06-29T23:30:00+09:00,13300
LOT-03083,L1,P-L1-04,2026-06-30T08:00:00+09:00,2026-06-30T16:30:00+09:00,26525
LOT-03084,L1,P-L1-04,2026-06-30T20:00:00+09:00,2026-06-30T23:30:00+09:00,26645
LOT-03085,L3,P-L3-01,2026-06-30T08:00:00+09:00,2026-06-30T16:30:00+09:00,25525
LOT-03086,L3,P-L3-01,2026-06-30T20:00:00+09:00,2026-06-30T23:30:00+09:00,25645
LOT-03087,L4,P-L4-02,2026-06-30T08:00:00+09:00,2026-06-30T16:30:00+09:00,24025
LOT-03088,L4,P-L4-02,2026-06-30T20:00:00+09:00,2026-06-30T23:30:00+09:00,24145
LOT-03089,L5,P-L5-03,2026-06-30T08:00:00+09:00,2026-06-30T16:30:00+09:00,14270
LOT-03090,L5,P-L5-03,2026-06-30T20:00:00+09:00,2026-06-30T23:30:00+09:00,14390
LOT-03091,L6,P-L6-04,2026-06-30T08:00:00+09:00,2026-06-30T16:30:00+09:00,13270
LOT-03092,L6,P-L6-04,2026-06-30T20:00:00+09:00,2026-06-30T23:30:00+09:00,13390
LOT-03093,L1,P-L1-05,2026-07-01T08:00:00+09:00,2026-07-01T16:30:00+09:00,25475
LOT-03094,L1,P-L1-05,2026-07-01T20:00:00+09:00,2026-07-01T23:30:00+09:00,25595
LOT-03095,L2,P-L2-01,2026-07-01T08:00:00+09:00,2026-07-01T16:30:00+09:00,24475
LOT-03096,L2,P-L2-01,2026-07-01T20:00:00+09:00,2026-07-01T23:30:00+09:00,24595
LOT-03097,L4,P-L4-03,2026-07-01T08:00:00+09:00,2026-07-01T16:30:00+09:00,22975
LOT-03098,L4,P-L4-03,2026-07-01T20:00:00+09:00,2026-07-01T23:30:00+09:00,23095
LOT-03099,L5,P-L5-04,2026-07-01T08:00:00+09:00,2026-07-01T16:30:00+09:00,13730
LOT-03100,L5,P-L5-04,2026-07-01T20:00:00+09:00,2026-07-01T23:30:00+09:00,13850
LOT-03101,L6,P-L6-05,2026-07-01T08:00:00+09:00,2026-07-01T16:30:00+09:00,12730
LOT-03102,L6,P-L6-05,2026-07-01T20:00:00+09:00,2026-07-01T23:30:00+09:00,12850
LOT-03103,L1,P-L1-01,2026-07-02T08:00:00+09:00,2026-07-02T16:30:00+09:00,25650
LOT-03104,L1,P-L1-01,2026-07-02T20:00:00+09:00,2026-07-02T23:30:00+09:00,25770
LOT-03105,L2,P-L2-02,2026-07-02T08:00:00+09:00,2026-07-02T16:30:00+09:00,24650
LOT-03106,L2,P-L2-02,2026-07-02T20:00:00+09:00,2026-07-02T23:30:00+09:00,24770
LOT-03107,L3,P-L3-03,2026-07-02T08:00:00+09:00,2026-07-02T16:30:00+09:00,24650
LOT-03108,L3,P-L3-03,2026-07-02T20:00:00+09:00,2026-07-02T23:30:00+09:00,24770
LOT-03109,L5,P-L5-05,2026-07-02T08:00:00+09:00,2026-07-02T16:30:00+09:00,13820
LOT-03110,L5,P-L5-05,2026-07-02T20:00:00+09:00,2026-07-02T23:30:00+09:00,13940
LOT-03111,L6,P-L6-01,2026-07-02T08:00:00+09:00,2026-07-02T16:30:00+09:00,12820
LOT-03112,L6,P-L6-01,2026-07-02T20:00:00+09:00,2026-07-02T23:30:00+09:00,12940
LOT-03113,L1,P-L1-02,2026-07-03T08:00:00+09:00,2026-07-03T16:30:00+09:00,25825
LOT-03114,L1,P-L1-02,2026-07-03T20:00:00+09:00,2026-07-03T23:30:00+09:00,25945
LOT-03115,L2,P-L2-03,2026-07-03T08:00:00+09:00,2026-07-03T16:30:00+09:00,24825
LOT-03116,L2,P-L2-03,2026-07-03T20:00:00+09:00,2026-07-03T23:30:00+09:00,24945
LOT-03117,L3,P-L3-04,2026-07-03T08:00:00+09:00,2026-07-03T16:30:00+09:00,24825
LOT-03118,L3,P-L3-04,2026-07-03T20:00:00+09:00,2026-07-03T23:30:00+09:00,24945
LOT-03119,L4,P-L4-05,2026-07-03T08:00:00+09:00,2026-07-03T16:30:00+09:00,23325
LOT-03120,L4,P-L4-05,2026-07-03T20:00:00+09:00,2026-07-03T23:30:00+09:00,23445
LOT-03121,L6,P-L6-02,2026-07-03T08:00:00+09:00,2026-07-03T16:30:00+09:00,12910
LOT-03122,L6,P-L6-02,2026-07-03T20:00:00+09:00,2026-07-03T23:30:00+09:00,13030
LOT-03123,L1,P-L1-03,2026-07-04T08:00:00+09:00,2026-07-04T16:30:00+09:00,26000
LOT-03124,L1,P-L1-03,2026-07-04T20:00:00+09:00,2026-07-04T23:30:00+09:00,26120
LOT-03125,L2,P-L2-04,2026-07-04T08:00:00+09:00,2026-07-04T16:30:00+09:00,25000
LOT-03126,L2,P-L2-04,2026-07-04T20:00:00+09:00,2026-07-04T23:30:00+09:00,25120
LOT-03127,L3,P-L3-05,2026-07-04T08:00:00+09:00,2026-07-04T16:30:00+09:00,25000
LOT-03128,L3,P-L3-05,2026-07-04T20:00:00+09:00,2026-07-04T23:30:00+09:00,25120
LOT-03129,L4,P-L4-01,2026-07-04T08:00:00+09:00,2026-07-04T16:30:00+09:00,23500
LOT-03130,L4,P-L4-01,2026-07-04T20:00:00+09:00,2026-07-04T23:30:00+09:00,23620
LOT-03131,L5,P-L5-02,2026-07-04T08:00:00+09:00,2026-07-04T16:30:00+09:00,14000
LOT-03132,L5,P-L5-02,2026-07-04T20:00:00+09:00,2026-07-04T23:30:00+09:00,14120
LOT-03133,L1,P-L1-04,2026-07-05T08:00:00+09:00,2026-07-05T16:30:00+09:00,26175
LOT-03134,L1,P-L1-04,2026-07-05T20:00:00+09:00,2026-07-05T23:30:00+09:00,26295
LOT-03135,L2,P-L2-05,2026-07-05T08:00:00+09:00,2026-07-05T16:30:00+09:00,25175
LOT-03136,L2,P-L2-05,2026-07-05T20:00:00+09:00,2026-07-05T23:30:00+09:00,25295
LOT-03137,L3,P-L3-01,2026-07-05T08:00:00+09:00,2026-07-05T16:30:00+09:00,25175
LOT-03138,L3,P-L3-01,2026-07-05T20:00:00+09:00,2026-07-05T23:30:00+09:00,25295
LOT-03139,L4,P-L4-02,2026-07-05T08:00:00+09:00,2026-07-05T16:30:00+09:00,23675
LOT-03140,L4,P-L4-02,2026-07-05T20:00:00+09:00,2026-07-05T23:30:00+09:00,23795
LOT-03141,L5,P-L5-03,2026-07-05T08:00:00+09:00,2026-07-05T16:30:00+09:00,14090
LOT-03142,L5,P-L5-03,2026-07-05T20:00:00+09:00,2026-07-05T23:30:00+09:00,14210
LOT-03143,L6,P-L6-04,2026-07-05T08:00:00+09:00,2026-07-05T16:30:00+09:00,13090
LOT-03144,L6,P-L6-04,2026-07-05T20:00:00+09:00,2026-07-05T23:30:00+09:00,13210
LOT-03145,L1,P-L1-05,2026-07-06T08:00:00+09:00,2026-07-06T16:30:00+09:00,26350
LOT-03146,L1,P-L1-05,2026-07-06T20:00:00+09:00,2026-07-06T23:30:00+09:00,26470
LOT-03147,L2,P-L2-01,2026-07-06T08:00:00+09:00,2026-07-06T16:30:00+09:00,25350
LOT-03148,L2,P-L2-01,2026-07-06T20:00:00+09:00,2026-07-06T23:30:00+09:00,25470
LOT-03149,L3,P-L3-02,2026-07-06T08:00:00+09:00,2026-07-06T16:30:00+09:00,25350
LOT-03150,L3,P-L3-02,2026-07-06T20:00:00+09:00,2026-07-06T23:30:00+09:00,25470
LOT-03151,L4,P-L4-03,2026-07-06T08:00:00+09:00,2026-07-06T16:30:00+09:00,23850
LOT-03152,L4,P-L4-03,2026-07-06T20:00:00+09:00,2026-07-06T23:30:00+09:00,23970
LOT-03153,L5,P-L5-04,2026-07-06T08:00:00+09:00,2026-07-06T16:30:00+09:00,14180
LOT-03154,L5,P-L5-04,2026-07-06T20:00:00+09:00,2026-07-06T23:30:00+09:00,14300
LOT-03155,L6,P-L6-05,2026-07-06T08:00:00+09:00,2026-07-06T16:30:00+09:00,13180
LOT-03156,L6,P-L6-05,2026-07-06T20:00:00+09:00,2026-07-06T23:30:00+09:00,13300
LOT-03157,L1,P-L1-01,2026-07-07T08:00:00+09:00,2026-07-07T16:30:00+09:00,26525
LOT-03158,L1,P-L1-01,2026-07-07T20:00:00+09:00,2026-07-07T23:30:00+09:00,26645
LOT-03159,L2,P-L2-02,2026-07-07T08:00:00+09:00,2026-07-07T16:30:00+09:00,25525
LOT-03160,L2,P-L2-02,2026-07-07T20:00:00+09:00,2026-07-07T23:30:00+09:00,25645
LOT-03161,L3,P-L3-03,2026-07-07T08:00:00+09:00,2026-07-07T16:30:00+09:00,25525
LOT-03162,L3,P-L3-03,2026-07-07T20:00:00+09:00,2026-07-07T23:30:00+09:00,25645
LOT-03163,L4,P-L4-04,2026-07-07T08:00:00+09:00,2026-07-07T16:30:00+09:00,24025
LOT-03164,L4,P-L4-04,2026-07-07T20:00:00+09:00,2026-07-07T23:30:00+09:00,24145
LOT-03165,L5,P-L5-05,2026-07-07T08:00:00+09:00,2026-07-07T16:30:00+09:00,14270
LOT-03166,L5,P-L5-05,2026-07-07T20:00:00+09:00,2026-07-07T23:30:00+09:00,14390
LOT-03167,L6,P-L6-01,2026-07-07T08:00:00+09:00,2026-07-07T16:30:00+09:00,13270
LOT-03168,L6,P-L6-01,2026-07-07T20:00:00+09:00,2026-07-07T23:30:00+09:00,13390
LOT-03169,L1,P-L1-02,2026-07-08T08:00:00+09:00,2026-07-08T16:30:00+09:00,25475
LOT-03170,L1,P-L1-02,2026-07-08T20:00:00+09:00,2026-07-08T23:30:00+09:00,25595
LOT-03171,L2,P-L2-03,2026-07-08T08:00:00+09:00,2026-07-08T16:30:00+09:00,24475
LOT-03172,L2,P-L2-03,2026-07-08T20:00:00+09:00,2026-07-08T23:30:00+09:00,24595
LOT-03173,L3,P-L3-04,2026-07-08T08:00:00+09:00,2026-07-08T16:30:00+09:00,24475
LOT-03174,L3,P-L3-04,2026-07-08T20:00:00+09:00,2026-07-08T23:30:00+09:00,24595
LOT-03175,L4,P-L4-05,2026-07-08T08:00:00+09:00,2026-07-08T16:30:00+09:00,22975
LOT-03176,L4,P-L4-05,2026-07-08T20:00:00+09:00,2026-07-08T23:30:00+09:00,23095
LOT-03177,L5,P-L5-01,2026-07-08T08:00:00+09:00,2026-07-08T16:30:00+09:00,13730
LOT-03178,L5,P-L5-01,2026-07-08T20:00:00+09:00,2026-07-08T23:30:00+09:00,13850
LOT-03179,L6,P-L6-02,2026-07-08T08:00:00+09:00,2026-07-08T16:30:00+09:00,12730
LOT-03180,L6,P-L6-02,2026-07-08T20:00:00+09:00,2026-07-08T23:30:00+09:00,12850
LOT-03181,L1,P-L1-03,2026-07-09T08:00:00+09:00,2026-07-09T16:30:00+09:00,25650
LOT-03182,L1,P-L1-03,2026-07-09T20:00:00+09:00,2026-07-09T23:30:00+09:00,25770
LOT-03183,L2,P-L2-04,2026-07-09T08:00:00+09:00,2026-07-09T16:30:00+09:00,24650
LOT-03184,L2,P-L2-04,2026-07-09T20:00:00+09:00,2026-07-09T23:30:00+09:00,24770
LOT-03185,L3,P-L3-05,2026-07-09T08:00:00+09:00,2026-07-09T16:30:00+09:00,24650
LOT-03186,L3,P-L3-05,2026-07-09T20:00:00+09:00,2026-07-09T23:30:00+09:00,24770
LOT-03187,L4,P-L4-01,2026-07-09T08:00:00+09:00,2026-07-09T16:30:00+09:00,23150
LOT-03188,L4,P-L4-01,2026-07-09T20:00:00+09:00,2026-07-09T23:30:00+09:00,23270
LOT-03189,L5,P-L5-02,2026-07-09T08:00:00+09:00,2026-07-09T16:30:00+09:00,13820
LOT-03190,L5,P-L5-02,2026-07-09T20:00:00+09:00,2026-07-09T23:30:00+09:00,13940
LOT-03191,L6,P-L6-03,2026-07-09T08:00:00+09:00,2026-07-09T16:30:00+09:00,12820
LOT-03192,L6,P-L6-03,2026-07-09T20:00:00+09:00,2026-07-09T23:30:00+09:00,12940
LOT-03193,L1,P-L1-04,2026-07-10T08:00:00+09:00,2026-07-10T16:30:00+09:00,25825
LOT-03194,L1,P-L1-04,2026-07-10T20:00:00+09:00,2026-07-10T23:30:00+09:00,25945
LOT-03195,L2,P-L2-05,2026-07-10T08:00:00+09:00,2026-07-10T16:30:00+09:00,24825
LOT-03196,L2,P-L2-05,2026-07-10T20:00:00+09:00,2026-07-10T23:30:00+09:00,24945
LOT-03197,L3,P-L3-01,2026-07-10T08:00:00+09:00,2026-07-10T16:30:00+09:00,24825
LOT-03198,L3,P-L3-01,2026-07-10T20:00:00+09:00,2026-07-10T23:30:00+09:00,24945
LOT-03199,L4,P-L4-02,2026-07-10T08:00:00+09:00,2026-07-10T16:30:00+09:00,23325
LOT-03200,L4,P-L4-02,2026-07-10T20:00:00+09:00,2026-07-10T23:30:00+09:00,23445
LOT-03201,L5,P-L5-03,2026-07-10T08:00:00+09:00,2026-07-10T16:30:00+09:00,13910
LOT-03202,L5,P-L5-03,2026-07-10T20:00:00+09:00,2026-07-10T23:30:00+09:00,14030
LOT-03203,L6,P-L6-04,2026-07-10T08:00:00+09:00,2026-07-10T16:30:00+09:00,12910
LOT-03204,L6,P-L6-04,2026-07-10T20:00:00+09:00,2026-07-10T23:30:00+09:00,13030
LOT-03205,L1,P-L1-05,2026-07-11T08:00:00+09:00,2026-07-11T16:30:00+09:00,26000
LOT-03206,L1,P-L1-05,2026-07-11T20:00:00+09:00,2026-07-11T23:30:00+09:00,26120
LOT-03207,L2,P-L2-01,2026-07-11T08:00:00+09:00,2026-07-11T16:30:00+09:00,25000
LOT-03208,L2,P-L2-01,2026-07-11T20:00:00+09:00,2026-07-11T23:30:00+09:00,25120
LOT-03209,L3,P-L3-02,2026-07-11T08:00:00+09:00,2026-07-11T16:30:00+09:00,25000
LOT-03210,L3,P-L3-02,2026-07-11T20:00:00+09:00,2026-07-11T23:30:00+09:00,25120
LOT-03211,L4,P-L4-03,2026-07-11T08:00:00+09:00,2026-07-11T16:30:00+09:00,23500
LOT-03212,L4,P-L4-03,2026-07-11T20:00:00+09:00,2026-07-11T23:30:00+09:00,23620
LOT-03213,L5,P-L5-04,2026-07-11T08:00:00+09:00,2026-07-11T16:30:00+09:00,14000
LOT-03214,L5,P-L5-04,2026-07-11T20:00:00+09:00,2026-07-11T23:30:00+09:00,14120
LOT-03215,L6,P-L6-05,2026-07-11T08:00:00+09:00,2026-07-11T16:30:00+09:00,13000
LOT-03216,L6,P-L6-05,2026-07-11T20:00:00+09:00,2026-07-11T23:30:00+09:00,13120
LOT-03217,L1,P-L1-01,2026-07-12T08:00:00+09:00,2026-07-12T16:30:00+09:00,26175
LOT-03218,L1,P-L1-01,2026-07-12T20:00:00+09:00,2026-07-12T23:30:00+09:00,26295
LOT-03219,L2,P-L2-02,2026-07-12T08:00:00+09:00,2026-07-12T16:30:00+09:00,25175
LOT-03220,L2,P-L2-02,2026-07-12T20:00:00+09:00,2026-07-12T23:30:00+09:00,25295
LOT-03221,L3,P-L3-03,2026-07-12T08:00:00+09:00,2026-07-12T16:30:00+09:00,25175
LOT-03222,L3,P-L3-03,2026-07-12T20:00:00+09:00,2026-07-12T23:30:00+09:00,25295
LOT-03223,L4,P-L4-04,2026-07-12T08:00:00+09:00,2026-07-12T16:30:00+09:00,23675
LOT-03224,L4,P-L4-04,2026-07-12T20:00:00+09:00,2026-07-12T23:30:00+09:00,23795
LOT-03225,L5,P-L5-05,2026-07-12T08:00:00+09:00,2026-07-12T16:30:00+09:00,14090
LOT-03226,L5,P-L5-05,2026-07-12T20:00:00+09:00,2026-07-12T23:30:00+09:00,14210
LOT-03227,L6,P-L6-01,2026-07-12T08:00:00+09:00,2026-07-12T16:30:00+09:00,13090
LOT-03228,L6,P-L6-01,2026-07-12T20:00:00+09:00,2026-07-12T23:30:00+09:00,13210
LOT-03229,L1,P-L1-02,2026-07-13T08:00:00+09:00,2026-07-13T16:30:00+09:00,26350
LOT-03230,L1,P-L1-02,2026-07-13T20:00:00+09:00,2026-07-13T23:30:00+09:00,26470
LOT-03231,L2,P-L2-03,2026-07-13T08:00:00+09:00,2026-07-13T16:30:00+09:00,25350
LOT-03232,L2,P-L2-03,2026-07-13T20:00:00+09:00,2026-07-13T23:30:00+09:00,25470
LOT-03233,L3,P-L3-04,2026-07-13T08:00:00+09:00,2026-07-13T16:30:00+09:00,25350
LOT-03234,L3,P-L3-04,2026-07-13T20:00:00+09:00,2026-07-13T23:30:00+09:00,25470
LOT-03235,L4,P-L4-05,2026-07-13T08:00:00+09:00,2026-07-13T16:30:00+09:00,23850
LOT-03236,L4,P-L4-05,2026-07-13T20:00:00+09:00,2026-07-13T23:30:00+09:00,23970
LOT-03237,L5,P-L5-01,2026-07-13T08:00:00+09:00,2026-07-13T16:30:00+09:00,14180
LOT-03238,L5,P-L5-01,2026-07-13T20:00:00+09:00,2026-07-13T23:30:00+09:00,14300
LOT-03239,L6,P-L6-02,2026-07-13T08:00:00+09:00,2026-07-13T16:30:00+09:00,13180
LOT-03240,L6,P-L6-02,2026-07-13T20:00:00+09:00,2026-07-13T23:30:00+09:00,13300
LOT-03241,L1,P-L1-03,2026-07-14T08:00:00+09:00,2026-07-14T16:30:00+09:00,26525
LOT-03242,L1,P-L1-03,2026-07-14T20:00:00+09:00,2026-07-14T23:30:00+09:00,26645
LOT-03243,L2,P-L2-04,2026-07-14T08:00:00+09:00,2026-07-14T16:30:00+09:00,25525
LOT-03244,L2,P-L2-04,2026-07-14T20:00:00+09:00,2026-07-14T23:30:00+09:00,25645
LOT-03245,L3,P-L3-05,2026-07-14T08:00:00+09:00,2026-07-14T16:30:00+09:00,25525
LOT-03246,L3,P-L3-05,2026-07-14T20:00:00+09:00,2026-07-14T23:30:00+09:00,25645
LOT-03247,L4,P-L4-01,2026-07-14T08:00:00+09:00,2026-07-14T16:30:00+09:00,24025
LOT-03248,L4,P-L4-01,2026-07-14T20:00:00+09:00,2026-07-14T23:30:00+09:00,24145
LOT-03249,L5,P-L5-02,2026-07-14T08:00:00+09:00,2026-07-14T16:30:00+09:00,14270
LOT-03250,L5,P-L5-02,2026-07-14T20:00:00+09:00,2026-07-14T23:30:00+09:00,14390
LOT-03251,L6,P-L6-03,2026-07-14T08:00:00+09:00,2026-07-14T16:30:00+09:00,13270
LOT-03252,L6,P-L6-03,2026-07-14T20:00:00+09:00,2026-07-14T23:30:00+09:00,13390
LOT-03253,L1,P-L1-04,2026-07-15T08:00:00+09:00,2026-07-15T16:30:00+09:00,25475
LOT-03254,L1,P-L1-04,2026-07-15T20:00:00+09:00,2026-07-15T23:30:00+09:00,25595
LOT-03255,L2,P-L2-05,2026-07-15T08:00:00+09:00,2026-07-15T16:30:00+09:00,24475
LOT-03256,L2,P-L2-05,2026-07-15T20:00:00+09:00,2026-07-15T23:30:00+09:00,24595
LOT-03257,L3,P-L3-01,2026-07-15T08:00:00+09:00,2026-07-15T16:30:00+09:00,24475
LOT-03258,L3,P-L3-01,2026-07-15T20:00:00+09:00,2026-07-15T23:30:00+09:00,24595
LOT-03259,L4,P-L4-02,2026-07-15T08:00:00+09:00,2026-07-15T16:30:00+09:00,22975
LOT-03260,L4,P-L4-02,2026-07-15T20:00:00+09:00,2026-07-15T23:30:00+09:00,23095
LOT-03261,L5,P-L5-03,2026-07-15T08:00:00+09:00,2026-07-15T16:30:00+09:00,13730
LOT-03262,L5,P-L5-03,2026-07-15T20:00:00+09:00,2026-07-15T23:30:00+09:00,13850
LOT-03263,L6,P-L6-04,2026-07-15T08:00:00+09:00,2026-07-15T16:30:00+09:00,12730
LOT-03264,L6,P-L6-04,2026-07-15T20:00:00+09:00,2026-07-15T23:30:00+09:00,12850
LOT-03265,L1,P-L1-05,2026-07-16T08:00:00+09:00,2026-07-16T16:30:00+09:00,25650
LOT-03266,L1,P-L1-05,2026-07-16T20:00:00+09:00,2026-07-16T23:30:00+09:00,25770
LOT-03267,L2,P-L2-01,2026-07-16T08:00:00+09:00,2026-07-16T16:30:00+09:00,24650
LOT-03268,L2,P-L2-01,2026-07-16T20:00:00+09:00,2026-07-16T23:30:00+09:00,24770
LOT-03269,L3,P-L3-02,2026-07-16T08:00:00+09:00,2026-07-16T16:30:00+09:00,24650
LOT-03270,L3,P-L3-02,2026-07-16T20:00:00+09:00,2026-07-16T23:30:00+09:00,24770
LOT-03271,L4,P-L4-03,2026-07-16T08:00:00+09:00,2026-07-16T16:30:00+09:00,23150
LOT-03272,L4,P-L4-03,2026-07-16T20:00:00+09:00,2026-07-16T23:30:00+09:00,23270
LOT-03273,L5,P-L5-04,2026-07-16T08:00:00+09:00,2026-07-16T16:30:00+09:00,13820
LOT-03274,L5,P-L5-04,2026-07-16T20:00:00+09:00,2026-07-16T23:30:00+09:00,13940
LOT-03275,L6,P-L6-05,2026-07-16T08:00:00+09:00,2026-07-16T16:30:00+09:00,12820
LOT-03276,L6,P-L6-05,2026-07-16T20:00:00+09:00,2026-07-16T23:30:00+09:00,12940
LOT-03277,L2,P-L2-02,2026-07-17T08:00:00+09:00,2026-07-17T16:30:00+09:00,24825
LOT-03278,L2,P-L2-02,2026-07-17T20:00:00+09:00,2026-07-17T23:30:00+09:00,24945
LOT-03279,L3,P-L3-03,2026-07-17T08:00:00+09:00,2026-07-17T16:30:00+09:00,24825
LOT-03280,L3,P-L3-03,2026-07-17T20:00:00+09:00,2026-07-17T23:30:00+09:00,24945
LOT-03281,L4,P-L4-04,2026-07-17T08:00:00+09:00,2026-07-17T16:30:00+09:00,23325
LOT-03282,L4,P-L4-04,2026-07-17T20:00:00+09:00,2026-07-17T23:30:00+09:00,23445
LOT-03283,L5,P-L5-05,2026-07-17T08:00:00+09:00,2026-07-17T16:30:00+09:00,13910
LOT-03284,L5,P-L5-05,2026-07-17T20:00:00+09:00,2026-07-17T23:30:00+09:00,14030
LOT-03285,L6,P-L6-01,2026-07-17T08:00:00+09:00,2026-07-17T16:30:00+09:00,12910
LOT-03286,L6,P-L6-01,2026-07-17T20:00:00+09:00,2026-07-17T23:30:00+09:00,13030
LOT-03287,L1,P-L1-02,2026-07-18T08:00:00+09:00,2026-07-18T16:30:00+09:00,26000
LOT-03288,L1,P-L1-02,2026-07-18T20:00:00+09:00,2026-07-18T23:30:00+09:00,26120
LOT-03289,L3,P-L3-04,2026-07-18T08:00:00+09:00,2026-07-18T16:30:00+09:00,25000
LOT-03290,L3,P-L3-04,2026-07-18T20:00:00+09:00,2026-07-18T23:30:00+09:00,25120
LOT-03291,L4,P-L4-05,2026-07-18T08:00:00+09:00,2026-07-18T16:30:00+09:00,23500
LOT-03292,L4,P-L4-05,2026-07-18T20:00:00+09:00,2026-07-18T23:30:00+09:00,23620
LOT-03293,L5,P-L5-01,2026-07-18T08:00:00+09:00,2026-07-18T16:30:00+09:00,14000
LOT-03294,L5,P-L5-01,2026-07-18T20:00:00+09:00,2026-07-18T23:30:00+09:00,14120
LOT-03295,L6,P-L6-02,2026-07-18T08:00:00+09:00,2026-07-18T16:30:00+09:00,13000
LOT-03296,L6,P-L6-02,2026-07-18T20:00:00+09:00,2026-07-18T23:30:00+09:00,13120
LOT-03297,L1,P-L1-03,2026-07-19T08:00:00+09:00,2026-07-19T16:30:00+09:00,26175
LOT-03298,L1,P-L1-03,2026-07-19T20:00:00+09:00,2026-07-19T23:30:00+09:00,26295
LOT-03299,L2,P-L2-04,2026-07-19T08:00:00+09:00,2026-07-19T16:30:00+09:00,25175
LOT-03300,L2,P-L2-04,2026-07-19T20:00:00+09:00,2026-07-19T23:30:00+09:00,25295
LOT-03301,L4,P-L4-01,2026-07-19T08:00:00+09:00,2026-07-19T16:30:00+09:00,23675
LOT-03302,L4,P-L4-01,2026-07-19T20:00:00+09:00,2026-07-19T23:30:00+09:00,23795
LOT-03303,L5,P-L5-02,2026-07-19T08:00:00+09:00,2026-07-19T16:30:00+09:00,14090
LOT-03304,L5,P-L5-02,2026-07-19T20:00:00+09:00,2026-07-19T23:30:00+09:00,14210
LOT-03305,L6,P-L6-03,2026-07-19T08:00:00+09:00,2026-07-19T16:30:00+09:00,13090
LOT-03306,L6,P-L6-03,2026-07-19T20:00:00+09:00,2026-07-19T23:30:00+09:00,13210
LOT-03307,L1,P-L1-04,2026-07-20T08:00:00+09:00,2026-07-20T16:30:00+09:00,26350
LOT-03308,L1,P-L1-04,2026-07-20T20:00:00+09:00,2026-07-20T23:30:00+09:00,26470
LOT-03309,L2,P-L2-05,2026-07-20T08:00:00+09:00,2026-07-20T16:30:00+09:00,25350
LOT-03310,L2,P-L2-05,2026-07-20T20:00:00+09:00,2026-07-20T23:30:00+09:00,25470
LOT-03311,L3,P-L3-01,2026-07-20T08:00:00+09:00,2026-07-20T16:30:00+09:00,25350
LOT-03312,L3,P-L3-01,2026-07-20T20:00:00+09:00,2026-07-20T23:30:00+09:00,25470
LOT-03313,L5,P-L5-03,2026-07-20T08:00:00+09:00,2026-07-20T16:30:00+09:00,14180
LOT-03314,L5,P-L5-03,2026-07-20T20:00:00+09:00,2026-07-20T23:30:00+09:00,14300
LOT-03315,L6,P-L6-04,2026-07-20T08:00:00+09:00,2026-07-20T16:30:00+09:00,13180
LOT-03316,L6,P-L6-04,2026-07-20T20:00:00+09:00,2026-07-20T23:30:00+09:00,13300
LOT-03317,L1,P-L1-05,2026-07-21T08:00:00+09:00,2026-07-21T16:30:00+09:00,26525
LOT-03318,L1,P-L1-05,2026-07-21T20:00:00+09:00,2026-07-21T23:30:00+09:00,26645
LOT-03319,L2,P-L2-01,2026-07-21T08:00:00+09:00,2026-07-21T16:30:00+09:00,25525
LOT-03320,L2,P-L2-01,2026-07-21T20:00:00+09:00,2026-07-21T23:30:00+09:00,25645
LOT-03321,L3,P-L3-02,2026-07-21T08:00:00+09:00,2026-07-21T16:30:00+09:00,25525
LOT-03322,L3,P-L3-02,2026-07-21T20:00:00+09:00,2026-07-21T23:30:00+09:00,25645
LOT-03323,L4,P-L4-03,2026-07-21T08:00:00+09:00,2026-07-21T16:30:00+09:00,24025
LOT-03324,L4,P-L4-03,2026-07-21T20:00:00+09:00,2026-07-21T23:30:00+09:00,24145
LOT-03325,L6,P-L6-05,2026-07-21T08:00:00+09:00,2026-07-21T16:30:00+09:00,13270
LOT-03326,L6,P-L6-05,2026-07-21T20:00:00+09:00,2026-07-21T23:30:00+09:00,13390
LOT-03327,L1,P-L1-01,2026-07-22T08:00:00+09:00,2026-07-22T16:30:00+09:00,25475
LOT-03328,L1,P-L1-01,2026-07-22T20:00:00+09:00,2026-07-22T23:30:00+09:00,25595
LOT-03329,L2,P-L2-02,2026-07-22T08:00:00+09:00,2026-07-22T16:30:00+09:00,24475
LOT-03330,L2,P-L2-02,2026-07-22T20:00:00+09:00,2026-07-22T23:30:00+09:00,24595
LOT-03331,L3,P-L3-03,2026-07-22T08:00:00+09:00,2026-07-22T16:30:00+09:00,24475
LOT-03332,L3,P-L3-03,2026-07-22T20:00:00+09:00,2026-07-22T23:30:00+09:00,24595
LOT-03333,L4,P-L4-04,2026-07-22T08:00:00+09:00,2026-07-22T16:30:00+09:00,22975
LOT-03334,L4,P-L4-04,2026-07-22T20:00:00+09:00,2026-07-22T23:30:00+09:00,23095
LOT-03335,L5,P-L5-05,2026-07-22T08:00:00+09:00,2026-07-22T16:30:00+09:00,13730
LOT-03336,L5,P-L5-05,2026-07-22T20:00:00+09:00,2026-07-22T23:30:00+09:00,13850
LOT-03337,L1,P-L1-02,2026-07-23T08:00:00+09:00,2026-07-23T16:30:00+09:00,25650
LOT-03338,L1,P-L1-02,2026-07-23T20:00:00+09:00,2026-07-23T23:30:00+09:00,25770
LOT-03339,L2,P-L2-03,2026-07-23T08:00:00+09:00,2026-07-23T16:30:00+09:00,24650
LOT-03340,L2,P-L2-03,2026-07-23T20:00:00+09:00,2026-07-23T23:30:00+09:00,24770
LOT-03341,L3,P-L3-04,2026-07-23T08:00:00+09:00,2026-07-23T16:30:00+09:00,24650
LOT-03342,L3,P-L3-04,2026-07-23T20:00:00+09:00,2026-07-23T23:30:00+09:00,24770
LOT-03343,L4,P-L4-05,2026-07-23T08:00:00+09:00,2026-07-23T16:30:00+09:00,23150
LOT-03344,L4,P-L4-05,2026-07-23T20:00:00+09:00,2026-07-23T23:30:00+09:00,23270
LOT-03345,L5,P-L5-01,2026-07-23T08:00:00+09:00,2026-07-23T16:30:00+09:00,13820
LOT-03346,L5,P-L5-01,2026-07-23T20:00:00+09:00,2026-07-23T23:30:00+09:00,13940
LOT-03347,L6,P-L6-02,2026-07-23T08:00:00+09:00,2026-07-23T16:30:00+09:00,12820
LOT-03348,L6,P-L6-02,2026-07-23T20:00:00+09:00,2026-07-23T23:30:00+09:00,12940
LOT-03349,L1,P-L1-03,2026-07-24T08:00:00+09:00,2026-07-24T16:30:00+09:00,25825
LOT-03350,L1,P-L1-03,2026-07-24T20:00:00+09:00,2026-07-24T23:30:00+09:00,25945
LOT-03351,L2,P-L2-04,2026-07-24T08:00:00+09:00,2026-07-24T16:30:00+09:00,24825
LOT-03352,L2,P-L2-04,2026-07-24T20:00:00+09:00,2026-07-24T23:30:00+09:00,24945
LOT-03353,L3,P-L3-05,2026-07-24T08:00:00+09:00,2026-07-24T16:30:00+09:00,24825
LOT-03354,L3,P-L3-05,2026-07-24T20:00:00+09:00,2026-07-24T23:30:00+09:00,24945
LOT-03355,L4,P-L4-01,2026-07-24T08:00:00+09:00,2026-07-24T16:30:00+09:00,23325
LOT-03356,L4,P-L4-01,2026-07-24T20:00:00+09:00,2026-07-24T23:30:00+09:00,23445
LOT-03357,L5,P-L5-02,2026-07-24T08:00:00+09:00,2026-07-24T16:30:00+09:00,13910
LOT-03358,L5,P-L5-02,2026-07-24T20:00:00+09:00,2026-07-24T23:30:00+09:00,14030
LOT-03359,L6,P-L6-03,2026-07-24T08:00:00+09:00,2026-07-24T16:30:00+09:00,12910
LOT-03360,L6,P-L6-03,2026-07-24T20:00:00+09:00,2026-07-24T23:30:00+09:00,13030
LOT-03361,L1,P-L1-04,2026-07-25T08:00:00+09:00,2026-07-25T16:30:00+09:00,26000
LOT-03362,L1,P-L1-04,2026-07-25T20:00:00+09:00,2026-07-25T23:30:00+09:00,26120
LOT-03363,L2,P-L2-05,2026-07-25T08:00:00+09:00,2026-07-25T16:30:00+09:00,25000
LOT-03364,L2,P-L2-05,2026-07-25T20:00:00+09:00,2026-07-25T23:30:00+09:00,25120
LOT-03365,L3,P-L3-01,2026-07-25T08:00:00+09:00,2026-07-25T16:30:00+09:00,25000
LOT-03366,L3,P-L3-01,2026-07-25T20:00:00+09:00,2026-07-25T23:30:00+09:00,25120
LOT-03367,L4,P-L4-02,2026-07-25T08:00:00+09:00,2026-07-25T16:30:00+09:00,23500
LOT-03368,L4,P-L4-02,2026-07-25T20:00:00+09:00,2026-07-25T23:30:00+09:00,23620
LOT-03369,L5,P-L5-03,2026-07-25T08:00:00+09:00,2026-07-25T16:30:00+09:00,14000
LOT-03370,L5,P-L5-03,2026-07-25T20:00:00+09:00,2026-07-25T23:30:00+09:00,14120
LOT-03371,L6,P-L6-04,2026-07-25T08:00:00+09:00,2026-07-25T16:30:00+09:00,13000
LOT-03372,L6,P-L6-04,2026-07-25T20:00:00+09:00,2026-07-25T23:30:00+09:00,13120
LOT-03373,L1,P-L1-05,2026-07-26T08:00:00+09:00,2026-07-26T16:30:00+09:00,26175
LOT-03374,L1,P-L1-05,2026-07-26T20:00:00+09:00,2026-07-26T23:30:00+09:00,26295
LOT-03375,L2,P-L2-01,2026-07-26T08:00:00+09:00,2026-07-26T16:30:00+09:00,25175
LOT-03376,L2,P-L2-01,2026-07-26T20:00:00+09:00,2026-07-26T23:30:00+09:00,25295
LOT-03377,L3,P-L3-02,2026-07-26T08:00:00+09:00,2026-07-26T16:30:00+09:00,25175
LOT-03378,L3,P-L3-02,2026-07-26T20:00:00+09:00,2026-07-26T23:30:00+09:00,25295
LOT-03379,L4,P-L4-03,2026-07-26T08:00:00+09:00,2026-07-26T16:30:00+09:00,23675
LOT-03380,L4,P-L4-03,2026-07-26T20:00:00+09:00,2026-07-26T23:30:00+09:00,23795
LOT-03381,L5,P-L5-04,2026-07-26T08:00:00+09:00,2026-07-26T16:30:00+09:00,14090
LOT-03382,L5,P-L5-04,2026-07-26T20:00:00+09:00,2026-07-26T23:30:00+09:00,14210
LOT-03383,L6,P-L6-05,2026-07-26T08:00:00+09:00,2026-07-26T16:30:00+09:00,13090
LOT-03384,L6,P-L6-05,2026-07-26T20:00:00+09:00,2026-07-26T23:30:00+09:00,13210
LOT-03385,L1,P-L1-01,2026-07-27T08:00:00+09:00,2026-07-27T16:30:00+09:00,26350
LOT-03386,L1,P-L1-01,2026-07-27T20:00:00+09:00,2026-07-27T23:30:00+09:00,26470
LOT-03387,L2,P-L2-02,2026-07-27T08:00:00+09:00,2026-07-27T16:30:00+09:00,25350
LOT-03388,L2,P-L2-02,2026-07-27T20:00:00+09:00,2026-07-27T23:30:00+09:00,25470
LOT-03389,L3,P-L3-03,2026-07-27T08:00:00+09:00,2026-07-27T16:30:00+09:00,25350
LOT-03390,L3,P-L3-03,2026-07-27T20:00:00+09:00,2026-07-27T23:30:00+09:00,25470
LOT-03391,L4,P-L4-04,2026-07-27T08:00:00+09:00,2026-07-27T16:30:00+09:00,23850
LOT-03392,L4,P-L4-04,2026-07-27T20:00:00+09:00,2026-07-27T23:30:00+09:00,23970
LOT-03393,L5,P-L5-05,2026-07-27T08:00:00+09:00,2026-07-27T16:30:00+09:00,14180
LOT-03394,L5,P-L5-05,2026-07-27T20:00:00+09:00,2026-07-27T23:30:00+09:00,14300
LOT-03395,L6,P-L6-01,2026-07-27T08:00:00+09:00,2026-07-27T16:30:00+09:00,13180
LOT-03396,L6,P-L6-01,2026-07-27T20:00:00+09:00,2026-07-27T23:30:00+09:00,13300
LOT-03397,L1,P-L1-02,2026-07-28T08:00:00+09:00,2026-07-28T16:30:00+09:00,26525
LOT-03398,L1,P-L1-02,2026-07-28T20:00:00+09:00,2026-07-28T23:30:00+09:00,26645
LOT-03399,L2,P-L2-03,2026-07-28T08:00:00+09:00,2026-07-28T16:30:00+09:00,25525
LOT-03400,L2,P-L2-03,2026-07-28T20:00:00+09:00,2026-07-28T23:30:00+09:00,25645
LOT-03401,L3,P-L3-04,2026-07-28T08:00:00+09:00,2026-07-28T16:30:00+09:00,25525
LOT-03402,L3,P-L3-04,2026-07-28T20:00:00+09:00,2026-07-28T23:30:00+09:00,25645
LOT-03403,L4,P-L4-05,2026-07-28T08:00:00+09:00,2026-07-28T16:30:00+09:00,24025
LOT-03404,L4,P-L4-05,2026-07-28T20:00:00+09:00,2026-07-28T23:30:00+09:00,24145
LOT-03405,L5,P-L5-01,2026-07-28T08:00:00+09:00,2026-07-28T16:30:00+09:00,14270
LOT-03406,L5,P-L5-01,2026-07-28T20:00:00+09:00,2026-07-28T23:30:00+09:00,14390
LOT-03407,L6,P-L6-02,2026-07-28T08:00:00+09:00,2026-07-28T16:30:00+09:00,13270
LOT-03408,L6,P-L6-02,2026-07-28T20:00:00+09:00,2026-07-28T23:30:00+09:00,13390
LOT-03409,L1,P-L1-03,2026-07-29T08:00:00+09:00,2026-07-29T16:30:00+09:00,25475
LOT-03410,L1,P-L1-03,2026-07-29T20:00:00+09:00,2026-07-29T23:30:00+09:00,25595
LOT-03411,L2,P-L2-04,2026-07-29T08:00:00+09:00,2026-07-29T16:30:00+09:00,24475
LOT-03412,L2,P-L2-04,2026-07-29T20:00:00+09:00,2026-07-29T23:30:00+09:00,24595
LOT-03413,L3,P-L3-05,2026-07-29T08:00:00+09:00,2026-07-29T16:30:00+09:00,24475
LOT-03414,L3,P-L3-05,2026-07-29T20:00:00+09:00,2026-07-29T23:30:00+09:00,24595
LOT-03415,L4,P-L4-01,2026-07-29T08:00:00+09:00,2026-07-29T16:30:00+09:00,22975
LOT-03416,L4,P-L4-01,2026-07-29T20:00:00+09:00,2026-07-29T23:30:00+09:00,23095
LOT-03417,L5,P-L5-02,2026-07-29T08:00:00+09:00,2026-07-29T16:30:00+09:00,13730
LOT-03418,L5,P-L5-02,2026-07-29T20:00:00+09:00,2026-07-29T23:30:00+09:00,13850
LOT-03419,L6,P-L6-03,2026-07-29T08:00:00+09:00,2026-07-29T16:30:00+09:00,12730
LOT-03420,L6,P-L6-03,2026-07-29T20:00:00+09:00,2026-07-29T23:30:00+09:00,12850
LOT-03421,L1,P-L1-04,2026-07-30T08:00:00+09:00,2026-07-30T16:30:00+09:00,25650
LOT-03422,L1,P-L1-04,2026-07-30T20:00:00+09:00,2026-07-30T23:30:00+09:00,25770
LOT-03423,L2,P-L2-05,2026-07-30T08:00:00+09:00,2026-07-30T16:30:00+09:00,24650
LOT-03424,L2,P-L2-05,2026-07-30T20:00:00+09:00,2026-07-30T23:30:00+09:00,24770
LOT-03425,L3,P-L3-01,2026-07-30T08:00:00+09:00,2026-07-30T16:30:00+09:00,24650
LOT-03426,L3,P-L3-01,2026-07-30T20:00:00+09:00,2026-07-30T23:30:00+09:00,24770
LOT-03427,L4,P-L4-02,2026-07-30T08:00:00+09:00,2026-07-30T16:30:00+09:00,23150
LOT-03428,L4,P-L4-02,2026-07-30T20:00:00+09:00,2026-07-30T23:30:00+09:00,23270
LOT-03429,L5,P-L5-03,2026-07-30T08:00:00+09:00,2026-07-30T16:30:00+09:00,13820
LOT-03430,L5,P-L5-03,2026-07-30T20:00:00+09:00,2026-07-30T23:30:00+09:00,13940
LOT-03431,L6,P-L6-04,2026-07-30T08:00:00+09:00,2026-07-30T16:30:00+09:00,12820
LOT-03432,L6,P-L6-04,2026-07-30T20:00:00+09:00,2026-07-30T23:30:00+09:00,12940
LOT-03433,L1,P-L1-05,2026-07-31T08:00:00+09:00,2026-07-31T16:30:00+09:00,25825
LOT-03434,L1,P-L1-05,2026-07-31T20:00:00+09:00,2026-07-31T23:30:00+09:00,25945
LOT-03435,L2,P-L2-01,2026-07-31T08:00:00+09:00,2026-07-31T16:30:00+09:00,24825
LOT-03436,L2,P-L2-01,2026-07-31T20:00:00+09:00,2026-07-31T23:30:00+09:00,24945
LOT-03437,L3,P-L3-02,2026-07-31T08:00:00+09:00,2026-07-31T16:30:00+09:00,24825
LOT-03438,L3,P-L3-02,2026-07-31T20:00:00+09:00,2026-07-31T23:30:00+09:00,24945
LOT-03439,L4,P-L4-03,2026-07-31T08:00:00+09:00,2026-07-31T16:30:00+09:00,23325
LOT-03440,L4,P-L4-03,2026-07-31T20:00:00+09:00,2026-07-31T23:30:00+09:00,23445
LOT-03441,L5,P-L5-04,2026-07-31T08:00:00+09:00,2026-07-31T16:30:00+09:00,13910
LOT-03442,L5,P-L5-04,2026-07-31T20:00:00+09:00,2026-07-31T23:30:00+09:00,14030
LOT-03443,L6,P-L6-05,2026-07-31T08:00:00+09:00,2026-07-31T16:30:00+09:00,12910
LOT-03444,L6,P-L6-05,2026-07-31T20:00:00+09:00,2026-07-31T23:30:00+09:00,13030
LOT-03445,L1,P-L1-01,2026-08-01T08:00:00+09:00,2026-08-01T16:30:00+09:00,26000
LOT-03446,L1,P-L1-01,2026-08-01T20:00:00+09:00,2026-08-01T23:30:00+09:00,26120
LOT-03447,L2,P-L2-02,2026-08-01T08:00:00+09:00,2026-08-01T16:30:00+09:00,25000
LOT-03448,L2,P-L2-02,2026-08-01T20:00:00+09:00,2026-08-01T23:30:00+09:00,25120
LOT-03449,L3,P-L3-03,2026-08-01T08:00:00+09:00,2026-08-01T16:30:00+09:00,25000
LOT-03450,L3,P-L3-03,2026-08-01T20:00:00+09:00,2026-08-01T23:30:00+09:00,25120
LOT-03451,L4,P-L4-04,2026-08-01T08:00:00+09:00,2026-08-01T16:30:00+09:00,23500
LOT-03452,L4,P-L4-04,2026-08-01T20:00:00+09:00,2026-08-01T23:30:00+09:00,23620
LOT-03453,L5,P-L5-05,2026-08-01T08:00:00+09:00,2026-08-01T16:30:00+09:00,14000
LOT-03454,L5,P-L5-05,2026-08-01T20:00:00+09:00,2026-08-01T23:30:00+09:00,14120
LOT-03455,L6,P-L6-01,2026-08-01T08:00:00+09:00,2026-08-01T16:30:00+09:00,13000
LOT-03456,L6,P-L6-01,2026-08-01T20:00:00+09:00,2026-08-01T23:30:00+09:00,13120
LOT-03457,L1,P-L1-02,2026-08-02T08:00:00+09:00,2026-08-02T16:30:00+09:00,26175
LOT-03458,L1,P-L1-02,2026-08-02T20:00:00+09:00,2026-08-02T23:30:00+09:00,26295
LOT-03459,L2,P-L2-03,2026-08-02T08:00:00+09:00,2026-08-02T16:30:00+09:00,25175
LOT-03460,L2,P-L2-03,2026-08-02T20:00:00+09:00,2026-08-02T23:30:00+09:00,25295
LOT-03461,L3,P-L3-04,2026-08-02T08:00:00+09:00,2026-08-02T16:30:00+09:00,25175
LOT-03462,L3,P-L3-04,2026-08-02T20:00:00+09:00,2026-08-02T23:30:00+09:00,25295
LOT-03463,L4,P-L4-05,2026-08-02T08:00:00+09:00,2026-08-02T16:30:00+09:00,23675
LOT-03464,L4,P-L4-05,2026-08-02T20:00:00+09:00,2026-08-02T23:30:00+09:00,23795
LOT-03465,L5,P-L5-01,2026-08-02T08:00:00+09:00,2026-08-02T16:30:00+09:00,14090
LOT-03466,L5,P-L5-01,2026-08-02T20:00:00+09:00,2026-08-02T23:30:00+09:00,14210
LOT-03467,L6,P-L6-02,2026-08-02T08:00:00+09:00,2026-08-02T16:30:00+09:00,13090
LOT-03468,L6,P-L6-02,2026-08-02T20:00:00+09:00,2026-08-02T23:30:00+09:00,13210
LOT-03469,L1,P-L1-03,2026-08-03T08:00:00+09:00,2026-08-03T16:30:00+09:00,26350
LOT-03470,L1,P-L1-03,2026-08-03T20:00:00+09:00,2026-08-03T23:30:00+09:00,26470
LOT-03471,L2,P-L2-04,2026-08-03T08:00:00+09:00,2026-08-03T16:30:00+09:00,25350
LOT-03472,L2,P-L2-04,2026-08-03T20:00:00+09:00,2026-08-03T23:30:00+09:00,25470
LOT-03473,L3,P-L3-05,2026-08-03T08:00:00+09:00,2026-08-03T16:30:00+09:00,25350
LOT-03474,L3,P-L3-05,2026-08-03T20:00:00+09:00,2026-08-03T23:30:00+09:00,25470
LOT-03475,L4,P-L4-01,2026-08-03T08:00:00+09:00,2026-08-03T16:30:00+09:00,23850
LOT-03476,L4,P-L4-01,2026-08-03T20:00:00+09:00,2026-08-03T23:30:00+09:00,23970
LOT-03477,L5,P-L5-02,2026-08-03T08:00:00+09:00,2026-08-03T16:30:00+09:00,14180
LOT-03478,L5,P-L5-02,2026-08-03T20:00:00+09:00,2026-08-03T23:30:00+09:00,14300
LOT-03479,L6,P-L6-03,2026-08-03T08:00:00+09:00,2026-08-03T16:30:00+09:00,13180
LOT-03480,L6,P-L6-03,2026-08-03T20:00:00+09:00,2026-08-03T23:30:00+09:00,13300
LOT-03481,L2,P-L2-05,2026-08-04T08:00:00+09:00,2026-08-04T16:30:00+09:00,25525
LOT-03482,L2,P-L2-05,2026-08-04T20:00:00+09:00,2026-08-04T23:30:00+09:00,25645
LOT-03483,L3,P-L3-01,2026-08-04T08:00:00+09:00,2026-08-04T16:30:00+09:00,25525
LOT-03484,L3,P-L3-01,2026-08-04T20:00:00+09:00,2026-08-04T23:30:00+09:00,25645
LOT-03485,L4,P-L4-02,2026-08-04T08:00:00+09:00,2026-08-04T16:30:00+09:00,24025
LOT-03486,L4,P-L4-02,2026-08-04T20:00:00+09:00,2026-08-04T23:30:00+09:00,24145
LOT-03487,L5,P-L5-03,2026-08-04T08:00:00+09:00,2026-08-04T16:30:00+09:00,14270
LOT-03488,L5,P-L5-03,2026-08-04T20:00:00+09:00,2026-08-04T23:30:00+09:00,14390
LOT-03489,L6,P-L6-04,2026-08-04T08:00:00+09:00,2026-08-04T16:30:00+09:00,13270
LOT-03490,L6,P-L6-04,2026-08-04T20:00:00+09:00,2026-08-04T23:30:00+09:00,13390
LOT-03491,L1,P-L1-05,2026-08-05T08:00:00+09:00,2026-08-05T16:30:00+09:00,25475
LOT-03492,L1,P-L1-05,2026-08-05T20:00:00+09:00,2026-08-05T23:30:00+09:00,25595
LOT-03493,L3,P-L3-02,2026-08-05T08:00:00+09:00,2026-08-05T16:30:00+09:00,24475
LOT-03494,L3,P-L3-02,2026-08-05T20:00:00+09:00,2026-08-05T23:30:00+09:00,24595
LOT-03495,L4,P-L4-03,2026-08-05T08:00:00+09:00,2026-08-05T16:30:00+09:00,22975
LOT-03496,L4,P-L4-03,2026-08-05T20:00:00+09:00,2026-08-05T23:30:00+09:00,23095
LOT-03497,L5,P-L5-04,2026-08-05T08:00:00+09:00,2026-08-05T16:30:00+09:00,13730
LOT-03498,L5,P-L5-04,2026-08-05T20:00:00+09:00,2026-08-05T23:30:00+09:00,13850
LOT-03499,L6,P-L6-05,2026-08-05T08:00:00+09:00,2026-08-05T16:30:00+09:00,12730
LOT-03500,L6,P-L6-05,2026-08-05T20:00:00+09:00,2026-08-05T23:30:00+09:00,12850
LOT-03501,L1,P-L1-01,2026-08-06T08:00:00+09:00,2026-08-06T16:30:00+09:00,25650
LOT-03502,L1,P-L1-01,2026-08-06T20:00:00+09:00,2026-08-06T23:30:00+09:00,25770
LOT-03503,L2,P-L2-02,2026-08-06T08:00:00+09:00,2026-08-06T16:30:00+09:00,24650
LOT-03504,L2,P-L2-02,2026-08-06T20:00:00+09:00,2026-08-06T23:30:00+09:00,24770
LOT-03505,L4,P-L4-04,2026-08-06T08:00:00+09:00,2026-08-06T16:30:00+09:00,23150
LOT-03506,L4,P-L4-04,2026-08-06T20:00:00+09:00,2026-08-06T23:30:00+09:00,23270
LOT-03507,L5,P-L5-05,2026-08-06T08:00:00+09:00,2026-08-06T16:30:00+09:00,13820
LOT-03508,L5,P-L5-05,2026-08-06T20:00:00+09:00,2026-08-06T23:30:00+09:00,13940
LOT-03509,L6,P-L6-01,2026-08-06T08:00:00+09:00,2026-08-06T16:30:00+09:00,12820
LOT-03510,L6,P-L6-01,2026-08-06T20:00:00+09:00,2026-08-06T23:30:00+09:00,12940
LOT-03511,L1,P-L1-02,2026-08-07T08:00:00+09:00,2026-08-07T16:30:00+09:00,25825
LOT-03512,L1,P-L1-02,2026-08-07T20:00:00+09:00,2026-08-07T23:30:00+09:00,25945
LOT-03513,L2,P-L2-03,2026-08-07T08:00:00+09:00,2026-08-07T16:30:00+09:00,24825
LOT-03514,L2,P-L2-03,2026-08-07T20:00:00+09:00,2026-08-07T23:30:00+09:00,24945
LOT-03515,L3,P-L3-04,2026-08-07T08:00:00+09:00,2026-08-07T16:30:00+09:00,24825
LOT-03516,L3,P-L3-04,2026-08-07T20:00:00+09:00,2026-08-07T23:30:00+09:00,24945
LOT-03517,L5,P-L5-01,2026-08-07T08:00:00+09:00,2026-08-07T16:30:00+09:00,13910
LOT-03518,L5,P-L5-01,2026-08-07T20:00:00+09:00,2026-08-07T23:30:00+09:00,14030
LOT-03519,L6,P-L6-02,2026-08-07T08:00:00+09:00,2026-08-07T16:30:00+09:00,12910
LOT-03520,L6,P-L6-02,2026-08-07T20:00:00+09:00,2026-08-07T23:30:00+09:00,13030
LOT-03521,L1,P-L1-03,2026-08-08T08:00:00+09:00,2026-08-08T16:30:00+09:00,26000
LOT-03522,L1,P-L1-03,2026-08-08T20:00:00+09:00,2026-08-08T23:30:00+09:00,26120
LOT-03523,L2,P-L2-04,2026-08-08T08:00:00+09:00,2026-08-08T16:30:00+09:00,25000
LOT-03524,L2,P-L2-04,2026-08-08T20:00:00+09:00,2026-08-08T23:30:00+09:00,25120
LOT-03525,L3,P-L3-05,2026-08-08T08:00:00+09:00,2026-08-08T16:30:00+09:00,25000
LOT-03526,L3,P-L3-05,2026-08-08T20:00:00+09:00,2026-08-08T23:30:00+09:00,25120
LOT-03527,L4,P-L4-01,2026-08-08T08:00:00+09:00,2026-08-08T16:30:00+09:00,23500
LOT-03528,L4,P-L4-01,2026-08-08T20:00:00+09:00,2026-08-08T23:30:00+09:00,23620
LOT-03529,L6,P-L6-03,2026-08-08T08:00:00+09:00,2026-08-08T16:30:00+09:00,13000
LOT-03530,L6,P-L6-03,2026-08-08T20:00:00+09:00,2026-08-08T23:30:00+09:00,13120
LOT-03531,L1,P-L1-04,2026-08-09T08:00:00+09:00,2026-08-09T16:30:00+09:00,26175
LOT-03532,L1,P-L1-04,2026-08-09T20:00:00+09:00,2026-08-09T23:30:00+09:00,26295
LOT-03533,L2,P-L2-05,2026-08-09T08:00:00+09:00,2026-08-09T16:30:00+09:00,25175
LOT-03534,L2,P-L2-05,2026-08-09T20:00:00+09:00,2026-08-09T23:30:00+09:00,25295
LOT-03535,L3,P-L3-01,2026-08-09T08:00:00+09:00,2026-08-09T16:30:00+09:00,25175
LOT-03536,L3,P-L3-01,2026-08-09T20:00:00+09:00,2026-08-09T23:30:00+09:00,25295
LOT-03537,L4,P-L4-02,2026-08-09T08:00:00+09:00,2026-08-09T16:30:00+09:00,23675
LOT-03538,L4,P-L4-02,2026-08-09T20:00:00+09:00,2026-08-09T23:30:00+09:00,23795
LOT-03539,L5,P-L5-03,2026-08-09T08:00:00+09:00,2026-08-09T16:30:00+09:00,14090
LOT-03540,L5,P-L5-03,2026-08-09T20:00:00+09:00,2026-08-09T23:30:00+09:00,14210
LOT-03541,L1,P-L1-05,2026-08-10T08:00:00+09:00,2026-08-10T16:30:00+09:00,26350
LOT-03542,L1,P-L1-05,2026-08-10T20:00:00+09:00,2026-08-10T23:30:00+09:00,26470
LOT-03543,L2,P-L2-01,2026-08-10T08:00:00+09:00,2026-08-10T16:30:00+09:00,25350
LOT-03544,L2,P-L2-01,2026-08-10T20:00:00+09:00,2026-08-10T23:30:00+09:00,25470
LOT-03545,L3,P-L3-02,2026-08-10T08:00:00+09:00,2026-08-10T16:30:00+09:00,25350
LOT-03546,L3,P-L3-02,2026-08-10T20:00:00+09:00,2026-08-10T23:30:00+09:00,25470
LOT-03547,L4,P-L4-03,2026-08-10T08:00:00+09:00,2026-08-10T16:30:00+09:00,23850
LOT-03548,L4,P-L4-03,2026-08-10T20:00:00+09:00,2026-08-10T23:30:00+09:00,23970
LOT-03549,L5,P-L5-04,2026-08-10T08:00:00+09:00,2026-08-10T16:30:00+09:00,14180
LOT-03550,L5,P-L5-04,2026-08-10T20:00:00+09:00,2026-08-10T23:30:00+09:00,14300
LOT-03551,L6,P-L6-05,2026-08-10T08:00:00+09:00,2026-08-10T16:30:00+09:00,13180
LOT-03552,L6,P-L6-05,2026-08-10T20:00:00+09:00,2026-08-10T23:30:00+09:00,13300
LOT-03553,L1,P-L1-01,2026-08-11T08:00:00+09:00,2026-08-11T16:30:00+09:00,26525
LOT-03554,L1,P-L1-01,2026-08-11T20:00:00+09:00,2026-08-11T23:30:00+09:00,26645
LOT-03555,L2,P-L2-02,2026-08-11T08:00:00+09:00,2026-08-11T16:30:00+09:00,25525
LOT-03556,L2,P-L2-02,2026-08-11T20:00:00+09:00,2026-08-11T23:30:00+09:00,25645
LOT-03557,L3,P-L3-03,2026-08-11T08:00:00+09:00,2026-08-11T16:30:00+09:00,25525
LOT-03558,L3,P-L3-03,2026-08-11T20:00:00+09:00,2026-08-11T23:30:00+09:00,25645
LOT-03559,L4,P-L4-04,2026-08-11T08:00:00+09:00,2026-08-11T16:30:00+09:00,24025
LOT-03560,L4,P-L4-04,2026-08-11T20:00:00+09:00,2026-08-11T23:30:00+09:00,24145
LOT-03561,L5,P-L5-05,2026-08-11T08:00:00+09:00,2026-08-11T16:30:00+09:00,14270
LOT-03562,L5,P-L5-05,2026-08-11T20:00:00+09:00,2026-08-11T23:30:00+09:00,14390
LOT-03563,L6,P-L6-01,2026-08-11T08:00:00+09:00,2026-08-11T16:30:00+09:00,13270
LOT-03564,L6,P-L6-01,2026-08-11T20:00:00+09:00,2026-08-11T23:30:00+09:00,13390
LOT-03565,L1,P-L1-02,2026-08-12T08:00:00+09:00,2026-08-12T16:30:00+09:00,25475
LOT-03566,L1,P-L1-02,2026-08-12T20:00:00+09:00,2026-08-12T23:30:00+09:00,25595
LOT-03567,L2,P-L2-03,2026-08-12T08:00:00+09:00,2026-08-12T16:30:00+09:00,24475
LOT-03568,L2,P-L2-03,2026-08-12T20:00:00+09:00,2026-08-12T23:30:00+09:00,24595
LOT-03569,L3,P-L3-04,2026-08-12T08:00:00+09:00,2026-08-12T16:30:00+09:00,24475
LOT-03570,L3,P-L3-04,2026-08-12T20:00:00+09:00,2026-08-12T23:30:00+09:00,24595
LOT-03571,L4,P-L4-05,2026-08-12T08:00:00+09:00,2026-08-12T16:30:00+09:00,22975
LOT-03572,L4,P-L4-05,2026-08-12T20:00:00+09:00,2026-08-12T23:30:00+09:00,23095
LOT-03573,L5,P-L5-01,2026-08-12T08:00:00+09:00,2026-08-12T16:30:00+09:00,13730
LOT-03574,L5,P-L5-01,2026-08-12T20:00:00+09:00,2026-08-12T23:30:00+09:00,13850
LOT-03575,L6,P-L6-02,2026-08-12T08:00:00+09:00,2026-08-12T16:30:00+09:00,12730
LOT-03576,L6,P-L6-02,2026-08-12T20:00:00+09:00,2026-08-12T23:30:00+09:00,12850
LOT-03577,L1,P-L1-03,2026-08-13T08:00:00+09:00,2026-08-13T16:30:00+09:00,25650
LOT-03578,L1,P-L1-03,2026-08-13T20:00:00+09:00,2026-08-13T23:30:00+09:00,25770
LOT-03579,L2,P-L2-04,2026-08-13T08:00:00+09:00,2026-08-13T16:30:00+09:00,24650
LOT-03580,L2,P-L2-04,2026-08-13T20:00:00+09:00,2026-08-13T23:30:00+09:00,24770
LOT-03581,L3,P-L3-05,2026-08-13T08:00:00+09:00,2026-08-13T16:30:00+09:00,24650
LOT-03582,L3,P-L3-05,2026-08-13T20:00:00+09:00,2026-08-13T23:30:00+09:00,24770
LOT-03583,L4,P-L4-01,2026-08-13T08:00:00+09:00,2026-08-13T16:30:00+09:00,23150
LOT-03584,L4,P-L4-01,2026-08-13T20:00:00+09:00,2026-08-13T23:30:00+09:00,23270
LOT-03585,L5,P-L5-02,2026-08-13T08:00:00+09:00,2026-08-13T16:30:00+09:00,13820
LOT-03586,L5,P-L5-02,2026-08-13T20:00:00+09:00,2026-08-13T23:30:00+09:00,13940
LOT-03587,L6,P-L6-03,2026-08-13T08:00:00+09:00,2026-08-13T16:30:00+09:00,12820
LOT-03588,L6,P-L6-03,2026-08-13T20:00:00+09:00,2026-08-13T23:30:00+09:00,12940
LOT-03589,L1,P-L1-04,2026-08-14T08:00:00+09:00,2026-08-14T16:30:00+09:00,25825
LOT-03590,L1,P-L1-04,2026-08-14T20:00:00+09:00,2026-08-14T23:30:00+09:00,25945
LOT-03591,L2,P-L2-05,2026-08-14T08:00:00+09:00,2026-08-14T16:30:00+09:00,24825
LOT-03592,L2,P-L2-05,2026-08-14T20:00:00+09:00,2026-08-14T23:30:00+09:00,24945
LOT-03593,L3,P-L3-01,2026-08-14T08:00:00+09:00,2026-08-14T16:30:00+09:00,24825
LOT-03594,L3,P-L3-01,2026-08-14T20:00:00+09:00,2026-08-14T23:30:00+09:00,24945
LOT-03595,L4,P-L4-02,2026-08-14T08:00:00+09:00,2026-08-14T16:30:00+09:00,23325
LOT-03596,L4,P-L4-02,2026-08-14T20:00:00+09:00,2026-08-14T23:30:00+09:00,23445
LOT-03597,L5,P-L5-03,2026-08-14T08:00:00+09:00,2026-08-14T16:30:00+09:00,13910
LOT-03598,L5,P-L5-03,2026-08-14T20:00:00+09:00,2026-08-14T23:30:00+09:00,14030
LOT-03599,L6,P-L6-04,2026-08-14T08:00:00+09:00,2026-08-14T16:30:00+09:00,12910
LOT-03600,L6,P-L6-04,2026-08-14T20:00:00+09:00,2026-08-14T23:30:00+09:00,13030
LOT-03601,L1,P-L1-05,2026-08-15T08:00:00+09:00,2026-08-15T16:30:00+09:00,26000
LOT-03602,L1,P-L1-05,2026-08-15T20:00:00+09:00,2026-08-15T23:30:00+09:00,26120
LOT-03603,L2,P-L2-01,2026-08-15T08:00:00+09:00,2026-08-15T16:30:00+09:00,25000
LOT-03604,L2,P-L2-01,2026-08-15T20:00:00+09:00,2026-08-15T23:30:00+09:00,25120
LOT-03605,L3,P-L3-02,2026-08-15T08:00:00+09:00,2026-08-15T16:30:00+09:00,25000
LOT-03606,L3,P-L3-02,2026-08-15T20:00:00+09:00,2026-08-15T23:30:00+09:00,25120
LOT-03607,L4,P-L4-03,2026-08-15T08:00:00+09:00,2026-08-15T16:30:00+09:00,23500
LOT-03608,L4,P-L4-03,2026-08-15T20:00:00+09:00,2026-08-15T23:30:00+09:00,23620
LOT-03609,L5,P-L5-04,2026-08-15T08:00:00+09:00,2026-08-15T16:30:00+09:00,14000
LOT-03610,L5,P-L5-04,2026-08-15T20:00:00+09:00,2026-08-15T23:30:00+09:00,14120
LOT-03611,L6,P-L6-05,2026-08-15T08:00:00+09:00,2026-08-15T16:30:00+09:00,13000
LOT-03612,L6,P-L6-05,2026-08-15T20:00:00+09:00,2026-08-15T23:30:00+09:00,13120
LOT-03613,L1,P-L1-01,2026-08-16T08:00:00+09:00,2026-08-16T16:30:00+09:00,26175
LOT-03614,L1,P-L1-01,2026-08-16T20:00:00+09:00,2026-08-16T23:30:00+09:00,26295
LOT-03615,L2,P-L2-02,2026-08-16T08:00:00+09:00,2026-08-16T16:30:00+09:00,25175
LOT-03616,L2,P-L2-02,2026-08-16T20:00:00+09:00,2026-08-16T23:30:00+09:00,25295
LOT-03617,L3,P-L3-03,2026-08-16T08:00:00+09:00,2026-08-16T16:30:00+09:00,25175
LOT-03618,L3,P-L3-03,2026-08-16T20:00:00+09:00,2026-08-16T23:30:00+09:00,25295
LOT-03619,L4,P-L4-04,2026-08-16T08:00:00+09:00,2026-08-16T16:30:00+09:00,23675
LOT-03620,L4,P-L4-04,2026-08-16T20:00:00+09:00,2026-08-16T23:30:00+09:00,23795
LOT-03621,L5,P-L5-05,2026-08-16T08:00:00+09:00,2026-08-16T16:30:00+09:00,14090
LOT-03622,L5,P-L5-05,2026-08-16T20:00:00+09:00,2026-08-16T23:30:00+09:00,14210
LOT-03623,L6,P-L6-01,2026-08-16T08:00:00+09:00,2026-08-16T16:30:00+09:00,13090
LOT-03624,L6,P-L6-01,2026-08-16T20:00:00+09:00,2026-08-16T23:30:00+09:00,13210
LOT-03625,L1,P-L1-02,2026-08-17T08:00:00+09:00,2026-08-17T16:30:00+09:00,26350
LOT-03626,L1,P-L1-02,2026-08-17T20:00:00+09:00,2026-08-17T23:30:00+09:00,26470
LOT-03627,L2,P-L2-03,2026-08-17T08:00:00+09:00,2026-08-17T16:30:00+09:00,25350
LOT-03628,L2,P-L2-03,2026-08-17T20:00:00+09:00,2026-08-17T23:30:00+09:00,25470
LOT-03629,L3,P-L3-04,2026-08-17T08:00:00+09:00,2026-08-17T16:30:00+09:00,25350
LOT-03630,L3,P-L3-04,2026-08-17T20:00:00+09:00,2026-08-17T23:30:00+09:00,25470
LOT-03631,L4,P-L4-05,2026-08-17T08:00:00+09:00,2026-08-17T16:30:00+09:00,23850
LOT-03632,L4,P-L4-05,2026-08-17T20:00:00+09:00,2026-08-17T23:30:00+09:00,23970
LOT-03633,L5,P-L5-01,2026-08-17T08:00:00+09:00,2026-08-17T16:30:00+09:00,14180
LOT-03634,L5,P-L5-01,2026-08-17T20:00:00+09:00,2026-08-17T23:30:00+09:00,14300
LOT-03635,L6,P-L6-02,2026-08-17T08:00:00+09:00,2026-08-17T16:30:00+09:00,13180
LOT-03636,L6,P-L6-02,2026-08-17T20:00:00+09:00,2026-08-17T23:30:00+09:00,13300
LOT-03637,L1,P-L1-03,2026-08-18T08:00:00+09:00,2026-08-18T16:30:00+09:00,26525
LOT-03638,L1,P-L1-03,2026-08-18T20:00:00+09:00,2026-08-18T23:30:00+09:00,26645
LOT-03639,L2,P-L2-04,2026-08-18T08:00:00+09:00,2026-08-18T16:30:00+09:00,25525
LOT-03640,L2,P-L2-04,2026-08-18T20:00:00+09:00,2026-08-18T23:30:00+09:00,25645
LOT-03641,L3,P-L3-05,2026-08-18T08:00:00+09:00,2026-08-18T16:30:00+09:00,25525
LOT-03642,L3,P-L3-05,2026-08-18T20:00:00+09:00,2026-08-18T23:30:00+09:00,25645
LOT-03643,L4,P-L4-01,2026-08-18T08:00:00+09:00,2026-08-18T16:30:00+09:00,24025
LOT-03644,L4,P-L4-01,2026-08-18T20:00:00+09:00,2026-08-18T23:30:00+09:00,24145
LOT-03645,L5,P-L5-02,2026-08-18T08:00:00+09:00,2026-08-18T16:30:00+09:00,14270
LOT-03646,L5,P-L5-02,2026-08-18T20:00:00+09:00,2026-08-18T23:30:00+09:00,14390
LOT-03647,L6,P-L6-03,2026-08-18T08:00:00+09:00,2026-08-18T16:30:00+09:00,13270
LOT-03648,L6,P-L6-03,2026-08-18T20:00:00+09:00,2026-08-18T23:30:00+09:00,13390
LOT-03649,L1,P-L1-04,2026-08-19T08:00:00+09:00,2026-08-19T16:30:00+09:00,25475
LOT-03650,L1,P-L1-04,2026-08-19T20:00:00+09:00,2026-08-19T23:30:00+09:00,25595
LOT-03651,L2,P-L2-05,2026-08-19T08:00:00+09:00,2026-08-19T16:30:00+09:00,24475
LOT-03652,L2,P-L2-05,2026-08-19T20:00:00+09:00,2026-08-19T23:30:00+09:00,24595
LOT-03653,L3,P-L3-01,2026-08-19T08:00:00+09:00,2026-08-19T16:30:00+09:00,24475
LOT-03654,L3,P-L3-01,2026-08-19T20:00:00+09:00,2026-08-19T23:30:00+09:00,24595
LOT-03655,L4,P-L4-02,2026-08-19T08:00:00+09:00,2026-08-19T16:30:00+09:00,22975
LOT-03656,L4,P-L4-02,2026-08-19T20:00:00+09:00,2026-08-19T23:30:00+09:00,23095
LOT-03657,L5,P-L5-03,2026-08-19T08:00:00+09:00,2026-08-19T16:30:00+09:00,13730
LOT-03658,L5,P-L5-03,2026-08-19T20:00:00+09:00,2026-08-19T23:30:00+09:00,13850
LOT-03659,L6,P-L6-04,2026-08-19T08:00:00+09:00,2026-08-19T16:30:00+09:00,12730
LOT-03660,L6,P-L6-04,2026-08-19T20:00:00+09:00,2026-08-19T23:30:00+09:00,12850
LOT-03661,L1,P-L1-05,2026-08-20T08:00:00+09:00,2026-08-20T16:30:00+09:00,25650
LOT-03662,L1,P-L1-05,2026-08-20T20:00:00+09:00,2026-08-20T23:30:00+09:00,25770
LOT-03663,L2,P-L2-01,2026-08-20T08:00:00+09:00,2026-08-20T16:30:00+09:00,24650
LOT-03664,L2,P-L2-01,2026-08-20T20:00:00+09:00,2026-08-20T23:30:00+09:00,24770
LOT-03665,L3,P-L3-02,2026-08-20T08:00:00+09:00,2026-08-20T16:30:00+09:00,24650
LOT-03666,L3,P-L3-02,2026-08-20T20:00:00+09:00,2026-08-20T23:30:00+09:00,24770
LOT-03667,L4,P-L4-03,2026-08-20T08:00:00+09:00,2026-08-20T16:30:00+09:00,23150
LOT-03668,L4,P-L4-03,2026-08-20T20:00:00+09:00,2026-08-20T23:30:00+09:00,23270
LOT-03669,L5,P-L5-04,2026-08-20T08:00:00+09:00,2026-08-20T16:30:00+09:00,13820
LOT-03670,L5,P-L5-04,2026-08-20T20:00:00+09:00,2026-08-20T23:30:00+09:00,13940
LOT-03671,L6,P-L6-05,2026-08-20T08:00:00+09:00,2026-08-20T16:30:00+09:00,12820
LOT-03672,L6,P-L6-05,2026-08-20T20:00:00+09:00,2026-08-20T23:30:00+09:00,12940
LOT-03673,L1,P-L1-01,2026-08-21T08:00:00+09:00,2026-08-21T16:30:00+09:00,25825
LOT-03674,L1,P-L1-01,2026-08-21T20:00:00+09:00,2026-08-21T23:30:00+09:00,25945
LOT-03675,L2,P-L2-02,2026-08-21T08:00:00+09:00,2026-08-21T16:30:00+09:00,24825
LOT-03676,L2,P-L2-02,2026-08-21T20:00:00+09:00,2026-08-21T23:30:00+09:00,24945
LOT-03677,L3,P-L3-03,2026-08-21T08:00:00+09:00,2026-08-21T16:30:00+09:00,24825
LOT-03678,L3,P-L3-03,2026-08-21T20:00:00+09:00,2026-08-21T23:30:00+09:00,24945
LOT-03679,L4,P-L4-04,2026-08-21T08:00:00+09:00,2026-08-21T16:30:00+09:00,23325
LOT-03680,L4,P-L4-04,2026-08-21T20:00:00+09:00,2026-08-21T23:30:00+09:00,23445
LOT-03681,L5,P-L5-05,2026-08-21T08:00:00+09:00,2026-08-21T16:30:00+09:00,13910
LOT-03682,L5,P-L5-05,2026-08-21T20:00:00+09:00,2026-08-21T23:30:00+09:00,14030
LOT-03683,L6,P-L6-01,2026-08-21T08:00:00+09:00,2026-08-21T16:30:00+09:00,12910
LOT-03684,L6,P-L6-01,2026-08-21T20:00:00+09:00,2026-08-21T23:30:00+09:00,13030
LOT-03685,L2,P-L2-03,2026-08-22T08:00:00+09:00,2026-08-22T16:30:00+09:00,25000
LOT-03686,L2,P-L2-03,2026-08-22T20:00:00+09:00,2026-08-22T23:30:00+09:00,25120
LOT-03687,L3,P-L3-04,2026-08-22T08:00:00+09:00,2026-08-22T16:30:00+09:00,25000
LOT-03688,L3,P-L3-04,2026-08-22T20:00:00+09:00,2026-08-22T23:30:00+09:00,25120
LOT-03689,L4,P-L4-05,2026-08-22T08:00:00+09:00,2026-08-22T16:30:00+09:00,23500
LOT-03690,L4,P-L4-05,2026-08-22T20:00:00+09:00,2026-08-22T23:30:00+09:00,23620
LOT-03691,L5,P-L5-01,2026-08-22T08:00:00+09:00,2026-08-22T16:30:00+09:00,14000
LOT-03692,L5,P-L5-01,2026-08-22T20:00:00+09:00,2026-08-22T23:30:00+09:00,14120
LOT-03693,L6,P-L6-02,2026-08-22T08:00:00+09:00,2026-08-22T16:30:00+09:00,13000
LOT-03694,L6,P-L6-02,2026-08-22T20:00:00+09:00,2026-08-22T23:30:00+09:00,13120
LOT-03695,L1,P-L1-03,2026-08-23T08:00:00+09:00,2026-08-23T16:30:00+09:00,26175
LOT-03696,L1,P-L1-03,2026-08-23T20:00:00+09:00,2026-08-23T23:30:00+09:00,26295
LOT-03697,L3,P-L3-05,2026-08-23T08:00:00+09:00,2026-08-23T16:30:00+09:00,25175
LOT-03698,L3,P-L3-05,2026-08-23T20:00:00+09:00,2026-08-23T23:30:00+09:00,25295
LOT-03699,L4,P-L4-01,2026-08-23T08:00:00+09:00,2026-08-23T16:30:00+09:00,23675
LOT-03700,L4,P-L4-01,2026-08-23T20:00:00+09:00,2026-08-23T23:30:00+09:00,23795
LOT-03701,L5,P-L5-02,2026-08-23T08:00:00+09:00,2026-08-23T16:30:00+09:00,14090
LOT-03702,L5,P-L5-02,2026-08-23T20:00:00+09:00,2026-08-23T23:30:00+09:00,14210
LOT-03703,L6,P-L6-03,2026-08-23T08:00:00+09:00,2026-08-23T16:30:00+09:00,13090
LOT-03704,L6,P-L6-03,2026-08-23T20:00:00+09:00,2026-08-23T23:30:00+09:00,13210
LOT-03705,L1,P-L1-04,2026-08-24T08:00:00+09:00,2026-08-24T16:30:00+09:00,26350
LOT-03706,L1,P-L1-04,2026-08-24T20:00:00+09:00,2026-08-24T23:30:00+09:00,26470
LOT-03707,L2,P-L2-05,2026-08-24T08:00:00+09:00,2026-08-24T16:30:00+09:00,25350
LOT-03708,L2,P-L2-05,2026-08-24T20:00:00+09:00,2026-08-24T23:30:00+09:00,25470
LOT-03709,L4,P-L4-02,2026-08-24T08:00:00+09:00,2026-08-24T16:30:00+09:00,23850
LOT-03710,L4,P-L4-02,2026-08-24T20:00:00+09:00,2026-08-24T23:30:00+09:00,23970
LOT-03711,L5,P-L5-03,2026-08-24T08:00:00+09:00,2026-08-24T16:30:00+09:00,14180
LOT-03712,L5,P-L5-03,2026-08-24T20:00:00+09:00,2026-08-24T23:30:00+09:00,14300
LOT-03713,L6,P-L6-04,2026-08-24T08:00:00+09:00,2026-08-24T16:30:00+09:00,13180
LOT-03714,L6,P-L6-04,2026-08-24T20:00:00+09:00,2026-08-24T23:30:00+09:00,13300
LOT-03715,L1,P-L1-05,2026-08-25T08:00:00+09:00,2026-08-25T16:30:00+09:00,26525
LOT-03716,L1,P-L1-05,2026-08-25T20:00:00+09:00,2026-08-25T23:30:00+09:00,26645
LOT-03717,L2,P-L2-01,2026-08-25T08:00:00+09:00,2026-08-25T16:30:00+09:00,25525
LOT-03718,L2,P-L2-01,2026-08-25T20:00:00+09:00,2026-08-25T23:30:00+09:00,25645
LOT-03719,L3,P-L3-02,2026-08-25T08:00:00+09:00,2026-08-25T16:30:00+09:00,25525
LOT-03720,L3,P-L3-02,2026-08-25T20:00:00+09:00,2026-08-25T23:30:00+09:00,25645
LOT-03721,L5,P-L5-04,2026-08-25T08:00:00+09:00,2026-08-25T16:30:00+09:00,14270
LOT-03722,L5,P-L5-04,2026-08-25T20:00:00+09:00,2026-08-25T23:30:00+09:00,14390
LOT-03723,L6,P-L6-05,2026-08-25T08:00:00+09:00,2026-08-25T16:30:00+09:00,13270
LOT-03724,L6,P-L6-05,2026-08-25T20:00:00+09:00,2026-08-25T23:30:00+09:00,13390
LOT-03725,L1,P-L1-01,2026-08-26T08:00:00+09:00,2026-08-26T16:30:00+09:00,25475
LOT-03726,L1,P-L1-01,2026-08-26T20:00:00+09:00,2026-08-26T23:30:00+09:00,25595
LOT-03727,L2,P-L2-02,2026-08-26T08:00:00+09:00,2026-08-26T16:30:00+09:00,24475
LOT-03728,L2,P-L2-02,2026-08-26T20:00:00+09:00,2026-08-26T23:30:00+09:00,24595
LOT-03729,L3,P-L3-03,2026-08-26T08:00:00+09:00,2026-08-26T16:30:00+09:00,24475
LOT-03730,L3,P-L3-03,2026-08-26T20:00:00+09:00,2026-08-26T23:30:00+09:00,24595
LOT-03731,L4,P-L4-04,2026-08-26T08:00:00+09:00,2026-08-26T16:30:00+09:00,22975
LOT-03732,L4,P-L4-04,2026-08-26T20:00:00+09:00,2026-08-26T23:30:00+09:00,23095
LOT-03733,L6,P-L6-01,2026-08-26T08:00:00+09:00,2026-08-26T16:30:00+09:00,12730
LOT-03734,L6,P-L6-01,2026-08-26T20:00:00+09:00,2026-08-26T23:30:00+09:00,12850
LOT-03735,L1,P-L1-02,2026-08-27T08:00:00+09:00,2026-08-27T16:30:00+09:00,25650
LOT-03736,L1,P-L1-02,2026-08-27T20:00:00+09:00,2026-08-27T23:30:00+09:00,25770
LOT-03737,L2,P-L2-03,2026-08-27T08:00:00+09:00,2026-08-27T16:30:00+09:00,24650
LOT-03738,L2,P-L2-03,2026-08-27T20:00:00+09:00,2026-08-27T23:30:00+09:00,24770
LOT-03739,L3,P-L3-04,2026-08-27T08:00:00+09:00,2026-08-27T16:30:00+09:00,24650
LOT-03740,L3,P-L3-04,2026-08-27T20:00:00+09:00,2026-08-27T23:30:00+09:00,24770
LOT-03741,L4,P-L4-05,2026-08-27T08:00:00+09:00,2026-08-27T16:30:00+09:00,23150
LOT-03742,L4,P-L4-05,2026-08-27T20:00:00+09:00,2026-08-27T23:30:00+09:00,23270
LOT-03743,L5,P-L5-01,2026-08-27T08:00:00+09:00,2026-08-27T16:30:00+09:00,13820
LOT-03744,L5,P-L5-01,2026-08-27T20:00:00+09:00,2026-08-27T23:30:00+09:00,13940
LOT-03745,L1,P-L1-03,2026-08-28T08:00:00+09:00,2026-08-28T16:30:00+09:00,25825
LOT-03746,L1,P-L1-03,2026-08-28T20:00:00+09:00,2026-08-28T23:30:00+09:00,25945
LOT-03747,L2,P-L2-04,2026-08-28T08:00:00+09:00,2026-08-28T16:30:00+09:00,24825
LOT-03748,L2,P-L2-04,2026-08-28T20:00:00+09:00,2026-08-28T23:30:00+09:00,24945
LOT-03749,L3,P-L3-05,2026-08-28T08:00:00+09:00,2026-08-28T16:30:00+09:00,24825
LOT-03750,L3,P-L3-05,2026-08-28T20:00:00+09:00,2026-08-28T23:30:00+09:00,24945
LOT-03751,L4,P-L4-01,2026-08-28T08:00:00+09:00,2026-08-28T16:30:00+09:00,23325
LOT-03752,L4,P-L4-01,2026-08-28T20:00:00+09:00,2026-08-28T23:30:00+09:00,23445
LOT-03753,L5,P-L5-02,2026-08-28T08:00:00+09:00,2026-08-28T16:30:00+09:00,13910
LOT-03754,L5,P-L5-02,2026-08-28T20:00:00+09:00,2026-08-28T23:30:00+09:00,14030
LOT-03755,L6,P-L6-03,2026-08-28T08:00:00+09:00,2026-08-28T16:30:00+09:00,12910
LOT-03756,L6,P-L6-03,2026-08-28T20:00:00+09:00,2026-08-28T23:30:00+09:00,13030
LOT-03757,L1,P-L1-04,2026-08-29T08:00:00+09:00,2026-08-29T16:30:00+09:00,26000
LOT-03758,L1,P-L1-04,2026-08-29T20:00:00+09:00,2026-08-29T23:30:00+09:00,26120
LOT-03759,L2,P-L2-05,2026-08-29T08:00:00+09:00,2026-08-29T16:30:00+09:00,25000
LOT-03760,L2,P-L2-05,2026-08-29T20:00:00+09:00,2026-08-29T23:30:00+09:00,25120
LOT-03761,L3,P-L3-01,2026-08-29T08:00:00+09:00,2026-08-29T16:30:00+09:00,25000
LOT-03762,L3,P-L3-01,2026-08-29T20:00:00+09:00,2026-08-29T23:30:00+09:00,25120
LOT-03763,L4,P-L4-02,2026-08-29T08:00:00+09:00,2026-08-29T16:30:00+09:00,23500
LOT-03764,L4,P-L4-02,2026-08-29T20:00:00+09:00,2026-08-29T23:30:00+09:00,23620
LOT-03765,L5,P-L5-03,2026-08-29T08:00:00+09:00,2026-08-29T16:30:00+09:00,14000
LOT-03766,L5,P-L5-03,2026-08-29T20:00:00+09:00,2026-08-29T23:30:00+09:00,14120
LOT-03767,L6,P-L6-04,2026-08-29T08:00:00+09:00,2026-08-29T16:30:00+09:00,13000
LOT-03768,L6,P-L6-04,2026-08-29T20:00:00+09:00,2026-08-29T23:30:00+09:00,13120
LOT-03769,L1,P-L1-05,2026-08-30T08:00:00+09:00,2026-08-30T16:30:00+09:00,26175
LOT-03770,L1,P-L1-05,2026-08-30T20:00:00+09:00,2026-08-30T23:30:00+09:00,26295
LOT-03771,L2,P-L2-01,2026-08-30T08:00:00+09:00,2026-08-30T16:30:00+09:00,25175
LOT-03772,L2,P-L2-01,2026-08-30T20:00:00+09:00,2026-08-30T23:30:00+09:00,25295
LOT-03773,L3,P-L3-02,2026-08-30T08:00:00+09:00,2026-08-30T16:30:00+09:00,25175
LOT-03774,L3,P-L3-02,2026-08-30T20:00:00+09:00,2026-08-30T23:30:00+09:00,25295
LOT-03775,L4,P-L4-03,2026-08-30T08:00:00+09:00,2026-08-30T16:30:00+09:00,23675
LOT-03776,L4,P-L4-03,2026-08-30T20:00:00+09:00,2026-08-30T23:30:00+09:00,23795
LOT-03777,L5,P-L5-04,2026-08-30T08:00:00+09:00,2026-08-30T16:30:00+09:00,14090
LOT-03778,L5,P-L5-04,2026-08-30T20:00:00+09:00,2026-08-30T23:30:00+09:00,14210
LOT-03779,L6,P-L6-05,2026-08-30T08:00:00+09:00,2026-08-30T16:30:00+09:00,13090
LOT-03780,L6,P-L6-05,2026-08-30T20:00:00+09:00,2026-08-30T23:30:00+09:00,13210
LOT-03781,L1,P-L1-01,2026-08-31T08:00:00+09:00,2026-08-31T16:30:00+09:00,26350
LOT-03782,L1,P-L1-01,2026-08-31T20:00:00+09:00,2026-08-31T23:30:00+09:00,26470
LOT-03783,L2,P-L2-02,2026-08-31T08:00:00+09:00,2026-08-31T16:30:00+09:00,25350
LOT-03784,L2,P-L2-02,2026-08-31T20:00:00+09:00,2026-08-31T23:30:00+09:00,25470
LOT-03785,L3,P-L3-03,2026-08-31T08:00:00+09:00,2026-08-31T16:30:00+09:00,25350
LOT-03786,L3,P-L3-03,2026-08-31T20:00:00+09:00,2026-08-31T23:30:00+09:00,25470
LOT-03787,L4,P-L4-04,2026-08-31T08:00:00+09:00,2026-08-31T16:30:00+09:00,23850
LOT-03788,L4,P-L4-04,2026-08-31T20:00:00+09:00,2026-08-31T23:30:00+09:00,23970
LOT-03789,L5,P-L5-05,2026-08-31T08:00:00+09:00,2026-08-31T16:30:00+09:00,14180
LOT-03790,L5,P-L5-05,2026-08-31T20:00:00+09:00,2026-08-31T23:30:00+09:00,14300
LOT-03791,L6,P-L6-01,2026-08-31T08:00:00+09:00,2026-08-31T16:30:00+09:00,13180
LOT-03792,L6,P-L6-01,2026-08-31T20:00:00+09:00,2026-08-31T23:30:00+09:00,13300
LOT-03793,L1,P-L1-02,2026-09-01T08:00:00+09:00,2026-09-01T16:30:00+09:00,26525
LOT-03794,L1,P-L1-02,2026-09-01T20:00:00+09:00,2026-09-01T23:30:00+09:00,26645
LOT-03795,L2,P-L2-03,2026-09-01T08:00:00+09:00,2026-09-01T16:30:00+09:00,25525
LOT-03796,L2,P-L2-03,2026-09-01T20:00:00+09:00,2026-09-01T23:30:00+09:00,25645
LOT-03797,L3,P-L3-04,2026-09-01T08:00:00+09:00,2026-09-01T16:30:00+09:00,25525
LOT-03798,L3,P-L3-04,2026-09-01T20:00:00+09:00,2026-09-01T23:30:00+09:00,25645
LOT-03799,L4,P-L4-05,2026-09-01T08:00:00+09:00,2026-09-01T16:30:00+09:00,24025
LOT-03800,L4,P-L4-05,2026-09-01T20:00:00+09:00,2026-09-01T23:30:00+09:00,24145
LOT-03801,L5,P-L5-01,2026-09-01T08:00:00+09:00,2026-09-01T16:30:00+09:00,14270
LOT-03802,L5,P-L5-01,2026-09-01T20:00:00+09:00,2026-09-01T23:30:00+09:00,14390
LOT-03803,L6,P-L6-02,2026-09-01T08:00:00+09:00,2026-09-01T16:30:00+09:00,13270
LOT-03804,L6,P-L6-02,2026-09-01T20:00:00+09:00,2026-09-01T23:30:00+09:00,13390
LOT-03805,L1,P-L1-03,2026-09-02T08:00:00+09:00,2026-09-02T16:30:00+09:00,25475
LOT-03806,L1,P-L1-03,2026-09-02T20:00:00+09:00,2026-09-02T23:30:00+09:00,25595
LOT-03807,L2,P-L2-04,2026-09-02T08:00:00+09:00,2026-09-02T16:30:00+09:00,24475
LOT-03808,L2,P-L2-04,2026-09-02T20:00:00+09:00,2026-09-02T23:30:00+09:00,24595
LOT-03809,L3,P-L3-05,2026-09-02T08:00:00+09:00,2026-09-02T16:30:00+09:00,24475
LOT-03810,L3,P-L3-05,2026-09-02T20:00:00+09:00,2026-09-02T23:30:00+09:00,24595
LOT-03811,L4,P-L4-01,2026-09-02T08:00:00+09:00,2026-09-02T16:30:00+09:00,22975
LOT-03812,L4,P-L4-01,2026-09-02T20:00:00+09:00,2026-09-02T23:30:00+09:00,23095
LOT-03813,L5,P-L5-02,2026-09-02T08:00:00+09:00,2026-09-02T16:30:00+09:00,13730
LOT-03814,L5,P-L5-02,2026-09-02T20:00:00+09:00,2026-09-02T23:30:00+09:00,13850
LOT-03815,L6,P-L6-03,2026-09-02T08:00:00+09:00,2026-09-02T16:30:00+09:00,12730
LOT-03816,L6,P-L6-03,2026-09-02T20:00:00+09:00,2026-09-02T23:30:00+09:00,12850
LOT-03817,L1,P-L1-04,2026-09-03T08:00:00+09:00,2026-09-03T16:30:00+09:00,25650
LOT-03818,L1,P-L1-04,2026-09-03T20:00:00+09:00,2026-09-03T23:30:00+09:00,25770
LOT-03819,L2,P-L2-05,2026-09-03T08:00:00+09:00,2026-09-03T16:30:00+09:00,24650
LOT-03820,L2,P-L2-05,2026-09-03T20:00:00+09:00,2026-09-03T23:30:00+09:00,24770
LOT-03821,L3,P-L3-01,2026-09-03T08:00:00+09:00,2026-09-03T16:30:00+09:00,24650
LOT-03822,L3,P-L3-01,2026-09-03T20:00:00+09:00,2026-09-03T23:30:00+09:00,24770
LOT-03823,L4,P-L4-02,2026-09-03T08:00:00+09:00,2026-09-03T16:30:00+09:00,23150
LOT-03824,L4,P-L4-02,2026-09-03T20:00:00+09:00,2026-09-03T23:30:00+09:00,23270
LOT-03825,L5,P-L5-03,2026-09-03T08:00:00+09:00,2026-09-03T16:30:00+09:00,13820
LOT-03826,L5,P-L5-03,2026-09-03T20:00:00+09:00,2026-09-03T23:30:00+09:00,13940
LOT-03827,L6,P-L6-04,2026-09-03T08:00:00+09:00,2026-09-03T16:30:00+09:00,12820
LOT-03828,L6,P-L6-04,2026-09-03T20:00:00+09:00,2026-09-03T23:30:00+09:00,12940
LOT-03829,L1,P-L1-05,2026-09-04T08:00:00+09:00,2026-09-04T16:30:00+09:00,25825
LOT-03830,L1,P-L1-05,2026-09-04T20:00:00+09:00,2026-09-04T23:30:00+09:00,25945
LOT-03831,L2,P-L2-01,2026-09-04T08:00:00+09:00,2026-09-04T16:30:00+09:00,24825
LOT-03832,L2,P-L2-01,2026-09-04T20:00:00+09:00,2026-09-04T23:30:00+09:00,24945
LOT-03833,L3,P-L3-02,2026-09-04T08:00:00+09:00,2026-09-04T16:30:00+09:00,24825
LOT-03834,L3,P-L3-02,2026-09-04T20:00:00+09:00,2026-09-04T23:30:00+09:00,24945
LOT-03835,L4,P-L4-03,2026-09-04T08:00:00+09:00,2026-09-04T16:30:00+09:00,23325
LOT-03836,L4,P-L4-03,2026-09-04T20:00:00+09:00,2026-09-04T23:30:00+09:00,23445
LOT-03837,L5,P-L5-04,2026-09-04T08:00:00+09:00,2026-09-04T16:30:00+09:00,13910
LOT-03838,L5,P-L5-04,2026-09-04T20:00:00+09:00,2026-09-04T23:30:00+09:00,14030
LOT-03839,L6,P-L6-05,2026-09-04T08:00:00+09:00,2026-09-04T16:30:00+09:00,12910
LOT-03840,L6,P-L6-05,2026-09-04T20:00:00+09:00,2026-09-04T23:30:00+09:00,13030
LOT-03841,L1,P-L1-01,2026-09-05T08:00:00+09:00,2026-09-05T16:30:00+09:00,26000
LOT-03842,L1,P-L1-01,2026-09-05T20:00:00+09:00,2026-09-05T23:30:00+09:00,26120
LOT-03843,L2,P-L2-02,2026-09-05T08:00:00+09:00,2026-09-05T16:30:00+09:00,25000
LOT-03844,L2,P-L2-02,2026-09-05T20:00:00+09:00,2026-09-05T23:30:00+09:00,25120
LOT-03845,L3,P-L3-03,2026-09-05T08:00:00+09:00,2026-09-05T16:30:00+09:00,25000
LOT-03846,L3,P-L3-03,2026-09-05T20:00:00+09:00,2026-09-05T23:30:00+09:00,25120
LOT-03847,L4,P-L4-04,2026-09-05T08:00:00+09:00,2026-09-05T16:30:00+09:00,23500
LOT-03848,L4,P-L4-04,2026-09-05T20:00:00+09:00,2026-09-05T23:30:00+09:00,23620
LOT-03849,L5,P-L5-05,2026-09-05T08:00:00+09:00,2026-09-05T16:30:00+09:00,14000
LOT-03850,L5,P-L5-05,2026-09-05T20:00:00+09:00,2026-09-05T23:30:00+09:00,14120
LOT-03851,L6,P-L6-01,2026-09-05T08:00:00+09:00,2026-09-05T16:30:00+09:00,13000
LOT-03852,L6,P-L6-01,2026-09-05T20:00:00+09:00,2026-09-05T23:30:00+09:00,13120
LOT-03853,L1,P-L1-02,2026-09-06T08:00:00+09:00,2026-09-06T16:30:00+09:00,26175
LOT-03854,L1,P-L1-02,2026-09-06T20:00:00+09:00,2026-09-06T23:30:00+09:00,26295
LOT-03855,L2,P-L2-03,2026-09-06T08:00:00+09:00,2026-09-06T16:30:00+09:00,25175
LOT-03856,L2,P-L2-03,2026-09-06T20:00:00+09:00,2026-09-06T23:30:00+09:00,25295
LOT-03857,L3,P-L3-04,2026-09-06T08:00:00+09:00,2026-09-06T16:30:00+09:00,25175
LOT-03858,L3,P-L3-04,2026-09-06T20:00:00+09:00,2026-09-06T23:30:00+09:00,25295
LOT-03859,L4,P-L4-05,2026-09-06T08:00:00+09:00,2026-09-06T16:30:00+09:00,23675
LOT-03860,L4,P-L4-05,2026-09-06T20:00:00+09:00,2026-09-06T23:30:00+09:00,23795
LOT-03861,L5,P-L5-01,2026-09-06T08:00:00+09:00,2026-09-06T16:30:00+09:00,14090
LOT-03862,L5,P-L5-01,2026-09-06T20:00:00+09:00,2026-09-06T23:30:00+09:00,14210
LOT-03863,L6,P-L6-02,2026-09-06T08:00:00+09:00,2026-09-06T16:30:00+09:00,13090
LOT-03864,L6,P-L6-02,2026-09-06T20:00:00+09:00,2026-09-06T23:30:00+09:00,13210
LOT-03865,L1,P-L1-03,2026-09-07T08:00:00+09:00,2026-09-07T16:30:00+09:00,26350
LOT-03866,L1,P-L1-03,2026-09-07T20:00:00+09:00,2026-09-07T23:30:00+09:00,26470
LOT-03867,L2,P-L2-04,2026-09-07T08:00:00+09:00,2026-09-07T16:30:00+09:00,25350
LOT-03868,L2,P-L2-04,2026-09-07T20:00:00+09:00,2026-09-07T23:30:00+09:00,25470
LOT-03869,L3,P-L3-05,2026-09-07T08:00:00+09:00,2026-09-07T16:30:00+09:00,25350
LOT-03870,L3,P-L3-05,2026-09-07T20:00:00+09:00,2026-09-07T23:30:00+09:00,25470
LOT-03871,L4,P-L4-01,2026-09-07T08:00:00+09:00,2026-09-07T16:30:00+09:00,23850
LOT-03872,L4,P-L4-01,2026-09-07T20:00:00+09:00,2026-09-07T23:30:00+09:00,23970
LOT-03873,L5,P-L5-02,2026-09-07T08:00:00+09:00,2026-09-07T16:30:00+09:00,14180
LOT-03874,L5,P-L5-02,2026-09-07T20:00:00+09:00,2026-09-07T23:30:00+09:00,14300
LOT-03875,L6,P-L6-03,2026-09-07T08:00:00+09:00,2026-09-07T16:30:00+09:00,13180
LOT-03876,L6,P-L6-03,2026-09-07T20:00:00+09:00,2026-09-07T23:30:00+09:00,13300
LOT-03877,L1,P-L1-04,2026-09-08T08:00:00+09:00,2026-09-08T16:30:00+09:00,26525
LOT-03878,L1,P-L1-04,2026-09-08T20:00:00+09:00,2026-09-08T23:30:00+09:00,26645
LOT-03879,L2,P-L2-05,2026-09-08T08:00:00+09:00,2026-09-08T16:30:00+09:00,25525
LOT-03880,L2,P-L2-05,2026-09-08T20:00:00+09:00,2026-09-08T23:30:00+09:00,25645
LOT-03881,L3,P-L3-01,2026-09-08T08:00:00+09:00,2026-09-08T16:30:00+09:00,25525
LOT-03882,L3,P-L3-01,2026-09-08T20:00:00+09:00,2026-09-08T23:30:00+09:00,25645
LOT-03883,L4,P-L4-02,2026-09-08T08:00:00+09:00,2026-09-08T16:30:00+09:00,24025
LOT-03884,L4,P-L4-02,2026-09-08T20:00:00+09:00,2026-09-08T23:30:00+09:00,24145
LOT-03885,L5,P-L5-03,2026-09-08T08:00:00+09:00,2026-09-08T16:30:00+09:00,14270
LOT-03886,L5,P-L5-03,2026-09-08T20:00:00+09:00,2026-09-08T23:30:00+09:00,14390
LOT-03887,L6,P-L6-04,2026-09-08T08:00:00+09:00,2026-09-08T16:30:00+09:00,13270
LOT-03888,L6,P-L6-04,2026-09-08T20:00:00+09:00,2026-09-08T23:30:00+09:00,13390
LOT-03889,L2,P-L2-01,2026-09-09T08:00:00+09:00,2026-09-09T16:30:00+09:00,24475
LOT-03890,L2,P-L2-01,2026-09-09T20:00:00+09:00,2026-09-09T23:30:00+09:00,24595
LOT-03891,L3,P-L3-02,2026-09-09T08:00:00+09:00,2026-09-09T16:30:00+09:00,24475
LOT-03892,L3,P-L3-02,2026-09-09T20:00:00+09:00,2026-09-09T23:30:00+09:00,24595
LOT-03893,L4,P-L4-03,2026-09-09T08:00:00+09:00,2026-09-09T16:30:00+09:00,22975
LOT-03894,L4,P-L4-03,2026-09-09T20:00:00+09:00,2026-09-09T23:30:00+09:00,23095
LOT-03895,L5,P-L5-04,2026-09-09T08:00:00+09:00,2026-09-09T16:30:00+09:00,13730
LOT-03896,L5,P-L5-04,2026-09-09T20:00:00+09:00,2026-09-09T23:30:00+09:00,13850
LOT-03897,L6,P-L6-05,2026-09-09T08:00:00+09:00,2026-09-09T16:30:00+09:00,12730
LOT-03898,L6,P-L6-05,2026-09-09T20:00:00+09:00,2026-09-09T23:30:00+09:00,12850
LOT-03899,L1,P-L1-01,2026-09-10T08:00:00+09:00,2026-09-10T16:30:00+09:00,25650
LOT-03900,L1,P-L1-01,2026-09-10T20:00:00+09:00,2026-09-10T23:30:00+09:00,25770
LOT-03901,L3,P-L3-03,2026-09-10T08:00:00+09:00,2026-09-10T16:30:00+09:00,24650
LOT-03902,L3,P-L3-03,2026-09-10T20:00:00+09:00,2026-09-10T23:30:00+09:00,24770
LOT-03903,L4,P-L4-04,2026-09-10T08:00:00+09:00,2026-09-10T16:30:00+09:00,23150
LOT-03904,L4,P-L4-04,2026-09-10T20:00:00+09:00,2026-09-10T23:30:00+09:00,23270
LOT-03905,L5,P-L5-05,2026-09-10T08:00:00+09:00,2026-09-10T16:30:00+09:00,13820
LOT-03906,L5,P-L5-05,2026-09-10T20:00:00+09:00,2026-09-10T23:30:00+09:00,13940
LOT-03907,L6,P-L6-01,2026-09-10T08:00:00+09:00,2026-09-10T16:30:00+09:00,12820
LOT-03908,L6,P-L6-01,2026-09-10T20:00:00+09:00,2026-09-10T23:30:00+09:00,12940
LOT-03909,L1,P-L1-02,2026-09-11T08:00:00+09:00,2026-09-11T16:30:00+09:00,25825
LOT-03910,L1,P-L1-02,2026-09-11T20:00:00+09:00,2026-09-11T23:30:00+09:00,25945
LOT-03911,L2,P-L2-03,2026-09-11T08:00:00+09:00,2026-09-11T16:30:00+09:00,24825
LOT-03912,L2,P-L2-03,2026-09-11T20:00:00+09:00,2026-09-11T23:30:00+09:00,24945
LOT-03913,L4,P-L4-05,2026-09-11T08:00:00+09:00,2026-09-11T16:30:00+09:00,23325
LOT-03914,L4,P-L4-05,2026-09-11T20:00:00+09:00,2026-09-11T23:30:00+09:00,23445
LOT-03915,L5,P-L5-01,2026-09-11T08:00:00+09:00,2026-09-11T16:30:00+09:00,13910
LOT-03916,L5,P-L5-01,2026-09-11T20:00:00+09:00,2026-09-11T23:30:00+09:00,14030
LOT-03917,L6,P-L6-02,2026-09-11T08:00:00+09:00,2026-09-11T16:30:00+09:00,12910
LOT-03918,L6,P-L6-02,2026-09-11T20:00:00+09:00,2026-09-11T23:30:00+09:00,13030
LOT-03919,L1,P-L1-03,2026-09-12T08:00:00+09:00,2026-09-12T16:30:00+09:00,26000
LOT-03920,L1,P-L1-03,2026-09-12T20:00:00+09:00,2026-09-12T23:30:00+09:00,26120
LOT-03921,L2,P-L2-04,2026-09-12T08:00:00+09:00,2026-09-12T16:30:00+09:00,25000
LOT-03922,L2,P-L2-04,2026-09-12T20:00:00+09:00,2026-09-12T23:30:00+09:00,25120
LOT-03923,L3,P-L3-05,2026-09-12T08:00:00+09:00,2026-09-12T16:30:00+09:00,25000
LOT-03924,L3,P-L3-05,2026-09-12T20:00:00+09:00,2026-09-12T23:30:00+09:00,25120
LOT-03925,L5,P-L5-02,2026-09-12T08:00:00+09:00,2026-09-12T16:30:00+09:00,14000
LOT-03926,L5,P-L5-02,2026-09-12T20:00:00+09:00,2026-09-12T23:30:00+09:00,14120
LOT-03927,L6,P-L6-03,2026-09-12T08:00:00+09:00,2026-09-12T16:30:00+09:00,13000
LOT-03928,L6,P-L6-03,2026-09-12T20:00:00+09:00,2026-09-12T23:30:00+09:00,13120
LOT-03929,L1,P-L1-04,2026-09-13T08:00:00+09:00,2026-09-13T16:30:00+09:00,26175
LOT-03930,L1,P-L1-04,2026-09-13T20:00:00+09:00,2026-09-13T23:30:00+09:00,26295
LOT-03931,L2,P-L2-05,2026-09-13T08:00:00+09:00,2026-09-13T16:30:00+09:00,25175
LOT-03932,L2,P-L2-05,2026-09-13T20:00:00+09:00,2026-09-13T23:30:00+09:00,25295
LOT-03933,L3,P-L3-01,2026-09-13T08:00:00+09:00,2026-09-13T16:30:00+09:00,25175
LOT-03934,L3,P-L3-01,2026-09-13T20:00:00+09:00,2026-09-13T23:30:00+09:00,25295
LOT-03935,L4,P-L4-02,2026-09-13T08:00:00+09:00,2026-09-13T16:30:00+09:00,23675
LOT-03936,L4,P-L4-02,2026-09-13T20:00:00+09:00,2026-09-13T23:30:00+09:00,23795
LOT-03937,L6,P-L6-04,2026-09-13T08:00:00+09:00,2026-09-13T16:30:00+09:00,13090
LOT-03938,L6,P-L6-04,2026-09-13T20:00:00+09:00,2026-09-13T23:30:00+09:00,13210
LOT-03939,L1,P-L1-05,2026-09-14T08:00:00+09:00,2026-09-14T16:30:00+09:00,26350
LOT-03940,L1,P-L1-05,2026-09-14T20:00:00+09:00,2026-09-14T23:30:00+09:00,26470
LOT-03941,L2,P-L2-01,2026-09-14T08:00:00+09:00,2026-09-14T16:30:00+09:00,25350
LOT-03942,L2,P-L2-01,2026-09-14T20:00:00+09:00,2026-09-14T23:30:00+09:00,25470
LOT-03943,L3,P-L3-02,2026-09-14T08:00:00+09:00,2026-09-14T16:30:00+09:00,25350
LOT-03944,L3,P-L3-02,2026-09-14T20:00:00+09:00,2026-09-14T23:30:00+09:00,25470
LOT-03945,L4,P-L4-03,2026-09-14T08:00:00+09:00,2026-09-14T16:30:00+09:00,23850
LOT-03946,L4,P-L4-03,2026-09-14T20:00:00+09:00,2026-09-14T23:30:00+09:00,23970
LOT-03947,L5,P-L5-04,2026-09-14T08:00:00+09:00,2026-09-14T16:30:00+09:00,14180
LOT-03948,L5,P-L5-04,2026-09-14T20:00:00+09:00,2026-09-14T23:30:00+09:00,14300
LOT-03949,L1,P-L1-01,2026-09-15T08:00:00+09:00,2026-09-15T16:30:00+09:00,26525
LOT-03950,L1,P-L1-01,2026-09-15T20:00:00+09:00,2026-09-15T23:30:00+09:00,26645
LOT-03951,L2,P-L2-02,2026-09-15T08:00:00+09:00,2026-09-15T16:30:00+09:00,25525
LOT-03952,L2,P-L2-02,2026-09-15T20:00:00+09:00,2026-09-15T23:30:00+09:00,25645
LOT-03953,L3,P-L3-03,2026-09-15T08:00:00+09:00,2026-09-15T16:30:00+09:00,25525
LOT-03954,L3,P-L3-03,2026-09-15T20:00:00+09:00,2026-09-15T23:30:00+09:00,25645
LOT-03955,L4,P-L4-04,2026-09-15T08:00:00+09:00,2026-09-15T16:30:00+09:00,24025
LOT-03956,L4,P-L4-04,2026-09-15T20:00:00+09:00,2026-09-15T23:30:00+09:00,24145
LOT-03957,L5,P-L5-05,2026-09-15T08:00:00+09:00,2026-09-15T16:30:00+09:00,14270
LOT-03958,L5,P-L5-05,2026-09-15T20:00:00+09:00,2026-09-15T23:30:00+09:00,14390
LOT-03959,L6,P-L6-01,2026-09-15T08:00:00+09:00,2026-09-15T16:30:00+09:00,13270
LOT-03960,L6,P-L6-01,2026-09-15T20:00:00+09:00,2026-09-15T23:30:00+09:00,13390
LOT-03961,L1,P-L1-02,2026-09-16T08:00:00+09:00,2026-09-16T16:30:00+09:00,25475
LOT-03962,L1,P-L1-02,2026-09-16T20:00:00+09:00,2026-09-16T23:30:00+09:00,25595
LOT-03963,L2,P-L2-03,2026-09-16T08:00:00+09:00,2026-09-16T16:30:00+09:00,24475
LOT-03964,L2,P-L2-03,2026-09-16T20:00:00+09:00,2026-09-16T23:30:00+09:00,24595
LOT-03965,L3,P-L3-04,2026-09-16T08:00:00+09:00,2026-09-16T16:30:00+09:00,24475
LOT-03966,L3,P-L3-04,2026-09-16T20:00:00+09:00,2026-09-16T23:30:00+09:00,24595
LOT-03967,L4,P-L4-05,2026-09-16T08:00:00+09:00,2026-09-16T16:30:00+09:00,22975
LOT-03968,L4,P-L4-05,2026-09-16T20:00:00+09:00,2026-09-16T23:30:00+09:00,23095
LOT-03969,L5,P-L5-01,2026-09-16T08:00:00+09:00,2026-09-16T16:30:00+09:00,13730
LOT-03970,L5,P-L5-01,2026-09-16T20:00:00+09:00,2026-09-16T23:30:00+09:00,13850
LOT-03971,L6,P-L6-02,2026-09-16T08:00:00+09:00,2026-09-16T16:30:00+09:00,12730
LOT-03972,L6,P-L6-02,2026-09-16T20:00:00+09:00,2026-09-16T23:30:00+09:00,12850
LOT-03973,L1,P-L1-03,2026-09-17T08:00:00+09:00,2026-09-17T16:30:00+09:00,25650
LOT-03974,L1,P-L1-03,2026-09-17T20:00:00+09:00,2026-09-17T23:30:00+09:00,25770
LOT-03975,L2,P-L2-04,2026-09-17T08:00:00+09:00,2026-09-17T16:30:00+09:00,24650
LOT-03976,L2,P-L2-04,2026-09-17T20:00:00+09:00,2026-09-17T23:30:00+09:00,24770
LOT-03977,L3,P-L3-05,2026-09-17T08:00:00+09:00,2026-09-17T16:30:00+09:00,24650
LOT-03978,L3,P-L3-05,2026-09-17T20:00:00+09:00,2026-09-17T23:30:00+09:00,24770
LOT-03979,L4,P-L4-01,2026-09-17T08:00:00+09:00,2026-09-17T16:30:00+09:00,23150
LOT-03980,L4,P-L4-01,2026-09-17T20:00:00+09:00,2026-09-17T23:30:00+09:00,23270
LOT-03981,L5,P-L5-02,2026-09-17T08:00:00+09:00,2026-09-17T16:30:00+09:00,13820
LOT-03982,L5,P-L5-02,2026-09-17T20:00:00+09:00,2026-09-17T23:30:00+09:00,13940
LOT-03983,L6,P-L6-03,2026-09-17T08:00:00+09:00,2026-09-17T16:30:00+09:00,12820
LOT-03984,L6,P-L6-03,2026-09-17T20:00:00+09:00,2026-09-17T23:30:00+09:00,12940
LOT-03985,L1,P-L1-04,2026-09-18T08:00:00+09:00,2026-09-18T16:30:00+09:00,25825
LOT-03986,L1,P-L1-04,2026-09-18T20:00:00+09:00,2026-09-18T23:30:00+09:00,25945
LOT-03987,L2,P-L2-05,2026-09-18T08:00:00+09:00,2026-09-18T16:30:00+09:00,24825
LOT-03988,L2,P-L2-05,2026-09-18T20:00:00+09:00,2026-09-18T23:30:00+09:00,24945
LOT-03989,L3,P-L3-01,2026-09-18T08:00:00+09:00,2026-09-18T16:30:00+09:00,24825
LOT-03990,L3,P-L3-01,2026-09-18T20:00:00+09:00,2026-09-18T23:30:00+09:00,24945
LOT-03991,L4,P-L4-02,2026-09-18T08:00:00+09:00,2026-09-18T16:30:00+09:00,23325
LOT-03992,L4,P-L4-02,2026-09-18T20:00:00+09:00,2026-09-18T23:30:00+09:00,23445
LOT-03993,L5,P-L5-03,2026-09-18T08:00:00+09:00,2026-09-18T16:30:00+09:00,13910
LOT-03994,L5,P-L5-03,2026-09-18T20:00:00+09:00,2026-09-18T23:30:00+09:00,14030
LOT-03995,L6,P-L6-04,2026-09-18T08:00:00+09:00,2026-09-18T16:30:00+09:00,12910
LOT-03996,L6,P-L6-04,2026-09-18T20:00:00+09:00,2026-09-18T23:30:00+09:00,13030
LOT-03997,L1,P-L1-05,2026-09-19T08:00:00+09:00,2026-09-19T16:30:00+09:00,26000
LOT-03998,L1,P-L1-05,2026-09-19T20:00:00+09:00,2026-09-19T23:30:00+09:00,26120
LOT-03999,L2,P-L2-01,2026-09-19T08:00:00+09:00,2026-09-19T16:30:00+09:00,25000
LOT-04000,L2,P-L2-01,2026-09-19T20:00:00+09:00,2026-09-19T23:30:00+09:00,25120
LOT-04001,L3,P-L3-02,2026-09-19T08:00:00+09:00,2026-09-19T16:30:00+09:00,25000
LOT-04002,L3,P-L3-02,2026-09-19T20:00:00+09:00,2026-09-19T23:30:00+09:00,25120
LOT-04003,L4,P-L4-03,2026-09-19T08:00:00+09:00,2026-09-19T16:30:00+09:00,23500
LOT-04004,L4,P-L4-03,2026-09-19T20:00:00+09:00,2026-09-19T23:30:00+09:00,23620
LOT-04005,L5,P-L5-04,2026-09-19T08:00:00+09:00,2026-09-19T16:30:00+09:00,14000
LOT-04006,L5,P-L5-04,2026-09-19T20:00:00+09:00,2026-09-19T23:30:00+09:00,14120
LOT-04007,L6,P-L6-05,2026-09-19T08:00:00+09:00,2026-09-19T16:30:00+09:00,13000
LOT-04008,L6,P-L6-05,2026-09-19T20:00:00+09:00,2026-09-19T23:30:00+09:00,13120
LOT-04009,L1,P-L1-01,2026-09-20T08:00:00+09:00,2026-09-20T16:30:00+09:00,26175
LOT-04010,L1,P-L1-01,2026-09-20T20:00:00+09:00,2026-09-20T23:30:00+09:00,26295
LOT-04011,L2,P-L2-02,2026-09-20T08:00:00+09:00,2026-09-20T16:30:00+09:00,25175
LOT-04012,L2,P-L2-02,2026-09-20T20:00:00+09:00,2026-09-20T23:30:00+09:00,25295
LOT-04013,L3,P-L3-03,2026-09-20T08:00:00+09:00,2026-09-20T16:30:00+09:00,25175
LOT-04014,L3,P-L3-03,2026-09-20T20:00:00+09:00,2026-09-20T23:30:00+09:00,25295
LOT-04015,L4,P-L4-04,2026-09-20T08:00:00+09:00,2026-09-20T16:30:00+09:00,23675
LOT-04016,L4,P-L4-04,2026-09-20T20:00:00+09:00,2026-09-20T23:30:00+09:00,23795
LOT-04017,L5,P-L5-05,2026-09-20T08:00:00+09:00,2026-09-20T16:30:00+09:00,14090
LOT-04018,L5,P-L5-05,2026-09-20T20:00:00+09:00,2026-09-20T23:30:00+09:00,14210
LOT-04019,L6,P-L6-01,2026-09-20T08:00:00+09:00,2026-09-20T16:30:00+09:00,13090
LOT-04020,L6,P-L6-01,2026-09-20T20:00:00+09:00,2026-09-20T23:30:00+09:00,13210
LOT-04021,L1,P-L1-02,2026-09-21T08:00:00+09:00,2026-09-21T16:30:00+09:00,26350
LOT-04022,L1,P-L1-02,2026-09-21T20:00:00+09:00,2026-09-21T23:30:00+09:00,26470
LOT-04023,L2,P-L2-03,2026-09-21T08:00:00+09:00,2026-09-21T16:30:00+09:00,25350
LOT-04024,L2,P-L2-03,2026-09-21T20:00:00+09:00,2026-09-21T23:30:00+09:00,25470
LOT-04025,L3,P-L3-04,2026-09-21T08:00:00+09:00,2026-09-21T16:30:00+09:00,25350
LOT-04026,L3,P-L3-04,2026-09-21T20:00:00+09:00,2026-09-21T23:30:00+09:00,25470
LOT-04027,L4,P-L4-05,2026-09-21T08:00:00+09:00,2026-09-21T16:30:00+09:00,23850
LOT-04028,L4,P-L4-05,2026-09-21T20:00:00+09:00,2026-09-21T23:30:00+09:00,23970
LOT-04029,L5,P-L5-01,2026-09-21T08:00:00+09:00,2026-09-21T16:30:00+09:00,14180
LOT-04030,L5,P-L5-01,2026-09-21T20:00:00+09:00,2026-09-21T23:30:00+09:00,14300
LOT-04031,L6,P-L6-02,2026-09-21T08:00:00+09:00,2026-09-21T16:30:00+09:00,13180
LOT-04032,L6,P-L6-02,2026-09-21T20:00:00+09:00,2026-09-21T23:30:00+09:00,13300
LOT-04033,L1,P-L1-03,2026-09-22T08:00:00+09:00,2026-09-22T16:30:00+09:00,26525
LOT-04034,L1,P-L1-03,2026-09-22T20:00:00+09:00,2026-09-22T23:30:00+09:00,26645
LOT-04035,L2,P-L2-04,2026-09-22T08:00:00+09:00,2026-09-22T16:30:00+09:00,25525
LOT-04036,L2,P-L2-04,2026-09-22T20:00:00+09:00,2026-09-22T23:30:00+09:00,25645
LOT-04037,L3,P-L3-05,2026-09-22T08:00:00+09:00,2026-09-22T16:30:00+09:00,25525
LOT-04038,L3,P-L3-05,2026-09-22T20:00:00+09:00,2026-09-22T23:30:00+09:00,25645
LOT-04039,L4,P-L4-01,2026-09-22T08:00:00+09:00,2026-09-22T16:30:00+09:00,24025
LOT-04040,L4,P-L4-01,2026-09-22T20:00:00+09:00,2026-09-22T23:30:00+09:00,24145
LOT-04041,L5,P-L5-02,2026-09-22T08:00:00+09:00,2026-09-22T16:30:00+09:00,14270
LOT-04042,L5,P-L5-02,2026-09-22T20:00:00+09:00,2026-09-22T23:30:00+09:00,14390
LOT-04043,L6,P-L6-03,2026-09-22T08:00:00+09:00,2026-09-22T16:30:00+09:00,13270
LOT-04044,L6,P-L6-03,2026-09-22T20:00:00+09:00,2026-09-22T23:30:00+09:00,13390
LOT-04045,L1,P-L1-04,2026-09-23T08:00:00+09:00,2026-09-23T16:30:00+09:00,25475
LOT-04046,L1,P-L1-04,2026-09-23T20:00:00+09:00,2026-09-23T23:30:00+09:00,25595
LOT-04047,L2,P-L2-05,2026-09-23T08:00:00+09:00,2026-09-23T16:30:00+09:00,24475
LOT-04048,L2,P-L2-05,2026-09-23T20:00:00+09:00,2026-09-23T23:30:00+09:00,24595
LOT-04049,L3,P-L3-01,2026-09-23T08:00:00+09:00,2026-09-23T16:30:00+09:00,24475
LOT-04050,L3,P-L3-01,2026-09-23T20:00:00+09:00,2026-09-23T23:30:00+09:00,24595
LOT-04051,L4,P-L4-02,2026-09-23T08:00:00+09:00,2026-09-23T16:30:00+09:00,22975
LOT-04052,L4,P-L4-02,2026-09-23T20:00:00+09:00,2026-09-23T23:30:00+09:00,23095
LOT-04053,L5,P-L5-03,2026-09-23T08:00:00+09:00,2026-09-23T16:30:00+09:00,13730
LOT-04054,L5,P-L5-03,2026-09-23T20:00:00+09:00,2026-09-23T23:30:00+09:00,13850
LOT-04055,L6,P-L6-04,2026-09-23T08:00:00+09:00,2026-09-23T16:30:00+09:00,12730
LOT-04056,L6,P-L6-04,2026-09-23T20:00:00+09:00,2026-09-23T23:30:00+09:00,12850
LOT-04057,L1,P-L1-05,2026-09-24T08:00:00+09:00,2026-09-24T16:30:00+09:00,25650
LOT-04058,L1,P-L1-05,2026-09-24T20:00:00+09:00,2026-09-24T23:30:00+09:00,25770
LOT-04059,L2,P-L2-01,2026-09-24T08:00:00+09:00,2026-09-24T16:30:00+09:00,24650
LOT-04060,L2,P-L2-01,2026-09-24T20:00:00+09:00,2026-09-24T23:30:00+09:00,24770
LOT-04061,L3,P-L3-02,2026-09-24T08:00:00+09:00,2026-09-24T16:30:00+09:00,24650
LOT-04062,L3,P-L3-02,2026-09-24T20:00:00+09:00,2026-09-24T23:30:00+09:00,24770
LOT-04063,L4,P-L4-03,2026-09-24T08:00:00+09:00,2026-09-24T16:30:00+09:00,23150
LOT-04064,L4,P-L4-03,2026-09-24T20:00:00+09:00,2026-09-24T23:30:00+09:00,23270
LOT-04065,L5,P-L5-04,2026-09-24T08:00:00+09:00,2026-09-24T16:30:00+09:00,13820
LOT-04066,L5,P-L5-04,2026-09-24T20:00:00+09:00,2026-09-24T23:30:00+09:00,13940
LOT-04067,L6,P-L6-05,2026-09-24T08:00:00+09:00,2026-09-24T16:30:00+09:00,12820
LOT-04068,L6,P-L6-05,2026-09-24T20:00:00+09:00,2026-09-24T23:30:00+09:00,12940
LOT-04069,L1,P-L1-01,2026-09-25T08:00:00+09:00,2026-09-25T16:30:00+09:00,25825
LOT-04070,L1,P-L1-01,2026-09-25T20:00:00+09:00,2026-09-25T23:30:00+09:00,25945
LOT-04071,L2,P-L2-02,2026-09-25T08:00:00+09:00,2026-09-25T16:30:00+09:00,24825
LOT-04072,L2,P-L2-02,2026-09-25T20:00:00+09:00,2026-09-25T23:30:00+09:00,24945
LOT-04073,L3,P-L3-03,2026-09-25T08:00:00+09:00,2026-09-25T16:30:00+09:00,24825
LOT-04074,L3,P-L3-03,2026-09-25T20:00:00+09:00,2026-09-25T23:30:00+09:00,24945
LOT-04075,L4,P-L4-04,2026-09-25T08:00:00+09:00,2026-09-25T16:30:00+09:00,23325
LOT-04076,L4,P-L4-04,2026-09-25T20:00:00+09:00,2026-09-25T23:30:00+09:00,23445
LOT-04077,L5,P-L5-05,2026-09-25T08:00:00+09:00,2026-09-25T16:30:00+09:00,13910
LOT-04078,L5,P-L5-05,2026-09-25T20:00:00+09:00,2026-09-25T23:30:00+09:00,14030
LOT-04079,L6,P-L6-01,2026-09-25T08:00:00+09:00,2026-09-25T16:30:00+09:00,12910
LOT-04080,L6,P-L6-01,2026-09-25T20:00:00+09:00,2026-09-25T23:30:00+09:00,13030
LOT-04081,L1,P-L1-02,2026-09-26T08:00:00+09:00,2026-09-26T16:30:00+09:00,26000
LOT-04082,L1,P-L1-02,2026-09-26T20:00:00+09:00,2026-09-26T23:30:00+09:00,26120
LOT-04083,L2,P-L2-03,2026-09-26T08:00:00+09:00,2026-09-26T16:30:00+09:00,25000
LOT-04084,L2,P-L2-03,2026-09-26T20:00:00+09:00,2026-09-26T23:30:00+09:00,25120
LOT-04085,L3,P-L3-04,2026-09-26T08:00:00+09:00,2026-09-26T16:30:00+09:00,25000
LOT-04086,L3,P-L3-04,2026-09-26T20:00:00+09:00,2026-09-26T23:30:00+09:00,25120
LOT-04087,L4,P-L4-05,2026-09-26T08:00:00+09:00,2026-09-26T16:30:00+09:00,23500
LOT-04088,L4,P-L4-05,2026-09-26T20:00:00+09:00,2026-09-26T23:30:00+09:00,23620
LOT-04089,L5,P-L5-01,2026-09-26T08:00:00+09:00,2026-09-26T16:30:00+09:00,14000
LOT-04090,L5,P-L5-01,2026-09-26T20:00:00+09:00,2026-09-26T23:30:00+09:00,14120
LOT-04091,L6,P-L6-02,2026-09-26T08:00:00+09:00,2026-09-26T16:30:00+09:00,13000
LOT-04092,L6,P-L6-02,2026-09-26T20:00:00+09:00,2026-09-26T23:30:00+09:00,13120
LOT-04093,L2,P-L2-04,2026-09-27T08:00:00+09:00,2026-09-27T16:30:00+09:00,25175
LOT-04094,L2,P-L2-04,2026-09-27T20:00:00+09:00,2026-09-27T23:30:00+09:00,25295
LOT-04095,L3,P-L3-05,2026-09-27T08:00:00+09:00,2026-09-27T16:30:00+09:00,25175
LOT-04096,L3,P-L3-05,2026-09-27T20:00:00+09:00,2026-09-27T23:30:00+09:00,25295
LOT-04097,L4,P-L4-01,2026-09-27T08:00:00+09:00,2026-09-27T16:30:00+09:00,23675
LOT-04098,L4,P-L4-01,2026-09-27T20:00:00+09:00,2026-09-27T23:30:00+09:00,23795
LOT-04099,L5,P-L5-02,2026-09-27T08:00:00+09:00,2026-09-27T16:30:00+09:00,14090
LOT-04100,L5,P-L5-02,2026-09-27T20:00:00+09:00,2026-09-27T23:30:00+09:00,14210
LOT-04101,L6,P-L6-03,2026-09-27T08:00:00+09:00,2026-09-27T16:30:00+09:00,13090
LOT-04102,L6,P-L6-03,2026-09-27T20:00:00+09:00,2026-09-27T23:30:00+09:00,13210
LOT-04103,L1,P-L1-04,2026-09-28T08:00:00+09:00,2026-09-28T16:30:00+09:00,26350
LOT-04104,L1,P-L1-04,2026-09-28T20:00:00+09:00,2026-09-28T23:30:00+09:00,26470
LOT-04105,L3,P-L3-01,2026-09-28T08:00:00+09:00,2026-09-28T16:30:00+09:00,25350
LOT-04106,L3,P-L3-01,2026-09-28T20:00:00+09:00,2026-09-28T23:30:00+09:00,25470
LOT-04107,L4,P-L4-02,2026-09-28T08:00:00+09:00,2026-09-28T16:30:00+09:00,23850
LOT-04108,L4,P-L4-02,2026-09-28T20:00:00+09:00,2026-09-28T23:30:00+09:00,23970
LOT-04109,L5,P-L5-03,2026-09-28T08:00:00+09:00,2026-09-28T16:30:00+09:00,14180
LOT-04110,L5,P-L5-03,2026-09-28T20:00:00+09:00,2026-09-28T23:30:00+09:00,14300
LOT-04111,L6,P-L6-04,2026-09-28T08:00:00+09:00,2026-09-28T16:30:00+09:00,13180
LOT-04112,L6,P-L6-04,2026-09-28T20:00:00+09:00,2026-09-28T23:30:00+09:00,13300
LOT-04113,L1,P-L1-05,2026-09-29T08:00:00+09:00,2026-09-29T16:30:00+09:00,26525
LOT-04114,L1,P-L1-05,2026-09-29T20:00:00+09:00,2026-09-29T23:30:00+09:00,26645
LOT-04115,L2,P-L2-01,2026-09-29T08:00:00+09:00,2026-09-29T16:30:00+09:00,25525
LOT-04116,L2,P-L2-01,2026-09-29T20:00:00+09:00,2026-09-29T23:30:00+09:00,25645
LOT-04117,L4,P-L4-03,2026-09-29T08:00:00+09:00,2026-09-29T16:30:00+09:00,24025
LOT-04118,L4,P-L4-03,2026-09-29T20:00:00+09:00,2026-09-29T23:30:00+09:00,24145
LOT-04119,L5,P-L5-04,2026-09-29T08:00:00+09:00,2026-09-29T16:30:00+09:00,14270
LOT-04120,L5,P-L5-04,2026-09-29T20:00:00+09:00,2026-09-29T23:30:00+09:00,14390
LOT-04121,L6,P-L6-05,2026-09-29T08:00:00+09:00,2026-09-29T16:30:00+09:00,13270
LOT-04122,L6,P-L6-05,2026-09-29T20:00:00+09:00,2026-09-29T23:30:00+09:00,13390
LOT-04123,L1,P-L1-01,2026-09-30T08:00:00+09:00,2026-09-30T16:30:00+09:00,25475
LOT-04124,L1,P-L1-01,2026-09-30T20:00:00+09:00,2026-09-30T23:30:00+09:00,25595
LOT-04125,L2,P-L2-02,2026-09-30T08:00:00+09:00,2026-09-30T16:30:00+09:00,24475
LOT-04126,L2,P-L2-02,2026-09-30T20:00:00+09:00,2026-09-30T23:30:00+09:00,24595
LOT-04127,L3,P-L3-03,2026-09-30T08:00:00+09:00,2026-09-30T16:30:00+09:00,24475
LOT-04128,L3,P-L3-03,2026-09-30T20:00:00+09:00,2026-09-30T23:30:00+09:00,24595
LOT-04129,L5,P-L5-05,2026-09-30T08:00:00+09:00,2026-09-30T16:30:00+09:00,13730
LOT-04130,L5,P-L5-05,2026-09-30T20:00:00+09:00,2026-09-30T23:30:00+09:00,13850
LOT-04131,L6,P-L6-01,2026-09-30T08:00:00+09:00,2026-09-30T16:30:00+09:00,12730
LOT-04132,L6,P-L6-01,2026-09-30T20:00:00+09:00,2026-09-30T23:30:00+09:00,12850
