consumption_id,lot_id,line_id,bunker_id,material_id,consumed_kg
CON-000001,LOT-00001,L1,BNK-L1-1,PET-BR,25370
CON-000002,LOT-00001,L1,BNK-L1-2,PET-SD,796
CON-000003,LOT-00001,L1,BNK-L1-3,MB-AB,515
CON-000004,LOT-00001,L1,BNK-L1-4,MB-SL,260
CON-000005,LOT-00002,L1,BNK-L1-1,PET-BR,25514
CON-000006,LOT-00002,L1,BNK-L1-2,PET-SD,801
CON-000007,LOT-00002,L1,BNK-L1-3,MB-AB,518
CON-000008,LOT-00002,L1,BNK-L1-4,MB-SL,262
CON-000009,LOT-00003,L2,BNK-L2-1,PET-BR,19930
CON-000010,LOT-00003,L2,BNK-L2-2,PET-RC,5584
CON-000011,LOT-00003,L2,BNK-L2-3,MB-AB,376
CON-000012,LOT-00003,L2,BNK-L2-4,MB-WH,253
CON-000013,LOT-00004,L2,BNK-L2-1,PET-BR,20047
CON-000014,LOT-00004,L2,BNK-L2-2,PET-RC,5617
CON-000015,LOT-00004,L2,BNK-L2-3,MB-AB,378
CON-000016,LOT-00004,L2,BNK-L2-4,MB-WH,254
CON-000017,LOT-00005,L3,BNK-L3-1,PET-BR,22138
CON-000018,LOT-00005,L3,BNK-L3-2,PET-SD,2360
CON-000019,LOT-00005,L3,BNK-L3-3,MB-SL,507
CON-000020,LOT-00005,L3,BNK-L3-4,MB-UV,384
CON-000021,LOT-00006,L3,BNK-L3-1,PET-BR,22268
CON-000022,LOT-00006,L3,BNK-L3-2,PET-SD,2374
CON-000023,LOT-00006,L3,BNK-L3-3,MB-SL,504
CON-000024,LOT-00006,L3,BNK-L3-4,MB-UV,382
CON-000025,LOT-00007,L4,BNK-L4-1,PET-BR,18225
CON-000026,LOT-00007,L4,BNK-L4-2,PET-CO,5191
CON-000027,LOT-00007,L4,BNK-L4-3,MB-WH,476
CON-000028,LOT-00007,L4,BNK-L4-4,MB-UV,231
CON-000029,LOT-00008,L4,BNK-L4-1,PET-BR,18338
CON-000030,LOT-00008,L4,BNK-L4-2,PET-CO,5223
CON-000031,LOT-00008,L4,BNK-L4-3,MB-WH,479
CON-000032,LOT-00008,L4,BNK-L4-4,MB-UV,233
CON-000033,LOT-00009,L5,BNK-L5-1,NY6-F,11461
CON-000034,LOT-00009,L5,BNK-L5-2,NY6-H,2611
CON-000035,LOT-00009,L5,BNK-L5-3,MB-NA,214
CON-000036,LOT-00009,L5,BNK-L5-4,MB-NS,138
CON-000037,LOT-00010,L5,BNK-L5-1,NY6-F,11573
CON-000038,LOT-00010,L5,BNK-L5-2,NY6-H,2637
CON-000039,LOT-00010,L5,BNK-L5-3,MB-NA,216
CON-000040,LOT-00010,L5,BNK-L5-4,MB-NS,140
CON-000041,LOT-00011,L6,BNK-L6-1,NY6-F,10490
CON-000042,LOT-00011,L6,BNK-L6-2,NY6-H,2714
CON-000043,LOT-00011,L6,BNK-L6-3,MB-NA,193
CON-000044,LOT-00011,L6,BNK-L6-4,MB-NS,130
CON-000045,LOT-00012,L6,BNK-L6-1,NY6-F,10599
CON-000046,LOT-00012,L6,BNK-L6-2,NY6-H,2742
CON-000047,LOT-00012,L6,BNK-L6-3,MB-NA,195
CON-000048,LOT-00012,L6,BNK-L6-4,MB-NS,131
CON-000049,LOT-00013,L2,BNK-L2-1,PET-BR,21599
CON-000050,LOT-00013,L2,BNK-L2-2,PET-RC,3404
CON-000051,LOT-00013,L2,BNK-L2-3,MB-AB,509
CON-000052,LOT-00013,L2,BNK-L2-4,MB-WH,257
CON-000053,LOT-00014,L2,BNK-L2-1,PET-BR,21726
CON-000054,LOT-00014,L2,BNK-L2-2,PET-RC,3424
CON-000055,LOT-00014,L2,BNK-L2-3,MB-AB,512
CON-000056,LOT-00014,L2,BNK-L2-4,MB-WH,258
CON-000057,LOT-00015,L3,BNK-L3-1,PET-BR,10612
CON-000058,LOT-00015,L3,BNK-L3-2,PET-SD,15308
CON-000059,LOT-00016,L3,BNK-L3-1,PET-BR,10559
CON-000060,LOT-00016,L3,BNK-L3-2,PET-SD,15234
CON-000061,LOT-00017,L4,BNK-L4-1,PET-BR,19522
CON-000062,LOT-00017,L4,BNK-L4-2,PET-CO,4157
CON-000063,LOT-00017,L4,BNK-L4-3,MB-WH,359
CON-000064,LOT-00017,L4,BNK-L4-4,MB-UV,233
CON-000065,LOT-00018,L4,BNK-L4-1,PET-BR,19642
CON-000066,LOT-00018,L4,BNK-L4-2,PET-CO,4182
CON-000067,LOT-00018,L4,BNK-L4-3,MB-WH,362
CON-000068,LOT-00018,L4,BNK-L4-4,MB-UV,234
CON-000069,LOT-00019,L5,BNK-L5-1,NY6-F,11142
CON-000070,LOT-00019,L5,BNK-L5-2,NY6-H,3153
CON-000071,LOT-00019,L5,BNK-L5-3,MB-NA,209
CON-000072,LOT-00019,L5,BNK-L5-4,MB-NS,141
CON-000073,LOT-00020,L5,BNK-L5-1,NY6-F,11249
CON-000074,LOT-00020,L5,BNK-L5-2,NY6-H,3183
CON-000075,LOT-00020,L5,BNK-L5-3,MB-NA,211
CON-000076,LOT-00020,L5,BNK-L5-4,MB-NS,142
CON-000077,LOT-00021,L6,BNK-L6-1,NY6-F,11389
CON-000078,LOT-00021,L6,BNK-L6-2,NY6-H,1876
CON-000079,LOT-00021,L6,BNK-L6-3,MB-NA,261
CON-000080,LOT-00021,L6,BNK-L6-4,MB-NS,132
CON-000081,LOT-00022,L6,BNK-L6-1,NY6-F,11506
CON-000082,LOT-00022,L6,BNK-L6-2,NY6-H,1895
CON-000083,LOT-00022,L6,BNK-L6-3,MB-NA,264
CON-000084,LOT-00022,L6,BNK-L6-4,MB-NS,133
CON-000085,LOT-00023,L1,BNK-L1-1,PET-BR,25220
CON-000086,LOT-00023,L1,BNK-L1-2,PET-SD,792
CON-000087,LOT-00023,L1,BNK-L1-3,MB-AB,533
CON-000088,LOT-00023,L1,BNK-L1-4,MB-SL,403
CON-000089,LOT-00024,L1,BNK-L1-1,PET-BR,25362
CON-000090,LOT-00024,L1,BNK-L1-2,PET-SD,796
CON-000091,LOT-00024,L1,BNK-L1-3,MB-AB,536
CON-000092,LOT-00024,L1,BNK-L1-4,MB-SL,406
CON-000093,LOT-00025,L3,BNK-L3-1,PET-BR,22243
CON-000094,LOT-00025,L3,BNK-L3-2,PET-SD,3080
CON-000095,LOT-00025,L3,BNK-L3-3,MB-SL,518
CON-000096,LOT-00025,L3,BNK-L3-4,MB-UV,251
CON-000097,LOT-00026,L3,BNK-L3-1,PET-BR,22373
CON-000098,LOT-00026,L3,BNK-L3-2,PET-SD,3098
CON-000099,LOT-00026,L3,BNK-L3-3,MB-SL,521
CON-000100,LOT-00026,L3,BNK-L3-4,MB-UV,253
CON-000101,LOT-00027,L4,BNK-L4-1,PET-BR,19127
CON-000102,LOT-00027,L4,BNK-L4-2,PET-CO,4828
CON-000103,LOT-00027,L4,BNK-L4-3,MB-WH,473
CON-000104,LOT-00027,L4,BNK-L4-4,MB-UV,239
CON-000105,LOT-00028,L4,BNK-L4-1,PET-BR,19244
CON-000106,LOT-00028,L4,BNK-L4-2,PET-CO,4858
CON-000107,LOT-00028,L4,BNK-L4-3,MB-WH,471
CON-000108,LOT-00028,L4,BNK-L4-4,MB-UV,238
CON-000109,LOT-00029,L5,BNK-L5-1,NY6-F,12249
CON-000110,LOT-00029,L5,BNK-L5-2,NY6-H,2099
CON-000111,LOT-00029,L5,BNK-L5-3,MB-NA,283
CON-000112,LOT-00029,L5,BNK-L5-4,MB-NS,143
CON-000113,LOT-00030,L5,BNK-L5-1,NY6-F,12367
CON-000114,LOT-00030,L5,BNK-L5-2,NY6-H,2119
CON-000115,LOT-00030,L5,BNK-L5-3,MB-NA,285
CON-000116,LOT-00030,L5,BNK-L5-4,MB-NS,144
CON-000117,LOT-00031,L6,BNK-L6-1,NY6-F,10606
CON-000118,LOT-00031,L6,BNK-L6-2,NY6-H,2431
CON-000119,LOT-00031,L6,BNK-L6-3,MB-NA,199
CON-000120,LOT-00031,L6,BNK-L6-4,MB-NS,201
CON-000121,LOT-00032,L6,BNK-L6-1,NY6-F,10715
CON-000122,LOT-00032,L6,BNK-L6-2,NY6-H,2456
CON-000123,LOT-00032,L6,BNK-L6-3,MB-NA,201
CON-000124,LOT-00032,L6,BNK-L6-4,MB-NS,203
CON-000125,LOT-00033,L1,BNK-L1-1,PET-BR,25351
CON-000126,LOT-00033,L1,BNK-L1-2,PET-SD,1340
CON-000127,LOT-00033,L1,BNK-L1-3,MB-AB,406
CON-000128,LOT-00033,L1,BNK-L1-4,MB-SL,263
CON-000129,LOT-00034,L1,BNK-L1-1,PET-BR,25493
CON-000130,LOT-00034,L1,BNK-L1-2,PET-SD,1348
CON-000131,LOT-00034,L1,BNK-L1-3,MB-AB,408
CON-000132,LOT-00034,L1,BNK-L1-4,MB-SL,264
CON-000133,LOT-00035,L2,BNK-L2-1,PET-BR,21483
CON-000134,LOT-00035,L2,BNK-L2-2,PET-RC,4261
CON-000135,LOT-00035,L2,BNK-L2-3,MB-AB,391
CON-000136,LOT-00035,L2,BNK-L2-4,MB-WH,253
CON-000137,LOT-00036,L2,BNK-L2-1,PET-BR,21607
CON-000138,LOT-00036,L2,BNK-L2-2,PET-RC,4286
CON-000139,LOT-00036,L2,BNK-L2-3,MB-AB,393
CON-000140,LOT-00036,L2,BNK-L2-4,MB-WH,254
CON-000141,LOT-00037,L4,BNK-L4-1,PET-BR,20997
CON-000142,LOT-00037,L4,BNK-L4-2,PET-CO,3459
CON-000143,LOT-00037,L4,BNK-L4-3,MB-WH,481
CON-000144,LOT-00037,L4,BNK-L4-4,MB-UV,243
CON-000145,LOT-00038,L4,BNK-L4-1,PET-BR,20902
CON-000146,LOT-00038,L4,BNK-L4-2,PET-CO,3442
CON-000147,LOT-00038,L4,BNK-L4-3,MB-WH,484
CON-000148,LOT-00038,L4,BNK-L4-4,MB-UV,244
CON-000149,LOT-00039,L5,BNK-L5-1,NY6-F,11397
CON-000150,LOT-00039,L5,BNK-L5-2,NY6-H,2700
CON-000151,LOT-00039,L5,BNK-L5-3,MB-NA,215
CON-000152,LOT-00039,L5,BNK-L5-4,MB-NS,217
CON-000153,LOT-00040,L5,BNK-L5-1,NY6-F,11506
CON-000154,LOT-00040,L5,BNK-L5-2,NY6-H,2726
CON-000155,LOT-00040,L5,BNK-L5-3,MB-NA,217
CON-000156,LOT-00040,L5,BNK-L5-4,MB-NS,219
CON-000157,LOT-00041,L6,BNK-L6-1,NY6-F,10445
CON-000158,LOT-00041,L6,BNK-L6-2,NY6-H,2804
CON-000159,LOT-00041,L6,BNK-L6-3,MB-NA,270
CON-000160,LOT-00041,L6,BNK-L6-4,MB-NS,131
CON-000161,LOT-00042,L6,BNK-L6-1,NY6-F,10551
CON-000162,LOT-00042,L6,BNK-L6-2,NY6-H,2832
CON-000163,LOT-00042,L6,BNK-L6-3,MB-NA,272
CON-000164,LOT-00042,L6,BNK-L6-4,MB-NS,132
CON-000165,LOT-00043,L1,BNK-L1-1,PET-BR,25764
CON-000166,LOT-00043,L1,BNK-L1-2,PET-SD,1078
CON-000167,LOT-00043,L1,BNK-L1-3,MB-AB,408
CON-000168,LOT-00043,L1,BNK-L1-4,MB-SL,264
CON-000169,LOT-00044,L1,BNK-L1-1,PET-BR,25908
CON-000170,LOT-00044,L1,BNK-L1-2,PET-SD,1084
CON-000171,LOT-00044,L1,BNK-L1-3,MB-AB,410
CON-000172,LOT-00044,L1,BNK-L1-4,MB-SL,266
CON-000173,LOT-00045,L2,BNK-L2-1,PET-BR,20784
CON-000174,LOT-00045,L2,BNK-L2-2,PET-RC,5378
CON-000175,LOT-00045,L2,BNK-L2-3,MB-AB,382
CON-000176,LOT-00045,L2,BNK-L2-4,MB-WH,257
CON-000177,LOT-00046,L2,BNK-L2-1,PET-BR,20904
CON-000178,LOT-00046,L2,BNK-L2-2,PET-RC,5408
CON-000179,LOT-00046,L2,BNK-L2-3,MB-AB,384
CON-000180,LOT-00046,L2,BNK-L2-4,MB-WH,259
CON-000181,LOT-00047,L3,BNK-L3-1,PET-BR,22209
CON-000182,LOT-00047,L3,BNK-L3-2,PET-SD,3829
CON-000183,LOT-00047,L3,BNK-L3-3,MB-SL,515
CON-000184,LOT-00047,L3,BNK-L3-4,MB-UV,260
CON-000185,LOT-00048,L3,BNK-L3-1,PET-BR,22336
CON-000186,LOT-00048,L3,BNK-L3-2,PET-SD,3851
CON-000187,LOT-00048,L3,BNK-L3-3,MB-SL,518
CON-000188,LOT-00048,L3,BNK-L3-4,MB-UV,262
CON-000189,LOT-00049,L5,BNK-L5-1,NY6-F,11409
CON-000190,LOT-00049,L5,BNK-L5-2,NY6-H,3062
CON-000191,LOT-00049,L5,BNK-L5-3,MB-NA,294
CON-000192,LOT-00049,L5,BNK-L5-4,MB-NS,143
CON-000193,LOT-00050,L5,BNK-L5-1,NY6-F,11394
CON-000194,LOT-00050,L5,BNK-L5-2,NY6-H,3059
CON-000195,LOT-00050,L5,BNK-L5-3,MB-NA,294
CON-000196,LOT-00050,L5,BNK-L5-4,MB-NS,143
CON-000197,LOT-00051,L6,BNK-L6-1,NY6-F,11039
CON-000198,LOT-00051,L6,BNK-L6-2,NY6-H,2350
CON-000199,LOT-00051,L6,BNK-L6-3,MB-NA,203
CON-000200,LOT-00051,L6,BNK-L6-4,MB-NS,132
CON-000201,LOT-00052,L6,BNK-L6-1,NY6-F,11151
CON-000202,LOT-00052,L6,BNK-L6-2,NY6-H,2374
CON-000203,LOT-00052,L6,BNK-L6-3,MB-NA,205
CON-000204,LOT-00052,L6,BNK-L6-4,MB-NS,133
CON-000205,LOT-00053,L1,BNK-L1-1,PET-BR,26165
CON-000206,LOT-00053,L1,BNK-L1-2,PET-SD,821
CON-000207,LOT-00053,L1,BNK-L1-3,MB-AB,531
CON-000208,LOT-00053,L1,BNK-L1-4,MB-SL,268
CON-000209,LOT-00054,L1,BNK-L1-1,PET-BR,26310
CON-000210,LOT-00054,L1,BNK-L1-2,PET-SD,826
CON-000211,LOT-00054,L1,BNK-L1-3,MB-AB,534
CON-000212,LOT-00054,L1,BNK-L1-4,MB-SL,270
CON-000213,LOT-00055,L2,BNK-L2-1,PET-BR,20584
CON-000214,LOT-00055,L2,BNK-L2-2,PET-RC,5766
CON-000215,LOT-00055,L2,BNK-L2-3,MB-AB,388
CON-000216,LOT-00055,L2,BNK-L2-4,MB-WH,261
CON-000217,LOT-00056,L2,BNK-L2-1,PET-BR,20701
CON-000218,LOT-00056,L2,BNK-L2-2,PET-RC,5800
CON-000219,LOT-00056,L2,BNK-L2-3,MB-AB,390
CON-000220,LOT-00056,L2,BNK-L2-4,MB-WH,263
CON-000221,LOT-00057,L3,BNK-L3-1,PET-BR,23112
CON-000222,LOT-00057,L3,BNK-L3-2,PET-SD,2464
CON-000223,LOT-00057,L3,BNK-L3-3,MB-SL,523
CON-000224,LOT-00057,L3,BNK-L3-4,MB-UV,396
CON-000225,LOT-00058,L3,BNK-L3-1,PET-BR,23244
CON-000226,LOT-00058,L3,BNK-L3-2,PET-SD,2478
CON-000227,LOT-00058,L3,BNK-L3-3,MB-SL,526
CON-000228,LOT-00058,L3,BNK-L3-4,MB-UV,398
CON-000229,LOT-00059,L4,BNK-L4-1,PET-BR,19068
CON-000230,LOT-00059,L4,BNK-L4-2,PET-CO,5431
CON-000231,LOT-00059,L4,BNK-L4-3,MB-WH,498
CON-000232,LOT-00059,L4,BNK-L4-4,MB-UV,242
CON-000233,LOT-00060,L4,BNK-L4-1,PET-BR,18977
CON-000234,LOT-00060,L4,BNK-L4-2,PET-CO,5405
CON-000235,LOT-00060,L4,BNK-L4-3,MB-WH,501
CON-000236,LOT-00060,L4,BNK-L4-4,MB-UV,243
CON-000237,LOT-00061,L6,BNK-L6-1,NY6-F,10808
CON-000238,LOT-00061,L6,BNK-L6-2,NY6-H,2796
CON-000239,LOT-00061,L6,BNK-L6-3,MB-NA,199
CON-000240,LOT-00061,L6,BNK-L6-4,MB-NS,134
CON-000241,LOT-00062,L6,BNK-L6-1,NY6-F,10917
CON-000242,LOT-00062,L6,BNK-L6-2,NY6-H,2825
CON-000243,LOT-00062,L6,BNK-L6-3,MB-NA,201
CON-000244,LOT-00062,L6,BNK-L6-4,MB-NS,135
CON-000245,LOT-00063,L1,BNK-L1-1,PET-BR,26294
CON-000246,LOT-00063,L1,BNK-L1-2,PET-SD,1337
CON-000247,LOT-00063,L1,BNK-L1-3,MB-AB,405
CON-000248,LOT-00063,L1,BNK-L1-4,MB-SL,272
CON-000249,LOT-00064,L1,BNK-L1-1,PET-BR,26438
CON-000250,LOT-00064,L1,BNK-L1-2,PET-SD,1344
CON-000251,LOT-00064,L1,BNK-L1-3,MB-AB,407
CON-000252,LOT-00064,L1,BNK-L1-4,MB-SL,274
CON-000253,LOT-00065,L2,BNK-L2-1,PET-BR,22300
CON-000254,LOT-00065,L2,BNK-L2-2,PET-RC,3515
CON-000255,LOT-00065,L2,BNK-L2-3,MB-AB,525
CON-000256,LOT-00065,L2,BNK-L2-4,MB-WH,265
CON-000257,LOT-00066,L2,BNK-L2-1,PET-BR,22427
CON-000258,LOT-00066,L2,BNK-L2-2,PET-RC,3535
CON-000259,LOT-00066,L2,BNK-L2-3,MB-AB,528
CON-000260,LOT-00066,L2,BNK-L2-4,MB-WH,267
CON-000261,LOT-00067,L3,BNK-L3-1,PET-BR,10956
CON-000262,LOT-00067,L3,BNK-L3-2,PET-SD,15805
CON-000263,LOT-00068,L3,BNK-L3-1,PET-BR,11019
CON-000264,LOT-00068,L3,BNK-L3-2,PET-SD,15895
CON-000265,LOT-00069,L4,BNK-L4-1,PET-BR,20419
CON-000266,LOT-00069,L4,BNK-L4-2,PET-CO,4347
CON-000267,LOT-00069,L4,BNK-L4-3,MB-WH,376
CON-000268,LOT-00069,L4,BNK-L4-4,MB-UV,243
CON-000269,LOT-00070,L4,BNK-L4-1,PET-BR,20541
CON-000270,LOT-00070,L4,BNK-L4-2,PET-CO,4373
CON-000271,LOT-00070,L4,BNK-L4-3,MB-WH,378
CON-000272,LOT-00070,L4,BNK-L4-4,MB-UV,245
CON-000273,LOT-00071,L5,BNK-L5-1,NY6-F,11594
CON-000274,LOT-00071,L5,BNK-L5-2,NY6-H,3281
CON-000275,LOT-00071,L5,BNK-L5-3,MB-NA,217
CON-000276,LOT-00071,L5,BNK-L5-4,MB-NS,146
CON-000277,LOT-00072,L5,BNK-L5-1,NY6-F,11579
CON-000278,LOT-00072,L5,BNK-L5-2,NY6-H,3277
CON-000279,LOT-00072,L5,BNK-L5-3,MB-NA,217
CON-000280,LOT-00072,L5,BNK-L5-4,MB-NS,146
CON-000281,LOT-00073,L1,BNK-L1-1,PET-BR,24755
CON-000282,LOT-00073,L1,BNK-L1-2,PET-SD,777
CON-000283,LOT-00073,L1,BNK-L1-3,MB-AB,523
CON-000284,LOT-00073,L1,BNK-L1-4,MB-SL,396
CON-000285,LOT-00074,L1,BNK-L1-1,PET-BR,24897
CON-000286,LOT-00074,L1,BNK-L1-2,PET-SD,782
CON-000287,LOT-00074,L1,BNK-L1-3,MB-AB,526
CON-000288,LOT-00074,L1,BNK-L1-4,MB-SL,398
CON-000289,LOT-00075,L2,BNK-L2-1,PET-BR,20451
CON-000290,LOT-00075,L2,BNK-L2-2,PET-RC,4533
CON-000291,LOT-00075,L2,BNK-L2-3,MB-AB,381
CON-000292,LOT-00075,L2,BNK-L2-4,MB-WH,370
CON-000293,LOT-00076,L2,BNK-L2-1,PET-BR,20571
CON-000294,LOT-00076,L2,BNK-L2-2,PET-RC,4560
CON-000295,LOT-00076,L2,BNK-L2-3,MB-AB,383
CON-000296,LOT-00076,L2,BNK-L2-4,MB-WH,372
CON-000297,LOT-00077,L3,BNK-L3-1,PET-BR,21865
CON-000298,LOT-00077,L3,BNK-L3-2,PET-SD,3028
CON-000299,LOT-00077,L3,BNK-L3-3,MB-SL,509
CON-000300,LOT-00077,L3,BNK-L3-4,MB-UV,247
CON-000301,LOT-00078,L3,BNK-L3-1,PET-BR,21994
CON-000302,LOT-00078,L3,BNK-L3-2,PET-SD,3046
CON-000303,LOT-00078,L3,BNK-L3-3,MB-SL,512
CON-000304,LOT-00078,L3,BNK-L3-4,MB-UV,249
CON-000305,LOT-00079,L4,BNK-L4-1,PET-BR,18987
CON-000306,LOT-00079,L4,BNK-L4-2,PET-CO,4793
CON-000307,LOT-00079,L4,BNK-L4-3,MB-WH,465
CON-000308,LOT-00079,L4,BNK-L4-4,MB-UV,235
CON-000309,LOT-00080,L4,BNK-L4-1,PET-BR,19104
CON-000310,LOT-00080,L4,BNK-L4-2,PET-CO,4822
CON-000311,LOT-00080,L4,BNK-L4-3,MB-WH,468
CON-000312,LOT-00080,L4,BNK-L4-4,MB-UV,236
CON-000313,LOT-00081,L5,BNK-L5-1,NY6-F,12184
CON-000314,LOT-00081,L5,BNK-L5-2,NY6-H,2088
CON-000315,LOT-00081,L5,BNK-L5-3,MB-NA,281
CON-000316,LOT-00081,L5,BNK-L5-4,MB-NS,142
CON-000317,LOT-00082,L5,BNK-L5-1,NY6-F,12302
CON-000318,LOT-00082,L5,BNK-L5-2,NY6-H,2109
CON-000319,LOT-00082,L5,BNK-L5-3,MB-NA,284
CON-000320,LOT-00082,L5,BNK-L5-4,MB-NS,143
CON-000321,LOT-00083,L6,BNK-L6-1,NY6-F,10427
CON-000322,LOT-00083,L6,BNK-L6-2,NY6-H,2390
CON-000323,LOT-00083,L6,BNK-L6-3,MB-NA,196
CON-000324,LOT-00083,L6,BNK-L6-4,MB-NS,198
CON-000325,LOT-00084,L6,BNK-L6-1,NY6-F,10536
CON-000326,LOT-00084,L6,BNK-L6-2,NY6-H,2415
CON-000327,LOT-00084,L6,BNK-L6-3,MB-NA,198
CON-000328,LOT-00084,L6,BNK-L6-4,MB-NS,200
CON-000329,LOT-00085,L1,BNK-L1-1,PET-BR,24937
CON-000330,LOT-00085,L1,BNK-L1-2,PET-SD,1318
CON-000331,LOT-00085,L1,BNK-L1-3,MB-AB,399
CON-000332,LOT-00085,L1,BNK-L1-4,MB-SL,258
CON-000333,LOT-00086,L1,BNK-L1-1,PET-BR,25078
CON-000334,LOT-00086,L1,BNK-L1-2,PET-SD,1326
CON-000335,LOT-00086,L1,BNK-L1-3,MB-AB,401
CON-000336,LOT-00086,L1,BNK-L1-4,MB-SL,260
CON-000337,LOT-00087,L2,BNK-L2-1,PET-BR,21120
CON-000338,LOT-00087,L2,BNK-L2-2,PET-RC,4189
CON-000339,LOT-00087,L2,BNK-L2-3,MB-AB,384
CON-000340,LOT-00087,L2,BNK-L2-4,MB-WH,249
CON-000341,LOT-00088,L2,BNK-L2-1,PET-BR,21244
CON-000342,LOT-00088,L2,BNK-L2-2,PET-RC,4214
CON-000343,LOT-00088,L2,BNK-L2-3,MB-AB,386
CON-000344,LOT-00088,L2,BNK-L2-4,MB-WH,250
CON-000345,LOT-00089,L3,BNK-L3-1,PET-BR,22768
CON-000346,LOT-00089,L3,BNK-L3-2,PET-SD,2569
CON-000347,LOT-00089,L3,BNK-L3-3,MB-SL,498
CON-000348,LOT-00089,L3,BNK-L3-4,MB-UV,252
CON-000349,LOT-00090,L3,BNK-L3-1,PET-BR,22901
CON-000350,LOT-00090,L3,BNK-L3-2,PET-SD,2584
CON-000351,LOT-00090,L3,BNK-L3-3,MB-SL,501
CON-000352,LOT-00090,L3,BNK-L3-4,MB-UV,253
CON-000353,LOT-00091,L4,BNK-L4-1,PET-BR,20664
CON-000354,LOT-00091,L4,BNK-L4-2,PET-CO,3404
CON-000355,LOT-00091,L4,BNK-L4-3,MB-WH,474
CON-000356,LOT-00091,L4,BNK-L4-4,MB-UV,239
CON-000357,LOT-00092,L4,BNK-L4-1,PET-BR,20791
CON-000358,LOT-00092,L4,BNK-L4-2,PET-CO,3425
CON-000359,LOT-00092,L4,BNK-L4-3,MB-WH,477
CON-000360,LOT-00092,L4,BNK-L4-4,MB-UV,241
CON-000361,LOT-00093,L5,BNK-L5-1,NY6-F,11362
CON-000362,LOT-00093,L5,BNK-L5-2,NY6-H,2691
CON-000363,LOT-00093,L5,BNK-L5-3,MB-NA,215
CON-000364,LOT-00093,L5,BNK-L5-4,MB-NS,217
CON-000365,LOT-00094,L5,BNK-L5-1,NY6-F,11348
CON-000366,LOT-00094,L5,BNK-L5-2,NY6-H,2688
CON-000367,LOT-00094,L5,BNK-L5-3,MB-NA,214
CON-000368,LOT-00094,L5,BNK-L5-4,MB-NS,216
CON-000369,LOT-00095,L6,BNK-L6-1,NY6-F,10290
CON-000370,LOT-00095,L6,BNK-L6-2,NY6-H,2762
CON-000371,LOT-00095,L6,BNK-L6-3,MB-NA,266
CON-000372,LOT-00095,L6,BNK-L6-4,MB-NS,129
CON-000373,LOT-00096,L6,BNK-L6-1,NY6-F,10396
CON-000374,LOT-00096,L6,BNK-L6-2,NY6-H,2791
CON-000375,LOT-00096,L6,BNK-L6-3,MB-NA,268
CON-000376,LOT-00096,L6,BNK-L6-4,MB-NS,130
CON-000377,LOT-00097,L1,BNK-L1-1,PET-BR,25395
CON-000378,LOT-00097,L1,BNK-L1-2,PET-SD,1063
CON-000379,LOT-00097,L1,BNK-L1-3,MB-AB,402
CON-000380,LOT-00097,L1,BNK-L1-4,MB-SL,260
CON-000381,LOT-00098,L1,BNK-L1-1,PET-BR,25538
CON-000382,LOT-00098,L1,BNK-L1-2,PET-SD,1069
CON-000383,LOT-00098,L1,BNK-L1-3,MB-AB,404
CON-000384,LOT-00098,L1,BNK-L1-4,MB-SL,262
CON-000385,LOT-00099,L2,BNK-L2-1,PET-BR,20476
CON-000386,LOT-00099,L2,BNK-L2-2,PET-RC,5298
CON-000387,LOT-00099,L2,BNK-L2-3,MB-AB,376
CON-000388,LOT-00099,L2,BNK-L2-4,MB-WH,253
CON-000389,LOT-00100,L2,BNK-L2-1,PET-BR,20595
CON-000390,LOT-00100,L2,BNK-L2-2,PET-RC,5329
CON-000391,LOT-00100,L2,BNK-L2-3,MB-AB,378
CON-000392,LOT-00100,L2,BNK-L2-4,MB-WH,255
CON-000393,LOT-00101,L3,BNK-L3-1,PET-BR,21879
CON-000394,LOT-00101,L3,BNK-L3-2,PET-SD,3772
CON-000395,LOT-00101,L3,BNK-L3-3,MB-SL,507
CON-000396,LOT-00101,L3,BNK-L3-4,MB-UV,256
CON-000397,LOT-00102,L3,BNK-L3-1,PET-BR,22006
CON-000398,LOT-00102,L3,BNK-L3-2,PET-SD,3794
CON-000399,LOT-00102,L3,BNK-L3-3,MB-SL,510
CON-000400,LOT-00102,L3,BNK-L3-4,MB-UV,258
CON-000401,LOT-00103,L4,BNK-L4-1,PET-BR,19413
CON-000402,LOT-00103,L4,BNK-L4-2,PET-CO,4303
CON-000403,LOT-00103,L4,BNK-L4-3,MB-WH,362
CON-000404,LOT-00103,L4,BNK-L4-4,MB-UV,365
CON-000405,LOT-00104,L4,BNK-L4-1,PET-BR,19321
CON-000406,LOT-00104,L4,BNK-L4-2,PET-CO,4283
CON-000407,LOT-00104,L4,BNK-L4-3,MB-WH,364
CON-000408,LOT-00104,L4,BNK-L4-4,MB-UV,368
CON-000409,LOT-00105,L5,BNK-L5-1,NY6-F,11154
CON-000410,LOT-00105,L5,BNK-L5-2,NY6-H,2994
CON-000411,LOT-00105,L5,BNK-L5-3,MB-NA,288
CON-000412,LOT-00105,L5,BNK-L5-4,MB-NS,140
CON-000413,LOT-00106,L5,BNK-L5-1,NY6-F,11261
CON-000414,LOT-00106,L5,BNK-L5-2,NY6-H,3023
CON-000415,LOT-00106,L5,BNK-L5-3,MB-NA,291
CON-000416,LOT-00106,L5,BNK-L5-4,MB-NS,141
CON-000417,LOT-00107,L6,BNK-L6-1,NY6-F,10897
CON-000418,LOT-00107,L6,BNK-L6-2,NY6-H,2320
CON-000419,LOT-00107,L6,BNK-L6-3,MB-NA,201
CON-000420,LOT-00107,L6,BNK-L6-4,MB-NS,130
CON-000421,LOT-00108,L6,BNK-L6-1,NY6-F,11010
CON-000422,LOT-00108,L6,BNK-L6-2,NY6-H,2344
CON-000423,LOT-00108,L6,BNK-L6-3,MB-NA,203
CON-000424,LOT-00108,L6,BNK-L6-4,MB-NS,131
CON-000425,LOT-00109,L1,BNK-L1-1,PET-BR,25843
CON-000426,LOT-00109,L1,BNK-L1-2,PET-SD,811
CON-000427,LOT-00109,L1,BNK-L1-3,MB-AB,525
CON-000428,LOT-00109,L1,BNK-L1-4,MB-SL,265
CON-000429,LOT-00110,L1,BNK-L1-1,PET-BR,25987
CON-000430,LOT-00110,L1,BNK-L1-2,PET-SD,816
CON-000431,LOT-00110,L1,BNK-L1-3,MB-AB,528
CON-000432,LOT-00110,L1,BNK-L1-4,MB-SL,266
CON-000433,LOT-00111,L2,BNK-L2-1,PET-BR,20319
CON-000434,LOT-00111,L2,BNK-L2-2,PET-RC,5693
CON-000435,LOT-00111,L2,BNK-L2-3,MB-AB,383
CON-000436,LOT-00111,L2,BNK-L2-4,MB-WH,258
CON-000437,LOT-00112,L2,BNK-L2-1,PET-BR,20436
CON-000438,LOT-00112,L2,BNK-L2-2,PET-RC,5725
CON-000439,LOT-00112,L2,BNK-L2-3,MB-AB,385
CON-000440,LOT-00112,L2,BNK-L2-4,MB-WH,259
CON-000441,LOT-00113,L3,BNK-L3-1,PET-BR,22815
CON-000442,LOT-00113,L3,BNK-L3-2,PET-SD,2432
CON-000443,LOT-00113,L3,BNK-L3-3,MB-SL,517
CON-000444,LOT-00113,L3,BNK-L3-4,MB-UV,391
CON-000445,LOT-00114,L3,BNK-L3-1,PET-BR,22947
CON-000446,LOT-00114,L3,BNK-L3-2,PET-SD,2446
CON-000447,LOT-00114,L3,BNK-L3-3,MB-SL,519
CON-000448,LOT-00114,L3,BNK-L3-4,MB-UV,393
CON-000449,LOT-00115,L4,BNK-L4-1,PET-BR,18605
CON-000450,LOT-00115,L4,BNK-L4-2,PET-CO,5299
CON-000451,LOT-00115,L4,BNK-L4-3,MB-WH,491
CON-000452,LOT-00115,L4,BNK-L4-4,MB-UV,239
CON-000453,LOT-00116,L4,BNK-L4-1,PET-BR,18718
CON-000454,LOT-00116,L4,BNK-L4-2,PET-CO,5332
CON-000455,LOT-00116,L4,BNK-L4-3,MB-WH,489
CON-000456,LOT-00116,L4,BNK-L4-4,MB-UV,237
CON-000457,LOT-00117,L5,BNK-L5-1,NY6-F,11664
CON-000458,LOT-00117,L5,BNK-L5-2,NY6-H,2657
CON-000459,LOT-00117,L5,BNK-L5-3,MB-NA,218
CON-000460,LOT-00117,L5,BNK-L5-4,MB-NS,141
CON-000461,LOT-00118,L5,BNK-L5-1,NY6-F,11775
CON-000462,LOT-00118,L5,BNK-L5-2,NY6-H,2683
CON-000463,LOT-00118,L5,BNK-L5-3,MB-NA,220
CON-000464,LOT-00118,L5,BNK-L5-4,MB-NS,142
CON-000465,LOT-00119,L6,BNK-L6-1,NY6-F,10691
CON-000466,LOT-00119,L6,BNK-L6-2,NY6-H,2766
CON-000467,LOT-00119,L6,BNK-L6-3,MB-NA,197
CON-000468,LOT-00119,L6,BNK-L6-4,MB-NS,132
CON-000469,LOT-00120,L6,BNK-L6-1,NY6-F,10800
CON-000470,LOT-00120,L6,BNK-L6-2,NY6-H,2794
CON-000471,LOT-00120,L6,BNK-L6-3,MB-NA,199
CON-000472,LOT-00120,L6,BNK-L6-4,MB-NS,134
CON-000473,LOT-00121,L1,BNK-L1-1,PET-BR,26022
CON-000474,LOT-00121,L1,BNK-L1-2,PET-SD,1323
CON-000475,LOT-00121,L1,BNK-L1-3,MB-AB,400
CON-000476,LOT-00121,L1,BNK-L1-4,MB-SL,270
CON-000477,LOT-00122,L1,BNK-L1-1,PET-BR,26166
CON-000478,LOT-00122,L1,BNK-L1-2,PET-SD,1331
CON-000479,LOT-00122,L1,BNK-L1-3,MB-AB,403
CON-000480,LOT-00122,L1,BNK-L1-4,MB-SL,271
CON-000481,LOT-00123,L2,BNK-L2-1,PET-BR,22059
CON-000482,LOT-00123,L2,BNK-L2-2,PET-RC,3477
CON-000483,LOT-00123,L2,BNK-L2-3,MB-AB,520
CON-000484,LOT-00123,L2,BNK-L2-4,MB-WH,262
CON-000485,LOT-00124,L2,BNK-L2-1,PET-BR,22186
CON-000486,LOT-00124,L2,BNK-L2-2,PET-RC,3497
CON-000487,LOT-00124,L2,BNK-L2-3,MB-AB,523
CON-000488,LOT-00124,L2,BNK-L2-4,MB-WH,264
CON-000489,LOT-00125,L3,BNK-L3-1,PET-BR,10838
CON-000490,LOT-00125,L3,BNK-L3-2,PET-SD,15634
CON-000491,LOT-00126,L3,BNK-L3-1,PET-BR,10783
CON-000492,LOT-00126,L3,BNK-L3-2,PET-SD,15556
CON-000493,LOT-00127,L4,BNK-L4-1,PET-BR,19965
CON-000494,LOT-00127,L4,BNK-L4-2,PET-CO,4251
CON-000495,LOT-00127,L4,BNK-L4-3,MB-WH,368
CON-000496,LOT-00127,L4,BNK-L4-4,MB-UV,238
CON-000497,LOT-00128,L4,BNK-L4-1,PET-BR,20086
CON-000498,LOT-00128,L4,BNK-L4-2,PET-CO,4277
CON-000499,LOT-00128,L4,BNK-L4-3,MB-WH,370
CON-000500,LOT-00128,L4,BNK-L4-4,MB-UV,239
CON-000501,LOT-00129,L5,BNK-L5-1,NY6-F,11359
CON-000502,LOT-00129,L5,BNK-L5-2,NY6-H,3214
CON-000503,LOT-00129,L5,BNK-L5-3,MB-NA,213
CON-000504,LOT-00129,L5,BNK-L5-4,MB-NS,143
CON-000505,LOT-00130,L5,BNK-L5-1,NY6-F,11467
CON-000506,LOT-00130,L5,BNK-L5-2,NY6-H,3245
CON-000507,LOT-00130,L5,BNK-L5-3,MB-NA,215
CON-000508,LOT-00130,L5,BNK-L5-4,MB-NS,145
CON-000509,LOT-00131,L6,BNK-L6-1,NY6-F,11628
CON-000510,LOT-00131,L6,BNK-L6-2,NY6-H,1915
CON-000511,LOT-00131,L6,BNK-L6-3,MB-NA,267
CON-000512,LOT-00131,L6,BNK-L6-4,MB-NS,135
CON-000513,LOT-00132,L6,BNK-L6-1,NY6-F,11746
CON-000514,LOT-00132,L6,BNK-L6-2,NY6-H,1935
CON-000515,LOT-00132,L6,BNK-L6-3,MB-NA,269
CON-000516,LOT-00132,L6,BNK-L6-4,MB-NS,136
CON-000517,LOT-00133,L1,BNK-L1-1,PET-BR,25733
CON-000518,LOT-00133,L1,BNK-L1-2,PET-SD,808
CON-000519,LOT-00133,L1,BNK-L1-3,MB-AB,543
CON-000520,LOT-00133,L1,BNK-L1-4,MB-SL,411
CON-000521,LOT-00134,L1,BNK-L1-1,PET-BR,25876
CON-000522,LOT-00134,L1,BNK-L1-2,PET-SD,812
CON-000523,LOT-00134,L1,BNK-L1-3,MB-AB,546
CON-000524,LOT-00134,L1,BNK-L1-4,MB-SL,414
CON-000525,LOT-00135,L2,BNK-L2-1,PET-BR,21286
CON-000526,LOT-00135,L2,BNK-L2-2,PET-RC,4718
CON-000527,LOT-00135,L2,BNK-L2-3,MB-AB,397
CON-000528,LOT-00135,L2,BNK-L2-4,MB-WH,385
CON-000529,LOT-00136,L2,BNK-L2-1,PET-BR,21408
CON-000530,LOT-00136,L2,BNK-L2-2,PET-RC,4745
CON-000531,LOT-00136,L2,BNK-L2-3,MB-AB,399
CON-000532,LOT-00136,L2,BNK-L2-4,MB-WH,387
CON-000533,LOT-00137,L3,BNK-L3-1,PET-BR,22514
CON-000534,LOT-00137,L3,BNK-L3-2,PET-SD,3118
CON-000535,LOT-00137,L3,BNK-L3-3,MB-SL,530
CON-000536,LOT-00137,L3,BNK-L3-4,MB-UV,257
CON-000537,LOT-00138,L3,BNK-L3-1,PET-BR,22643
CON-000538,LOT-00138,L3,BNK-L3-2,PET-SD,3136
CON-000539,LOT-00138,L3,BNK-L3-3,MB-SL,527
CON-000540,LOT-00138,L3,BNK-L3-4,MB-UV,256
CON-000541,LOT-00139,L4,BNK-L4-1,PET-BR,19595
CON-000542,LOT-00139,L4,BNK-L4-2,PET-CO,4946
CON-000543,LOT-00139,L4,BNK-L4-3,MB-WH,480
CON-000544,LOT-00139,L4,BNK-L4-4,MB-UV,242
CON-000545,LOT-00140,L4,BNK-L4-1,PET-BR,19713
CON-000546,LOT-00140,L4,BNK-L4-2,PET-CO,4976
CON-000547,LOT-00140,L4,BNK-L4-3,MB-WH,483
CON-000548,LOT-00140,L4,BNK-L4-4,MB-UV,244
CON-000549,LOT-00141,L5,BNK-L5-1,NY6-F,12511
CON-000550,LOT-00141,L5,BNK-L5-2,NY6-H,2144
CON-000551,LOT-00141,L5,BNK-L5-3,MB-NA,289
CON-000552,LOT-00141,L5,BNK-L5-4,MB-NS,146
CON-000553,LOT-00142,L5,BNK-L5-1,NY6-F,12629
CON-000554,LOT-00142,L5,BNK-L5-2,NY6-H,2164
CON-000555,LOT-00142,L5,BNK-L5-3,MB-NA,291
CON-000556,LOT-00142,L5,BNK-L5-4,MB-NS,147
CON-000557,LOT-00143,L6,BNK-L6-1,NY6-F,10849
CON-000558,LOT-00143,L6,BNK-L6-2,NY6-H,2487
CON-000559,LOT-00143,L6,BNK-L6-3,MB-NA,204
CON-000560,LOT-00143,L6,BNK-L6-4,MB-NS,206
CON-000561,LOT-00144,L6,BNK-L6-1,NY6-F,10959
CON-000562,LOT-00144,L6,BNK-L6-2,NY6-H,2512
CON-000563,LOT-00144,L6,BNK-L6-3,MB-NA,206
CON-000564,LOT-00144,L6,BNK-L6-4,MB-NS,208
CON-000565,LOT-00145,L1,BNK-L1-1,PET-BR,25914
CON-000566,LOT-00145,L1,BNK-L1-2,PET-SD,1370
CON-000567,LOT-00145,L1,BNK-L1-3,MB-AB,415
CON-000568,LOT-00145,L1,BNK-L1-4,MB-SL,268
CON-000569,LOT-00146,L1,BNK-L1-1,PET-BR,26057
CON-000570,LOT-00146,L1,BNK-L1-2,PET-SD,1378
CON-000571,LOT-00146,L1,BNK-L1-3,MB-AB,417
CON-000572,LOT-00146,L1,BNK-L1-4,MB-SL,270
CON-000573,LOT-00147,L2,BNK-L2-1,PET-BR,21977
CON-000574,LOT-00147,L2,BNK-L2-2,PET-RC,4359
CON-000575,LOT-00147,L2,BNK-L2-3,MB-AB,400
CON-000576,LOT-00147,L2,BNK-L2-4,MB-WH,259
CON-000577,LOT-00148,L2,BNK-L2-1,PET-BR,21865
CON-000578,LOT-00148,L2,BNK-L2-2,PET-RC,4337
CON-000579,LOT-00148,L2,BNK-L2-3,MB-AB,402
CON-000580,LOT-00148,L2,BNK-L2-4,MB-WH,260
CON-000581,LOT-00149,L3,BNK-L3-1,PET-BR,23439
CON-000582,LOT-00149,L3,BNK-L3-2,PET-SD,2644
CON-000583,LOT-00149,L3,BNK-L3-3,MB-SL,513
CON-000584,LOT-00149,L3,BNK-L3-4,MB-UV,259
CON-000585,LOT-00150,L3,BNK-L3-1,PET-BR,23572
CON-000586,LOT-00150,L3,BNK-L3-2,PET-SD,2659
CON-000587,LOT-00150,L3,BNK-L3-3,MB-SL,516
CON-000588,LOT-00150,L3,BNK-L3-4,MB-UV,261
CON-000589,LOT-00151,L4,BNK-L4-1,PET-BR,21322
CON-000590,LOT-00151,L4,BNK-L4-2,PET-CO,3511
CON-000591,LOT-00151,L4,BNK-L4-3,MB-WH,489
CON-000592,LOT-00151,L4,BNK-L4-4,MB-UV,247
CON-000593,LOT-00152,L4,BNK-L4-1,PET-BR,21449
CON-000594,LOT-00152,L4,BNK-L4-2,PET-CO,3533
CON-000595,LOT-00152,L4,BNK-L4-3,MB-WH,492
CON-000596,LOT-00152,L4,BNK-L4-4,MB-UV,248
CON-000597,LOT-00153,L5,BNK-L5-1,NY6-F,11663
CON-000598,LOT-00153,L5,BNK-L5-2,NY6-H,2763
CON-000599,LOT-00153,L5,BNK-L5-3,MB-NA,220
CON-000600,LOT-00153,L5,BNK-L5-4,MB-NS,222
CON-000601,LOT-00154,L5,BNK-L5-1,NY6-F,11772
CON-000602,LOT-00154,L5,BNK-L5-2,NY6-H,2789
CON-000603,LOT-00154,L5,BNK-L5-3,MB-NA,222
CON-000604,LOT-00154,L5,BNK-L5-4,MB-NS,224
CON-000605,LOT-00155,L6,BNK-L6-1,NY6-F,10703
CON-000606,LOT-00155,L6,BNK-L6-2,NY6-H,2873
CON-000607,LOT-00155,L6,BNK-L6-3,MB-NA,276
CON-000608,LOT-00155,L6,BNK-L6-4,MB-NS,134
CON-000609,LOT-00156,L6,BNK-L6-1,NY6-F,10811
CON-000610,LOT-00156,L6,BNK-L6-2,NY6-H,2902
CON-000611,LOT-00156,L6,BNK-L6-3,MB-NA,279
CON-000612,LOT-00156,L6,BNK-L6-4,MB-NS,136
CON-000613,LOT-00157,L1,BNK-L1-1,PET-BR,25173
CON-000614,LOT-00157,L1,BNK-L1-2,PET-SD,1054
CON-000615,LOT-00157,L1,BNK-L1-3,MB-AB,399
CON-000616,LOT-00157,L1,BNK-L1-4,MB-SL,258
CON-000617,LOT-00158,L1,BNK-L1-1,PET-BR,25317
CON-000618,LOT-00158,L1,BNK-L1-2,PET-SD,1060
CON-000619,LOT-00158,L1,BNK-L1-3,MB-AB,401
CON-000620,LOT-00158,L1,BNK-L1-4,MB-SL,260
CON-000621,LOT-00159,L2,BNK-L2-1,PET-BR,20070
CON-000622,LOT-00159,L2,BNK-L2-2,PET-RC,5193
CON-000623,LOT-00159,L2,BNK-L2-3,MB-AB,373
CON-000624,LOT-00159,L2,BNK-L2-4,MB-WH,251
CON-000625,LOT-00160,L2,BNK-L2-1,PET-BR,20188
CON-000626,LOT-00160,L2,BNK-L2-2,PET-RC,5223
CON-000627,LOT-00160,L2,BNK-L2-3,MB-AB,371
CON-000628,LOT-00160,L2,BNK-L2-4,MB-WH,250
CON-000629,LOT-00161,L3,BNK-L3-1,PET-BR,21447
CON-000630,LOT-00161,L3,BNK-L3-2,PET-SD,3697
CON-000631,LOT-00161,L3,BNK-L3-3,MB-SL,497
CON-000632,LOT-00161,L3,BNK-L3-4,MB-UV,251
CON-000633,LOT-00162,L3,BNK-L3-1,PET-BR,21573
CON-000634,LOT-00162,L3,BNK-L3-2,PET-SD,3719
CON-000635,LOT-00162,L3,BNK-L3-3,MB-SL,500
CON-000636,LOT-00162,L3,BNK-L3-4,MB-UV,253
CON-000637,LOT-00163,L4,BNK-L4-1,PET-BR,19009
CON-000638,LOT-00163,L4,BNK-L4-2,PET-CO,4214
CON-000639,LOT-00163,L4,BNK-L4-3,MB-WH,354
CON-000640,LOT-00163,L4,BNK-L4-4,MB-UV,358
CON-000641,LOT-00164,L4,BNK-L4-1,PET-BR,19127
CON-000642,LOT-00164,L4,BNK-L4-2,PET-CO,4240
CON-000643,LOT-00164,L4,BNK-L4-3,MB-WH,356
CON-000644,LOT-00164,L4,BNK-L4-4,MB-UV,360
CON-000645,LOT-00165,L5,BNK-L5-1,NY6-F,11064
CON-000646,LOT-00165,L5,BNK-L5-2,NY6-H,2970
CON-000647,LOT-00165,L5,BNK-L5-3,MB-NA,286
CON-000648,LOT-00165,L5,BNK-L5-4,MB-NS,139
CON-000649,LOT-00166,L5,BNK-L5-1,NY6-F,11171
CON-000650,LOT-00166,L5,BNK-L5-2,NY6-H,2999
CON-000651,LOT-00166,L5,BNK-L5-3,MB-NA,288
CON-000652,LOT-00166,L5,BNK-L5-4,MB-NS,140
CON-000653,LOT-00167,L6,BNK-L6-1,NY6-F,10798
CON-000654,LOT-00167,L6,BNK-L6-2,NY6-H,2299
CON-000655,LOT-00167,L6,BNK-L6-3,MB-NA,199
CON-000656,LOT-00167,L6,BNK-L6-4,MB-NS,129
CON-000657,LOT-00168,L6,BNK-L6-1,NY6-F,10911
CON-000658,LOT-00168,L6,BNK-L6-2,NY6-H,2323
CON-000659,LOT-00168,L6,BNK-L6-3,MB-NA,201
CON-000660,LOT-00168,L6,BNK-L6-4,MB-NS,130
CON-000661,LOT-00169,L1,BNK-L1-1,PET-BR,25619
CON-000662,LOT-00169,L1,BNK-L1-2,PET-SD,804
CON-000663,LOT-00169,L1,BNK-L1-3,MB-AB,520
CON-000664,LOT-00169,L1,BNK-L1-4,MB-SL,263
CON-000665,LOT-00170,L1,BNK-L1-1,PET-BR,25490
CON-000666,LOT-00170,L1,BNK-L1-2,PET-SD,800
CON-000667,LOT-00170,L1,BNK-L1-3,MB-AB,523
CON-000668,LOT-00170,L1,BNK-L1-4,MB-SL,264
CON-000669,LOT-00171,L2,BNK-L2-1,PET-BR,19919
CON-000670,LOT-00171,L2,BNK-L2-2,PET-RC,5580
CON-000671,LOT-00171,L2,BNK-L2-3,MB-AB,375
CON-000672,LOT-00171,L2,BNK-L2-4,MB-WH,253
CON-000673,LOT-00172,L2,BNK-L2-1,PET-BR,20035
CON-000674,LOT-00172,L2,BNK-L2-2,PET-RC,5612
CON-000675,LOT-00172,L2,BNK-L2-3,MB-AB,377
CON-000676,LOT-00172,L2,BNK-L2-4,MB-WH,254
CON-000677,LOT-00173,L3,BNK-L3-1,PET-BR,22362
CON-000678,LOT-00173,L3,BNK-L3-2,PET-SD,2384
CON-000679,LOT-00173,L3,BNK-L3-3,MB-SL,506
CON-000680,LOT-00173,L3,BNK-L3-4,MB-UV,383
CON-000681,LOT-00174,L3,BNK-L3-1,PET-BR,22494
CON-000682,LOT-00174,L3,BNK-L3-2,PET-SD,2398
CON-000683,LOT-00174,L3,BNK-L3-3,MB-SL,509
CON-000684,LOT-00174,L3,BNK-L3-4,MB-UV,386
CON-000685,LOT-00175,L4,BNK-L4-1,PET-BR,18418
CON-000686,LOT-00175,L4,BNK-L4-2,PET-CO,5246
CON-000687,LOT-00175,L4,BNK-L4-3,MB-WH,481
CON-000688,LOT-00175,L4,BNK-L4-4,MB-UV,234
CON-000689,LOT-00176,L4,BNK-L4-1,PET-BR,18532
CON-000690,LOT-00176,L4,BNK-L4-2,PET-CO,5278
CON-000691,LOT-00176,L4,BNK-L4-3,MB-WH,484
CON-000692,LOT-00176,L4,BNK-L4-4,MB-UV,235
CON-000693,LOT-00177,L5,BNK-L5-1,NY6-F,11570
CON-000694,LOT-00177,L5,BNK-L5-2,NY6-H,2636
CON-000695,LOT-00177,L5,BNK-L5-3,MB-NA,216
CON-000696,LOT-00177,L5,BNK-L5-4,MB-NS,140
CON-000697,LOT-00178,L5,BNK-L5-1,NY6-F,11682
CON-000698,LOT-00178,L5,BNK-L5-2,NY6-H,2661
CON-000699,LOT-00178,L5,BNK-L5-3,MB-NA,218
CON-000700,LOT-00178,L5,BNK-L5-4,MB-NS,141
CON-000701,LOT-00179,L6,BNK-L6-1,NY6-F,10594
CON-000702,LOT-00179,L6,BNK-L6-2,NY6-H,2741
CON-000703,LOT-00179,L6,BNK-L6-3,MB-NA,195
CON-000704,LOT-00179,L6,BNK-L6-4,MB-NS,131
CON-000705,LOT-00180,L6,BNK-L6-1,NY6-F,10704
CON-000706,LOT-00180,L6,BNK-L6-2,NY6-H,2769
CON-000707,LOT-00180,L6,BNK-L6-3,MB-NA,197
CON-000708,LOT-00180,L6,BNK-L6-4,MB-NS,133
CON-000709,LOT-00181,L1,BNK-L1-1,PET-BR,25526
CON-000710,LOT-00181,L1,BNK-L1-2,PET-SD,1298
CON-000711,LOT-00181,L1,BNK-L1-3,MB-AB,397
CON-000712,LOT-00181,L1,BNK-L1-4,MB-SL,267
CON-000713,LOT-00182,L1,BNK-L1-1,PET-BR,25669
CON-000714,LOT-00182,L1,BNK-L1-2,PET-SD,1305
CON-000715,LOT-00182,L1,BNK-L1-3,MB-AB,395
CON-000716,LOT-00182,L1,BNK-L1-4,MB-SL,266
CON-000717,LOT-00183,L2,BNK-L2-1,PET-BR,21624
CON-000718,LOT-00183,L2,BNK-L2-2,PET-RC,3408
CON-000719,LOT-00183,L2,BNK-L2-3,MB-AB,509
CON-000720,LOT-00183,L2,BNK-L2-4,MB-WH,257
CON-000721,LOT-00184,L2,BNK-L2-1,PET-BR,21750
CON-000722,LOT-00184,L2,BNK-L2-2,PET-RC,3428
CON-000723,LOT-00184,L2,BNK-L2-3,MB-AB,512
CON-000724,LOT-00184,L2,BNK-L2-4,MB-WH,259
CON-000725,LOT-00185,L3,BNK-L3-1,PET-BR,10625
CON-000726,LOT-00185,L3,BNK-L3-2,PET-SD,15327
CON-000727,LOT-00186,L3,BNK-L3-1,PET-BR,10686
CON-000728,LOT-00186,L3,BNK-L3-2,PET-SD,15416
CON-000729,LOT-00187,L4,BNK-L4-1,PET-BR,19766
CON-000730,LOT-00187,L4,BNK-L4-2,PET-CO,4208
CON-000731,LOT-00187,L4,BNK-L4-3,MB-WH,364
CON-000732,LOT-00187,L4,BNK-L4-4,MB-UV,236
CON-000733,LOT-00188,L4,BNK-L4-1,PET-BR,19887
CON-000734,LOT-00188,L4,BNK-L4-2,PET-CO,4234
CON-000735,LOT-00188,L4,BNK-L4-3,MB-WH,366
CON-000736,LOT-00188,L4,BNK-L4-4,MB-UV,237
CON-000737,LOT-00189,L5,BNK-L5-1,NY6-F,11269
CON-000738,LOT-00189,L5,BNK-L5-2,NY6-H,3189
CON-000739,LOT-00189,L5,BNK-L5-3,MB-NA,211
CON-000740,LOT-00189,L5,BNK-L5-4,MB-NS,142
CON-000741,LOT-00190,L5,BNK-L5-1,NY6-F,11377
CON-000742,LOT-00190,L5,BNK-L5-2,NY6-H,3219
CON-000743,LOT-00190,L5,BNK-L5-3,MB-NA,213
CON-000744,LOT-00190,L5,BNK-L5-4,MB-NS,144
CON-000745,LOT-00191,L6,BNK-L6-1,NY6-F,11524
CON-000746,LOT-00191,L6,BNK-L6-2,NY6-H,1898
CON-000747,LOT-00191,L6,BNK-L6-3,MB-NA,264
CON-000748,LOT-00191,L6,BNK-L6-4,MB-NS,133
CON-000749,LOT-00192,L6,BNK-L6-1,NY6-F,11642
CON-000750,LOT-00192,L6,BNK-L6-2,NY6-H,1918
CON-000751,LOT-00192,L6,BNK-L6-3,MB-NA,267
CON-000752,LOT-00192,L6,BNK-L6-4,MB-NS,135
CON-000753,LOT-00193,L1,BNK-L1-1,PET-BR,25241
CON-000754,LOT-00193,L1,BNK-L1-2,PET-SD,792
CON-000755,LOT-00193,L1,BNK-L1-3,MB-AB,533
CON-000756,LOT-00193,L1,BNK-L1-4,MB-SL,404
CON-000757,LOT-00194,L1,BNK-L1-1,PET-BR,25382
CON-000758,LOT-00194,L1,BNK-L1-2,PET-SD,797
CON-000759,LOT-00194,L1,BNK-L1-3,MB-AB,536
CON-000760,LOT-00194,L1,BNK-L1-4,MB-SL,406
CON-000761,LOT-00195,L2,BNK-L2-1,PET-BR,20869
CON-000762,LOT-00195,L2,BNK-L2-2,PET-RC,4626
CON-000763,LOT-00195,L2,BNK-L2-3,MB-AB,389
CON-000764,LOT-00195,L2,BNK-L2-4,MB-WH,378
CON-000765,LOT-00196,L2,BNK-L2-1,PET-BR,20990
CON-000766,LOT-00196,L2,BNK-L2-2,PET-RC,4653
CON-000767,LOT-00196,L2,BNK-L2-3,MB-AB,391
CON-000768,LOT-00196,L2,BNK-L2-4,MB-WH,380
CON-000769,LOT-00197,L3,BNK-L3-1,PET-BR,22313
CON-000770,LOT-00197,L3,BNK-L3-2,PET-SD,3090
CON-000771,LOT-00197,L3,BNK-L3-3,MB-SL,520
CON-000772,LOT-00197,L3,BNK-L3-4,MB-UV,252
CON-000773,LOT-00198,L3,BNK-L3-1,PET-BR,22442
CON-000774,LOT-00198,L3,BNK-L3-2,PET-SD,3108
CON-000775,LOT-00198,L3,BNK-L3-3,MB-SL,522
CON-000776,LOT-00198,L3,BNK-L3-4,MB-UV,254
CON-000777,LOT-00199,L4,BNK-L4-1,PET-BR,19402
CON-000778,LOT-00199,L4,BNK-L4-2,PET-CO,4897
CON-000779,LOT-00199,L4,BNK-L4-3,MB-WH,475
CON-000780,LOT-00199,L4,BNK-L4-4,MB-UV,240
CON-000781,LOT-00200,L4,BNK-L4-1,PET-BR,19520
CON-000782,LOT-00200,L4,BNK-L4-2,PET-CO,4927
CON-000783,LOT-00200,L4,BNK-L4-3,MB-WH,478
CON-000784,LOT-00200,L4,BNK-L4-4,MB-UV,241
CON-000785,LOT-00201,L5,BNK-L5-1,NY6-F,12412
CON-000786,LOT-00201,L5,BNK-L5-2,NY6-H,2127
CON-000787,LOT-00201,L5,BNK-L5-3,MB-NA,286
CON-000788,LOT-00201,L5,BNK-L5-4,MB-NS,145
CON-000789,LOT-00202,L5,BNK-L5-1,NY6-F,12530
CON-000790,LOT-00202,L5,BNK-L5-2,NY6-H,2148
CON-000791,LOT-00202,L5,BNK-L5-3,MB-NA,289
CON-000792,LOT-00202,L5,BNK-L5-4,MB-NS,146
CON-000793,LOT-00203,L6,BNK-L6-1,NY6-F,10754
CON-000794,LOT-00203,L6,BNK-L6-2,NY6-H,2465
CON-000795,LOT-00203,L6,BNK-L6-3,MB-NA,202
CON-000796,LOT-00203,L6,BNK-L6-4,MB-NS,204
CON-000797,LOT-00204,L6,BNK-L6-1,NY6-F,10746
CON-000798,LOT-00204,L6,BNK-L6-2,NY6-H,2464
CON-000799,LOT-00204,L6,BNK-L6-3,MB-NA,202
CON-000800,LOT-00204,L6,BNK-L6-4,MB-NS,204
CON-000801,LOT-00205,L1,BNK-L1-1,PET-BR,25422
CON-000802,LOT-00205,L1,BNK-L1-2,PET-SD,1344
CON-000803,LOT-00205,L1,BNK-L1-3,MB-AB,407
CON-000804,LOT-00205,L1,BNK-L1-4,MB-SL,263
CON-000805,LOT-00206,L1,BNK-L1-1,PET-BR,25564
CON-000806,LOT-00206,L1,BNK-L1-2,PET-SD,1352
CON-000807,LOT-00206,L1,BNK-L1-3,MB-AB,409
CON-000808,LOT-00206,L1,BNK-L1-4,MB-SL,265
CON-000809,LOT-00207,L2,BNK-L2-1,PET-BR,21549
CON-000810,LOT-00207,L2,BNK-L2-2,PET-RC,4274
CON-000811,LOT-00207,L2,BNK-L2-3,MB-AB,392
CON-000812,LOT-00207,L2,BNK-L2-4,MB-WH,254
CON-000813,LOT-00208,L2,BNK-L2-1,PET-BR,21673
CON-000814,LOT-00208,L2,BNK-L2-2,PET-RC,4299
CON-000815,LOT-00208,L2,BNK-L2-3,MB-AB,394
CON-000816,LOT-00208,L2,BNK-L2-4,MB-WH,255
CON-000817,LOT-00209,L3,BNK-L3-1,PET-BR,23230
CON-000818,LOT-00209,L3,BNK-L3-2,PET-SD,2621
CON-000819,LOT-00209,L3,BNK-L3-3,MB-SL,509
CON-000820,LOT-00209,L3,BNK-L3-4,MB-UV,257
CON-000821,LOT-00210,L3,BNK-L3-1,PET-BR,23363
CON-000822,LOT-00210,L3,BNK-L3-2,PET-SD,2636
CON-000823,LOT-00210,L3,BNK-L3-3,MB-SL,511
CON-000824,LOT-00210,L3,BNK-L3-4,MB-UV,258
CON-000825,LOT-00211,L4,BNK-L4-1,PET-BR,21113
CON-000826,LOT-00211,L4,BNK-L4-2,PET-CO,3478
CON-000827,LOT-00211,L4,BNK-L4-3,MB-WH,484
CON-000828,LOT-00211,L4,BNK-L4-4,MB-UV,244
CON-000829,LOT-00212,L4,BNK-L4-1,PET-BR,21240
CON-000830,LOT-00212,L4,BNK-L4-2,PET-CO,3499
CON-000831,LOT-00212,L4,BNK-L4-3,MB-WH,487
CON-000832,LOT-00212,L4,BNK-L4-4,MB-UV,246
CON-000833,LOT-00213,L5,BNK-L5-1,NY6-F,11573
CON-000834,LOT-00213,L5,BNK-L5-2,NY6-H,2741
CON-000835,LOT-00213,L5,BNK-L5-3,MB-NA,219
CON-000836,LOT-00213,L5,BNK-L5-4,MB-NS,221
CON-000837,LOT-00214,L5,BNK-L5-1,NY6-F,11683
CON-000838,LOT-00214,L5,BNK-L5-2,NY6-H,2767
CON-000839,LOT-00214,L5,BNK-L5-3,MB-NA,221
CON-000840,LOT-00214,L5,BNK-L5-4,MB-NS,223
CON-000841,LOT-00215,L6,BNK-L6-1,NY6-F,10496
CON-000842,LOT-00215,L6,BNK-L6-2,NY6-H,2818
CON-000843,LOT-00215,L6,BNK-L6-3,MB-NA,271
CON-000844,LOT-00215,L6,BNK-L6-4,MB-NS,132
CON-000845,LOT-00216,L6,BNK-L6-1,NY6-F,10603
CON-000846,LOT-00216,L6,BNK-L6-2,NY6-H,2846
CON-000847,LOT-00216,L6,BNK-L6-3,MB-NA,274
CON-000848,LOT-00216,L6,BNK-L6-4,MB-NS,133
CON-000849,LOT-00217,L2,BNK-L2-1,PET-BR,20848
CON-000850,LOT-00217,L2,BNK-L2-2,PET-RC,5394
CON-000851,LOT-00217,L2,BNK-L2-3,MB-AB,383
CON-000852,LOT-00217,L2,BNK-L2-4,MB-WH,258
CON-000853,LOT-00218,L2,BNK-L2-1,PET-BR,20967
CON-000854,LOT-00218,L2,BNK-L2-2,PET-RC,5425
CON-000855,LOT-00218,L2,BNK-L2-3,MB-AB,385
CON-000856,LOT-00218,L2,BNK-L2-4,MB-WH,259
CON-000857,LOT-00219,L3,BNK-L3-1,PET-BR,22278
CON-000858,LOT-00219,L3,BNK-L3-2,PET-SD,3841
CON-000859,LOT-00219,L3,BNK-L3-3,MB-SL,517
CON-000860,LOT-00219,L3,BNK-L3-4,MB-UV,261
CON-000861,LOT-00220,L3,BNK-L3-1,PET-BR,22405
CON-000862,LOT-00220,L3,BNK-L3-2,PET-SD,3863
CON-000863,LOT-00220,L3,BNK-L3-3,MB-SL,520
CON-000864,LOT-00220,L3,BNK-L3-4,MB-UV,262
CON-000865,LOT-00221,L4,BNK-L4-1,PET-BR,19792
CON-000866,LOT-00221,L4,BNK-L4-2,PET-CO,4387
CON-000867,LOT-00221,L4,BNK-L4-3,MB-WH,369
CON-000868,LOT-00221,L4,BNK-L4-4,MB-UV,372
CON-000869,LOT-00222,L4,BNK-L4-1,PET-BR,19911
CON-000870,LOT-00222,L4,BNK-L4-2,PET-CO,4414
CON-000871,LOT-00222,L4,BNK-L4-3,MB-WH,371
CON-000872,LOT-00222,L4,BNK-L4-4,MB-UV,375
CON-000873,LOT-00223,L5,BNK-L5-1,NY6-F,11460
CON-000874,LOT-00223,L5,BNK-L5-2,NY6-H,3076
CON-000875,LOT-00223,L5,BNK-L5-3,MB-NA,296
CON-000876,LOT-00223,L5,BNK-L5-4,MB-NS,144
CON-000877,LOT-00224,L5,BNK-L5-1,NY6-F,11568
CON-000878,LOT-00224,L5,BNK-L5-2,NY6-H,3105
CON-000879,LOT-00224,L5,BNK-L5-3,MB-NA,299
CON-000880,LOT-00224,L5,BNK-L5-4,MB-NS,145
CON-000881,LOT-00225,L6,BNK-L6-1,NY6-F,11213
CON-000882,LOT-00225,L6,BNK-L6-2,NY6-H,2387
CON-000883,LOT-00225,L6,BNK-L6-3,MB-NA,207
CON-000884,LOT-00225,L6,BNK-L6-4,MB-NS,134
CON-000885,LOT-00226,L6,BNK-L6-1,NY6-F,11205
CON-000886,LOT-00226,L6,BNK-L6-2,NY6-H,2386
CON-000887,LOT-00226,L6,BNK-L6-3,MB-NA,206
CON-000888,LOT-00226,L6,BNK-L6-4,MB-NS,134
CON-000889,LOT-00227,L1,BNK-L1-1,PET-BR,26288
CON-000890,LOT-00227,L1,BNK-L1-2,PET-SD,825
CON-000891,LOT-00227,L1,BNK-L1-3,MB-AB,534
CON-000892,LOT-00227,L1,BNK-L1-4,MB-SL,269
CON-000893,LOT-00228,L1,BNK-L1-1,PET-BR,26432
CON-000894,LOT-00228,L1,BNK-L1-2,PET-SD,830
CON-000895,LOT-00228,L1,BNK-L1-3,MB-AB,537
CON-000896,LOT-00228,L1,BNK-L1-4,MB-SL,271
CON-000897,LOT-00229,L3,BNK-L3-1,PET-BR,23179
CON-000898,LOT-00229,L3,BNK-L3-2,PET-SD,2471
CON-000899,LOT-00229,L3,BNK-L3-3,MB-SL,525
CON-000900,LOT-00229,L3,BNK-L3-4,MB-UV,397
CON-000901,LOT-00230,L3,BNK-L3-1,PET-BR,23311
CON-000902,LOT-00230,L3,BNK-L3-2,PET-SD,2485
CON-000903,LOT-00230,L3,BNK-L3-3,MB-SL,528
CON-000904,LOT-00230,L3,BNK-L3-4,MB-UV,400
CON-000905,LOT-00231,L4,BNK-L4-1,PET-BR,19133
CON-000906,LOT-00231,L4,BNK-L4-2,PET-CO,5449
CON-000907,LOT-00231,L4,BNK-L4-3,MB-WH,500
CON-000908,LOT-00231,L4,BNK-L4-4,MB-UV,243
CON-000909,LOT-00232,L4,BNK-L4-1,PET-BR,19247
CON-000910,LOT-00232,L4,BNK-L4-2,PET-CO,5482
CON-000911,LOT-00232,L4,BNK-L4-3,MB-WH,503
CON-000912,LOT-00232,L4,BNK-L4-4,MB-UV,244
CON-000913,LOT-00233,L5,BNK-L5-1,NY6-F,11959
CON-000914,LOT-00233,L5,BNK-L5-2,NY6-H,2724
CON-000915,LOT-00233,L5,BNK-L5-3,MB-NA,223
CON-000916,LOT-00233,L5,BNK-L5-4,MB-NS,144
CON-000917,LOT-00234,L5,BNK-L5-1,NY6-F,12071
CON-000918,LOT-00234,L5,BNK-L5-2,NY6-H,2750
CON-000919,LOT-00234,L5,BNK-L5-3,MB-NA,225
CON-000920,LOT-00234,L5,BNK-L5-4,MB-NS,146
CON-000921,LOT-00235,L6,BNK-L6-1,NY6-F,10977
CON-000922,LOT-00235,L6,BNK-L6-2,NY6-H,2840
CON-000923,LOT-00235,L6,BNK-L6-3,MB-NA,202
CON-000924,LOT-00235,L6,BNK-L6-4,MB-NS,136
CON-000925,LOT-00236,L6,BNK-L6-1,NY6-F,11087
CON-000926,LOT-00236,L6,BNK-L6-2,NY6-H,2868
CON-000927,LOT-00236,L6,BNK-L6-3,MB-NA,204
CON-000928,LOT-00236,L6,BNK-L6-4,MB-NS,137
CON-000929,LOT-00237,L1,BNK-L1-1,PET-BR,25204
CON-000930,LOT-00237,L1,BNK-L1-2,PET-SD,1281
CON-000931,LOT-00237,L1,BNK-L1-3,MB-AB,388
CON-000932,LOT-00237,L1,BNK-L1-4,MB-SL,261
CON-000933,LOT-00238,L1,BNK-L1-1,PET-BR,25348
CON-000934,LOT-00238,L1,BNK-L1-2,PET-SD,1289
CON-000935,LOT-00238,L1,BNK-L1-3,MB-AB,390
CON-000936,LOT-00238,L1,BNK-L1-4,MB-SL,263
CON-000937,LOT-00239,L2,BNK-L2-1,PET-BR,21340
CON-000938,LOT-00239,L2,BNK-L2-2,PET-RC,3364
CON-000939,LOT-00239,L2,BNK-L2-3,MB-AB,503
CON-000940,LOT-00239,L2,BNK-L2-4,MB-WH,254
CON-000941,LOT-00240,L2,BNK-L2-1,PET-BR,21466
CON-000942,LOT-00240,L2,BNK-L2-2,PET-RC,3383
CON-000943,LOT-00240,L2,BNK-L2-3,MB-AB,506
CON-000944,LOT-00240,L2,BNK-L2-4,MB-WH,255
CON-000945,LOT-00241,L4,BNK-L4-1,PET-BR,19451
CON-000946,LOT-00241,L4,BNK-L4-2,PET-CO,4141
CON-000947,LOT-00241,L4,BNK-L4-3,MB-WH,358
CON-000948,LOT-00241,L4,BNK-L4-4,MB-UV,232
CON-000949,LOT-00242,L4,BNK-L4-1,PET-BR,19571
CON-000950,LOT-00242,L4,BNK-L4-2,PET-CO,4167
CON-000951,LOT-00242,L4,BNK-L4-3,MB-WH,360
CON-000952,LOT-00242,L4,BNK-L4-4,MB-UV,233
CON-000953,LOT-00243,L5,BNK-L5-1,NY6-F,11112
CON-000954,LOT-00243,L5,BNK-L5-2,NY6-H,3144
CON-000955,LOT-00243,L5,BNK-L5-3,MB-NA,208
CON-000956,LOT-00243,L5,BNK-L5-4,MB-NS,140
CON-000957,LOT-00244,L5,BNK-L5-1,NY6-F,11220
CON-000958,LOT-00244,L5,BNK-L5-2,NY6-H,3175
CON-000959,LOT-00244,L5,BNK-L5-3,MB-NA,210
CON-000960,LOT-00244,L5,BNK-L5-4,MB-NS,142
CON-000961,LOT-00245,L6,BNK-L6-1,NY6-F,11352
CON-000962,LOT-00245,L6,BNK-L6-2,NY6-H,1870
CON-000963,LOT-00245,L6,BNK-L6-3,MB-NA,260
CON-000964,LOT-00245,L6,BNK-L6-4,MB-NS,132
CON-000965,LOT-00246,L6,BNK-L6-1,NY6-F,11470
CON-000966,LOT-00246,L6,BNK-L6-2,NY6-H,1889
CON-000967,LOT-00246,L6,BNK-L6-3,MB-NA,263
CON-000968,LOT-00246,L6,BNK-L6-4,MB-NS,133
CON-000969,LOT-00247,L1,BNK-L1-1,PET-BR,24876
CON-000970,LOT-00247,L1,BNK-L1-2,PET-SD,781
CON-000971,LOT-00247,L1,BNK-L1-3,MB-AB,531
CON-000972,LOT-00247,L1,BNK-L1-4,MB-SL,402
CON-000973,LOT-00248,L1,BNK-L1-1,PET-BR,25017
CON-000974,LOT-00248,L1,BNK-L1-2,PET-SD,785
CON-000975,LOT-00248,L1,BNK-L1-3,MB-AB,528
CON-000976,LOT-00248,L1,BNK-L1-4,MB-SL,400
CON-000977,LOT-00249,L2,BNK-L2-1,PET-BR,20557
CON-000978,LOT-00249,L2,BNK-L2-2,PET-RC,4557
CON-000979,LOT-00249,L2,BNK-L2-3,MB-AB,383
CON-000980,LOT-00249,L2,BNK-L2-4,MB-WH,372
CON-000981,LOT-00250,L2,BNK-L2-1,PET-BR,20677
CON-000982,LOT-00250,L2,BNK-L2-2,PET-RC,4583
CON-000983,LOT-00250,L2,BNK-L2-3,MB-AB,385
CON-000984,LOT-00250,L2,BNK-L2-4,MB-WH,374
CON-000985,LOT-00251,L3,BNK-L3-1,PET-BR,21979
CON-000986,LOT-00251,L3,BNK-L3-2,PET-SD,3044
CON-000987,LOT-00251,L3,BNK-L3-3,MB-SL,512
CON-000988,LOT-00251,L3,BNK-L3-4,MB-UV,248
CON-000989,LOT-00252,L3,BNK-L3-1,PET-BR,22107
CON-000990,LOT-00252,L3,BNK-L3-2,PET-SD,3062
CON-000991,LOT-00252,L3,BNK-L3-3,MB-SL,515
CON-000992,LOT-00252,L3,BNK-L3-4,MB-UV,250
CON-000993,LOT-00253,L5,BNK-L5-1,NY6-F,12217
CON-000994,LOT-00253,L5,BNK-L5-2,NY6-H,2094
CON-000995,LOT-00253,L5,BNK-L5-3,MB-NA,282
CON-000996,LOT-00253,L5,BNK-L5-4,MB-NS,142
CON-000997,LOT-00254,L5,BNK-L5-1,NY6-F,12335
CON-000998,LOT-00254,L5,BNK-L5-2,NY6-H,2114
CON-000999,LOT-00254,L5,BNK-L5-3,MB-NA,285
CON-001000,LOT-00254,L5,BNK-L5-4,MB-NS,144
CON-001001,LOT-00255,L6,BNK-L6-1,NY6-F,10574
CON-001002,LOT-00255,L6,BNK-L6-2,NY6-H,2424
CON-001003,LOT-00255,L6,BNK-L6-3,MB-NA,198
CON-001004,LOT-00255,L6,BNK-L6-4,MB-NS,200
CON-001005,LOT-00256,L6,BNK-L6-1,NY6-F,10683
CON-001006,LOT-00256,L6,BNK-L6-2,NY6-H,2449
CON-001007,LOT-00256,L6,BNK-L6-3,MB-NA,201
CON-001008,LOT-00256,L6,BNK-L6-4,MB-NS,202
CON-001009,LOT-00257,L1,BNK-L1-1,PET-BR,25279
CON-001010,LOT-00257,L1,BNK-L1-2,PET-SD,1336
CON-001011,LOT-00257,L1,BNK-L1-3,MB-AB,404
CON-001012,LOT-00257,L1,BNK-L1-4,MB-SL,262
CON-001013,LOT-00258,L1,BNK-L1-1,PET-BR,25149
CON-001014,LOT-00258,L1,BNK-L1-2,PET-SD,1330
CON-001015,LOT-00258,L1,BNK-L1-3,MB-AB,407
CON-001016,LOT-00258,L1,BNK-L1-4,MB-SL,263
CON-001017,LOT-00259,L2,BNK-L2-1,PET-BR,21187
CON-001018,LOT-00259,L2,BNK-L2-2,PET-RC,4203
CON-001019,LOT-00259,L2,BNK-L2-3,MB-AB,385
CON-001020,LOT-00259,L2,BNK-L2-4,MB-WH,249
CON-001021,LOT-00260,L2,BNK-L2-1,PET-BR,21310
CON-001022,LOT-00260,L2,BNK-L2-2,PET-RC,4227
CON-001023,LOT-00260,L2,BNK-L2-3,MB-AB,388
CON-001024,LOT-00260,L2,BNK-L2-4,MB-WH,251
CON-001025,LOT-00261,L3,BNK-L3-1,PET-BR,22840
CON-001026,LOT-00261,L3,BNK-L3-2,PET-SD,2577
CON-001027,LOT-00261,L3,BNK-L3-3,MB-SL,500
CON-001028,LOT-00261,L3,BNK-L3-4,MB-UV,252
CON-001029,LOT-00262,L3,BNK-L3-1,PET-BR,22973
CON-001030,LOT-00262,L3,BNK-L3-2,PET-SD,2592
CON-001031,LOT-00262,L3,BNK-L3-3,MB-SL,503
CON-001032,LOT-00262,L3,BNK-L3-4,MB-UV,254
CON-001033,LOT-00263,L4,BNK-L4-1,PET-BR,20741
CON-001034,LOT-00263,L4,BNK-L4-2,PET-CO,3416
CON-001035,LOT-00263,L4,BNK-L4-3,MB-WH,475
CON-001036,LOT-00263,L4,BNK-L4-4,MB-UV,240
CON-001037,LOT-00264,L4,BNK-L4-1,PET-BR,20867
CON-001038,LOT-00264,L4,BNK-L4-2,PET-CO,3437
CON-001039,LOT-00264,L4,BNK-L4-3,MB-WH,478
CON-001040,LOT-00264,L4,BNK-L4-4,MB-UV,241
CON-001041,LOT-00265,L6,BNK-L6-1,NY6-F,10413
CON-001042,LOT-00265,L6,BNK-L6-2,NY6-H,2795
CON-001043,LOT-00265,L6,BNK-L6-3,MB-NA,269
CON-001044,LOT-00265,L6,BNK-L6-4,MB-NS,131
CON-001045,LOT-00266,L6,BNK-L6-1,NY6-F,10520
CON-001046,LOT-00266,L6,BNK-L6-2,NY6-H,2824
CON-001047,LOT-00266,L6,BNK-L6-3,MB-NA,272
CON-001048,LOT-00266,L6,BNK-L6-4,MB-NS,132
CON-001049,LOT-00267,L1,BNK-L1-1,PET-BR,25692
CON-001050,LOT-00267,L1,BNK-L1-2,PET-SD,1075
CON-001051,LOT-00267,L1,BNK-L1-3,MB-AB,407
CON-001052,LOT-00267,L1,BNK-L1-4,MB-SL,263
CON-001053,LOT-00268,L1,BNK-L1-1,PET-BR,25836
CON-001054,LOT-00268,L1,BNK-L1-2,PET-SD,1081
CON-001055,LOT-00268,L1,BNK-L1-3,MB-AB,409
CON-001056,LOT-00268,L1,BNK-L1-4,MB-SL,265
CON-001057,LOT-00269,L2,BNK-L2-1,PET-BR,20500
CON-001058,LOT-00269,L2,BNK-L2-2,PET-RC,5304
CON-001059,LOT-00269,L2,BNK-L2-3,MB-AB,381
CON-001060,LOT-00269,L2,BNK-L2-4,MB-WH,256
CON-001061,LOT-00270,L2,BNK-L2-1,PET-BR,20618
CON-001062,LOT-00270,L2,BNK-L2-2,PET-RC,5335
CON-001063,LOT-00270,L2,BNK-L2-3,MB-AB,379
CON-001064,LOT-00270,L2,BNK-L2-4,MB-WH,255
CON-001065,LOT-00271,L3,BNK-L3-1,PET-BR,21907
CON-001066,LOT-00271,L3,BNK-L3-2,PET-SD,3776
CON-001067,LOT-00271,L3,BNK-L3-3,MB-SL,508
CON-001068,LOT-00271,L3,BNK-L3-4,MB-UV,257
CON-001069,LOT-00272,L3,BNK-L3-1,PET-BR,22033
CON-001070,LOT-00272,L3,BNK-L3-2,PET-SD,3798
CON-001071,LOT-00272,L3,BNK-L3-3,MB-SL,511
CON-001072,LOT-00272,L3,BNK-L3-4,MB-UV,258
CON-001073,LOT-00273,L4,BNK-L4-1,PET-BR,19443
CON-001074,LOT-00273,L4,BNK-L4-2,PET-CO,4310
CON-001075,LOT-00273,L4,BNK-L4-3,MB-WH,362
CON-001076,LOT-00273,L4,BNK-L4-4,MB-UV,366
CON-001077,LOT-00274,L4,BNK-L4-1,PET-BR,19562
CON-001078,LOT-00274,L4,BNK-L4-2,PET-CO,4337
CON-001079,LOT-00274,L4,BNK-L4-3,MB-WH,365
CON-001080,LOT-00274,L4,BNK-L4-4,MB-UV,368
CON-001081,LOT-00275,L5,BNK-L5-1,NY6-F,11281
CON-001082,LOT-00275,L5,BNK-L5-2,NY6-H,3028
CON-001083,LOT-00275,L5,BNK-L5-3,MB-NA,291
CON-001084,LOT-00275,L5,BNK-L5-4,MB-NS,141
CON-001085,LOT-00276,L5,BNK-L5-1,NY6-F,11389
CON-001086,LOT-00276,L5,BNK-L5-2,NY6-H,3057
CON-001087,LOT-00276,L5,BNK-L5-3,MB-NA,294
CON-001088,LOT-00276,L5,BNK-L5-4,MB-NS,143
CON-001089,LOT-00277,L1,BNK-L1-1,PET-BR,26092
CON-001090,LOT-00277,L1,BNK-L1-2,PET-SD,819
CON-001091,LOT-00277,L1,BNK-L1-3,MB-AB,530
CON-001092,LOT-00277,L1,BNK-L1-4,MB-SL,268
CON-001093,LOT-00278,L1,BNK-L1-1,PET-BR,26237
CON-001094,LOT-00278,L1,BNK-L1-2,PET-SD,824
CON-001095,LOT-00278,L1,BNK-L1-3,MB-AB,533
CON-001096,LOT-00278,L1,BNK-L1-4,MB-SL,269
CON-001097,LOT-00279,L2,BNK-L2-1,PET-BR,20520
CON-001098,LOT-00279,L2,BNK-L2-2,PET-RC,5749
CON-001099,LOT-00279,L2,BNK-L2-3,MB-AB,387
CON-001100,LOT-00279,L2,BNK-L2-4,MB-WH,260
CON-001101,LOT-00280,L2,BNK-L2-1,PET-BR,20421
CON-001102,LOT-00280,L2,BNK-L2-2,PET-RC,5720
CON-001103,LOT-00280,L2,BNK-L2-3,MB-AB,389
CON-001104,LOT-00280,L2,BNK-L2-4,MB-WH,262
CON-001105,LOT-00281,L3,BNK-L3-1,PET-BR,22793
CON-001106,LOT-00281,L3,BNK-L3-2,PET-SD,2430
CON-001107,LOT-00281,L3,BNK-L3-3,MB-SL,516
CON-001108,LOT-00281,L3,BNK-L3-4,MB-UV,391
CON-001109,LOT-00282,L3,BNK-L3-1,PET-BR,22925
CON-001110,LOT-00282,L3,BNK-L3-2,PET-SD,2444
CON-001111,LOT-00282,L3,BNK-L3-3,MB-SL,519
CON-001112,LOT-00282,L3,BNK-L3-4,MB-UV,393
CON-001113,LOT-00283,L4,BNK-L4-1,PET-BR,18799
CON-001114,LOT-00283,L4,BNK-L4-2,PET-CO,5354
CON-001115,LOT-00283,L4,BNK-L4-3,MB-WH,491
CON-001116,LOT-00283,L4,BNK-L4-4,MB-UV,238
CON-001117,LOT-00284,L4,BNK-L4-1,PET-BR,18913
CON-001118,LOT-00284,L4,BNK-L4-2,PET-CO,5387
CON-001119,LOT-00284,L4,BNK-L4-3,MB-WH,494
CON-001120,LOT-00284,L4,BNK-L4-4,MB-UV,240
CON-001121,LOT-00285,L5,BNK-L5-1,NY6-F,11773
CON-001122,LOT-00285,L5,BNK-L5-2,NY6-H,2682
CON-001123,LOT-00285,L5,BNK-L5-3,MB-NA,220
CON-001124,LOT-00285,L5,BNK-L5-4,MB-NS,142
CON-001125,LOT-00286,L5,BNK-L5-1,NY6-F,11885
CON-001126,LOT-00286,L5,BNK-L5-2,NY6-H,2708
CON-001127,LOT-00286,L5,BNK-L5-3,MB-NA,222
CON-001128,LOT-00286,L5,BNK-L5-4,MB-NS,144
CON-001129,LOT-00287,L6,BNK-L6-1,NY6-F,10797
CON-001130,LOT-00287,L6,BNK-L6-2,NY6-H,2793
CON-001131,LOT-00287,L6,BNK-L6-3,MB-NA,199
CON-001132,LOT-00287,L6,BNK-L6-4,MB-NS,134
CON-001133,LOT-00288,L6,BNK-L6-1,NY6-F,10906
CON-001134,LOT-00288,L6,BNK-L6-2,NY6-H,2822
CON-001135,LOT-00288,L6,BNK-L6-3,MB-NA,201
CON-001136,LOT-00288,L6,BNK-L6-4,MB-NS,135
CON-001137,LOT-00289,L1,BNK-L1-1,PET-BR,26271
CON-001138,LOT-00289,L1,BNK-L1-2,PET-SD,1336
CON-001139,LOT-00289,L1,BNK-L1-3,MB-AB,404
CON-001140,LOT-00289,L1,BNK-L1-4,MB-SL,272
CON-001141,LOT-00290,L1,BNK-L1-1,PET-BR,26416
CON-001142,LOT-00290,L1,BNK-L1-2,PET-SD,1343
CON-001143,LOT-00290,L1,BNK-L1-3,MB-AB,407
CON-001144,LOT-00290,L1,BNK-L1-4,MB-SL,274
CON-001145,LOT-00291,L2,BNK-L2-1,PET-BR,22037
CON-001146,LOT-00291,L2,BNK-L2-2,PET-RC,3474
CON-001147,LOT-00291,L2,BNK-L2-3,MB-AB,525
CON-001148,LOT-00291,L2,BNK-L2-4,MB-WH,265
CON-001149,LOT-00292,L2,BNK-L2-1,PET-BR,22164
CON-001150,LOT-00292,L2,BNK-L2-2,PET-RC,3493
CON-001151,LOT-00292,L2,BNK-L2-3,MB-AB,522
CON-001152,LOT-00292,L2,BNK-L2-4,MB-WH,264
CON-001153,LOT-00293,L3,BNK-L3-1,PET-BR,10828
CON-001154,LOT-00293,L3,BNK-L3-2,PET-SD,15621
CON-001155,LOT-00294,L3,BNK-L3-1,PET-BR,10890
CON-001156,LOT-00294,L3,BNK-L3-2,PET-SD,15710
CON-001157,LOT-00295,L4,BNK-L4-1,PET-BR,20172
CON-001158,LOT-00295,L4,BNK-L4-2,PET-CO,4295
CON-001159,LOT-00295,L4,BNK-L4-3,MB-WH,371
CON-001160,LOT-00295,L4,BNK-L4-4,MB-UV,240
CON-001161,LOT-00296,L4,BNK-L4-1,PET-BR,20293
CON-001162,LOT-00296,L4,BNK-L4-2,PET-CO,4321
CON-001163,LOT-00296,L4,BNK-L4-3,MB-WH,374
CON-001164,LOT-00296,L4,BNK-L4-4,MB-UV,242
CON-001165,LOT-00297,L5,BNK-L5-1,NY6-F,11465
CON-001166,LOT-00297,L5,BNK-L5-2,NY6-H,3244
CON-001167,LOT-00297,L5,BNK-L5-3,MB-NA,215
CON-001168,LOT-00297,L5,BNK-L5-4,MB-NS,145
CON-001169,LOT-00298,L5,BNK-L5-1,NY6-F,11573
CON-001170,LOT-00298,L5,BNK-L5-2,NY6-H,3275
CON-001171,LOT-00298,L5,BNK-L5-3,MB-NA,217
CON-001172,LOT-00298,L5,BNK-L5-4,MB-NS,146
CON-001173,LOT-00299,L6,BNK-L6-1,NY6-F,11742
CON-001174,LOT-00299,L6,BNK-L6-2,NY6-H,1934
CON-001175,LOT-00299,L6,BNK-L6-3,MB-NA,269
CON-001176,LOT-00299,L6,BNK-L6-4,MB-NS,136
CON-001177,LOT-00300,L6,BNK-L6-1,NY6-F,11860
CON-001178,LOT-00300,L6,BNK-L6-2,NY6-H,1954
CON-001179,LOT-00300,L6,BNK-L6-3,MB-NA,272
CON-001180,LOT-00300,L6,BNK-L6-4,MB-NS,137
CON-001181,LOT-00301,L1,BNK-L1-1,PET-BR,25981
CON-001182,LOT-00301,L1,BNK-L1-2,PET-SD,816
CON-001183,LOT-00301,L1,BNK-L1-3,MB-AB,549
CON-001184,LOT-00301,L1,BNK-L1-4,MB-SL,415
CON-001185,LOT-00302,L1,BNK-L1-1,PET-BR,25841
CON-001186,LOT-00302,L1,BNK-L1-2,PET-SD,811
CON-001187,LOT-00302,L1,BNK-L1-3,MB-AB,552
CON-001188,LOT-00302,L1,BNK-L1-4,MB-SL,418
CON-001189,LOT-00303,L2,BNK-L2-1,PET-BR,21265
CON-001190,LOT-00303,L2,BNK-L2-2,PET-RC,4714
CON-001191,LOT-00303,L2,BNK-L2-3,MB-AB,396
CON-001192,LOT-00303,L2,BNK-L2-4,MB-WH,385
CON-001193,LOT-00304,L2,BNK-L2-1,PET-BR,21386
CON-001194,LOT-00304,L2,BNK-L2-2,PET-RC,4741
CON-001195,LOT-00304,L2,BNK-L2-3,MB-AB,399
CON-001196,LOT-00304,L2,BNK-L2-4,MB-WH,387
CON-001197,LOT-00305,L3,BNK-L3-1,PET-BR,22736
CON-001198,LOT-00305,L3,BNK-L3-2,PET-SD,3149
CON-001199,LOT-00305,L3,BNK-L3-3,MB-SL,529
CON-001200,LOT-00305,L3,BNK-L3-4,MB-UV,257
CON-001201,LOT-00306,L3,BNK-L3-1,PET-BR,22866
CON-001202,LOT-00306,L3,BNK-L3-2,PET-SD,3167
CON-001203,LOT-00306,L3,BNK-L3-3,MB-SL,532
CON-001204,LOT-00306,L3,BNK-L3-4,MB-UV,259
CON-001205,LOT-00307,L4,BNK-L4-1,PET-BR,19797
CON-001206,LOT-00307,L4,BNK-L4-2,PET-CO,4997
CON-001207,LOT-00307,L4,BNK-L4-3,MB-WH,485
CON-001208,LOT-00307,L4,BNK-L4-4,MB-UV,245
CON-001209,LOT-00308,L4,BNK-L4-1,PET-BR,19915
CON-001210,LOT-00308,L4,BNK-L4-2,PET-CO,5027
CON-001211,LOT-00308,L4,BNK-L4-3,MB-WH,488
CON-001212,LOT-00308,L4,BNK-L4-4,MB-UV,246
CON-001213,LOT-00309,L5,BNK-L5-1,NY6-F,12627
CON-001214,LOT-00309,L5,BNK-L5-2,NY6-H,2164
CON-001215,LOT-00309,L5,BNK-L5-3,MB-NA,291
CON-001216,LOT-00309,L5,BNK-L5-4,MB-NS,147
CON-001217,LOT-00310,L5,BNK-L5-1,NY6-F,12745
CON-001218,LOT-00310,L5,BNK-L5-2,NY6-H,2184
CON-001219,LOT-00310,L5,BNK-L5-3,MB-NA,294
CON-001220,LOT-00310,L5,BNK-L5-4,MB-NS,149
CON-001221,LOT-00311,L6,BNK-L6-1,NY6-F,10956
CON-001222,LOT-00311,L6,BNK-L6-2,NY6-H,2511
CON-001223,LOT-00311,L6,BNK-L6-3,MB-NA,206
CON-001224,LOT-00311,L6,BNK-L6-4,MB-NS,208
CON-001225,LOT-00312,L6,BNK-L6-1,NY6-F,11066
CON-001226,LOT-00312,L6,BNK-L6-2,NY6-H,2537
CON-001227,LOT-00312,L6,BNK-L6-3,MB-NA,208
CON-001228,LOT-00312,L6,BNK-L6-4,MB-NS,210
CON-001229,LOT-00313,L1,BNK-L1-1,PET-BR,24694
CON-001230,LOT-00313,L1,BNK-L1-2,PET-SD,1306
CON-001231,LOT-00313,L1,BNK-L1-3,MB-AB,399
CON-001232,LOT-00313,L1,BNK-L1-4,MB-SL,259
CON-001233,LOT-00314,L1,BNK-L1-1,PET-BR,24834
CON-001234,LOT-00314,L1,BNK-L1-2,PET-SD,1313
CON-001235,LOT-00314,L1,BNK-L1-3,MB-AB,397
CON-001236,LOT-00314,L1,BNK-L1-4,MB-SL,257
CON-001237,LOT-00315,L2,BNK-L2-1,PET-BR,20909
CON-001238,LOT-00315,L2,BNK-L2-2,PET-RC,4147
CON-001239,LOT-00315,L2,BNK-L2-3,MB-AB,380
CON-001240,LOT-00315,L2,BNK-L2-4,MB-WH,246
CON-001241,LOT-00316,L2,BNK-L2-1,PET-BR,21032
CON-001242,LOT-00316,L2,BNK-L2-2,PET-RC,4172
CON-001243,LOT-00316,L2,BNK-L2-3,MB-AB,383
CON-001244,LOT-00316,L2,BNK-L2-4,MB-WH,248
CON-001245,LOT-00317,L3,BNK-L3-1,PET-BR,22540
CON-001246,LOT-00317,L3,BNK-L3-2,PET-SD,2543
CON-001247,LOT-00317,L3,BNK-L3-3,MB-SL,493
CON-001248,LOT-00317,L3,BNK-L3-4,MB-UV,249
CON-001249,LOT-00318,L3,BNK-L3-1,PET-BR,22673
CON-001250,LOT-00318,L3,BNK-L3-2,PET-SD,2558
CON-001251,LOT-00318,L3,BNK-L3-3,MB-SL,496
CON-001252,LOT-00318,L3,BNK-L3-4,MB-UV,251
CON-001253,LOT-00319,L4,BNK-L4-1,PET-BR,20449
CON-001254,LOT-00319,L4,BNK-L4-2,PET-CO,3368
CON-001255,LOT-00319,L4,BNK-L4-3,MB-WH,469
CON-001256,LOT-00319,L4,BNK-L4-4,MB-UV,237
CON-001257,LOT-00320,L4,BNK-L4-1,PET-BR,20576
CON-001258,LOT-00320,L4,BNK-L4-2,PET-CO,3389
CON-001259,LOT-00320,L4,BNK-L4-3,MB-WH,472
CON-001260,LOT-00320,L4,BNK-L4-4,MB-UV,238
CON-001261,LOT-00321,L5,BNK-L5-1,NY6-F,11255
CON-001262,LOT-00321,L5,BNK-L5-2,NY6-H,2666
CON-001263,LOT-00321,L5,BNK-L5-3,MB-NA,213
CON-001264,LOT-00321,L5,BNK-L5-4,MB-NS,215
CON-001265,LOT-00322,L5,BNK-L5-1,NY6-F,11364
CON-001266,LOT-00322,L5,BNK-L5-2,NY6-H,2692
CON-001267,LOT-00322,L5,BNK-L5-3,MB-NA,215
CON-001268,LOT-00322,L5,BNK-L5-4,MB-NS,217
CON-001269,LOT-00323,L6,BNK-L6-1,NY6-F,10298
CON-001270,LOT-00323,L6,BNK-L6-2,NY6-H,2764
CON-001271,LOT-00323,L6,BNK-L6-3,MB-NA,266
CON-001272,LOT-00323,L6,BNK-L6-4,MB-NS,129
CON-001273,LOT-00324,L6,BNK-L6-1,NY6-F,10405
CON-001274,LOT-00324,L6,BNK-L6-2,NY6-H,2793
CON-001275,LOT-00324,L6,BNK-L6-3,MB-NA,269
CON-001276,LOT-00324,L6,BNK-L6-4,MB-NS,130
CON-001277,LOT-00325,L1,BNK-L1-1,PET-BR,25148
CON-001278,LOT-00325,L1,BNK-L1-2,PET-SD,1053
CON-001279,LOT-00325,L1,BNK-L1-3,MB-AB,398
CON-001280,LOT-00325,L1,BNK-L1-4,MB-SL,258
CON-001281,LOT-00326,L1,BNK-L1-1,PET-BR,25291
CON-001282,LOT-00326,L1,BNK-L1-2,PET-SD,1059
CON-001283,LOT-00326,L1,BNK-L1-3,MB-AB,400
CON-001284,LOT-00326,L1,BNK-L1-4,MB-SL,259
CON-001285,LOT-00327,L2,BNK-L2-1,PET-BR,20272
CON-001286,LOT-00327,L2,BNK-L2-2,PET-RC,5245
CON-001287,LOT-00327,L2,BNK-L2-3,MB-AB,372
CON-001288,LOT-00327,L2,BNK-L2-4,MB-WH,251
CON-001289,LOT-00328,L2,BNK-L2-1,PET-BR,20391
CON-001290,LOT-00328,L2,BNK-L2-2,PET-RC,5276
CON-001291,LOT-00328,L2,BNK-L2-3,MB-AB,375
CON-001292,LOT-00328,L2,BNK-L2-4,MB-WH,252
CON-001293,LOT-00329,L3,BNK-L3-1,PET-BR,21662
CON-001294,LOT-00329,L3,BNK-L3-2,PET-SD,3734
CON-001295,LOT-00329,L3,BNK-L3-3,MB-SL,502
CON-001296,LOT-00329,L3,BNK-L3-4,MB-UV,254
CON-001297,LOT-00330,L3,BNK-L3-1,PET-BR,21789
CON-001298,LOT-00330,L3,BNK-L3-2,PET-SD,3756
CON-001299,LOT-00330,L3,BNK-L3-3,MB-SL,505
CON-001300,LOT-00330,L3,BNK-L3-4,MB-UV,255
CON-001301,LOT-00331,L4,BNK-L4-1,PET-BR,19211
CON-001302,LOT-00331,L4,BNK-L4-2,PET-CO,4259
CON-001303,LOT-00331,L4,BNK-L4-3,MB-WH,358
CON-001304,LOT-00331,L4,BNK-L4-4,MB-UV,361
CON-001305,LOT-00332,L4,BNK-L4-1,PET-BR,19329
CON-001306,LOT-00332,L4,BNK-L4-2,PET-CO,4285
CON-001307,LOT-00332,L4,BNK-L4-3,MB-WH,360
CON-001308,LOT-00332,L4,BNK-L4-4,MB-UV,364
CON-001309,LOT-00333,L5,BNK-L5-1,NY6-F,11169
CON-001310,LOT-00333,L5,BNK-L5-2,NY6-H,2998
CON-001311,LOT-00333,L5,BNK-L5-3,MB-NA,288
CON-001312,LOT-00333,L5,BNK-L5-4,MB-NS,140
CON-001313,LOT-00334,L5,BNK-L5-1,NY6-F,11277
CON-001314,LOT-00334,L5,BNK-L5-2,NY6-H,3027
CON-001315,LOT-00334,L5,BNK-L5-3,MB-NA,291
CON-001316,LOT-00334,L5,BNK-L5-4,MB-NS,141
CON-001317,LOT-00335,L6,BNK-L6-1,NY6-F,10907
CON-001318,LOT-00335,L6,BNK-L6-2,NY6-H,2322
CON-001319,LOT-00335,L6,BNK-L6-3,MB-NA,201
CON-001320,LOT-00335,L6,BNK-L6-4,MB-NS,130
CON-001321,LOT-00336,L6,BNK-L6-1,NY6-F,10901
CON-001322,LOT-00336,L6,BNK-L6-2,NY6-H,2321
CON-001323,LOT-00336,L6,BNK-L6-3,MB-NA,201
CON-001324,LOT-00336,L6,BNK-L6-4,MB-NS,130
CON-001325,LOT-00337,L1,BNK-L1-1,PET-BR,25594
CON-001326,LOT-00337,L1,BNK-L1-2,PET-SD,803
CON-001327,LOT-00337,L1,BNK-L1-3,MB-AB,520
CON-001328,LOT-00337,L1,BNK-L1-4,MB-SL,262
CON-001329,LOT-00338,L1,BNK-L1-1,PET-BR,25738
CON-001330,LOT-00338,L1,BNK-L1-2,PET-SD,808
CON-001331,LOT-00338,L1,BNK-L1-3,MB-AB,523
CON-001332,LOT-00338,L1,BNK-L1-4,MB-SL,264
CON-001333,LOT-00339,L2,BNK-L2-1,PET-BR,20119
CON-001334,LOT-00339,L2,BNK-L2-2,PET-RC,5636
CON-001335,LOT-00339,L2,BNK-L2-3,MB-AB,379
CON-001336,LOT-00339,L2,BNK-L2-4,MB-WH,255
CON-001337,LOT-00340,L2,BNK-L2-1,PET-BR,20235
CON-001338,LOT-00340,L2,BNK-L2-2,PET-RC,5669
CON-001339,LOT-00340,L2,BNK-L2-3,MB-AB,381
CON-001340,LOT-00340,L2,BNK-L2-4,MB-WH,257
CON-001341,LOT-00341,L3,BNK-L3-1,PET-BR,22588
CON-001342,LOT-00341,L3,BNK-L3-2,PET-SD,2408
CON-001343,LOT-00341,L3,BNK-L3-3,MB-SL,511
CON-001344,LOT-00341,L3,BNK-L3-4,MB-UV,387
CON-001345,LOT-00342,L3,BNK-L3-1,PET-BR,22720
CON-001346,LOT-00342,L3,BNK-L3-2,PET-SD,2422
CON-001347,LOT-00342,L3,BNK-L3-3,MB-SL,514
CON-001348,LOT-00342,L3,BNK-L3-4,MB-UV,390
CON-001349,LOT-00343,L4,BNK-L4-1,PET-BR,18612
CON-001350,LOT-00343,L4,BNK-L4-2,PET-CO,5301
CON-001351,LOT-00343,L4,BNK-L4-3,MB-WH,486
CON-001352,LOT-00343,L4,BNK-L4-4,MB-UV,236
CON-001353,LOT-00344,L4,BNK-L4-1,PET-BR,18726
CON-001354,LOT-00344,L4,BNK-L4-2,PET-CO,5333
CON-001355,LOT-00344,L4,BNK-L4-3,MB-WH,489
CON-001356,LOT-00344,L4,BNK-L4-4,MB-UV,237
CON-001357,LOT-00345,L5,BNK-L5-1,NY6-F,11680
CON-001358,LOT-00345,L5,BNK-L5-2,NY6-H,2661
CON-001359,LOT-00345,L5,BNK-L5-3,MB-NA,218
CON-001360,LOT-00345,L5,BNK-L5-4,MB-NS,141
CON-001361,LOT-00346,L5,BNK-L5-1,NY6-F,11792
CON-001362,LOT-00346,L5,BNK-L5-2,NY6-H,2686
CON-001363,LOT-00346,L5,BNK-L5-3,MB-NA,220
CON-001364,LOT-00346,L5,BNK-L5-4,MB-NS,142
CON-001365,LOT-00347,L6,BNK-L6-1,NY6-F,10586
CON-001366,LOT-00347,L6,BNK-L6-2,NY6-H,2739
CON-001367,LOT-00347,L6,BNK-L6-3,MB-NA,195
CON-001368,LOT-00347,L6,BNK-L6-4,MB-NS,131
CON-001369,LOT-00348,L6,BNK-L6-1,NY6-F,10695
CON-001370,LOT-00348,L6,BNK-L6-2,NY6-H,2767
CON-001371,LOT-00348,L6,BNK-L6-3,MB-NA,197
CON-001372,LOT-00348,L6,BNK-L6-4,MB-NS,132
CON-001373,LOT-00349,L1,BNK-L1-1,PET-BR,25774
CON-001374,LOT-00349,L1,BNK-L1-2,PET-SD,1310
CON-001375,LOT-00349,L1,BNK-L1-3,MB-AB,397
CON-001376,LOT-00349,L1,BNK-L1-4,MB-SL,267
CON-001377,LOT-00350,L1,BNK-L1-1,PET-BR,25917
CON-001378,LOT-00350,L1,BNK-L1-2,PET-SD,1318
CON-001379,LOT-00350,L1,BNK-L1-3,MB-AB,399
CON-001380,LOT-00350,L1,BNK-L1-4,MB-SL,269
CON-001381,LOT-00351,L2,BNK-L2-1,PET-BR,21841
CON-001382,LOT-00351,L2,BNK-L2-2,PET-RC,3443
CON-001383,LOT-00351,L2,BNK-L2-3,MB-AB,515
CON-001384,LOT-00351,L2,BNK-L2-4,MB-WH,260
CON-001385,LOT-00352,L2,BNK-L2-1,PET-BR,21968
CON-001386,LOT-00352,L2,BNK-L2-2,PET-RC,3462
CON-001387,LOT-00352,L2,BNK-L2-3,MB-AB,517
CON-001388,LOT-00352,L2,BNK-L2-4,MB-WH,261
CON-001389,LOT-00353,L3,BNK-L3-1,PET-BR,10731
CON-001390,LOT-00353,L3,BNK-L3-2,PET-SD,15480
CON-001391,LOT-00354,L3,BNK-L3-1,PET-BR,10793
CON-001392,LOT-00354,L3,BNK-L3-2,PET-SD,15569
CON-001393,LOT-00355,L4,BNK-L4-1,PET-BR,19973
CON-001394,LOT-00355,L4,BNK-L4-2,PET-CO,4252
CON-001395,LOT-00355,L4,BNK-L4-3,MB-WH,368
CON-001396,LOT-00355,L4,BNK-L4-4,MB-UV,238
CON-001397,LOT-00356,L4,BNK-L4-1,PET-BR,20095
CON-001398,LOT-00356,L4,BNK-L4-2,PET-CO,4278
CON-001399,LOT-00356,L4,BNK-L4-3,MB-WH,370
CON-001400,LOT-00356,L4,BNK-L4-4,MB-UV,240
CON-001401,LOT-00357,L5,BNK-L5-1,NY6-F,11375
CON-001402,LOT-00357,L5,BNK-L5-2,NY6-H,3219
CON-001403,LOT-00357,L5,BNK-L5-3,MB-NA,213
CON-001404,LOT-00357,L5,BNK-L5-4,MB-NS,144
CON-001405,LOT-00358,L5,BNK-L5-1,NY6-F,11361
CON-001406,LOT-00358,L5,BNK-L5-2,NY6-H,3215
CON-001407,LOT-00358,L5,BNK-L5-3,MB-NA,213
CON-001408,LOT-00358,L5,BNK-L5-4,MB-NS,143
CON-001409,LOT-00359,L6,BNK-L6-1,NY6-F,11515
CON-001410,LOT-00359,L6,BNK-L6-2,NY6-H,1896
CON-001411,LOT-00359,L6,BNK-L6-3,MB-NA,264
CON-001412,LOT-00359,L6,BNK-L6-4,MB-NS,133
CON-001413,LOT-00360,L6,BNK-L6-1,NY6-F,11633
CON-001414,LOT-00360,L6,BNK-L6-2,NY6-H,1916
CON-001415,LOT-00360,L6,BNK-L6-3,MB-NA,267
CON-001416,LOT-00360,L6,BNK-L6-4,MB-NS,135
CON-001417,LOT-00361,L1,BNK-L1-1,PET-BR,25486
CON-001418,LOT-00361,L1,BNK-L1-2,PET-SD,800
CON-001419,LOT-00361,L1,BNK-L1-3,MB-AB,538
CON-001420,LOT-00361,L1,BNK-L1-4,MB-SL,408
CON-001421,LOT-00362,L1,BNK-L1-1,PET-BR,25628
CON-001422,LOT-00362,L1,BNK-L1-2,PET-SD,805
CON-001423,LOT-00362,L1,BNK-L1-3,MB-AB,541
CON-001424,LOT-00362,L1,BNK-L1-4,MB-SL,410
CON-001425,LOT-00363,L2,BNK-L2-1,PET-BR,21077
CON-001426,LOT-00363,L2,BNK-L2-2,PET-RC,4672
CON-001427,LOT-00363,L2,BNK-L2-3,MB-AB,393
CON-001428,LOT-00363,L2,BNK-L2-4,MB-WH,381
CON-001429,LOT-00364,L2,BNK-L2-1,PET-BR,21198
CON-001430,LOT-00364,L2,BNK-L2-2,PET-RC,4699
CON-001431,LOT-00364,L2,BNK-L2-3,MB-AB,395
CON-001432,LOT-00364,L2,BNK-L2-4,MB-WH,384
CON-001433,LOT-00365,L3,BNK-L3-1,PET-BR,22535
CON-001434,LOT-00365,L3,BNK-L3-2,PET-SD,3121
CON-001435,LOT-00365,L3,BNK-L3-3,MB-SL,525
CON-001436,LOT-00365,L3,BNK-L3-4,MB-UV,255
CON-001437,LOT-00366,L3,BNK-L3-1,PET-BR,22664
CON-001438,LOT-00366,L3,BNK-L3-2,PET-SD,3139
CON-001439,LOT-00366,L3,BNK-L3-3,MB-SL,528
CON-001440,LOT-00366,L3,BNK-L3-4,MB-UV,256
CON-001441,LOT-00367,L4,BNK-L4-1,PET-BR,19603
CON-001442,LOT-00367,L4,BNK-L4-2,PET-CO,4948
CON-001443,LOT-00367,L4,BNK-L4-3,MB-WH,480
CON-001444,LOT-00367,L4,BNK-L4-4,MB-UV,242
CON-001445,LOT-00368,L4,BNK-L4-1,PET-BR,19512
CON-001446,LOT-00368,L4,BNK-L4-2,PET-CO,4926
CON-001447,LOT-00368,L4,BNK-L4-3,MB-WH,483
CON-001448,LOT-00368,L4,BNK-L4-4,MB-UV,244
CON-001449,LOT-00369,L5,BNK-L5-1,NY6-F,12396
CON-001450,LOT-00369,L5,BNK-L5-2,NY6-H,2124
CON-001451,LOT-00369,L5,BNK-L5-3,MB-NA,286
CON-001452,LOT-00369,L5,BNK-L5-4,MB-NS,144
CON-001453,LOT-00370,L5,BNK-L5-1,NY6-F,12513
CON-001454,LOT-00370,L5,BNK-L5-2,NY6-H,2144
CON-001455,LOT-00370,L5,BNK-L5-3,MB-NA,289
CON-001456,LOT-00370,L5,BNK-L5-4,MB-NS,146
CON-001457,LOT-00371,L6,BNK-L6-1,NY6-F,10743
CON-001458,LOT-00371,L6,BNK-L6-2,NY6-H,2463
CON-001459,LOT-00371,L6,BNK-L6-3,MB-NA,202
CON-001460,LOT-00371,L6,BNK-L6-4,MB-NS,204
CON-001461,LOT-00372,L6,BNK-L6-1,NY6-F,10852
CON-001462,LOT-00372,L6,BNK-L6-2,NY6-H,2488
CON-001463,LOT-00372,L6,BNK-L6-3,MB-NA,204
CON-001464,LOT-00372,L6,BNK-L6-4,MB-NS,206
CON-001465,LOT-00373,L1,BNK-L1-1,PET-BR,25668
CON-001466,LOT-00373,L1,BNK-L1-2,PET-SD,1357
CON-001467,LOT-00373,L1,BNK-L1-3,MB-AB,411
CON-001468,LOT-00373,L1,BNK-L1-4,MB-SL,266
CON-001469,LOT-00374,L1,BNK-L1-1,PET-BR,25810
CON-001470,LOT-00374,L1,BNK-L1-2,PET-SD,1365
CON-001471,LOT-00374,L1,BNK-L1-3,MB-AB,413
CON-001472,LOT-00374,L1,BNK-L1-4,MB-SL,267
CON-001473,LOT-00375,L2,BNK-L2-1,PET-BR,21762
CON-001474,LOT-00375,L2,BNK-L2-2,PET-RC,4317
CON-001475,LOT-00375,L2,BNK-L2-3,MB-AB,396
CON-001476,LOT-00375,L2,BNK-L2-4,MB-WH,256
CON-001477,LOT-00376,L2,BNK-L2-1,PET-BR,21887
CON-001478,LOT-00376,L2,BNK-L2-2,PET-RC,4341
CON-001479,LOT-00376,L2,BNK-L2-3,MB-AB,398
CON-001480,LOT-00376,L2,BNK-L2-4,MB-WH,258
CON-001481,LOT-00377,L3,BNK-L3-1,PET-BR,23460
CON-001482,LOT-00377,L3,BNK-L3-2,PET-SD,2647
CON-001483,LOT-00377,L3,BNK-L3-3,MB-SL,514
CON-001484,LOT-00377,L3,BNK-L3-4,MB-UV,259
CON-001485,LOT-00378,L3,BNK-L3-1,PET-BR,23593
CON-001486,LOT-00378,L3,BNK-L3-2,PET-SD,2662
CON-001487,LOT-00378,L3,BNK-L3-3,MB-SL,517
CON-001488,LOT-00378,L3,BNK-L3-4,MB-UV,261
CON-001489,LOT-00379,L4,BNK-L4-1,PET-BR,21105
CON-001490,LOT-00379,L4,BNK-L4-2,PET-CO,3476
CON-001491,LOT-00379,L4,BNK-L4-3,MB-WH,489
CON-001492,LOT-00379,L4,BNK-L4-4,MB-UV,247
CON-001493,LOT-00380,L4,BNK-L4-1,PET-BR,21232
CON-001494,LOT-00380,L4,BNK-L4-2,PET-CO,3497
CON-001495,LOT-00380,L4,BNK-L4-3,MB-WH,487
CON-001496,LOT-00380,L4,BNK-L4-4,MB-UV,246
CON-001497,LOT-00381,L5,BNK-L5-1,NY6-F,11555
CON-001498,LOT-00381,L5,BNK-L5-2,NY6-H,2737
CON-001499,LOT-00381,L5,BNK-L5-3,MB-NA,218
CON-001500,LOT-00381,L5,BNK-L5-4,MB-NS,220
CON-001501,LOT-00382,L5,BNK-L5-1,NY6-F,11664
CON-001502,LOT-00382,L5,BNK-L5-2,NY6-H,2763
CON-001503,LOT-00382,L5,BNK-L5-3,MB-NA,220
CON-001504,LOT-00382,L5,BNK-L5-4,MB-NS,222
CON-001505,LOT-00383,L6,BNK-L6-1,NY6-F,10600
CON-001506,LOT-00383,L6,BNK-L6-2,NY6-H,2845
CON-001507,LOT-00383,L6,BNK-L6-3,MB-NA,274
CON-001508,LOT-00383,L6,BNK-L6-4,MB-NS,133
CON-001509,LOT-00384,L6,BNK-L6-1,NY6-F,10707
CON-001510,LOT-00384,L6,BNK-L6-2,NY6-H,2874
CON-001511,LOT-00384,L6,BNK-L6-3,MB-NA,276
CON-001512,LOT-00384,L6,BNK-L6-4,MB-NS,134
CON-001513,LOT-00385,L1,BNK-L1-1,PET-BR,26134
CON-001514,LOT-00385,L1,BNK-L1-2,PET-SD,1094
CON-001515,LOT-00385,L1,BNK-L1-3,MB-AB,414
CON-001516,LOT-00385,L1,BNK-L1-4,MB-SL,268
CON-001517,LOT-00386,L1,BNK-L1-1,PET-BR,26278
CON-001518,LOT-00386,L1,BNK-L1-2,PET-SD,1100
CON-001519,LOT-00386,L1,BNK-L1-3,MB-AB,416
CON-001520,LOT-00386,L1,BNK-L1-4,MB-SL,269
CON-001521,LOT-00387,L2,BNK-L2-1,PET-BR,21094
CON-001522,LOT-00387,L2,BNK-L2-2,PET-RC,5458
CON-001523,LOT-00387,L2,BNK-L2-3,MB-AB,387
CON-001524,LOT-00387,L2,BNK-L2-4,MB-WH,261
CON-001525,LOT-00388,L2,BNK-L2-1,PET-BR,21214
CON-001526,LOT-00388,L2,BNK-L2-2,PET-RC,5489
CON-001527,LOT-00388,L2,BNK-L2-3,MB-AB,390
CON-001528,LOT-00388,L2,BNK-L2-4,MB-WH,262
CON-001529,LOT-00389,L3,BNK-L3-1,PET-BR,22539
CON-001530,LOT-00389,L3,BNK-L3-2,PET-SD,3886
CON-001531,LOT-00389,L3,BNK-L3-3,MB-SL,523
CON-001532,LOT-00389,L3,BNK-L3-4,MB-UV,264
CON-001533,LOT-00390,L3,BNK-L3-1,PET-BR,22428
CON-001534,LOT-00390,L3,BNK-L3-2,PET-SD,3866
CON-001535,LOT-00390,L3,BNK-L3-3,MB-SL,526
CON-001536,LOT-00390,L3,BNK-L3-4,MB-UV,265
CON-001537,LOT-00391,L4,BNK-L4-1,PET-BR,19819
CON-001538,LOT-00391,L4,BNK-L4-2,PET-CO,4394
CON-001539,LOT-00391,L4,BNK-L4-3,MB-WH,369
CON-001540,LOT-00391,L4,BNK-L4-4,MB-UV,373
CON-001541,LOT-00392,L4,BNK-L4-1,PET-BR,19937
CON-001542,LOT-00392,L4,BNK-L4-2,PET-CO,4420
CON-001543,LOT-00392,L4,BNK-L4-3,MB-WH,372
CON-001544,LOT-00392,L4,BNK-L4-4,MB-UV,375
CON-001545,LOT-00393,L5,BNK-L5-1,NY6-F,11465
CON-001546,LOT-00393,L5,BNK-L5-2,NY6-H,3078
CON-001547,LOT-00393,L5,BNK-L5-3,MB-NA,296
CON-001548,LOT-00393,L5,BNK-L5-4,MB-NS,144
CON-001549,LOT-00394,L5,BNK-L5-1,NY6-F,11573
CON-001550,LOT-00394,L5,BNK-L5-2,NY6-H,3107
CON-001551,LOT-00394,L5,BNK-L5-3,MB-NA,299
CON-001552,LOT-00394,L5,BNK-L5-4,MB-NS,145
CON-001553,LOT-00395,L6,BNK-L6-1,NY6-F,11223
CON-001554,LOT-00395,L6,BNK-L6-2,NY6-H,2390
CON-001555,LOT-00395,L6,BNK-L6-3,MB-NA,207
CON-001556,LOT-00395,L6,BNK-L6-4,MB-NS,134
CON-001557,LOT-00396,L6,BNK-L6-1,NY6-F,11336
CON-001558,LOT-00396,L6,BNK-L6-2,NY6-H,2414
CON-001559,LOT-00396,L6,BNK-L6-3,MB-NA,209
CON-001560,LOT-00396,L6,BNK-L6-4,MB-NS,135
CON-001561,LOT-00397,L1,BNK-L1-1,PET-BR,25370
CON-001562,LOT-00397,L1,BNK-L1-2,PET-SD,796
CON-001563,LOT-00397,L1,BNK-L1-3,MB-AB,515
CON-001564,LOT-00397,L1,BNK-L1-4,MB-SL,260
CON-001565,LOT-00398,L1,BNK-L1-1,PET-BR,25514
CON-001566,LOT-00398,L1,BNK-L1-2,PET-SD,801
CON-001567,LOT-00398,L1,BNK-L1-3,MB-AB,518
CON-001568,LOT-00398,L1,BNK-L1-4,MB-SL,262
CON-001569,LOT-00399,L2,BNK-L2-1,PET-BR,19930
CON-001570,LOT-00399,L2,BNK-L2-2,PET-RC,5584
CON-001571,LOT-00399,L2,BNK-L2-3,MB-AB,376
CON-001572,LOT-00399,L2,BNK-L2-4,MB-WH,253
CON-001573,LOT-00400,L2,BNK-L2-1,PET-BR,20047
CON-001574,LOT-00400,L2,BNK-L2-2,PET-RC,5617
CON-001575,LOT-00400,L2,BNK-L2-3,MB-AB,378
CON-001576,LOT-00400,L2,BNK-L2-4,MB-WH,254
CON-001577,LOT-00401,L3,BNK-L3-1,PET-BR,22138
CON-001578,LOT-00401,L3,BNK-L3-2,PET-SD,2360
CON-001579,LOT-00401,L3,BNK-L3-3,MB-SL,507
CON-001580,LOT-00401,L3,BNK-L3-4,MB-UV,384
CON-001581,LOT-00402,L3,BNK-L3-1,PET-BR,22268
CON-001582,LOT-00402,L3,BNK-L3-2,PET-SD,2374
CON-001583,LOT-00402,L3,BNK-L3-3,MB-SL,504
CON-001584,LOT-00402,L3,BNK-L3-4,MB-UV,382
CON-001585,LOT-00403,L4,BNK-L4-1,PET-BR,18225
CON-001586,LOT-00403,L4,BNK-L4-2,PET-CO,5191
CON-001587,LOT-00403,L4,BNK-L4-3,MB-WH,476
CON-001588,LOT-00403,L4,BNK-L4-4,MB-UV,231
CON-001589,LOT-00404,L4,BNK-L4-1,PET-BR,18338
CON-001590,LOT-00404,L4,BNK-L4-2,PET-CO,5223
CON-001591,LOT-00404,L4,BNK-L4-3,MB-WH,479
CON-001592,LOT-00404,L4,BNK-L4-4,MB-UV,233
CON-001593,LOT-00405,L5,BNK-L5-1,NY6-F,11461
CON-001594,LOT-00405,L5,BNK-L5-2,NY6-H,2611
CON-001595,LOT-00405,L5,BNK-L5-3,MB-NA,214
CON-001596,LOT-00405,L5,BNK-L5-4,MB-NS,138
CON-001597,LOT-00406,L5,BNK-L5-1,NY6-F,11573
CON-001598,LOT-00406,L5,BNK-L5-2,NY6-H,2637
CON-001599,LOT-00406,L5,BNK-L5-3,MB-NA,216
CON-001600,LOT-00406,L5,BNK-L5-4,MB-NS,140
CON-001601,LOT-00407,L6,BNK-L6-1,NY6-F,10490
CON-001602,LOT-00407,L6,BNK-L6-2,NY6-H,2714
CON-001603,LOT-00407,L6,BNK-L6-3,MB-NA,193
CON-001604,LOT-00407,L6,BNK-L6-4,MB-NS,130
CON-001605,LOT-00408,L6,BNK-L6-1,NY6-F,10599
CON-001606,LOT-00408,L6,BNK-L6-2,NY6-H,2742
CON-001607,LOT-00408,L6,BNK-L6-3,MB-NA,195
CON-001608,LOT-00408,L6,BNK-L6-4,MB-NS,131
CON-001609,LOT-00409,L1,BNK-L1-1,PET-BR,25549
CON-001610,LOT-00409,L1,BNK-L1-2,PET-SD,1299
CON-001611,LOT-00409,L1,BNK-L1-3,MB-AB,393
CON-001612,LOT-00409,L1,BNK-L1-4,MB-SL,265
CON-001613,LOT-00410,L1,BNK-L1-1,PET-BR,25693
CON-001614,LOT-00410,L1,BNK-L1-2,PET-SD,1307
CON-001615,LOT-00410,L1,BNK-L1-3,MB-AB,395
CON-001616,LOT-00410,L1,BNK-L1-4,MB-SL,266
CON-001617,LOT-00411,L2,BNK-L2-1,PET-BR,21642
CON-001618,LOT-00411,L2,BNK-L2-2,PET-RC,3411
CON-001619,LOT-00411,L2,BNK-L2-3,MB-AB,510
CON-001620,LOT-00411,L2,BNK-L2-4,MB-WH,257
CON-001621,LOT-00412,L2,BNK-L2-1,PET-BR,21533
CON-001622,LOT-00412,L2,BNK-L2-2,PET-RC,3394
CON-001623,LOT-00412,L2,BNK-L2-3,MB-AB,513
CON-001624,LOT-00412,L2,BNK-L2-4,MB-WH,259
CON-001625,LOT-00413,L3,BNK-L3-1,PET-BR,10519
CON-001626,LOT-00413,L3,BNK-L3-2,PET-SD,15175
CON-001627,LOT-00414,L3,BNK-L3-1,PET-BR,10580
CON-001628,LOT-00414,L3,BNK-L3-2,PET-SD,15263
CON-001629,LOT-00415,L4,BNK-L4-1,PET-BR,19560
CON-001630,LOT-00415,L4,BNK-L4-2,PET-CO,4165
CON-001631,LOT-00415,L4,BNK-L4-3,MB-WH,360
CON-001632,LOT-00415,L4,BNK-L4-4,MB-UV,233
CON-001633,LOT-00416,L4,BNK-L4-1,PET-BR,19681
CON-001634,LOT-00416,L4,BNK-L4-2,PET-CO,4190
CON-001635,LOT-00416,L4,BNK-L4-3,MB-WH,362
CON-001636,LOT-00416,L4,BNK-L4-4,MB-UV,235
CON-001637,LOT-00417,L5,BNK-L5-1,NY6-F,11163
CON-001638,LOT-00417,L5,BNK-L5-2,NY6-H,3159
CON-001639,LOT-00417,L5,BNK-L5-3,MB-NA,209
CON-001640,LOT-00417,L5,BNK-L5-4,MB-NS,141
CON-001641,LOT-00418,L5,BNK-L5-1,NY6-F,11271
CON-001642,LOT-00418,L5,BNK-L5-2,NY6-H,3189
CON-001643,LOT-00418,L5,BNK-L5-3,MB-NA,211
CON-001644,LOT-00418,L5,BNK-L5-4,MB-NS,142
CON-001645,LOT-00419,L6,BNK-L6-1,NY6-F,11411
CON-001646,LOT-00419,L6,BNK-L6-2,NY6-H,1879
CON-001647,LOT-00419,L6,BNK-L6-3,MB-NA,262
CON-001648,LOT-00419,L6,BNK-L6-4,MB-NS,132
CON-001649,LOT-00420,L6,BNK-L6-1,NY6-F,11528
CON-001650,LOT-00420,L6,BNK-L6-2,NY6-H,1899
CON-001651,LOT-00420,L6,BNK-L6-3,MB-NA,264
CON-001652,LOT-00420,L6,BNK-L6-4,MB-NS,134
CON-001653,LOT-00421,L2,BNK-L2-1,PET-BR,20845
CON-001654,LOT-00421,L2,BNK-L2-2,PET-RC,4620
CON-001655,LOT-00421,L2,BNK-L2-3,MB-AB,388
CON-001656,LOT-00421,L2,BNK-L2-4,MB-WH,377
CON-001657,LOT-00422,L2,BNK-L2-1,PET-BR,20966
CON-001658,LOT-00422,L2,BNK-L2-2,PET-RC,4647
CON-001659,LOT-00422,L2,BNK-L2-3,MB-AB,391
CON-001660,LOT-00422,L2,BNK-L2-4,MB-WH,379
CON-001661,LOT-00423,L3,BNK-L3-1,PET-BR,22048
CON-001662,LOT-00423,L3,BNK-L3-2,PET-SD,3053
CON-001663,LOT-00423,L3,BNK-L3-3,MB-SL,519
CON-001664,LOT-00423,L3,BNK-L3-4,MB-UV,252
CON-001665,LOT-00424,L3,BNK-L3-1,PET-BR,22176
CON-001666,LOT-00424,L3,BNK-L3-2,PET-SD,3071
CON-001667,LOT-00424,L3,BNK-L3-3,MB-SL,516
CON-001668,LOT-00424,L3,BNK-L3-4,MB-UV,251
CON-001669,LOT-00425,L4,BNK-L4-1,PET-BR,19164
CON-001670,LOT-00425,L4,BNK-L4-2,PET-CO,4838
CON-001671,LOT-00425,L4,BNK-L4-3,MB-WH,469
CON-001672,LOT-00425,L4,BNK-L4-4,MB-UV,237
CON-001673,LOT-00426,L4,BNK-L4-1,PET-BR,19281
CON-001674,LOT-00426,L4,BNK-L4-2,PET-CO,4867
CON-001675,LOT-00426,L4,BNK-L4-3,MB-WH,472
CON-001676,LOT-00426,L4,BNK-L4-4,MB-UV,238
CON-001677,LOT-00427,L5,BNK-L5-1,NY6-F,12273
CON-001678,LOT-00427,L5,BNK-L5-2,NY6-H,2103
CON-001679,LOT-00427,L5,BNK-L5-3,MB-NA,283
CON-001680,LOT-00427,L5,BNK-L5-4,MB-NS,143
CON-001681,LOT-00428,L5,BNK-L5-1,NY6-F,12391
CON-001682,LOT-00428,L5,BNK-L5-2,NY6-H,2123
CON-001683,LOT-00428,L5,BNK-L5-3,MB-NA,286
CON-001684,LOT-00428,L5,BNK-L5-4,MB-NS,144
CON-001685,LOT-00429,L6,BNK-L6-1,NY6-F,10627
CON-001686,LOT-00429,L6,BNK-L6-2,NY6-H,2436
CON-001687,LOT-00429,L6,BNK-L6-3,MB-NA,199
CON-001688,LOT-00429,L6,BNK-L6-4,MB-NS,201
CON-001689,LOT-00430,L6,BNK-L6-1,NY6-F,10736
CON-001690,LOT-00430,L6,BNK-L6-2,NY6-H,2461
CON-001691,LOT-00430,L6,BNK-L6-3,MB-NA,202
CON-001692,LOT-00430,L6,BNK-L6-4,MB-NS,203
CON-001693,LOT-00431,L1,BNK-L1-1,PET-BR,25401
CON-001694,LOT-00431,L1,BNK-L1-2,PET-SD,1343
CON-001695,LOT-00431,L1,BNK-L1-3,MB-AB,406
CON-001696,LOT-00431,L1,BNK-L1-4,MB-SL,263
CON-001697,LOT-00432,L1,BNK-L1-1,PET-BR,25543
CON-001698,LOT-00432,L1,BNK-L1-2,PET-SD,1350
CON-001699,LOT-00432,L1,BNK-L1-3,MB-AB,409
CON-001700,LOT-00432,L1,BNK-L1-4,MB-SL,265
CON-001701,LOT-00433,L3,BNK-L3-1,PET-BR,23158
CON-001702,LOT-00433,L3,BNK-L3-2,PET-SD,2613
CON-001703,LOT-00433,L3,BNK-L3-3,MB-SL,507
CON-001704,LOT-00433,L3,BNK-L3-4,MB-UV,256
CON-001705,LOT-00434,L3,BNK-L3-1,PET-BR,23044
CON-001706,LOT-00434,L3,BNK-L3-2,PET-SD,2600
CON-001707,LOT-00434,L3,BNK-L3-3,MB-SL,510
CON-001708,LOT-00434,L3,BNK-L3-4,MB-UV,257
CON-001709,LOT-00435,L4,BNK-L4-1,PET-BR,20816
CON-001710,LOT-00435,L4,BNK-L4-2,PET-CO,3428
CON-001711,LOT-00435,L4,BNK-L4-3,MB-WH,477
CON-001712,LOT-00435,L4,BNK-L4-4,MB-UV,241
CON-001713,LOT-00436,L4,BNK-L4-1,PET-BR,20942
CON-001714,LOT-00436,L4,BNK-L4-2,PET-CO,3449
CON-001715,LOT-00436,L4,BNK-L4-3,MB-WH,480
CON-001716,LOT-00436,L4,BNK-L4-4,MB-UV,242
CON-001717,LOT-00437,L5,BNK-L5-1,NY6-F,11419
CON-001718,LOT-00437,L5,BNK-L5-2,NY6-H,2705
CON-001719,LOT-00437,L5,BNK-L5-3,MB-NA,216
CON-001720,LOT-00437,L5,BNK-L5-4,MB-NS,218
CON-001721,LOT-00438,L5,BNK-L5-1,NY6-F,11529
CON-001722,LOT-00438,L5,BNK-L5-2,NY6-H,2731
CON-001723,LOT-00438,L5,BNK-L5-3,MB-NA,218
CON-001724,LOT-00438,L5,BNK-L5-4,MB-NS,220
CON-001725,LOT-00439,L6,BNK-L6-1,NY6-F,10465
CON-001726,LOT-00439,L6,BNK-L6-2,NY6-H,2809
CON-001727,LOT-00439,L6,BNK-L6-3,MB-NA,270
CON-001728,LOT-00439,L6,BNK-L6-4,MB-NS,131
CON-001729,LOT-00440,L6,BNK-L6-1,NY6-F,10572
CON-001730,LOT-00440,L6,BNK-L6-2,NY6-H,2838
CON-001731,LOT-00440,L6,BNK-L6-3,MB-NA,273
CON-001732,LOT-00440,L6,BNK-L6-4,MB-NS,133
CON-001733,LOT-00441,L1,BNK-L1-1,PET-BR,25815
CON-001734,LOT-00441,L1,BNK-L1-2,PET-SD,1081
CON-001735,LOT-00441,L1,BNK-L1-3,MB-AB,409
CON-001736,LOT-00441,L1,BNK-L1-4,MB-SL,265
CON-001737,LOT-00442,L1,BNK-L1-1,PET-BR,25958
CON-001738,LOT-00442,L1,BNK-L1-2,PET-SD,1087
CON-001739,LOT-00442,L1,BNK-L1-3,MB-AB,411
CON-001740,LOT-00442,L1,BNK-L1-4,MB-SL,266
CON-001741,LOT-00443,L2,BNK-L2-1,PET-BR,20825
CON-001742,LOT-00443,L2,BNK-L2-2,PET-RC,5388
CON-001743,LOT-00443,L2,BNK-L2-3,MB-AB,383
CON-001744,LOT-00443,L2,BNK-L2-4,MB-WH,258
CON-001745,LOT-00444,L2,BNK-L2-1,PET-BR,20944
CON-001746,LOT-00444,L2,BNK-L2-2,PET-RC,5419
CON-001747,LOT-00444,L2,BNK-L2-3,MB-AB,385
CON-001748,LOT-00444,L2,BNK-L2-4,MB-WH,259
CON-001749,LOT-00445,L4,BNK-L4-1,PET-BR,19511
CON-001750,LOT-00445,L4,BNK-L4-2,PET-CO,4325
CON-001751,LOT-00445,L4,BNK-L4-3,MB-WH,368
CON-001752,LOT-00445,L4,BNK-L4-4,MB-UV,371
CON-001753,LOT-00446,L4,BNK-L4-1,PET-BR,19629
CON-001754,LOT-00446,L4,BNK-L4-2,PET-CO,4352
CON-001755,LOT-00446,L4,BNK-L4-3,MB-WH,366
CON-001756,LOT-00446,L4,BNK-L4-4,MB-UV,369
CON-001757,LOT-00447,L5,BNK-L5-1,NY6-F,11309
CON-001758,LOT-00447,L5,BNK-L5-2,NY6-H,3036
CON-001759,LOT-00447,L5,BNK-L5-3,MB-NA,292
CON-001760,LOT-00447,L5,BNK-L5-4,MB-NS,142
CON-001761,LOT-00448,L5,BNK-L5-1,NY6-F,11417
CON-001762,LOT-00448,L5,BNK-L5-2,NY6-H,3065
CON-001763,LOT-00448,L5,BNK-L5-3,MB-NA,295
CON-001764,LOT-00448,L5,BNK-L5-4,MB-NS,143
CON-001765,LOT-00449,L6,BNK-L6-1,NY6-F,11060
CON-001766,LOT-00449,L6,BNK-L6-2,NY6-H,2355
CON-001767,LOT-00449,L6,BNK-L6-3,MB-NA,204
CON-001768,LOT-00449,L6,BNK-L6-4,MB-NS,132
CON-001769,LOT-00450,L6,BNK-L6-1,NY6-F,11173
CON-001770,LOT-00450,L6,BNK-L6-2,NY6-H,2379
CON-001771,LOT-00450,L6,BNK-L6-3,MB-NA,206
CON-001772,LOT-00450,L6,BNK-L6-4,MB-NS,133
CON-001773,LOT-00451,L1,BNK-L1-1,PET-BR,26216
CON-001774,LOT-00451,L1,BNK-L1-2,PET-SD,823
CON-001775,LOT-00451,L1,BNK-L1-3,MB-AB,532
CON-001776,LOT-00451,L1,BNK-L1-4,MB-SL,269
CON-001777,LOT-00452,L1,BNK-L1-1,PET-BR,26361
CON-001778,LOT-00452,L1,BNK-L1-2,PET-SD,827
CON-001779,LOT-00452,L1,BNK-L1-3,MB-AB,535
CON-001780,LOT-00452,L1,BNK-L1-4,MB-SL,270
CON-001781,LOT-00453,L2,BNK-L2-1,PET-BR,20623
CON-001782,LOT-00453,L2,BNK-L2-2,PET-RC,5778
CON-001783,LOT-00453,L2,BNK-L2-3,MB-AB,389
CON-001784,LOT-00453,L2,BNK-L2-4,MB-WH,262
CON-001785,LOT-00454,L2,BNK-L2-1,PET-BR,20741
CON-001786,LOT-00454,L2,BNK-L2-2,PET-RC,5811
CON-001787,LOT-00454,L2,BNK-L2-3,MB-AB,391
CON-001788,LOT-00454,L2,BNK-L2-4,MB-WH,263
CON-001789,LOT-00455,L3,BNK-L3-1,PET-BR,23157
CON-001790,LOT-00455,L3,BNK-L3-2,PET-SD,2468
CON-001791,LOT-00455,L3,BNK-L3-3,MB-SL,524
CON-001792,LOT-00455,L3,BNK-L3-4,MB-UV,397
CON-001793,LOT-00456,L3,BNK-L3-1,PET-BR,23038
CON-001794,LOT-00456,L3,BNK-L3-2,PET-SD,2456
CON-001795,LOT-00456,L3,BNK-L3-3,MB-SL,527
CON-001796,LOT-00456,L3,BNK-L3-4,MB-UV,399
CON-001797,LOT-00457,L5,BNK-L5-1,NY6-F,11802
CON-001798,LOT-00457,L5,BNK-L5-2,NY6-H,2689
CON-001799,LOT-00457,L5,BNK-L5-3,MB-NA,220
CON-001800,LOT-00457,L5,BNK-L5-4,MB-NS,143
CON-001801,LOT-00458,L5,BNK-L5-1,NY6-F,11914
CON-001802,LOT-00458,L5,BNK-L5-2,NY6-H,2714
CON-001803,LOT-00458,L5,BNK-L5-3,MB-NA,222
CON-001804,LOT-00458,L5,BNK-L5-4,MB-NS,144
CON-001805,LOT-00459,L6,BNK-L6-1,NY6-F,10829
CON-001806,LOT-00459,L6,BNK-L6-2,NY6-H,2802
CON-001807,LOT-00459,L6,BNK-L6-3,MB-NA,199
CON-001808,LOT-00459,L6,BNK-L6-4,MB-NS,134
CON-001809,LOT-00460,L6,BNK-L6-1,NY6-F,10938
CON-001810,LOT-00460,L6,BNK-L6-2,NY6-H,2830
CON-001811,LOT-00460,L6,BNK-L6-3,MB-NA,201
CON-001812,LOT-00460,L6,BNK-L6-4,MB-NS,135
CON-001813,LOT-00461,L1,BNK-L1-1,PET-BR,26345
CON-001814,LOT-00461,L1,BNK-L1-2,PET-SD,1340
CON-001815,LOT-00461,L1,BNK-L1-3,MB-AB,405
CON-001816,LOT-00461,L1,BNK-L1-4,MB-SL,273
CON-001817,LOT-00462,L1,BNK-L1-1,PET-BR,26489
CON-001818,LOT-00462,L1,BNK-L1-2,PET-SD,1347
CON-001819,LOT-00462,L1,BNK-L1-3,MB-AB,408
CON-001820,LOT-00462,L1,BNK-L1-4,MB-SL,274
CON-001821,LOT-00463,L2,BNK-L2-1,PET-BR,22344
CON-001822,LOT-00463,L2,BNK-L2-2,PET-RC,3522
CON-001823,LOT-00463,L2,BNK-L2-3,MB-AB,526
CON-001824,LOT-00463,L2,BNK-L2-4,MB-WH,266
CON-001825,LOT-00464,L2,BNK-L2-1,PET-BR,22471
CON-001826,LOT-00464,L2,BNK-L2-2,PET-RC,3542
CON-001827,LOT-00464,L2,BNK-L2-3,MB-AB,529
CON-001828,LOT-00464,L2,BNK-L2-4,MB-WH,267
CON-001829,LOT-00465,L3,BNK-L3-1,PET-BR,10978
CON-001830,LOT-00465,L3,BNK-L3-2,PET-SD,15836
CON-001831,LOT-00466,L3,BNK-L3-1,PET-BR,11040
CON-001832,LOT-00466,L3,BNK-L3-2,PET-SD,15926
CON-001833,LOT-00467,L4,BNK-L4-1,PET-BR,20240
CON-001834,LOT-00467,L4,BNK-L4-2,PET-CO,4309
CON-001835,LOT-00467,L4,BNK-L4-3,MB-WH,377
CON-001836,LOT-00467,L4,BNK-L4-4,MB-UV,244
CON-001837,LOT-00468,L4,BNK-L4-1,PET-BR,20361
CON-001838,LOT-00468,L4,BNK-L4-2,PET-CO,4335
CON-001839,LOT-00468,L4,BNK-L4-3,MB-WH,375
CON-001840,LOT-00468,L4,BNK-L4-4,MB-UV,243
CON-001841,LOT-00469,L6,BNK-L6-1,NY6-F,11754
CON-001842,LOT-00469,L6,BNK-L6-2,NY6-H,1936
CON-001843,LOT-00469,L6,BNK-L6-3,MB-NA,270
CON-001844,LOT-00469,L6,BNK-L6-4,MB-NS,136
CON-001845,LOT-00470,L6,BNK-L6-1,NY6-F,11872
CON-001846,LOT-00470,L6,BNK-L6-2,NY6-H,1955
CON-001847,LOT-00470,L6,BNK-L6-3,MB-NA,272
CON-001848,LOT-00470,L6,BNK-L6-4,MB-NS,138
CON-001849,LOT-00471,L1,BNK-L1-1,PET-BR,24805
CON-001850,LOT-00471,L1,BNK-L1-2,PET-SD,779
CON-001851,LOT-00471,L1,BNK-L1-3,MB-AB,524
CON-001852,LOT-00471,L1,BNK-L1-4,MB-SL,397
CON-001853,LOT-00472,L1,BNK-L1-1,PET-BR,24946
CON-001854,LOT-00472,L1,BNK-L1-2,PET-SD,783
CON-001855,LOT-00472,L1,BNK-L1-3,MB-AB,527
CON-001856,LOT-00472,L1,BNK-L1-4,MB-SL,399
CON-001857,LOT-00473,L2,BNK-L2-1,PET-BR,20491
CON-001858,LOT-00473,L2,BNK-L2-2,PET-RC,4542
CON-001859,LOT-00473,L2,BNK-L2-3,MB-AB,382
CON-001860,LOT-00473,L2,BNK-L2-4,MB-WH,371
CON-001861,LOT-00474,L2,BNK-L2-1,PET-BR,20612
CON-001862,LOT-00474,L2,BNK-L2-2,PET-RC,4569
CON-001863,LOT-00474,L2,BNK-L2-3,MB-AB,384
CON-001864,LOT-00474,L2,BNK-L2-4,MB-WH,373
CON-001865,LOT-00475,L3,BNK-L3-1,PET-BR,21908
CON-001866,LOT-00475,L3,BNK-L3-2,PET-SD,3034
CON-001867,LOT-00475,L3,BNK-L3-3,MB-SL,510
CON-001868,LOT-00475,L3,BNK-L3-4,MB-UV,248
CON-001869,LOT-00476,L3,BNK-L3-1,PET-BR,22037
CON-001870,LOT-00476,L3,BNK-L3-2,PET-SD,3052
CON-001871,LOT-00476,L3,BNK-L3-3,MB-SL,513
CON-001872,LOT-00476,L3,BNK-L3-4,MB-UV,249
CON-001873,LOT-00477,L4,BNK-L4-1,PET-BR,19023
CON-001874,LOT-00477,L4,BNK-L4-2,PET-CO,4802
CON-001875,LOT-00477,L4,BNK-L4-3,MB-WH,466
CON-001876,LOT-00477,L4,BNK-L4-4,MB-UV,235
CON-001877,LOT-00478,L4,BNK-L4-1,PET-BR,18938
CON-001878,LOT-00478,L4,BNK-L4-2,PET-CO,4781
CON-001879,LOT-00478,L4,BNK-L4-3,MB-WH,469
CON-001880,LOT-00478,L4,BNK-L4-4,MB-UV,237
CON-001881,LOT-00479,L5,BNK-L5-1,NY6-F,12079
CON-001882,LOT-00479,L5,BNK-L5-2,NY6-H,2070
CON-001883,LOT-00479,L5,BNK-L5-3,MB-NA,279
CON-001884,LOT-00479,L5,BNK-L5-4,MB-NS,141
CON-001885,LOT-00480,L5,BNK-L5-1,NY6-F,12196
CON-001886,LOT-00480,L5,BNK-L5-2,NY6-H,2090
CON-001887,LOT-00480,L5,BNK-L5-3,MB-NA,281
CON-001888,LOT-00480,L5,BNK-L5-4,MB-NS,142
CON-001889,LOT-00481,L1,BNK-L1-1,PET-BR,24937
CON-001890,LOT-00481,L1,BNK-L1-2,PET-SD,1318
CON-001891,LOT-00481,L1,BNK-L1-3,MB-AB,399
CON-001892,LOT-00481,L1,BNK-L1-4,MB-SL,258
CON-001893,LOT-00482,L1,BNK-L1-1,PET-BR,25078
CON-001894,LOT-00482,L1,BNK-L1-2,PET-SD,1326
CON-001895,LOT-00482,L1,BNK-L1-3,MB-AB,401
CON-001896,LOT-00482,L1,BNK-L1-4,MB-SL,260
CON-001897,LOT-00483,L2,BNK-L2-1,PET-BR,21120
CON-001898,LOT-00483,L2,BNK-L2-2,PET-RC,4189
CON-001899,LOT-00483,L2,BNK-L2-3,MB-AB,384
CON-001900,LOT-00483,L2,BNK-L2-4,MB-WH,249
CON-001901,LOT-00484,L2,BNK-L2-1,PET-BR,21244
CON-001902,LOT-00484,L2,BNK-L2-2,PET-RC,4214
CON-001903,LOT-00484,L2,BNK-L2-3,MB-AB,386
CON-001904,LOT-00484,L2,BNK-L2-4,MB-WH,250
CON-001905,LOT-00485,L3,BNK-L3-1,PET-BR,22768
CON-001906,LOT-00485,L3,BNK-L3-2,PET-SD,2569
CON-001907,LOT-00485,L3,BNK-L3-3,MB-SL,498
CON-001908,LOT-00485,L3,BNK-L3-4,MB-UV,252
CON-001909,LOT-00486,L3,BNK-L3-1,PET-BR,22901
CON-001910,LOT-00486,L3,BNK-L3-2,PET-SD,2584
CON-001911,LOT-00486,L3,BNK-L3-3,MB-SL,501
CON-001912,LOT-00486,L3,BNK-L3-4,MB-UV,253
CON-001913,LOT-00487,L4,BNK-L4-1,PET-BR,20664
CON-001914,LOT-00487,L4,BNK-L4-2,PET-CO,3404
CON-001915,LOT-00487,L4,BNK-L4-3,MB-WH,474
CON-001916,LOT-00487,L4,BNK-L4-4,MB-UV,239
CON-001917,LOT-00488,L4,BNK-L4-1,PET-BR,20791
CON-001918,LOT-00488,L4,BNK-L4-2,PET-CO,3425
CON-001919,LOT-00488,L4,BNK-L4-3,MB-WH,477
CON-001920,LOT-00488,L4,BNK-L4-4,MB-UV,241
CON-001921,LOT-00489,L5,BNK-L5-1,NY6-F,11362
CON-001922,LOT-00489,L5,BNK-L5-2,NY6-H,2691
CON-001923,LOT-00489,L5,BNK-L5-3,MB-NA,215
CON-001924,LOT-00489,L5,BNK-L5-4,MB-NS,217
CON-001925,LOT-00490,L5,BNK-L5-1,NY6-F,11348
CON-001926,LOT-00490,L5,BNK-L5-2,NY6-H,2688
CON-001927,LOT-00490,L5,BNK-L5-3,MB-NA,214
CON-001928,LOT-00490,L5,BNK-L5-4,MB-NS,216
CON-001929,LOT-00491,L6,BNK-L6-1,NY6-F,10290
CON-001930,LOT-00491,L6,BNK-L6-2,NY6-H,2762
CON-001931,LOT-00491,L6,BNK-L6-3,MB-NA,266
CON-001932,LOT-00491,L6,BNK-L6-4,MB-NS,129
CON-001933,LOT-00492,L6,BNK-L6-1,NY6-F,10396
CON-001934,LOT-00492,L6,BNK-L6-2,NY6-H,2791
CON-001935,LOT-00492,L6,BNK-L6-3,MB-NA,268
CON-001936,LOT-00492,L6,BNK-L6-4,MB-NS,130
CON-001937,LOT-00493,L1,BNK-L1-1,PET-BR,25395
CON-001938,LOT-00493,L1,BNK-L1-2,PET-SD,1063
CON-001939,LOT-00493,L1,BNK-L1-3,MB-AB,402
CON-001940,LOT-00493,L1,BNK-L1-4,MB-SL,260
CON-001941,LOT-00494,L1,BNK-L1-1,PET-BR,25538
CON-001942,LOT-00494,L1,BNK-L1-2,PET-SD,1069
CON-001943,LOT-00494,L1,BNK-L1-3,MB-AB,404
CON-001944,LOT-00494,L1,BNK-L1-4,MB-SL,262
CON-001945,LOT-00495,L2,BNK-L2-1,PET-BR,20476
CON-001946,LOT-00495,L2,BNK-L2-2,PET-RC,5298
CON-001947,LOT-00495,L2,BNK-L2-3,MB-AB,376
CON-001948,LOT-00495,L2,BNK-L2-4,MB-WH,253
CON-001949,LOT-00496,L2,BNK-L2-1,PET-BR,20595
CON-001950,LOT-00496,L2,BNK-L2-2,PET-RC,5329
CON-001951,LOT-00496,L2,BNK-L2-3,MB-AB,378
CON-001952,LOT-00496,L2,BNK-L2-4,MB-WH,255
CON-001953,LOT-00497,L3,BNK-L3-1,PET-BR,21879
CON-001954,LOT-00497,L3,BNK-L3-2,PET-SD,3772
CON-001955,LOT-00497,L3,BNK-L3-3,MB-SL,507
CON-001956,LOT-00497,L3,BNK-L3-4,MB-UV,256
CON-001957,LOT-00498,L3,BNK-L3-1,PET-BR,22006
CON-001958,LOT-00498,L3,BNK-L3-2,PET-SD,3794
CON-001959,LOT-00498,L3,BNK-L3-3,MB-SL,510
CON-001960,LOT-00498,L3,BNK-L3-4,MB-UV,258
CON-001961,LOT-00499,L4,BNK-L4-1,PET-BR,19413
CON-001962,LOT-00499,L4,BNK-L4-2,PET-CO,4303
CON-001963,LOT-00499,L4,BNK-L4-3,MB-WH,362
CON-001964,LOT-00499,L4,BNK-L4-4,MB-UV,365
CON-001965,LOT-00500,L4,BNK-L4-1,PET-BR,19321
CON-001966,LOT-00500,L4,BNK-L4-2,PET-CO,4283
CON-001967,LOT-00500,L4,BNK-L4-3,MB-WH,364
CON-001968,LOT-00500,L4,BNK-L4-4,MB-UV,368
CON-001969,LOT-00501,L5,BNK-L5-1,NY6-F,11154
CON-001970,LOT-00501,L5,BNK-L5-2,NY6-H,2994
CON-001971,LOT-00501,L5,BNK-L5-3,MB-NA,288
CON-001972,LOT-00501,L5,BNK-L5-4,MB-NS,140
CON-001973,LOT-00502,L5,BNK-L5-1,NY6-F,11261
CON-001974,LOT-00502,L5,BNK-L5-2,NY6-H,3023
CON-001975,LOT-00502,L5,BNK-L5-3,MB-NA,291
CON-001976,LOT-00502,L5,BNK-L5-4,MB-NS,141
CON-001977,LOT-00503,L6,BNK-L6-1,NY6-F,10897
CON-001978,LOT-00503,L6,BNK-L6-2,NY6-H,2320
CON-001979,LOT-00503,L6,BNK-L6-3,MB-NA,201
CON-001980,LOT-00503,L6,BNK-L6-4,MB-NS,130
CON-001981,LOT-00504,L6,BNK-L6-1,NY6-F,11010
CON-001982,LOT-00504,L6,BNK-L6-2,NY6-H,2344
CON-001983,LOT-00504,L6,BNK-L6-3,MB-NA,203
CON-001984,LOT-00504,L6,BNK-L6-4,MB-NS,131
CON-001985,LOT-00505,L1,BNK-L1-1,PET-BR,25843
CON-001986,LOT-00505,L1,BNK-L1-2,PET-SD,811
CON-001987,LOT-00505,L1,BNK-L1-3,MB-AB,525
CON-001988,LOT-00505,L1,BNK-L1-4,MB-SL,265
CON-001989,LOT-00506,L1,BNK-L1-1,PET-BR,25987
CON-001990,LOT-00506,L1,BNK-L1-2,PET-SD,816
CON-001991,LOT-00506,L1,BNK-L1-3,MB-AB,528
CON-001992,LOT-00506,L1,BNK-L1-4,MB-SL,266
CON-001993,LOT-00507,L2,BNK-L2-1,PET-BR,20319
CON-001994,LOT-00507,L2,BNK-L2-2,PET-RC,5693
CON-001995,LOT-00507,L2,BNK-L2-3,MB-AB,383
CON-001996,LOT-00507,L2,BNK-L2-4,MB-WH,258
CON-001997,LOT-00508,L2,BNK-L2-1,PET-BR,20436
CON-001998,LOT-00508,L2,BNK-L2-2,PET-RC,5725
CON-001999,LOT-00508,L2,BNK-L2-3,MB-AB,385
CON-002000,LOT-00508,L2,BNK-L2-4,MB-WH,259
CON-002001,LOT-00509,L3,BNK-L3-1,PET-BR,22815
CON-002002,LOT-00509,L3,BNK-L3-2,PET-SD,2432
CON-002003,LOT-00509,L3,BNK-L3-3,MB-SL,517
CON-002004,LOT-00509,L3,BNK-L3-4,MB-UV,391
CON-002005,LOT-00510,L3,BNK-L3-1,PET-BR,22947
CON-002006,LOT-00510,L3,BNK-L3-2,PET-SD,2446
CON-002007,LOT-00510,L3,BNK-L3-3,MB-SL,519
CON-002008,LOT-00510,L3,BNK-L3-4,MB-UV,393
CON-002009,LOT-00511,L4,BNK-L4-1,PET-BR,18605
CON-002010,LOT-00511,L4,BNK-L4-2,PET-CO,5299
CON-002011,LOT-00511,L4,BNK-L4-3,MB-WH,491
CON-002012,LOT-00511,L4,BNK-L4-4,MB-UV,239
CON-002013,LOT-00512,L4,BNK-L4-1,PET-BR,18718
CON-002014,LOT-00512,L4,BNK-L4-2,PET-CO,5332
CON-002015,LOT-00512,L4,BNK-L4-3,MB-WH,489
CON-002016,LOT-00512,L4,BNK-L4-4,MB-UV,237
CON-002017,LOT-00513,L5,BNK-L5-1,NY6-F,11664
CON-002018,LOT-00513,L5,BNK-L5-2,NY6-H,2657
CON-002019,LOT-00513,L5,BNK-L5-3,MB-NA,218
CON-002020,LOT-00513,L5,BNK-L5-4,MB-NS,141
CON-002021,LOT-00514,L5,BNK-L5-1,NY6-F,11775
CON-002022,LOT-00514,L5,BNK-L5-2,NY6-H,2683
CON-002023,LOT-00514,L5,BNK-L5-3,MB-NA,220
CON-002024,LOT-00514,L5,BNK-L5-4,MB-NS,142
CON-002025,LOT-00515,L6,BNK-L6-1,NY6-F,10691
CON-002026,LOT-00515,L6,BNK-L6-2,NY6-H,2766
CON-002027,LOT-00515,L6,BNK-L6-3,MB-NA,197
CON-002028,LOT-00515,L6,BNK-L6-4,MB-NS,132
CON-002029,LOT-00516,L6,BNK-L6-1,NY6-F,10800
CON-002030,LOT-00516,L6,BNK-L6-2,NY6-H,2794
CON-002031,LOT-00516,L6,BNK-L6-3,MB-NA,199
CON-002032,LOT-00516,L6,BNK-L6-4,MB-NS,134
CON-002033,LOT-00517,L1,BNK-L1-1,PET-BR,26022
CON-002034,LOT-00517,L1,BNK-L1-2,PET-SD,1323
CON-002035,LOT-00517,L1,BNK-L1-3,MB-AB,400
CON-002036,LOT-00517,L1,BNK-L1-4,MB-SL,270
CON-002037,LOT-00518,L1,BNK-L1-1,PET-BR,26166
CON-002038,LOT-00518,L1,BNK-L1-2,PET-SD,1331
CON-002039,LOT-00518,L1,BNK-L1-3,MB-AB,403
CON-002040,LOT-00518,L1,BNK-L1-4,MB-SL,271
CON-002041,LOT-00519,L2,BNK-L2-1,PET-BR,22059
CON-002042,LOT-00519,L2,BNK-L2-2,PET-RC,3477
CON-002043,LOT-00519,L2,BNK-L2-3,MB-AB,520
CON-002044,LOT-00519,L2,BNK-L2-4,MB-WH,262
CON-002045,LOT-00520,L2,BNK-L2-1,PET-BR,22186
CON-002046,LOT-00520,L2,BNK-L2-2,PET-RC,3497
CON-002047,LOT-00520,L2,BNK-L2-3,MB-AB,523
CON-002048,LOT-00520,L2,BNK-L2-4,MB-WH,264
CON-002049,LOT-00521,L3,BNK-L3-1,PET-BR,10838
CON-002050,LOT-00521,L3,BNK-L3-2,PET-SD,15634
CON-002051,LOT-00522,L3,BNK-L3-1,PET-BR,10783
CON-002052,LOT-00522,L3,BNK-L3-2,PET-SD,15556
CON-002053,LOT-00523,L4,BNK-L4-1,PET-BR,19965
CON-002054,LOT-00523,L4,BNK-L4-2,PET-CO,4251
CON-002055,LOT-00523,L4,BNK-L4-3,MB-WH,368
CON-002056,LOT-00523,L4,BNK-L4-4,MB-UV,238
CON-002057,LOT-00524,L4,BNK-L4-1,PET-BR,20086
CON-002058,LOT-00524,L4,BNK-L4-2,PET-CO,4277
CON-002059,LOT-00524,L4,BNK-L4-3,MB-WH,370
CON-002060,LOT-00524,L4,BNK-L4-4,MB-UV,239
CON-002061,LOT-00525,L5,BNK-L5-1,NY6-F,11359
CON-002062,LOT-00525,L5,BNK-L5-2,NY6-H,3214
CON-002063,LOT-00525,L5,BNK-L5-3,MB-NA,213
CON-002064,LOT-00525,L5,BNK-L5-4,MB-NS,143
CON-002065,LOT-00526,L5,BNK-L5-1,NY6-F,11467
CON-002066,LOT-00526,L5,BNK-L5-2,NY6-H,3245
CON-002067,LOT-00526,L5,BNK-L5-3,MB-NA,215
CON-002068,LOT-00526,L5,BNK-L5-4,MB-NS,145
CON-002069,LOT-00527,L6,BNK-L6-1,NY6-F,11628
CON-002070,LOT-00527,L6,BNK-L6-2,NY6-H,1915
CON-002071,LOT-00527,L6,BNK-L6-3,MB-NA,267
CON-002072,LOT-00527,L6,BNK-L6-4,MB-NS,135
CON-002073,LOT-00528,L6,BNK-L6-1,NY6-F,11746
CON-002074,LOT-00528,L6,BNK-L6-2,NY6-H,1935
CON-002075,LOT-00528,L6,BNK-L6-3,MB-NA,269
CON-002076,LOT-00528,L6,BNK-L6-4,MB-NS,136
CON-002077,LOT-00529,L1,BNK-L1-1,PET-BR,25733
CON-002078,LOT-00529,L1,BNK-L1-2,PET-SD,808
CON-002079,LOT-00529,L1,BNK-L1-3,MB-AB,543
CON-002080,LOT-00529,L1,BNK-L1-4,MB-SL,411
CON-002081,LOT-00530,L1,BNK-L1-1,PET-BR,25876
CON-002082,LOT-00530,L1,BNK-L1-2,PET-SD,812
CON-002083,LOT-00530,L1,BNK-L1-3,MB-AB,546
CON-002084,LOT-00530,L1,BNK-L1-4,MB-SL,414
CON-002085,LOT-00531,L2,BNK-L2-1,PET-BR,21286
CON-002086,LOT-00531,L2,BNK-L2-2,PET-RC,4718
CON-002087,LOT-00531,L2,BNK-L2-3,MB-AB,397
CON-002088,LOT-00531,L2,BNK-L2-4,MB-WH,385
CON-002089,LOT-00532,L2,BNK-L2-1,PET-BR,21408
CON-002090,LOT-00532,L2,BNK-L2-2,PET-RC,4745
CON-002091,LOT-00532,L2,BNK-L2-3,MB-AB,399
CON-002092,LOT-00532,L2,BNK-L2-4,MB-WH,387
CON-002093,LOT-00533,L3,BNK-L3-1,PET-BR,22514
CON-002094,LOT-00533,L3,BNK-L3-2,PET-SD,3118
CON-002095,LOT-00533,L3,BNK-L3-3,MB-SL,530
CON-002096,LOT-00533,L3,BNK-L3-4,MB-UV,257
CON-002097,LOT-00534,L3,BNK-L3-1,PET-BR,22643
CON-002098,LOT-00534,L3,BNK-L3-2,PET-SD,3136
CON-002099,LOT-00534,L3,BNK-L3-3,MB-SL,527
CON-002100,LOT-00534,L3,BNK-L3-4,MB-UV,256
CON-002101,LOT-00535,L4,BNK-L4-1,PET-BR,19595
CON-002102,LOT-00535,L4,BNK-L4-2,PET-CO,4946
CON-002103,LOT-00535,L4,BNK-L4-3,MB-WH,480
CON-002104,LOT-00535,L4,BNK-L4-4,MB-UV,242
CON-002105,LOT-00536,L4,BNK-L4-1,PET-BR,19713
CON-002106,LOT-00536,L4,BNK-L4-2,PET-CO,4976
CON-002107,LOT-00536,L4,BNK-L4-3,MB-WH,483
CON-002108,LOT-00536,L4,BNK-L4-4,MB-UV,244
CON-002109,LOT-00537,L5,BNK-L5-1,NY6-F,12511
CON-002110,LOT-00537,L5,BNK-L5-2,NY6-H,2144
CON-002111,LOT-00537,L5,BNK-L5-3,MB-NA,289
CON-002112,LOT-00537,L5,BNK-L5-4,MB-NS,146
CON-002113,LOT-00538,L5,BNK-L5-1,NY6-F,12629
CON-002114,LOT-00538,L5,BNK-L5-2,NY6-H,2164
CON-002115,LOT-00538,L5,BNK-L5-3,MB-NA,291
CON-002116,LOT-00538,L5,BNK-L5-4,MB-NS,147
CON-002117,LOT-00539,L6,BNK-L6-1,NY6-F,10849
CON-002118,LOT-00539,L6,BNK-L6-2,NY6-H,2487
CON-002119,LOT-00539,L6,BNK-L6-3,MB-NA,204
CON-002120,LOT-00539,L6,BNK-L6-4,MB-NS,206
CON-002121,LOT-00540,L6,BNK-L6-1,NY6-F,10959
CON-002122,LOT-00540,L6,BNK-L6-2,NY6-H,2512
CON-002123,LOT-00540,L6,BNK-L6-3,MB-NA,206
CON-002124,LOT-00540,L6,BNK-L6-4,MB-NS,208
CON-002125,LOT-00541,L1,BNK-L1-1,PET-BR,25914
CON-002126,LOT-00541,L1,BNK-L1-2,PET-SD,1370
CON-002127,LOT-00541,L1,BNK-L1-3,MB-AB,415
CON-002128,LOT-00541,L1,BNK-L1-4,MB-SL,268
CON-002129,LOT-00542,L1,BNK-L1-1,PET-BR,26057
CON-002130,LOT-00542,L1,BNK-L1-2,PET-SD,1378
CON-002131,LOT-00542,L1,BNK-L1-3,MB-AB,417
CON-002132,LOT-00542,L1,BNK-L1-4,MB-SL,270
CON-002133,LOT-00543,L2,BNK-L2-1,PET-BR,21977
CON-002134,LOT-00543,L2,BNK-L2-2,PET-RC,4359
CON-002135,LOT-00543,L2,BNK-L2-3,MB-AB,400
CON-002136,LOT-00543,L2,BNK-L2-4,MB-WH,259
CON-002137,LOT-00544,L2,BNK-L2-1,PET-BR,21865
CON-002138,LOT-00544,L2,BNK-L2-2,PET-RC,4337
CON-002139,LOT-00544,L2,BNK-L2-3,MB-AB,402
CON-002140,LOT-00544,L2,BNK-L2-4,MB-WH,260
CON-002141,LOT-00545,L3,BNK-L3-1,PET-BR,23439
CON-002142,LOT-00545,L3,BNK-L3-2,PET-SD,2644
CON-002143,LOT-00545,L3,BNK-L3-3,MB-SL,513
CON-002144,LOT-00545,L3,BNK-L3-4,MB-UV,259
CON-002145,LOT-00546,L3,BNK-L3-1,PET-BR,23572
CON-002146,LOT-00546,L3,BNK-L3-2,PET-SD,2659
CON-002147,LOT-00546,L3,BNK-L3-3,MB-SL,516
CON-002148,LOT-00546,L3,BNK-L3-4,MB-UV,261
CON-002149,LOT-00547,L4,BNK-L4-1,PET-BR,21322
CON-002150,LOT-00547,L4,BNK-L4-2,PET-CO,3511
CON-002151,LOT-00547,L4,BNK-L4-3,MB-WH,489
CON-002152,LOT-00547,L4,BNK-L4-4,MB-UV,247
CON-002153,LOT-00548,L4,BNK-L4-1,PET-BR,21449
CON-002154,LOT-00548,L4,BNK-L4-2,PET-CO,3533
CON-002155,LOT-00548,L4,BNK-L4-3,MB-WH,492
CON-002156,LOT-00548,L4,BNK-L4-4,MB-UV,248
CON-002157,LOT-00549,L5,BNK-L5-1,NY6-F,11663
CON-002158,LOT-00549,L5,BNK-L5-2,NY6-H,2763
CON-002159,LOT-00549,L5,BNK-L5-3,MB-NA,220
CON-002160,LOT-00549,L5,BNK-L5-4,MB-NS,222
CON-002161,LOT-00550,L5,BNK-L5-1,NY6-F,11772
CON-002162,LOT-00550,L5,BNK-L5-2,NY6-H,2789
CON-002163,LOT-00550,L5,BNK-L5-3,MB-NA,222
CON-002164,LOT-00550,L5,BNK-L5-4,MB-NS,224
CON-002165,LOT-00551,L6,BNK-L6-1,NY6-F,10703
CON-002166,LOT-00551,L6,BNK-L6-2,NY6-H,2873
CON-002167,LOT-00551,L6,BNK-L6-3,MB-NA,276
CON-002168,LOT-00551,L6,BNK-L6-4,MB-NS,134
CON-002169,LOT-00552,L6,BNK-L6-1,NY6-F,10811
CON-002170,LOT-00552,L6,BNK-L6-2,NY6-H,2902
CON-002171,LOT-00552,L6,BNK-L6-3,MB-NA,279
CON-002172,LOT-00552,L6,BNK-L6-4,MB-NS,136
CON-002173,LOT-00553,L1,BNK-L1-1,PET-BR,25173
CON-002174,LOT-00553,L1,BNK-L1-2,PET-SD,1054
CON-002175,LOT-00553,L1,BNK-L1-3,MB-AB,399
CON-002176,LOT-00553,L1,BNK-L1-4,MB-SL,258
CON-002177,LOT-00554,L1,BNK-L1-1,PET-BR,25317
CON-002178,LOT-00554,L1,BNK-L1-2,PET-SD,1060
CON-002179,LOT-00554,L1,BNK-L1-3,MB-AB,401
CON-002180,LOT-00554,L1,BNK-L1-4,MB-SL,260
CON-002181,LOT-00555,L2,BNK-L2-1,PET-BR,20070
CON-002182,LOT-00555,L2,BNK-L2-2,PET-RC,5193
CON-002183,LOT-00555,L2,BNK-L2-3,MB-AB,373
CON-002184,LOT-00555,L2,BNK-L2-4,MB-WH,251
CON-002185,LOT-00556,L2,BNK-L2-1,PET-BR,20188
CON-002186,LOT-00556,L2,BNK-L2-2,PET-RC,5223
CON-002187,LOT-00556,L2,BNK-L2-3,MB-AB,371
CON-002188,LOT-00556,L2,BNK-L2-4,MB-WH,250
CON-002189,LOT-00557,L3,BNK-L3-1,PET-BR,21447
CON-002190,LOT-00557,L3,BNK-L3-2,PET-SD,3697
CON-002191,LOT-00557,L3,BNK-L3-3,MB-SL,497
CON-002192,LOT-00557,L3,BNK-L3-4,MB-UV,251
CON-002193,LOT-00558,L3,BNK-L3-1,PET-BR,21573
CON-002194,LOT-00558,L3,BNK-L3-2,PET-SD,3719
CON-002195,LOT-00558,L3,BNK-L3-3,MB-SL,500
CON-002196,LOT-00558,L3,BNK-L3-4,MB-UV,253
CON-002197,LOT-00559,L4,BNK-L4-1,PET-BR,19009
CON-002198,LOT-00559,L4,BNK-L4-2,PET-CO,4214
CON-002199,LOT-00559,L4,BNK-L4-3,MB-WH,354
CON-002200,LOT-00559,L4,BNK-L4-4,MB-UV,358
CON-002201,LOT-00560,L4,BNK-L4-1,PET-BR,19127
CON-002202,LOT-00560,L4,BNK-L4-2,PET-CO,4240
CON-002203,LOT-00560,L4,BNK-L4-3,MB-WH,356
CON-002204,LOT-00560,L4,BNK-L4-4,MB-UV,360
CON-002205,LOT-00561,L5,BNK-L5-1,NY6-F,11064
CON-002206,LOT-00561,L5,BNK-L5-2,NY6-H,2970
CON-002207,LOT-00561,L5,BNK-L5-3,MB-NA,286
CON-002208,LOT-00561,L5,BNK-L5-4,MB-NS,139
CON-002209,LOT-00562,L5,BNK-L5-1,NY6-F,11171
CON-002210,LOT-00562,L5,BNK-L5-2,NY6-H,2999
CON-002211,LOT-00562,L5,BNK-L5-3,MB-NA,288
CON-002212,LOT-00562,L5,BNK-L5-4,MB-NS,140
CON-002213,LOT-00563,L6,BNK-L6-1,NY6-F,10798
CON-002214,LOT-00563,L6,BNK-L6-2,NY6-H,2299
CON-002215,LOT-00563,L6,BNK-L6-3,MB-NA,199
CON-002216,LOT-00563,L6,BNK-L6-4,MB-NS,129
CON-002217,LOT-00564,L6,BNK-L6-1,NY6-F,10911
CON-002218,LOT-00564,L6,BNK-L6-2,NY6-H,2323
CON-002219,LOT-00564,L6,BNK-L6-3,MB-NA,201
CON-002220,LOT-00564,L6,BNK-L6-4,MB-NS,130
CON-002221,LOT-00565,L1,BNK-L1-1,PET-BR,25619
CON-002222,LOT-00565,L1,BNK-L1-2,PET-SD,804
CON-002223,LOT-00565,L1,BNK-L1-3,MB-AB,520
CON-002224,LOT-00565,L1,BNK-L1-4,MB-SL,263
CON-002225,LOT-00566,L1,BNK-L1-1,PET-BR,25490
CON-002226,LOT-00566,L1,BNK-L1-2,PET-SD,800
CON-002227,LOT-00566,L1,BNK-L1-3,MB-AB,523
CON-002228,LOT-00566,L1,BNK-L1-4,MB-SL,264
CON-002229,LOT-00567,L2,BNK-L2-1,PET-BR,19919
CON-002230,LOT-00567,L2,BNK-L2-2,PET-RC,5580
CON-002231,LOT-00567,L2,BNK-L2-3,MB-AB,375
CON-002232,LOT-00567,L2,BNK-L2-4,MB-WH,253
CON-002233,LOT-00568,L2,BNK-L2-1,PET-BR,20035
CON-002234,LOT-00568,L2,BNK-L2-2,PET-RC,5612
CON-002235,LOT-00568,L2,BNK-L2-3,MB-AB,377
CON-002236,LOT-00568,L2,BNK-L2-4,MB-WH,254
CON-002237,LOT-00569,L3,BNK-L3-1,PET-BR,22362
CON-002238,LOT-00569,L3,BNK-L3-2,PET-SD,2384
CON-002239,LOT-00569,L3,BNK-L3-3,MB-SL,506
CON-002240,LOT-00569,L3,BNK-L3-4,MB-UV,383
CON-002241,LOT-00570,L3,BNK-L3-1,PET-BR,22494
CON-002242,LOT-00570,L3,BNK-L3-2,PET-SD,2398
CON-002243,LOT-00570,L3,BNK-L3-3,MB-SL,509
CON-002244,LOT-00570,L3,BNK-L3-4,MB-UV,386
CON-002245,LOT-00571,L4,BNK-L4-1,PET-BR,18418
CON-002246,LOT-00571,L4,BNK-L4-2,PET-CO,5246
CON-002247,LOT-00571,L4,BNK-L4-3,MB-WH,481
CON-002248,LOT-00571,L4,BNK-L4-4,MB-UV,234
CON-002249,LOT-00572,L4,BNK-L4-1,PET-BR,18532
CON-002250,LOT-00572,L4,BNK-L4-2,PET-CO,5278
CON-002251,LOT-00572,L4,BNK-L4-3,MB-WH,484
CON-002252,LOT-00572,L4,BNK-L4-4,MB-UV,235
CON-002253,LOT-00573,L5,BNK-L5-1,NY6-F,11570
CON-002254,LOT-00573,L5,BNK-L5-2,NY6-H,2636
CON-002255,LOT-00573,L5,BNK-L5-3,MB-NA,216
CON-002256,LOT-00573,L5,BNK-L5-4,MB-NS,140
CON-002257,LOT-00574,L5,BNK-L5-1,NY6-F,11682
CON-002258,LOT-00574,L5,BNK-L5-2,NY6-H,2661
CON-002259,LOT-00574,L5,BNK-L5-3,MB-NA,218
CON-002260,LOT-00574,L5,BNK-L5-4,MB-NS,141
CON-002261,LOT-00575,L6,BNK-L6-1,NY6-F,10594
CON-002262,LOT-00575,L6,BNK-L6-2,NY6-H,2741
CON-002263,LOT-00575,L6,BNK-L6-3,MB-NA,195
CON-002264,LOT-00575,L6,BNK-L6-4,MB-NS,131
CON-002265,LOT-00576,L6,BNK-L6-1,NY6-F,10704
CON-002266,LOT-00576,L6,BNK-L6-2,NY6-H,2769
CON-002267,LOT-00576,L6,BNK-L6-3,MB-NA,197
CON-002268,LOT-00576,L6,BNK-L6-4,MB-NS,133
CON-002269,LOT-00577,L1,BNK-L1-1,PET-BR,25526
CON-002270,LOT-00577,L1,BNK-L1-2,PET-SD,1298
CON-002271,LOT-00577,L1,BNK-L1-3,MB-AB,397
CON-002272,LOT-00577,L1,BNK-L1-4,MB-SL,267
CON-002273,LOT-00578,L1,BNK-L1-1,PET-BR,25669
CON-002274,LOT-00578,L1,BNK-L1-2,PET-SD,1305
CON-002275,LOT-00578,L1,BNK-L1-3,MB-AB,395
CON-002276,LOT-00578,L1,BNK-L1-4,MB-SL,266
CON-002277,LOT-00579,L2,BNK-L2-1,PET-BR,21624
CON-002278,LOT-00579,L2,BNK-L2-2,PET-RC,3408
CON-002279,LOT-00579,L2,BNK-L2-3,MB-AB,509
CON-002280,LOT-00579,L2,BNK-L2-4,MB-WH,257
CON-002281,LOT-00580,L2,BNK-L2-1,PET-BR,21750
CON-002282,LOT-00580,L2,BNK-L2-2,PET-RC,3428
CON-002283,LOT-00580,L2,BNK-L2-3,MB-AB,512
CON-002284,LOT-00580,L2,BNK-L2-4,MB-WH,259
CON-002285,LOT-00581,L3,BNK-L3-1,PET-BR,10625
CON-002286,LOT-00581,L3,BNK-L3-2,PET-SD,15327
CON-002287,LOT-00582,L3,BNK-L3-1,PET-BR,10686
CON-002288,LOT-00582,L3,BNK-L3-2,PET-SD,15416
CON-002289,LOT-00583,L4,BNK-L4-1,PET-BR,19766
CON-002290,LOT-00583,L4,BNK-L4-2,PET-CO,4208
CON-002291,LOT-00583,L4,BNK-L4-3,MB-WH,364
CON-002292,LOT-00583,L4,BNK-L4-4,MB-UV,236
CON-002293,LOT-00584,L4,BNK-L4-1,PET-BR,19887
CON-002294,LOT-00584,L4,BNK-L4-2,PET-CO,4234
CON-002295,LOT-00584,L4,BNK-L4-3,MB-WH,366
CON-002296,LOT-00584,L4,BNK-L4-4,MB-UV,237
CON-002297,LOT-00585,L5,BNK-L5-1,NY6-F,11269
CON-002298,LOT-00585,L5,BNK-L5-2,NY6-H,3189
CON-002299,LOT-00585,L5,BNK-L5-3,MB-NA,211
CON-002300,LOT-00585,L5,BNK-L5-4,MB-NS,142
CON-002301,LOT-00586,L5,BNK-L5-1,NY6-F,11377
CON-002302,LOT-00586,L5,BNK-L5-2,NY6-H,3219
CON-002303,LOT-00586,L5,BNK-L5-3,MB-NA,213
CON-002304,LOT-00586,L5,BNK-L5-4,MB-NS,144
CON-002305,LOT-00587,L6,BNK-L6-1,NY6-F,11524
CON-002306,LOT-00587,L6,BNK-L6-2,NY6-H,1898
CON-002307,LOT-00587,L6,BNK-L6-3,MB-NA,264
CON-002308,LOT-00587,L6,BNK-L6-4,MB-NS,133
CON-002309,LOT-00588,L6,BNK-L6-1,NY6-F,11642
CON-002310,LOT-00588,L6,BNK-L6-2,NY6-H,1918
CON-002311,LOT-00588,L6,BNK-L6-3,MB-NA,267
CON-002312,LOT-00588,L6,BNK-L6-4,MB-NS,135
CON-002313,LOT-00589,L1,BNK-L1-1,PET-BR,25241
CON-002314,LOT-00589,L1,BNK-L1-2,PET-SD,792
CON-002315,LOT-00589,L1,BNK-L1-3,MB-AB,533
CON-002316,LOT-00589,L1,BNK-L1-4,MB-SL,404
CON-002317,LOT-00590,L1,BNK-L1-1,PET-BR,25382
CON-002318,LOT-00590,L1,BNK-L1-2,PET-SD,797
CON-002319,LOT-00590,L1,BNK-L1-3,MB-AB,536
CON-002320,LOT-00590,L1,BNK-L1-4,MB-SL,406
CON-002321,LOT-00591,L2,BNK-L2-1,PET-BR,20869
CON-002322,LOT-00591,L2,BNK-L2-2,PET-RC,4626
CON-002323,LOT-00591,L2,BNK-L2-3,MB-AB,389
CON-002324,LOT-00591,L2,BNK-L2-4,MB-WH,378
CON-002325,LOT-00592,L2,BNK-L2-1,PET-BR,20990
CON-002326,LOT-00592,L2,BNK-L2-2,PET-RC,4653
CON-002327,LOT-00592,L2,BNK-L2-3,MB-AB,391
CON-002328,LOT-00592,L2,BNK-L2-4,MB-WH,380
CON-002329,LOT-00593,L3,BNK-L3-1,PET-BR,22313
CON-002330,LOT-00593,L3,BNK-L3-2,PET-SD,3090
CON-002331,LOT-00593,L3,BNK-L3-3,MB-SL,520
CON-002332,LOT-00593,L3,BNK-L3-4,MB-UV,252
CON-002333,LOT-00594,L3,BNK-L3-1,PET-BR,22442
CON-002334,LOT-00594,L3,BNK-L3-2,PET-SD,3108
CON-002335,LOT-00594,L3,BNK-L3-3,MB-SL,522
CON-002336,LOT-00594,L3,BNK-L3-4,MB-UV,254
CON-002337,LOT-00595,L4,BNK-L4-1,PET-BR,19402
CON-002338,LOT-00595,L4,BNK-L4-2,PET-CO,4897
CON-002339,LOT-00595,L4,BNK-L4-3,MB-WH,475
CON-002340,LOT-00595,L4,BNK-L4-4,MB-UV,240
CON-002341,LOT-00596,L4,BNK-L4-1,PET-BR,19520
CON-002342,LOT-00596,L4,BNK-L4-2,PET-CO,4927
CON-002343,LOT-00596,L4,BNK-L4-3,MB-WH,478
CON-002344,LOT-00596,L4,BNK-L4-4,MB-UV,241
CON-002345,LOT-00597,L5,BNK-L5-1,NY6-F,12412
CON-002346,LOT-00597,L5,BNK-L5-2,NY6-H,2127
CON-002347,LOT-00597,L5,BNK-L5-3,MB-NA,286
CON-002348,LOT-00597,L5,BNK-L5-4,MB-NS,145
CON-002349,LOT-00598,L5,BNK-L5-1,NY6-F,12530
CON-002350,LOT-00598,L5,BNK-L5-2,NY6-H,2148
CON-002351,LOT-00598,L5,BNK-L5-3,MB-NA,289
CON-002352,LOT-00598,L5,BNK-L5-4,MB-NS,146
CON-002353,LOT-00599,L6,BNK-L6-1,NY6-F,10754
CON-002354,LOT-00599,L6,BNK-L6-2,NY6-H,2465
CON-002355,LOT-00599,L6,BNK-L6-3,MB-NA,202
CON-002356,LOT-00599,L6,BNK-L6-4,MB-NS,204
CON-002357,LOT-00600,L6,BNK-L6-1,NY6-F,10746
CON-002358,LOT-00600,L6,BNK-L6-2,NY6-H,2464
CON-002359,LOT-00600,L6,BNK-L6-3,MB-NA,202
CON-002360,LOT-00600,L6,BNK-L6-4,MB-NS,204
CON-002361,LOT-00601,L1,BNK-L1-1,PET-BR,25422
CON-002362,LOT-00601,L1,BNK-L1-2,PET-SD,1344
CON-002363,LOT-00601,L1,BNK-L1-3,MB-AB,407
CON-002364,LOT-00601,L1,BNK-L1-4,MB-SL,263
CON-002365,LOT-00602,L1,BNK-L1-1,PET-BR,25564
CON-002366,LOT-00602,L1,BNK-L1-2,PET-SD,1352
CON-002367,LOT-00602,L1,BNK-L1-3,MB-AB,409
CON-002368,LOT-00602,L1,BNK-L1-4,MB-SL,265
CON-002369,LOT-00603,L2,BNK-L2-1,PET-BR,21549
CON-002370,LOT-00603,L2,BNK-L2-2,PET-RC,4274
CON-002371,LOT-00603,L2,BNK-L2-3,MB-AB,392
CON-002372,LOT-00603,L2,BNK-L2-4,MB-WH,254
CON-002373,LOT-00604,L2,BNK-L2-1,PET-BR,21673
CON-002374,LOT-00604,L2,BNK-L2-2,PET-RC,4299
CON-002375,LOT-00604,L2,BNK-L2-3,MB-AB,394
CON-002376,LOT-00604,L2,BNK-L2-4,MB-WH,255
CON-002377,LOT-00605,L3,BNK-L3-1,PET-BR,23230
CON-002378,LOT-00605,L3,BNK-L3-2,PET-SD,2621
CON-002379,LOT-00605,L3,BNK-L3-3,MB-SL,509
CON-002380,LOT-00605,L3,BNK-L3-4,MB-UV,257
CON-002381,LOT-00606,L3,BNK-L3-1,PET-BR,23363
CON-002382,LOT-00606,L3,BNK-L3-2,PET-SD,2636
CON-002383,LOT-00606,L3,BNK-L3-3,MB-SL,511
CON-002384,LOT-00606,L3,BNK-L3-4,MB-UV,258
CON-002385,LOT-00607,L4,BNK-L4-1,PET-BR,21113
CON-002386,LOT-00607,L4,BNK-L4-2,PET-CO,3478
CON-002387,LOT-00607,L4,BNK-L4-3,MB-WH,484
CON-002388,LOT-00607,L4,BNK-L4-4,MB-UV,244
CON-002389,LOT-00608,L4,BNK-L4-1,PET-BR,21240
CON-002390,LOT-00608,L4,BNK-L4-2,PET-CO,3499
CON-002391,LOT-00608,L4,BNK-L4-3,MB-WH,487
CON-002392,LOT-00608,L4,BNK-L4-4,MB-UV,246
CON-002393,LOT-00609,L5,BNK-L5-1,NY6-F,11573
CON-002394,LOT-00609,L5,BNK-L5-2,NY6-H,2741
CON-002395,LOT-00609,L5,BNK-L5-3,MB-NA,219
CON-002396,LOT-00609,L5,BNK-L5-4,MB-NS,221
CON-002397,LOT-00610,L5,BNK-L5-1,NY6-F,11683
CON-002398,LOT-00610,L5,BNK-L5-2,NY6-H,2767
CON-002399,LOT-00610,L5,BNK-L5-3,MB-NA,221
CON-002400,LOT-00610,L5,BNK-L5-4,MB-NS,223
CON-002401,LOT-00611,L6,BNK-L6-1,NY6-F,10496
CON-002402,LOT-00611,L6,BNK-L6-2,NY6-H,2818
CON-002403,LOT-00611,L6,BNK-L6-3,MB-NA,271
CON-002404,LOT-00611,L6,BNK-L6-4,MB-NS,132
CON-002405,LOT-00612,L6,BNK-L6-1,NY6-F,10603
CON-002406,LOT-00612,L6,BNK-L6-2,NY6-H,2846
CON-002407,LOT-00612,L6,BNK-L6-3,MB-NA,274
CON-002408,LOT-00612,L6,BNK-L6-4,MB-NS,133
CON-002409,LOT-00613,L1,BNK-L1-1,PET-BR,25885
CON-002410,LOT-00613,L1,BNK-L1-2,PET-SD,1084
CON-002411,LOT-00613,L1,BNK-L1-3,MB-AB,410
CON-002412,LOT-00613,L1,BNK-L1-4,MB-SL,265
CON-002413,LOT-00614,L1,BNK-L1-1,PET-BR,26029
CON-002414,LOT-00614,L1,BNK-L1-2,PET-SD,1090
CON-002415,LOT-00614,L1,BNK-L1-3,MB-AB,412
CON-002416,LOT-00614,L1,BNK-L1-4,MB-SL,267
CON-002417,LOT-00615,L2,BNK-L2-1,PET-BR,20888
CON-002418,LOT-00615,L2,BNK-L2-2,PET-RC,5405
CON-002419,LOT-00615,L2,BNK-L2-3,MB-AB,384
CON-002420,LOT-00615,L2,BNK-L2-4,MB-WH,258
CON-002421,LOT-00616,L2,BNK-L2-1,PET-BR,21008
CON-002422,LOT-00616,L2,BNK-L2-2,PET-RC,5435
CON-002423,LOT-00616,L2,BNK-L2-3,MB-AB,386
CON-002424,LOT-00616,L2,BNK-L2-4,MB-WH,260
CON-002425,LOT-00617,L3,BNK-L3-1,PET-BR,22320
CON-002426,LOT-00617,L3,BNK-L3-2,PET-SD,3848
CON-002427,LOT-00617,L3,BNK-L3-3,MB-SL,518
CON-002428,LOT-00617,L3,BNK-L3-4,MB-UV,261
CON-002429,LOT-00618,L3,BNK-L3-1,PET-BR,22448
CON-002430,LOT-00618,L3,BNK-L3-2,PET-SD,3870
CON-002431,LOT-00618,L3,BNK-L3-3,MB-SL,521
CON-002432,LOT-00618,L3,BNK-L3-4,MB-UV,263
CON-002433,LOT-00619,L4,BNK-L4-1,PET-BR,19831
CON-002434,LOT-00619,L4,BNK-L4-2,PET-CO,4396
CON-002435,LOT-00619,L4,BNK-L4-3,MB-WH,370
CON-002436,LOT-00619,L4,BNK-L4-4,MB-UV,373
CON-002437,LOT-00620,L4,BNK-L4-1,PET-BR,19950
CON-002438,LOT-00620,L4,BNK-L4-2,PET-CO,4422
CON-002439,LOT-00620,L4,BNK-L4-3,MB-WH,372
CON-002440,LOT-00620,L4,BNK-L4-4,MB-UV,375
CON-002441,LOT-00621,L5,BNK-L5-1,NY6-F,11482
CON-002442,LOT-00621,L5,BNK-L5-2,NY6-H,3082
CON-002443,LOT-00621,L5,BNK-L5-3,MB-NA,296
CON-002444,LOT-00621,L5,BNK-L5-4,MB-NS,144
CON-002445,LOT-00622,L5,BNK-L5-1,NY6-F,11466
CON-002446,LOT-00622,L5,BNK-L5-2,NY6-H,3078
CON-002447,LOT-00622,L5,BNK-L5-3,MB-NA,296
CON-002448,LOT-00622,L5,BNK-L5-4,MB-NS,144
CON-002449,LOT-00623,L6,BNK-L6-1,NY6-F,11114
CON-002450,LOT-00623,L6,BNK-L6-2,NY6-H,2366
CON-002451,LOT-00623,L6,BNK-L6-3,MB-NA,205
CON-002452,LOT-00623,L6,BNK-L6-4,MB-NS,133
CON-002453,LOT-00624,L6,BNK-L6-1,NY6-F,11227
CON-002454,LOT-00624,L6,BNK-L6-2,NY6-H,2390
CON-002455,LOT-00624,L6,BNK-L6-3,MB-NA,207
CON-002456,LOT-00624,L6,BNK-L6-4,MB-NS,134
CON-002457,LOT-00625,L2,BNK-L2-1,PET-BR,20686
CON-002458,LOT-00625,L2,BNK-L2-2,PET-RC,5795
CON-002459,LOT-00625,L2,BNK-L2-3,MB-AB,390
CON-002460,LOT-00625,L2,BNK-L2-4,MB-WH,262
CON-002461,LOT-00626,L2,BNK-L2-1,PET-BR,20803
CON-002462,LOT-00626,L2,BNK-L2-2,PET-RC,5828
CON-002463,LOT-00626,L2,BNK-L2-3,MB-AB,392
CON-002464,LOT-00626,L2,BNK-L2-4,MB-WH,264
CON-002465,LOT-00627,L3,BNK-L3-1,PET-BR,23225
CON-002466,LOT-00627,L3,BNK-L3-2,PET-SD,2476
CON-002467,LOT-00627,L3,BNK-L3-3,MB-SL,526
CON-002468,LOT-00627,L3,BNK-L3-4,MB-UV,398
CON-002469,LOT-00628,L3,BNK-L3-1,PET-BR,23357
CON-002470,LOT-00628,L3,BNK-L3-2,PET-SD,2490
CON-002471,LOT-00628,L3,BNK-L3-3,MB-SL,529
CON-002472,LOT-00628,L3,BNK-L3-4,MB-UV,400
CON-002473,LOT-00629,L4,BNK-L4-1,PET-BR,19171
CON-002474,LOT-00629,L4,BNK-L4-2,PET-CO,5460
CON-002475,LOT-00629,L4,BNK-L4-3,MB-WH,501
CON-002476,LOT-00629,L4,BNK-L4-4,MB-UV,243
CON-002477,LOT-00630,L4,BNK-L4-1,PET-BR,19285
CON-002478,LOT-00630,L4,BNK-L4-2,PET-CO,5493
CON-002479,LOT-00630,L4,BNK-L4-3,MB-WH,504
CON-002480,LOT-00630,L4,BNK-L4-4,MB-UV,245
CON-002481,LOT-00631,L5,BNK-L5-1,NY6-F,11982
CON-002482,LOT-00631,L5,BNK-L5-2,NY6-H,2730
CON-002483,LOT-00631,L5,BNK-L5-3,MB-NA,223
CON-002484,LOT-00631,L5,BNK-L5-4,MB-NS,145
CON-002485,LOT-00632,L5,BNK-L5-1,NY6-F,12095
CON-002486,LOT-00632,L5,BNK-L5-2,NY6-H,2755
CON-002487,LOT-00632,L5,BNK-L5-3,MB-NA,226
CON-002488,LOT-00632,L5,BNK-L5-4,MB-NS,146
CON-002489,LOT-00633,L6,BNK-L6-1,NY6-F,10881
CON-002490,LOT-00633,L6,BNK-L6-2,NY6-H,2816
CON-002491,LOT-00633,L6,BNK-L6-3,MB-NA,200
CON-002492,LOT-00633,L6,BNK-L6-4,MB-NS,135
CON-002493,LOT-00634,L6,BNK-L6-1,NY6-F,10991
CON-002494,LOT-00634,L6,BNK-L6-2,NY6-H,2844
CON-002495,LOT-00634,L6,BNK-L6-3,MB-NA,202
CON-002496,LOT-00634,L6,BNK-L6-4,MB-NS,136
CON-002497,LOT-00635,L1,BNK-L1-1,PET-BR,25253
CON-002498,LOT-00635,L1,BNK-L1-2,PET-SD,1284
CON-002499,LOT-00635,L1,BNK-L1-3,MB-AB,389
CON-002500,LOT-00635,L1,BNK-L1-4,MB-SL,262
CON-002501,LOT-00636,L1,BNK-L1-1,PET-BR,25397
CON-002502,LOT-00636,L1,BNK-L1-2,PET-SD,1291
CON-002503,LOT-00636,L1,BNK-L1-3,MB-AB,391
CON-002504,LOT-00636,L1,BNK-L1-4,MB-SL,263
CON-002505,LOT-00637,L3,BNK-L3-1,PET-BR,10485
CON-002506,LOT-00637,L3,BNK-L3-2,PET-SD,15126
CON-002507,LOT-00638,L3,BNK-L3-1,PET-BR,10547
CON-002508,LOT-00638,L3,BNK-L3-2,PET-SD,15214
CON-002509,LOT-00639,L4,BNK-L4-1,PET-BR,19489
CON-002510,LOT-00639,L4,BNK-L4-2,PET-CO,4149
CON-002511,LOT-00639,L4,BNK-L4-3,MB-WH,359
CON-002512,LOT-00639,L4,BNK-L4-4,MB-UV,232
CON-002513,LOT-00640,L4,BNK-L4-1,PET-BR,19610
CON-002514,LOT-00640,L4,BNK-L4-2,PET-CO,4175
CON-002515,LOT-00640,L4,BNK-L4-3,MB-WH,361
CON-002516,LOT-00640,L4,BNK-L4-4,MB-UV,234
CON-002517,LOT-00641,L5,BNK-L5-1,NY6-F,11134
CON-002518,LOT-00641,L5,BNK-L5-2,NY6-H,3150
CON-002519,LOT-00641,L5,BNK-L5-3,MB-NA,209
CON-002520,LOT-00641,L5,BNK-L5-4,MB-NS,140
CON-002521,LOT-00642,L5,BNK-L5-1,NY6-F,11242
CON-002522,LOT-00642,L5,BNK-L5-2,NY6-H,3181
CON-002523,LOT-00642,L5,BNK-L5-3,MB-NA,211
CON-002524,LOT-00642,L5,BNK-L5-4,MB-NS,142
CON-002525,LOT-00643,L6,BNK-L6-1,NY6-F,11374
CON-002526,LOT-00643,L6,BNK-L6-2,NY6-H,1874
CON-002527,LOT-00643,L6,BNK-L6-3,MB-NA,261
CON-002528,LOT-00643,L6,BNK-L6-4,MB-NS,132
CON-002529,LOT-00644,L6,BNK-L6-1,NY6-F,11371
CON-002530,LOT-00644,L6,BNK-L6-2,NY6-H,1873
CON-002531,LOT-00644,L6,BNK-L6-3,MB-NA,261
CON-002532,LOT-00644,L6,BNK-L6-4,MB-NS,132
CON-002533,LOT-00645,L1,BNK-L1-1,PET-BR,24926
CON-002534,LOT-00645,L1,BNK-L1-2,PET-SD,783
CON-002535,LOT-00645,L1,BNK-L1-3,MB-AB,526
CON-002536,LOT-00645,L1,BNK-L1-4,MB-SL,399
CON-002537,LOT-00646,L1,BNK-L1-1,PET-BR,25067
CON-002538,LOT-00646,L1,BNK-L1-2,PET-SD,787
CON-002539,LOT-00646,L1,BNK-L1-3,MB-AB,529
CON-002540,LOT-00646,L1,BNK-L1-4,MB-SL,401
CON-002541,LOT-00647,L2,BNK-L2-1,PET-BR,20597
CON-002542,LOT-00647,L2,BNK-L2-2,PET-RC,4566
CON-002543,LOT-00647,L2,BNK-L2-3,MB-AB,384
CON-002544,LOT-00647,L2,BNK-L2-4,MB-WH,373
CON-002545,LOT-00648,L2,BNK-L2-1,PET-BR,20718
CON-002546,LOT-00648,L2,BNK-L2-2,PET-RC,4592
CON-002547,LOT-00648,L2,BNK-L2-3,MB-AB,386
CON-002548,LOT-00648,L2,BNK-L2-4,MB-WH,375
CON-002549,LOT-00649,L4,BNK-L4-1,PET-BR,19094
CON-002550,LOT-00649,L4,BNK-L4-2,PET-CO,4820
CON-002551,LOT-00649,L4,BNK-L4-3,MB-WH,468
CON-002552,LOT-00649,L4,BNK-L4-4,MB-UV,236
CON-002553,LOT-00650,L4,BNK-L4-1,PET-BR,19212
CON-002554,LOT-00650,L4,BNK-L4-2,PET-CO,4849
CON-002555,LOT-00650,L4,BNK-L4-3,MB-WH,471
CON-002556,LOT-00650,L4,BNK-L4-4,MB-UV,238
CON-002557,LOT-00651,L5,BNK-L5-1,NY6-F,12240
CON-002558,LOT-00651,L5,BNK-L5-2,NY6-H,2098
CON-002559,LOT-00651,L5,BNK-L5-3,MB-NA,282
CON-002560,LOT-00651,L5,BNK-L5-4,MB-NS,143
CON-002561,LOT-00652,L5,BNK-L5-1,NY6-F,12359
CON-002562,LOT-00652,L5,BNK-L5-2,NY6-H,2118
CON-002563,LOT-00652,L5,BNK-L5-3,MB-NA,285
CON-002564,LOT-00652,L5,BNK-L5-4,MB-NS,144
CON-002565,LOT-00653,L6,BNK-L6-1,NY6-F,10595
CON-002566,LOT-00653,L6,BNK-L6-2,NY6-H,2429
CON-002567,LOT-00653,L6,BNK-L6-3,MB-NA,199
CON-002568,LOT-00653,L6,BNK-L6-4,MB-NS,201
CON-002569,LOT-00654,L6,BNK-L6-1,NY6-F,10704
CON-002570,LOT-00654,L6,BNK-L6-2,NY6-H,2454
CON-002571,LOT-00654,L6,BNK-L6-3,MB-NA,201
CON-002572,LOT-00654,L6,BNK-L6-4,MB-NS,203
CON-002573,LOT-00655,L1,BNK-L1-1,PET-BR,25057
CON-002574,LOT-00655,L1,BNK-L1-2,PET-SD,1325
CON-002575,LOT-00655,L1,BNK-L1-3,MB-AB,401
CON-002576,LOT-00655,L1,BNK-L1-4,MB-SL,260
CON-002577,LOT-00656,L1,BNK-L1-1,PET-BR,25199
CON-002578,LOT-00656,L1,BNK-L1-2,PET-SD,1332
CON-002579,LOT-00656,L1,BNK-L1-3,MB-AB,403
CON-002580,LOT-00656,L1,BNK-L1-4,MB-SL,261
CON-002581,LOT-00657,L2,BNK-L2-1,PET-BR,21228
CON-002582,LOT-00657,L2,BNK-L2-2,PET-RC,4211
CON-002583,LOT-00657,L2,BNK-L2-3,MB-AB,386
CON-002584,LOT-00657,L2,BNK-L2-4,MB-WH,250
CON-002585,LOT-00658,L2,BNK-L2-1,PET-BR,21352
CON-002586,LOT-00658,L2,BNK-L2-2,PET-RC,4235
CON-002587,LOT-00658,L2,BNK-L2-3,MB-AB,388
CON-002588,LOT-00658,L2,BNK-L2-4,MB-WH,251
CON-002589,LOT-00659,L3,BNK-L3-1,PET-BR,22885
CON-002590,LOT-00659,L3,BNK-L3-2,PET-SD,2582
CON-002591,LOT-00659,L3,BNK-L3-3,MB-SL,501
CON-002592,LOT-00659,L3,BNK-L3-4,MB-UV,253
CON-002593,LOT-00660,L3,BNK-L3-1,PET-BR,23018
CON-002594,LOT-00660,L3,BNK-L3-2,PET-SD,2597
CON-002595,LOT-00660,L3,BNK-L3-3,MB-SL,504
CON-002596,LOT-00660,L3,BNK-L3-4,MB-UV,254
CON-002597,LOT-00661,L5,BNK-L5-1,NY6-F,11391
CON-002598,LOT-00661,L5,BNK-L5-2,NY6-H,2698
CON-002599,LOT-00661,L5,BNK-L5-3,MB-NA,215
CON-002600,LOT-00661,L5,BNK-L5-4,MB-NS,217
CON-002601,LOT-00662,L5,BNK-L5-1,NY6-F,11501
CON-002602,LOT-00662,L5,BNK-L5-2,NY6-H,2724
CON-002603,LOT-00662,L5,BNK-L5-3,MB-NA,217
CON-002604,LOT-00662,L5,BNK-L5-4,MB-NS,219
CON-002605,LOT-00663,L6,BNK-L6-1,NY6-F,10433
CON-002606,LOT-00663,L6,BNK-L6-2,NY6-H,2801
CON-002607,LOT-00663,L6,BNK-L6-3,MB-NA,269
CON-002608,LOT-00663,L6,BNK-L6-4,MB-NS,131
CON-002609,LOT-00664,L6,BNK-L6-1,NY6-F,10541
CON-002610,LOT-00664,L6,BNK-L6-2,NY6-H,2829
CON-002611,LOT-00664,L6,BNK-L6-3,MB-NA,272
CON-002612,LOT-00664,L6,BNK-L6-4,MB-NS,132
CON-002613,LOT-00665,L1,BNK-L1-1,PET-BR,25466
CON-002614,LOT-00665,L1,BNK-L1-2,PET-SD,1066
CON-002615,LOT-00665,L1,BNK-L1-3,MB-AB,408
CON-002616,LOT-00665,L1,BNK-L1-4,MB-SL,264
CON-002617,LOT-00666,L1,BNK-L1-1,PET-BR,25609
CON-002618,LOT-00666,L1,BNK-L1-2,PET-SD,1072
CON-002619,LOT-00666,L1,BNK-L1-3,MB-AB,406
CON-002620,LOT-00666,L1,BNK-L1-4,MB-SL,263
CON-002621,LOT-00667,L2,BNK-L2-1,PET-BR,20540
CON-002622,LOT-00667,L2,BNK-L2-2,PET-RC,5315
CON-002623,LOT-00667,L2,BNK-L2-3,MB-AB,377
CON-002624,LOT-00667,L2,BNK-L2-4,MB-WH,254
CON-002625,LOT-00668,L2,BNK-L2-1,PET-BR,20659
CON-002626,LOT-00668,L2,BNK-L2-2,PET-RC,5345
CON-002627,LOT-00668,L2,BNK-L2-3,MB-AB,379
CON-002628,LOT-00668,L2,BNK-L2-4,MB-WH,255
CON-002629,LOT-00669,L3,BNK-L3-1,PET-BR,21949
CON-002630,LOT-00669,L3,BNK-L3-2,PET-SD,3784
CON-002631,LOT-00669,L3,BNK-L3-3,MB-SL,509
CON-002632,LOT-00669,L3,BNK-L3-4,MB-UV,257
CON-002633,LOT-00670,L3,BNK-L3-1,PET-BR,22075
CON-002634,LOT-00670,L3,BNK-L3-2,PET-SD,3806
CON-002635,LOT-00670,L3,BNK-L3-3,MB-SL,512
CON-002636,LOT-00670,L3,BNK-L3-4,MB-UV,258
CON-002637,LOT-00671,L4,BNK-L4-1,PET-BR,19482
CON-002638,LOT-00671,L4,BNK-L4-2,PET-CO,4319
CON-002639,LOT-00671,L4,BNK-L4-3,MB-WH,363
CON-002640,LOT-00671,L4,BNK-L4-4,MB-UV,367
CON-002641,LOT-00672,L4,BNK-L4-1,PET-BR,19601
CON-002642,LOT-00672,L4,BNK-L4-2,PET-CO,4345
CON-002643,LOT-00672,L4,BNK-L4-3,MB-WH,365
CON-002644,LOT-00672,L4,BNK-L4-4,MB-UV,369
CON-002645,LOT-00673,L6,BNK-L6-1,NY6-F,11027
CON-002646,LOT-00673,L6,BNK-L6-2,NY6-H,2348
CON-002647,LOT-00673,L6,BNK-L6-3,MB-NA,203
CON-002648,LOT-00673,L6,BNK-L6-4,MB-NS,132
CON-002649,LOT-00674,L6,BNK-L6-1,NY6-F,11140
CON-002650,LOT-00674,L6,BNK-L6-2,NY6-H,2372
CON-002651,LOT-00674,L6,BNK-L6-3,MB-NA,205
CON-002652,LOT-00674,L6,BNK-L6-4,MB-NS,133
CON-002653,LOT-00675,L1,BNK-L1-1,PET-BR,26143
CON-002654,LOT-00675,L1,BNK-L1-2,PET-SD,821
CON-002655,LOT-00675,L1,BNK-L1-3,MB-AB,531
CON-002656,LOT-00675,L1,BNK-L1-4,MB-SL,268
CON-002657,LOT-00676,L1,BNK-L1-1,PET-BR,26009
CON-002658,LOT-00676,L1,BNK-L1-2,PET-SD,816
CON-002659,LOT-00676,L1,BNK-L1-3,MB-AB,534
CON-002660,LOT-00676,L1,BNK-L1-4,MB-SL,270
CON-002661,LOT-00677,L2,BNK-L2-1,PET-BR,20343
CON-002662,LOT-00677,L2,BNK-L2-2,PET-RC,5698
CON-002663,LOT-00677,L2,BNK-L2-3,MB-AB,383
CON-002664,LOT-00677,L2,BNK-L2-4,MB-WH,258
CON-002665,LOT-00678,L2,BNK-L2-1,PET-BR,20460
CON-002666,LOT-00678,L2,BNK-L2-2,PET-RC,5731
CON-002667,LOT-00678,L2,BNK-L2-3,MB-AB,385
CON-002668,LOT-00678,L2,BNK-L2-4,MB-WH,260
CON-002669,LOT-00679,L3,BNK-L3-1,PET-BR,22839
CON-002670,LOT-00679,L3,BNK-L3-2,PET-SD,2435
CON-002671,LOT-00679,L3,BNK-L3-3,MB-SL,517
CON-002672,LOT-00679,L3,BNK-L3-4,MB-UV,392
CON-002673,LOT-00680,L3,BNK-L3-1,PET-BR,22970
CON-002674,LOT-00680,L3,BNK-L3-2,PET-SD,2449
CON-002675,LOT-00680,L3,BNK-L3-3,MB-SL,520
CON-002676,LOT-00680,L3,BNK-L3-4,MB-UV,394
CON-002677,LOT-00681,L4,BNK-L4-1,PET-BR,18836
CON-002678,LOT-00681,L4,BNK-L4-2,PET-CO,5365
CON-002679,LOT-00681,L4,BNK-L4-3,MB-WH,492
CON-002680,LOT-00681,L4,BNK-L4-4,MB-UV,239
CON-002681,LOT-00682,L4,BNK-L4-1,PET-BR,18950
CON-002682,LOT-00682,L4,BNK-L4-2,PET-CO,5397
CON-002683,LOT-00682,L4,BNK-L4-3,MB-WH,495
CON-002684,LOT-00682,L4,BNK-L4-4,MB-UV,240
CON-002685,LOT-00683,L5,BNK-L5-1,NY6-F,11796
CON-002686,LOT-00683,L5,BNK-L5-2,NY6-H,2687
CON-002687,LOT-00683,L5,BNK-L5-3,MB-NA,220
CON-002688,LOT-00683,L5,BNK-L5-4,MB-NS,142
CON-002689,LOT-00684,L5,BNK-L5-1,NY6-F,11909
CON-002690,LOT-00684,L5,BNK-L5-2,NY6-H,2713
CON-002691,LOT-00684,L5,BNK-L5-3,MB-NA,222
CON-002692,LOT-00684,L5,BNK-L5-4,MB-NS,144
CON-002693,LOT-00685,L1,BNK-L1-1,PET-BR,26271
CON-002694,LOT-00685,L1,BNK-L1-2,PET-SD,1336
CON-002695,LOT-00685,L1,BNK-L1-3,MB-AB,404
CON-002696,LOT-00685,L1,BNK-L1-4,MB-SL,272
CON-002697,LOT-00686,L1,BNK-L1-1,PET-BR,26416
CON-002698,LOT-00686,L1,BNK-L1-2,PET-SD,1343
CON-002699,LOT-00686,L1,BNK-L1-3,MB-AB,407
CON-002700,LOT-00686,L1,BNK-L1-4,MB-SL,274
CON-002701,LOT-00687,L2,BNK-L2-1,PET-BR,22037
CON-002702,LOT-00687,L2,BNK-L2-2,PET-RC,3474
CON-002703,LOT-00687,L2,BNK-L2-3,MB-AB,525
CON-002704,LOT-00687,L2,BNK-L2-4,MB-WH,265
CON-002705,LOT-00688,L2,BNK-L2-1,PET-BR,22164
CON-002706,LOT-00688,L2,BNK-L2-2,PET-RC,3493
CON-002707,LOT-00688,L2,BNK-L2-3,MB-AB,522
CON-002708,LOT-00688,L2,BNK-L2-4,MB-WH,264
CON-002709,LOT-00689,L3,BNK-L3-1,PET-BR,10828
CON-002710,LOT-00689,L3,BNK-L3-2,PET-SD,15621
CON-002711,LOT-00690,L3,BNK-L3-1,PET-BR,10890
CON-002712,LOT-00690,L3,BNK-L3-2,PET-SD,15710
CON-002713,LOT-00691,L4,BNK-L4-1,PET-BR,20172
CON-002714,LOT-00691,L4,BNK-L4-2,PET-CO,4295
CON-002715,LOT-00691,L4,BNK-L4-3,MB-WH,371
CON-002716,LOT-00691,L4,BNK-L4-4,MB-UV,240
CON-002717,LOT-00692,L4,BNK-L4-1,PET-BR,20293
CON-002718,LOT-00692,L4,BNK-L4-2,PET-CO,4321
CON-002719,LOT-00692,L4,BNK-L4-3,MB-WH,374
CON-002720,LOT-00692,L4,BNK-L4-4,MB-UV,242
CON-002721,LOT-00693,L5,BNK-L5-1,NY6-F,11465
CON-002722,LOT-00693,L5,BNK-L5-2,NY6-H,3244
CON-002723,LOT-00693,L5,BNK-L5-3,MB-NA,215
CON-002724,LOT-00693,L5,BNK-L5-4,MB-NS,145
CON-002725,LOT-00694,L5,BNK-L5-1,NY6-F,11573
CON-002726,LOT-00694,L5,BNK-L5-2,NY6-H,3275
CON-002727,LOT-00694,L5,BNK-L5-3,MB-NA,217
CON-002728,LOT-00694,L5,BNK-L5-4,MB-NS,146
CON-002729,LOT-00695,L6,BNK-L6-1,NY6-F,11742
CON-002730,LOT-00695,L6,BNK-L6-2,NY6-H,1934
CON-002731,LOT-00695,L6,BNK-L6-3,MB-NA,269
CON-002732,LOT-00695,L6,BNK-L6-4,MB-NS,136
CON-002733,LOT-00696,L6,BNK-L6-1,NY6-F,11860
CON-002734,LOT-00696,L6,BNK-L6-2,NY6-H,1954
CON-002735,LOT-00696,L6,BNK-L6-3,MB-NA,272
CON-002736,LOT-00696,L6,BNK-L6-4,MB-NS,137
CON-002737,LOT-00697,L1,BNK-L1-1,PET-BR,25981
CON-002738,LOT-00697,L1,BNK-L1-2,PET-SD,816
CON-002739,LOT-00697,L1,BNK-L1-3,MB-AB,549
CON-002740,LOT-00697,L1,BNK-L1-4,MB-SL,415
CON-002741,LOT-00698,L1,BNK-L1-1,PET-BR,25841
CON-002742,LOT-00698,L1,BNK-L1-2,PET-SD,811
CON-002743,LOT-00698,L1,BNK-L1-3,MB-AB,552
CON-002744,LOT-00698,L1,BNK-L1-4,MB-SL,418
CON-002745,LOT-00699,L2,BNK-L2-1,PET-BR,21265
CON-002746,LOT-00699,L2,BNK-L2-2,PET-RC,4714
CON-002747,LOT-00699,L2,BNK-L2-3,MB-AB,396
CON-002748,LOT-00699,L2,BNK-L2-4,MB-WH,385
CON-002749,LOT-00700,L2,BNK-L2-1,PET-BR,21386
CON-002750,LOT-00700,L2,BNK-L2-2,PET-RC,4741
CON-002751,LOT-00700,L2,BNK-L2-3,MB-AB,399
CON-002752,LOT-00700,L2,BNK-L2-4,MB-WH,387
CON-002753,LOT-00701,L3,BNK-L3-1,PET-BR,22736
CON-002754,LOT-00701,L3,BNK-L3-2,PET-SD,3149
CON-002755,LOT-00701,L3,BNK-L3-3,MB-SL,529
CON-002756,LOT-00701,L3,BNK-L3-4,MB-UV,257
CON-002757,LOT-00702,L3,BNK-L3-1,PET-BR,22866
CON-002758,LOT-00702,L3,BNK-L3-2,PET-SD,3167
CON-002759,LOT-00702,L3,BNK-L3-3,MB-SL,532
CON-002760,LOT-00702,L3,BNK-L3-4,MB-UV,259
CON-002761,LOT-00703,L4,BNK-L4-1,PET-BR,19797
CON-002762,LOT-00703,L4,BNK-L4-2,PET-CO,4997
CON-002763,LOT-00703,L4,BNK-L4-3,MB-WH,485
CON-002764,LOT-00703,L4,BNK-L4-4,MB-UV,245
CON-002765,LOT-00704,L4,BNK-L4-1,PET-BR,19915
CON-002766,LOT-00704,L4,BNK-L4-2,PET-CO,5027
CON-002767,LOT-00704,L4,BNK-L4-3,MB-WH,488
CON-002768,LOT-00704,L4,BNK-L4-4,MB-UV,246
CON-002769,LOT-00705,L5,BNK-L5-1,NY6-F,12627
CON-002770,LOT-00705,L5,BNK-L5-2,NY6-H,2164
CON-002771,LOT-00705,L5,BNK-L5-3,MB-NA,291
CON-002772,LOT-00705,L5,BNK-L5-4,MB-NS,147
CON-002773,LOT-00706,L5,BNK-L5-1,NY6-F,12745
CON-002774,LOT-00706,L5,BNK-L5-2,NY6-H,2184
CON-002775,LOT-00706,L5,BNK-L5-3,MB-NA,294
CON-002776,LOT-00706,L5,BNK-L5-4,MB-NS,149
CON-002777,LOT-00707,L6,BNK-L6-1,NY6-F,10956
CON-002778,LOT-00707,L6,BNK-L6-2,NY6-H,2511
CON-002779,LOT-00707,L6,BNK-L6-3,MB-NA,206
CON-002780,LOT-00707,L6,BNK-L6-4,MB-NS,208
CON-002781,LOT-00708,L6,BNK-L6-1,NY6-F,11066
CON-002782,LOT-00708,L6,BNK-L6-2,NY6-H,2537
CON-002783,LOT-00708,L6,BNK-L6-3,MB-NA,208
CON-002784,LOT-00708,L6,BNK-L6-4,MB-NS,210
CON-002785,LOT-00709,L1,BNK-L1-1,PET-BR,24694
CON-002786,LOT-00709,L1,BNK-L1-2,PET-SD,1306
CON-002787,LOT-00709,L1,BNK-L1-3,MB-AB,399
CON-002788,LOT-00709,L1,BNK-L1-4,MB-SL,259
CON-002789,LOT-00710,L1,BNK-L1-1,PET-BR,24834
CON-002790,LOT-00710,L1,BNK-L1-2,PET-SD,1313
CON-002791,LOT-00710,L1,BNK-L1-3,MB-AB,397
CON-002792,LOT-00710,L1,BNK-L1-4,MB-SL,257
CON-002793,LOT-00711,L2,BNK-L2-1,PET-BR,20909
CON-002794,LOT-00711,L2,BNK-L2-2,PET-RC,4147
CON-002795,LOT-00711,L2,BNK-L2-3,MB-AB,380
CON-002796,LOT-00711,L2,BNK-L2-4,MB-WH,246
CON-002797,LOT-00712,L2,BNK-L2-1,PET-BR,21032
CON-002798,LOT-00712,L2,BNK-L2-2,PET-RC,4172
CON-002799,LOT-00712,L2,BNK-L2-3,MB-AB,383
CON-002800,LOT-00712,L2,BNK-L2-4,MB-WH,248
CON-002801,LOT-00713,L3,BNK-L3-1,PET-BR,22540
CON-002802,LOT-00713,L3,BNK-L3-2,PET-SD,2543
CON-002803,LOT-00713,L3,BNK-L3-3,MB-SL,493
CON-002804,LOT-00713,L3,BNK-L3-4,MB-UV,249
CON-002805,LOT-00714,L3,BNK-L3-1,PET-BR,22673
CON-002806,LOT-00714,L3,BNK-L3-2,PET-SD,2558
CON-002807,LOT-00714,L3,BNK-L3-3,MB-SL,496
CON-002808,LOT-00714,L3,BNK-L3-4,MB-UV,251
CON-002809,LOT-00715,L4,BNK-L4-1,PET-BR,20449
CON-002810,LOT-00715,L4,BNK-L4-2,PET-CO,3368
CON-002811,LOT-00715,L4,BNK-L4-3,MB-WH,469
CON-002812,LOT-00715,L4,BNK-L4-4,MB-UV,237
CON-002813,LOT-00716,L4,BNK-L4-1,PET-BR,20576
CON-002814,LOT-00716,L4,BNK-L4-2,PET-CO,3389
CON-002815,LOT-00716,L4,BNK-L4-3,MB-WH,472
CON-002816,LOT-00716,L4,BNK-L4-4,MB-UV,238
CON-002817,LOT-00717,L5,BNK-L5-1,NY6-F,11255
CON-002818,LOT-00717,L5,BNK-L5-2,NY6-H,2666
CON-002819,LOT-00717,L5,BNK-L5-3,MB-NA,213
CON-002820,LOT-00717,L5,BNK-L5-4,MB-NS,215
CON-002821,LOT-00718,L5,BNK-L5-1,NY6-F,11364
CON-002822,LOT-00718,L5,BNK-L5-2,NY6-H,2692
CON-002823,LOT-00718,L5,BNK-L5-3,MB-NA,215
CON-002824,LOT-00718,L5,BNK-L5-4,MB-NS,217
CON-002825,LOT-00719,L6,BNK-L6-1,NY6-F,10298
CON-002826,LOT-00719,L6,BNK-L6-2,NY6-H,2764
CON-002827,LOT-00719,L6,BNK-L6-3,MB-NA,266
CON-002828,LOT-00719,L6,BNK-L6-4,MB-NS,129
CON-002829,LOT-00720,L6,BNK-L6-1,NY6-F,10405
CON-002830,LOT-00720,L6,BNK-L6-2,NY6-H,2793
CON-002831,LOT-00720,L6,BNK-L6-3,MB-NA,269
CON-002832,LOT-00720,L6,BNK-L6-4,MB-NS,130
CON-002833,LOT-00721,L1,BNK-L1-1,PET-BR,25148
CON-002834,LOT-00721,L1,BNK-L1-2,PET-SD,1053
CON-002835,LOT-00721,L1,BNK-L1-3,MB-AB,398
CON-002836,LOT-00721,L1,BNK-L1-4,MB-SL,258
CON-002837,LOT-00722,L1,BNK-L1-1,PET-BR,25291
CON-002838,LOT-00722,L1,BNK-L1-2,PET-SD,1059
CON-002839,LOT-00722,L1,BNK-L1-3,MB-AB,400
CON-002840,LOT-00722,L1,BNK-L1-4,MB-SL,259
CON-002841,LOT-00723,L2,BNK-L2-1,PET-BR,20272
CON-002842,LOT-00723,L2,BNK-L2-2,PET-RC,5245
CON-002843,LOT-00723,L2,BNK-L2-3,MB-AB,372
CON-002844,LOT-00723,L2,BNK-L2-4,MB-WH,251
CON-002845,LOT-00724,L2,BNK-L2-1,PET-BR,20391
CON-002846,LOT-00724,L2,BNK-L2-2,PET-RC,5276
CON-002847,LOT-00724,L2,BNK-L2-3,MB-AB,375
CON-002848,LOT-00724,L2,BNK-L2-4,MB-WH,252
CON-002849,LOT-00725,L3,BNK-L3-1,PET-BR,21662
CON-002850,LOT-00725,L3,BNK-L3-2,PET-SD,3734
CON-002851,LOT-00725,L3,BNK-L3-3,MB-SL,502
CON-002852,LOT-00725,L3,BNK-L3-4,MB-UV,254
CON-002853,LOT-00726,L3,BNK-L3-1,PET-BR,21789
CON-002854,LOT-00726,L3,BNK-L3-2,PET-SD,3756
CON-002855,LOT-00726,L3,BNK-L3-3,MB-SL,505
CON-002856,LOT-00726,L3,BNK-L3-4,MB-UV,255
CON-002857,LOT-00727,L4,BNK-L4-1,PET-BR,19211
CON-002858,LOT-00727,L4,BNK-L4-2,PET-CO,4259
CON-002859,LOT-00727,L4,BNK-L4-3,MB-WH,358
CON-002860,LOT-00727,L4,BNK-L4-4,MB-UV,361
CON-002861,LOT-00728,L4,BNK-L4-1,PET-BR,19329
CON-002862,LOT-00728,L4,BNK-L4-2,PET-CO,4285
CON-002863,LOT-00728,L4,BNK-L4-3,MB-WH,360
CON-002864,LOT-00728,L4,BNK-L4-4,MB-UV,364
CON-002865,LOT-00729,L5,BNK-L5-1,NY6-F,11169
CON-002866,LOT-00729,L5,BNK-L5-2,NY6-H,2998
CON-002867,LOT-00729,L5,BNK-L5-3,MB-NA,288
CON-002868,LOT-00729,L5,BNK-L5-4,MB-NS,140
CON-002869,LOT-00730,L5,BNK-L5-1,NY6-F,11277
CON-002870,LOT-00730,L5,BNK-L5-2,NY6-H,3027
CON-002871,LOT-00730,L5,BNK-L5-3,MB-NA,291
CON-002872,LOT-00730,L5,BNK-L5-4,MB-NS,141
CON-002873,LOT-00731,L6,BNK-L6-1,NY6-F,10907
CON-002874,LOT-00731,L6,BNK-L6-2,NY6-H,2322
CON-002875,LOT-00731,L6,BNK-L6-3,MB-NA,201
CON-002876,LOT-00731,L6,BNK-L6-4,MB-NS,130
CON-002877,LOT-00732,L6,BNK-L6-1,NY6-F,10901
CON-002878,LOT-00732,L6,BNK-L6-2,NY6-H,2321
CON-002879,LOT-00732,L6,BNK-L6-3,MB-NA,201
CON-002880,LOT-00732,L6,BNK-L6-4,MB-NS,130
CON-002881,LOT-00733,L1,BNK-L1-1,PET-BR,25594
CON-002882,LOT-00733,L1,BNK-L1-2,PET-SD,803
CON-002883,LOT-00733,L1,BNK-L1-3,MB-AB,520
CON-002884,LOT-00733,L1,BNK-L1-4,MB-SL,262
CON-002885,LOT-00734,L1,BNK-L1-1,PET-BR,25738
CON-002886,LOT-00734,L1,BNK-L1-2,PET-SD,808
CON-002887,LOT-00734,L1,BNK-L1-3,MB-AB,523
CON-002888,LOT-00734,L1,BNK-L1-4,MB-SL,264
CON-002889,LOT-00735,L2,BNK-L2-1,PET-BR,20119
CON-002890,LOT-00735,L2,BNK-L2-2,PET-RC,5636
CON-002891,LOT-00735,L2,BNK-L2-3,MB-AB,379
CON-002892,LOT-00735,L2,BNK-L2-4,MB-WH,255
CON-002893,LOT-00736,L2,BNK-L2-1,PET-BR,20235
CON-002894,LOT-00736,L2,BNK-L2-2,PET-RC,5669
CON-002895,LOT-00736,L2,BNK-L2-3,MB-AB,381
CON-002896,LOT-00736,L2,BNK-L2-4,MB-WH,257
CON-002897,LOT-00737,L3,BNK-L3-1,PET-BR,22588
CON-002898,LOT-00737,L3,BNK-L3-2,PET-SD,2408
CON-002899,LOT-00737,L3,BNK-L3-3,MB-SL,511
CON-002900,LOT-00737,L3,BNK-L3-4,MB-UV,387
CON-002901,LOT-00738,L3,BNK-L3-1,PET-BR,22720
CON-002902,LOT-00738,L3,BNK-L3-2,PET-SD,2422
CON-002903,LOT-00738,L3,BNK-L3-3,MB-SL,514
CON-002904,LOT-00738,L3,BNK-L3-4,MB-UV,390
CON-002905,LOT-00739,L4,BNK-L4-1,PET-BR,18612
CON-002906,LOT-00739,L4,BNK-L4-2,PET-CO,5301
CON-002907,LOT-00739,L4,BNK-L4-3,MB-WH,486
CON-002908,LOT-00739,L4,BNK-L4-4,MB-UV,236
CON-002909,LOT-00740,L4,BNK-L4-1,PET-BR,18726
CON-002910,LOT-00740,L4,BNK-L4-2,PET-CO,5333
CON-002911,LOT-00740,L4,BNK-L4-3,MB-WH,489
CON-002912,LOT-00740,L4,BNK-L4-4,MB-UV,237
CON-002913,LOT-00741,L5,BNK-L5-1,NY6-F,11680
CON-002914,LOT-00741,L5,BNK-L5-2,NY6-H,2661
CON-002915,LOT-00741,L5,BNK-L5-3,MB-NA,218
CON-002916,LOT-00741,L5,BNK-L5-4,MB-NS,141
CON-002917,LOT-00742,L5,BNK-L5-1,NY6-F,11792
CON-002918,LOT-00742,L5,BNK-L5-2,NY6-H,2686
CON-002919,LOT-00742,L5,BNK-L5-3,MB-NA,220
CON-002920,LOT-00742,L5,BNK-L5-4,MB-NS,142
CON-002921,LOT-00743,L6,BNK-L6-1,NY6-F,10586
CON-002922,LOT-00743,L6,BNK-L6-2,NY6-H,2739
CON-002923,LOT-00743,L6,BNK-L6-3,MB-NA,195
CON-002924,LOT-00743,L6,BNK-L6-4,MB-NS,131
CON-002925,LOT-00744,L6,BNK-L6-1,NY6-F,10695
CON-002926,LOT-00744,L6,BNK-L6-2,NY6-H,2767
CON-002927,LOT-00744,L6,BNK-L6-3,MB-NA,197
CON-002928,LOT-00744,L6,BNK-L6-4,MB-NS,132
CON-002929,LOT-00745,L1,BNK-L1-1,PET-BR,25774
CON-002930,LOT-00745,L1,BNK-L1-2,PET-SD,1310
CON-002931,LOT-00745,L1,BNK-L1-3,MB-AB,397
CON-002932,LOT-00745,L1,BNK-L1-4,MB-SL,267
CON-002933,LOT-00746,L1,BNK-L1-1,PET-BR,25917
CON-002934,LOT-00746,L1,BNK-L1-2,PET-SD,1318
CON-002935,LOT-00746,L1,BNK-L1-3,MB-AB,399
CON-002936,LOT-00746,L1,BNK-L1-4,MB-SL,269
CON-002937,LOT-00747,L2,BNK-L2-1,PET-BR,21841
CON-002938,LOT-00747,L2,BNK-L2-2,PET-RC,3443
CON-002939,LOT-00747,L2,BNK-L2-3,MB-AB,515
CON-002940,LOT-00747,L2,BNK-L2-4,MB-WH,260
CON-002941,LOT-00748,L2,BNK-L2-1,PET-BR,21968
CON-002942,LOT-00748,L2,BNK-L2-2,PET-RC,3462
CON-002943,LOT-00748,L2,BNK-L2-3,MB-AB,517
CON-002944,LOT-00748,L2,BNK-L2-4,MB-WH,261
CON-002945,LOT-00749,L3,BNK-L3-1,PET-BR,10731
CON-002946,LOT-00749,L3,BNK-L3-2,PET-SD,15480
CON-002947,LOT-00750,L3,BNK-L3-1,PET-BR,10793
CON-002948,LOT-00750,L3,BNK-L3-2,PET-SD,15569
CON-002949,LOT-00751,L4,BNK-L4-1,PET-BR,19973
CON-002950,LOT-00751,L4,BNK-L4-2,PET-CO,4252
CON-002951,LOT-00751,L4,BNK-L4-3,MB-WH,368
CON-002952,LOT-00751,L4,BNK-L4-4,MB-UV,238
CON-002953,LOT-00752,L4,BNK-L4-1,PET-BR,20095
CON-002954,LOT-00752,L4,BNK-L4-2,PET-CO,4278
CON-002955,LOT-00752,L4,BNK-L4-3,MB-WH,370
CON-002956,LOT-00752,L4,BNK-L4-4,MB-UV,240
CON-002957,LOT-00753,L5,BNK-L5-1,NY6-F,11375
CON-002958,LOT-00753,L5,BNK-L5-2,NY6-H,3219
CON-002959,LOT-00753,L5,BNK-L5-3,MB-NA,213
CON-002960,LOT-00753,L5,BNK-L5-4,MB-NS,144
CON-002961,LOT-00754,L5,BNK-L5-1,NY6-F,11361
CON-002962,LOT-00754,L5,BNK-L5-2,NY6-H,3215
CON-002963,LOT-00754,L5,BNK-L5-3,MB-NA,213
CON-002964,LOT-00754,L5,BNK-L5-4,MB-NS,143
CON-002965,LOT-00755,L6,BNK-L6-1,NY6-F,11515
CON-002966,LOT-00755,L6,BNK-L6-2,NY6-H,1896
CON-002967,LOT-00755,L6,BNK-L6-3,MB-NA,264
CON-002968,LOT-00755,L6,BNK-L6-4,MB-NS,133
CON-002969,LOT-00756,L6,BNK-L6-1,NY6-F,11633
CON-002970,LOT-00756,L6,BNK-L6-2,NY6-H,1916
CON-002971,LOT-00756,L6,BNK-L6-3,MB-NA,267
CON-002972,LOT-00756,L6,BNK-L6-4,MB-NS,135
CON-002973,LOT-00757,L1,BNK-L1-1,PET-BR,25486
CON-002974,LOT-00757,L1,BNK-L1-2,PET-SD,800
CON-002975,LOT-00757,L1,BNK-L1-3,MB-AB,538
CON-002976,LOT-00757,L1,BNK-L1-4,MB-SL,408
CON-002977,LOT-00758,L1,BNK-L1-1,PET-BR,25628
CON-002978,LOT-00758,L1,BNK-L1-2,PET-SD,805
CON-002979,LOT-00758,L1,BNK-L1-3,MB-AB,541
CON-002980,LOT-00758,L1,BNK-L1-4,MB-SL,410
CON-002981,LOT-00759,L2,BNK-L2-1,PET-BR,21077
CON-002982,LOT-00759,L2,BNK-L2-2,PET-RC,4672
CON-002983,LOT-00759,L2,BNK-L2-3,MB-AB,393
CON-002984,LOT-00759,L2,BNK-L2-4,MB-WH,381
CON-002985,LOT-00760,L2,BNK-L2-1,PET-BR,21198
CON-002986,LOT-00760,L2,BNK-L2-2,PET-RC,4699
CON-002987,LOT-00760,L2,BNK-L2-3,MB-AB,395
CON-002988,LOT-00760,L2,BNK-L2-4,MB-WH,384
CON-002989,LOT-00761,L3,BNK-L3-1,PET-BR,22535
CON-002990,LOT-00761,L3,BNK-L3-2,PET-SD,3121
CON-002991,LOT-00761,L3,BNK-L3-3,MB-SL,525
CON-002992,LOT-00761,L3,BNK-L3-4,MB-UV,255
CON-002993,LOT-00762,L3,BNK-L3-1,PET-BR,22664
CON-002994,LOT-00762,L3,BNK-L3-2,PET-SD,3139
CON-002995,LOT-00762,L3,BNK-L3-3,MB-SL,528
CON-002996,LOT-00762,L3,BNK-L3-4,MB-UV,256
CON-002997,LOT-00763,L4,BNK-L4-1,PET-BR,19603
CON-002998,LOT-00763,L4,BNK-L4-2,PET-CO,4948
CON-002999,LOT-00763,L4,BNK-L4-3,MB-WH,480
CON-003000,LOT-00763,L4,BNK-L4-4,MB-UV,242
CON-003001,LOT-00764,L4,BNK-L4-1,PET-BR,19512
CON-003002,LOT-00764,L4,BNK-L4-2,PET-CO,4926
CON-003003,LOT-00764,L4,BNK-L4-3,MB-WH,483
CON-003004,LOT-00764,L4,BNK-L4-4,MB-UV,244
CON-003005,LOT-00765,L5,BNK-L5-1,NY6-F,12396
CON-003006,LOT-00765,L5,BNK-L5-2,NY6-H,2124
CON-003007,LOT-00765,L5,BNK-L5-3,MB-NA,286
CON-003008,LOT-00765,L5,BNK-L5-4,MB-NS,144
CON-003009,LOT-00766,L5,BNK-L5-1,NY6-F,12513
CON-003010,LOT-00766,L5,BNK-L5-2,NY6-H,2144
CON-003011,LOT-00766,L5,BNK-L5-3,MB-NA,289
CON-003012,LOT-00766,L5,BNK-L5-4,MB-NS,146
CON-003013,LOT-00767,L6,BNK-L6-1,NY6-F,10743
CON-003014,LOT-00767,L6,BNK-L6-2,NY6-H,2463
CON-003015,LOT-00767,L6,BNK-L6-3,MB-NA,202
CON-003016,LOT-00767,L6,BNK-L6-4,MB-NS,204
CON-003017,LOT-00768,L6,BNK-L6-1,NY6-F,10852
CON-003018,LOT-00768,L6,BNK-L6-2,NY6-H,2488
CON-003019,LOT-00768,L6,BNK-L6-3,MB-NA,204
CON-003020,LOT-00768,L6,BNK-L6-4,MB-NS,206
CON-003021,LOT-00769,L1,BNK-L1-1,PET-BR,25668
CON-003022,LOT-00769,L1,BNK-L1-2,PET-SD,1357
CON-003023,LOT-00769,L1,BNK-L1-3,MB-AB,411
CON-003024,LOT-00769,L1,BNK-L1-4,MB-SL,266
CON-003025,LOT-00770,L1,BNK-L1-1,PET-BR,25810
CON-003026,LOT-00770,L1,BNK-L1-2,PET-SD,1365
CON-003027,LOT-00770,L1,BNK-L1-3,MB-AB,413
CON-003028,LOT-00770,L1,BNK-L1-4,MB-SL,267
CON-003029,LOT-00771,L2,BNK-L2-1,PET-BR,21762
CON-003030,LOT-00771,L2,BNK-L2-2,PET-RC,4317
CON-003031,LOT-00771,L2,BNK-L2-3,MB-AB,396
CON-003032,LOT-00771,L2,BNK-L2-4,MB-WH,256
CON-003033,LOT-00772,L2,BNK-L2-1,PET-BR,21887
CON-003034,LOT-00772,L2,BNK-L2-2,PET-RC,4341
CON-003035,LOT-00772,L2,BNK-L2-3,MB-AB,398
CON-003036,LOT-00772,L2,BNK-L2-4,MB-WH,258
CON-003037,LOT-00773,L3,BNK-L3-1,PET-BR,23460
CON-003038,LOT-00773,L3,BNK-L3-2,PET-SD,2647
CON-003039,LOT-00773,L3,BNK-L3-3,MB-SL,514
CON-003040,LOT-00773,L3,BNK-L3-4,MB-UV,259
CON-003041,LOT-00774,L3,BNK-L3-1,PET-BR,23593
CON-003042,LOT-00774,L3,BNK-L3-2,PET-SD,2662
CON-003043,LOT-00774,L3,BNK-L3-3,MB-SL,517
CON-003044,LOT-00774,L3,BNK-L3-4,MB-UV,261
CON-003045,LOT-00775,L4,BNK-L4-1,PET-BR,21105
CON-003046,LOT-00775,L4,BNK-L4-2,PET-CO,3476
CON-003047,LOT-00775,L4,BNK-L4-3,MB-WH,489
CON-003048,LOT-00775,L4,BNK-L4-4,MB-UV,247
CON-003049,LOT-00776,L4,BNK-L4-1,PET-BR,21232
CON-003050,LOT-00776,L4,BNK-L4-2,PET-CO,3497
CON-003051,LOT-00776,L4,BNK-L4-3,MB-WH,487
CON-003052,LOT-00776,L4,BNK-L4-4,MB-UV,246
CON-003053,LOT-00777,L5,BNK-L5-1,NY6-F,11555
CON-003054,LOT-00777,L5,BNK-L5-2,NY6-H,2737
CON-003055,LOT-00777,L5,BNK-L5-3,MB-NA,218
CON-003056,LOT-00777,L5,BNK-L5-4,MB-NS,220
CON-003057,LOT-00778,L5,BNK-L5-1,NY6-F,11664
CON-003058,LOT-00778,L5,BNK-L5-2,NY6-H,2763
CON-003059,LOT-00778,L5,BNK-L5-3,MB-NA,220
CON-003060,LOT-00778,L5,BNK-L5-4,MB-NS,222
CON-003061,LOT-00779,L6,BNK-L6-1,NY6-F,10600
CON-003062,LOT-00779,L6,BNK-L6-2,NY6-H,2845
CON-003063,LOT-00779,L6,BNK-L6-3,MB-NA,274
CON-003064,LOT-00779,L6,BNK-L6-4,MB-NS,133
CON-003065,LOT-00780,L6,BNK-L6-1,NY6-F,10707
CON-003066,LOT-00780,L6,BNK-L6-2,NY6-H,2874
CON-003067,LOT-00780,L6,BNK-L6-3,MB-NA,276
CON-003068,LOT-00780,L6,BNK-L6-4,MB-NS,134
CON-003069,LOT-00781,L1,BNK-L1-1,PET-BR,26134
CON-003070,LOT-00781,L1,BNK-L1-2,PET-SD,1094
CON-003071,LOT-00781,L1,BNK-L1-3,MB-AB,414
CON-003072,LOT-00781,L1,BNK-L1-4,MB-SL,268
CON-003073,LOT-00782,L1,BNK-L1-1,PET-BR,26278
CON-003074,LOT-00782,L1,BNK-L1-2,PET-SD,1100
CON-003075,LOT-00782,L1,BNK-L1-3,MB-AB,416
CON-003076,LOT-00782,L1,BNK-L1-4,MB-SL,269
CON-003077,LOT-00783,L2,BNK-L2-1,PET-BR,21094
CON-003078,LOT-00783,L2,BNK-L2-2,PET-RC,5458
CON-003079,LOT-00783,L2,BNK-L2-3,MB-AB,387
CON-003080,LOT-00783,L2,BNK-L2-4,MB-WH,261
CON-003081,LOT-00784,L2,BNK-L2-1,PET-BR,21214
CON-003082,LOT-00784,L2,BNK-L2-2,PET-RC,5489
CON-003083,LOT-00784,L2,BNK-L2-3,MB-AB,390
CON-003084,LOT-00784,L2,BNK-L2-4,MB-WH,262
CON-003085,LOT-00785,L3,BNK-L3-1,PET-BR,22539
CON-003086,LOT-00785,L3,BNK-L3-2,PET-SD,3886
CON-003087,LOT-00785,L3,BNK-L3-3,MB-SL,523
CON-003088,LOT-00785,L3,BNK-L3-4,MB-UV,264
CON-003089,LOT-00786,L3,BNK-L3-1,PET-BR,22428
CON-003090,LOT-00786,L3,BNK-L3-2,PET-SD,3866
CON-003091,LOT-00786,L3,BNK-L3-3,MB-SL,526
CON-003092,LOT-00786,L3,BNK-L3-4,MB-UV,265
CON-003093,LOT-00787,L4,BNK-L4-1,PET-BR,19819
CON-003094,LOT-00787,L4,BNK-L4-2,PET-CO,4394
CON-003095,LOT-00787,L4,BNK-L4-3,MB-WH,369
CON-003096,LOT-00787,L4,BNK-L4-4,MB-UV,373
CON-003097,LOT-00788,L4,BNK-L4-1,PET-BR,19937
CON-003098,LOT-00788,L4,BNK-L4-2,PET-CO,4420
CON-003099,LOT-00788,L4,BNK-L4-3,MB-WH,372
CON-003100,LOT-00788,L4,BNK-L4-4,MB-UV,375
CON-003101,LOT-00789,L5,BNK-L5-1,NY6-F,11465
CON-003102,LOT-00789,L5,BNK-L5-2,NY6-H,3078
CON-003103,LOT-00789,L5,BNK-L5-3,MB-NA,296
CON-003104,LOT-00789,L5,BNK-L5-4,MB-NS,144
CON-003105,LOT-00790,L5,BNK-L5-1,NY6-F,11573
CON-003106,LOT-00790,L5,BNK-L5-2,NY6-H,3107
CON-003107,LOT-00790,L5,BNK-L5-3,MB-NA,299
CON-003108,LOT-00790,L5,BNK-L5-4,MB-NS,145
CON-003109,LOT-00791,L6,BNK-L6-1,NY6-F,11223
CON-003110,LOT-00791,L6,BNK-L6-2,NY6-H,2390
CON-003111,LOT-00791,L6,BNK-L6-3,MB-NA,207
CON-003112,LOT-00791,L6,BNK-L6-4,MB-NS,134
CON-003113,LOT-00792,L6,BNK-L6-1,NY6-F,11336
CON-003114,LOT-00792,L6,BNK-L6-2,NY6-H,2414
CON-003115,LOT-00792,L6,BNK-L6-3,MB-NA,209
CON-003116,LOT-00792,L6,BNK-L6-4,MB-NS,135
CON-003117,LOT-00793,L1,BNK-L1-1,PET-BR,25370
CON-003118,LOT-00793,L1,BNK-L1-2,PET-SD,796
CON-003119,LOT-00793,L1,BNK-L1-3,MB-AB,515
CON-003120,LOT-00793,L1,BNK-L1-4,MB-SL,260
CON-003121,LOT-00794,L1,BNK-L1-1,PET-BR,25514
CON-003122,LOT-00794,L1,BNK-L1-2,PET-SD,801
CON-003123,LOT-00794,L1,BNK-L1-3,MB-AB,518
CON-003124,LOT-00794,L1,BNK-L1-4,MB-SL,262
CON-003125,LOT-00795,L2,BNK-L2-1,PET-BR,19930
CON-003126,LOT-00795,L2,BNK-L2-2,PET-RC,5584
CON-003127,LOT-00795,L2,BNK-L2-3,MB-AB,376
CON-003128,LOT-00795,L2,BNK-L2-4,MB-WH,253
CON-003129,LOT-00796,L2,BNK-L2-1,PET-BR,20047
CON-003130,LOT-00796,L2,BNK-L2-2,PET-RC,5617
CON-003131,LOT-00796,L2,BNK-L2-3,MB-AB,378
CON-003132,LOT-00796,L2,BNK-L2-4,MB-WH,254
CON-003133,LOT-00797,L3,BNK-L3-1,PET-BR,22138
CON-003134,LOT-00797,L3,BNK-L3-2,PET-SD,2360
CON-003135,LOT-00797,L3,BNK-L3-3,MB-SL,507
CON-003136,LOT-00797,L3,BNK-L3-4,MB-UV,384
CON-003137,LOT-00798,L3,BNK-L3-1,PET-BR,22268
CON-003138,LOT-00798,L3,BNK-L3-2,PET-SD,2374
CON-003139,LOT-00798,L3,BNK-L3-3,MB-SL,504
CON-003140,LOT-00798,L3,BNK-L3-4,MB-UV,382
CON-003141,LOT-00799,L4,BNK-L4-1,PET-BR,18225
CON-003142,LOT-00799,L4,BNK-L4-2,PET-CO,5191
CON-003143,LOT-00799,L4,BNK-L4-3,MB-WH,476
CON-003144,LOT-00799,L4,BNK-L4-4,MB-UV,231
CON-003145,LOT-00800,L4,BNK-L4-1,PET-BR,18338
CON-003146,LOT-00800,L4,BNK-L4-2,PET-CO,5223
CON-003147,LOT-00800,L4,BNK-L4-3,MB-WH,479
CON-003148,LOT-00800,L4,BNK-L4-4,MB-UV,233
CON-003149,LOT-00801,L5,BNK-L5-1,NY6-F,11461
CON-003150,LOT-00801,L5,BNK-L5-2,NY6-H,2611
CON-003151,LOT-00801,L5,BNK-L5-3,MB-NA,214
CON-003152,LOT-00801,L5,BNK-L5-4,MB-NS,138
CON-003153,LOT-00802,L5,BNK-L5-1,NY6-F,11573
CON-003154,LOT-00802,L5,BNK-L5-2,NY6-H,2637
CON-003155,LOT-00802,L5,BNK-L5-3,MB-NA,216
CON-003156,LOT-00802,L5,BNK-L5-4,MB-NS,140
CON-003157,LOT-00803,L6,BNK-L6-1,NY6-F,10490
CON-003158,LOT-00803,L6,BNK-L6-2,NY6-H,2714
CON-003159,LOT-00803,L6,BNK-L6-3,MB-NA,193
CON-003160,LOT-00803,L6,BNK-L6-4,MB-NS,130
CON-003161,LOT-00804,L6,BNK-L6-1,NY6-F,10599
CON-003162,LOT-00804,L6,BNK-L6-2,NY6-H,2742
CON-003163,LOT-00804,L6,BNK-L6-3,MB-NA,195
CON-003164,LOT-00804,L6,BNK-L6-4,MB-NS,131
CON-003165,LOT-00805,L1,BNK-L1-1,PET-BR,25549
CON-003166,LOT-00805,L1,BNK-L1-2,PET-SD,1299
CON-003167,LOT-00805,L1,BNK-L1-3,MB-AB,393
CON-003168,LOT-00805,L1,BNK-L1-4,MB-SL,265
CON-003169,LOT-00806,L1,BNK-L1-1,PET-BR,25693
CON-003170,LOT-00806,L1,BNK-L1-2,PET-SD,1307
CON-003171,LOT-00806,L1,BNK-L1-3,MB-AB,395
CON-003172,LOT-00806,L1,BNK-L1-4,MB-SL,266
CON-003173,LOT-00807,L2,BNK-L2-1,PET-BR,21642
CON-003174,LOT-00807,L2,BNK-L2-2,PET-RC,3411
CON-003175,LOT-00807,L2,BNK-L2-3,MB-AB,510
CON-003176,LOT-00807,L2,BNK-L2-4,MB-WH,257
CON-003177,LOT-00808,L2,BNK-L2-1,PET-BR,21533
CON-003178,LOT-00808,L2,BNK-L2-2,PET-RC,3394
CON-003179,LOT-00808,L2,BNK-L2-3,MB-AB,513
CON-003180,LOT-00808,L2,BNK-L2-4,MB-WH,259
CON-003181,LOT-00809,L3,BNK-L3-1,PET-BR,10519
CON-003182,LOT-00809,L3,BNK-L3-2,PET-SD,15175
CON-003183,LOT-00810,L3,BNK-L3-1,PET-BR,10580
CON-003184,LOT-00810,L3,BNK-L3-2,PET-SD,15263
CON-003185,LOT-00811,L4,BNK-L4-1,PET-BR,19560
CON-003186,LOT-00811,L4,BNK-L4-2,PET-CO,4165
CON-003187,LOT-00811,L4,BNK-L4-3,MB-WH,360
CON-003188,LOT-00811,L4,BNK-L4-4,MB-UV,233
CON-003189,LOT-00812,L4,BNK-L4-1,PET-BR,19681
CON-003190,LOT-00812,L4,BNK-L4-2,PET-CO,4190
CON-003191,LOT-00812,L4,BNK-L4-3,MB-WH,362
CON-003192,LOT-00812,L4,BNK-L4-4,MB-UV,235
CON-003193,LOT-00813,L5,BNK-L5-1,NY6-F,11163
CON-003194,LOT-00813,L5,BNK-L5-2,NY6-H,3159
CON-003195,LOT-00813,L5,BNK-L5-3,MB-NA,209
CON-003196,LOT-00813,L5,BNK-L5-4,MB-NS,141
CON-003197,LOT-00814,L5,BNK-L5-1,NY6-F,11271
CON-003198,LOT-00814,L5,BNK-L5-2,NY6-H,3189
CON-003199,LOT-00814,L5,BNK-L5-3,MB-NA,211
CON-003200,LOT-00814,L5,BNK-L5-4,MB-NS,142
CON-003201,LOT-00815,L6,BNK-L6-1,NY6-F,11411
CON-003202,LOT-00815,L6,BNK-L6-2,NY6-H,1879
CON-003203,LOT-00815,L6,BNK-L6-3,MB-NA,262
CON-003204,LOT-00815,L6,BNK-L6-4,MB-NS,132
CON-003205,LOT-00816,L6,BNK-L6-1,NY6-F,11528
CON-003206,LOT-00816,L6,BNK-L6-2,NY6-H,1899
CON-003207,LOT-00816,L6,BNK-L6-3,MB-NA,264
CON-003208,LOT-00816,L6,BNK-L6-4,MB-NS,134
CON-003209,LOT-00817,L1,BNK-L1-1,PET-BR,25270
CON-003210,LOT-00817,L1,BNK-L1-2,PET-SD,793
CON-003211,LOT-00817,L1,BNK-L1-3,MB-AB,534
CON-003212,LOT-00817,L1,BNK-L1-4,MB-SL,404
CON-003213,LOT-00818,L1,BNK-L1-1,PET-BR,25412
CON-003214,LOT-00818,L1,BNK-L1-2,PET-SD,798
CON-003215,LOT-00818,L1,BNK-L1-3,MB-AB,537
CON-003216,LOT-00818,L1,BNK-L1-4,MB-SL,406
CON-003217,LOT-00819,L2,BNK-L2-1,PET-BR,20662
CON-003218,LOT-00819,L2,BNK-L2-2,PET-RC,4580
CON-003219,LOT-00819,L2,BNK-L2-3,MB-AB,389
CON-003220,LOT-00819,L2,BNK-L2-4,MB-WH,378
CON-003221,LOT-00820,L2,BNK-L2-1,PET-BR,20782
CON-003222,LOT-00820,L2,BNK-L2-2,PET-RC,4607
CON-003223,LOT-00820,L2,BNK-L2-3,MB-AB,387
CON-003224,LOT-00820,L2,BNK-L2-4,MB-WH,376
CON-003225,LOT-00821,L3,BNK-L3-1,PET-BR,22091
CON-003226,LOT-00821,L3,BNK-L3-2,PET-SD,3059
CON-003227,LOT-00821,L3,BNK-L3-3,MB-SL,514
CON-003228,LOT-00821,L3,BNK-L3-4,MB-UV,250
CON-003229,LOT-00822,L3,BNK-L3-1,PET-BR,22220
CON-003230,LOT-00822,L3,BNK-L3-2,PET-SD,3077
CON-003231,LOT-00822,L3,BNK-L3-3,MB-SL,517
CON-003232,LOT-00822,L3,BNK-L3-4,MB-UV,251
CON-003233,LOT-00823,L4,BNK-L4-1,PET-BR,19201
CON-003234,LOT-00823,L4,BNK-L4-2,PET-CO,4847
CON-003235,LOT-00823,L4,BNK-L4-3,MB-WH,470
CON-003236,LOT-00823,L4,BNK-L4-4,MB-UV,237
CON-003237,LOT-00824,L4,BNK-L4-1,PET-BR,19319
CON-003238,LOT-00824,L4,BNK-L4-2,PET-CO,4877
CON-003239,LOT-00824,L4,BNK-L4-3,MB-WH,473
CON-003240,LOT-00824,L4,BNK-L4-4,MB-UV,239
CON-003241,LOT-00825,L5,BNK-L5-1,NY6-F,12296
CON-003242,LOT-00825,L5,BNK-L5-2,NY6-H,2107
CON-003243,LOT-00825,L5,BNK-L5-3,MB-NA,284
CON-003244,LOT-00825,L5,BNK-L5-4,MB-NS,143
CON-003245,LOT-00826,L5,BNK-L5-1,NY6-F,12414
CON-003246,LOT-00826,L5,BNK-L5-2,NY6-H,2128
CON-003247,LOT-00826,L5,BNK-L5-3,MB-NA,286
CON-003248,LOT-00826,L5,BNK-L5-4,MB-NS,145
CON-003249,LOT-00827,L6,BNK-L6-1,NY6-F,10648
CON-003250,LOT-00827,L6,BNK-L6-2,NY6-H,2441
CON-003251,LOT-00827,L6,BNK-L6-3,MB-NA,200
CON-003252,LOT-00827,L6,BNK-L6-4,MB-NS,202
CON-003253,LOT-00828,L6,BNK-L6-1,NY6-F,10758
CON-003254,LOT-00828,L6,BNK-L6-2,NY6-H,2466
CON-003255,LOT-00828,L6,BNK-L6-3,MB-NA,202
CON-003256,LOT-00828,L6,BNK-L6-4,MB-NS,204
CON-003257,LOT-00829,L2,BNK-L2-1,PET-BR,21525
CON-003258,LOT-00829,L2,BNK-L2-2,PET-RC,4269
CON-003259,LOT-00829,L2,BNK-L2-3,MB-AB,392
CON-003260,LOT-00829,L2,BNK-L2-4,MB-WH,254
CON-003261,LOT-00830,L2,BNK-L2-1,PET-BR,21417
CON-003262,LOT-00830,L2,BNK-L2-2,PET-RC,4248
CON-003263,LOT-00830,L2,BNK-L2-3,MB-AB,394
CON-003264,LOT-00830,L2,BNK-L2-4,MB-WH,255
CON-003265,LOT-00831,L3,BNK-L3-1,PET-BR,22957
CON-003266,LOT-00831,L3,BNK-L3-2,PET-SD,2590
CON-003267,LOT-00831,L3,BNK-L3-3,MB-SL,503
CON-003268,LOT-00831,L3,BNK-L3-4,MB-UV,254
CON-003269,LOT-00832,L3,BNK-L3-1,PET-BR,23089
CON-003270,LOT-00832,L3,BNK-L3-2,PET-SD,2605
CON-003271,LOT-00832,L3,BNK-L3-3,MB-SL,505
CON-003272,LOT-00832,L3,BNK-L3-4,MB-UV,255
CON-003273,LOT-00833,L4,BNK-L4-1,PET-BR,20856
CON-003274,LOT-00833,L4,BNK-L4-2,PET-CO,3435
CON-003275,LOT-00833,L4,BNK-L4-3,MB-WH,478
CON-003276,LOT-00833,L4,BNK-L4-4,MB-UV,241
CON-003277,LOT-00834,L4,BNK-L4-1,PET-BR,20983
CON-003278,LOT-00834,L4,BNK-L4-2,PET-CO,3456
CON-003279,LOT-00834,L4,BNK-L4-3,MB-WH,481
CON-003280,LOT-00834,L4,BNK-L4-4,MB-UV,243
CON-003281,LOT-00835,L5,BNK-L5-1,NY6-F,11442
CON-003282,LOT-00835,L5,BNK-L5-2,NY6-H,2711
CON-003283,LOT-00835,L5,BNK-L5-3,MB-NA,216
CON-003284,LOT-00835,L5,BNK-L5-4,MB-NS,218
CON-003285,LOT-00836,L5,BNK-L5-1,NY6-F,11552
CON-003286,LOT-00836,L5,BNK-L5-2,NY6-H,2736
CON-003287,LOT-00836,L5,BNK-L5-3,MB-NA,218
CON-003288,LOT-00836,L5,BNK-L5-4,MB-NS,220
CON-003289,LOT-00837,L6,BNK-L6-1,NY6-F,10486
CON-003290,LOT-00837,L6,BNK-L6-2,NY6-H,2815
CON-003291,LOT-00837,L6,BNK-L6-3,MB-NA,271
CON-003292,LOT-00837,L6,BNK-L6-4,MB-NS,131
CON-003293,LOT-00838,L6,BNK-L6-1,NY6-F,10593
CON-003294,LOT-00838,L6,BNK-L6-2,NY6-H,2843
CON-003295,LOT-00838,L6,BNK-L6-3,MB-NA,273
CON-003296,LOT-00838,L6,BNK-L6-4,MB-NS,133
CON-003297,LOT-00839,L1,BNK-L1-1,PET-BR,25865
CON-003298,LOT-00839,L1,BNK-L1-2,PET-SD,1083
CON-003299,LOT-00839,L1,BNK-L1-3,MB-AB,410
CON-003300,LOT-00839,L1,BNK-L1-4,MB-SL,265
CON-003301,LOT-00840,L1,BNK-L1-1,PET-BR,26009
CON-003302,LOT-00840,L1,BNK-L1-2,PET-SD,1089
CON-003303,LOT-00840,L1,BNK-L1-3,MB-AB,412
CON-003304,LOT-00840,L1,BNK-L1-4,MB-SL,267
CON-003305,LOT-00841,L3,BNK-L3-1,PET-BR,22017
CON-003306,LOT-00841,L3,BNK-L3-2,PET-SD,3795
CON-003307,LOT-00841,L3,BNK-L3-3,MB-SL,516
CON-003308,LOT-00841,L3,BNK-L3-4,MB-UV,261
CON-003309,LOT-00842,L3,BNK-L3-1,PET-BR,22144
CON-003310,LOT-00842,L3,BNK-L3-2,PET-SD,3817
CON-003311,LOT-00842,L3,BNK-L3-3,MB-SL,513
CON-003312,LOT-00842,L3,BNK-L3-4,MB-UV,259
CON-003313,LOT-00843,L4,BNK-L4-1,PET-BR,19549
CON-003314,LOT-00843,L4,BNK-L4-2,PET-CO,4334
CON-003315,LOT-00843,L4,BNK-L4-3,MB-WH,364
CON-003316,LOT-00843,L4,BNK-L4-4,MB-UV,368
CON-003317,LOT-00844,L4,BNK-L4-1,PET-BR,19668
CON-003318,LOT-00844,L4,BNK-L4-2,PET-CO,4360
CON-003319,LOT-00844,L4,BNK-L4-3,MB-WH,367
CON-003320,LOT-00844,L4,BNK-L4-4,MB-UV,370
CON-003321,LOT-00845,L5,BNK-L5-1,NY6-F,11331
CON-003322,LOT-00845,L5,BNK-L5-2,NY6-H,3042
CON-003323,LOT-00845,L5,BNK-L5-3,MB-NA,293
CON-003324,LOT-00845,L5,BNK-L5-4,MB-NS,142
CON-003325,LOT-00846,L5,BNK-L5-1,NY6-F,11439
CON-003326,LOT-00846,L5,BNK-L5-2,NY6-H,3071
CON-003327,LOT-00846,L5,BNK-L5-3,MB-NA,295
CON-003328,LOT-00846,L5,BNK-L5-4,MB-NS,143
CON-003329,LOT-00847,L6,BNK-L6-1,NY6-F,11082
CON-003330,LOT-00847,L6,BNK-L6-2,NY6-H,2359
CON-003331,LOT-00847,L6,BNK-L6-3,MB-NA,204
CON-003332,LOT-00847,L6,BNK-L6-4,MB-NS,132
CON-003333,LOT-00848,L6,BNK-L6-1,NY6-F,11195
CON-003334,LOT-00848,L6,BNK-L6-2,NY6-H,2383
CON-003335,LOT-00848,L6,BNK-L6-3,MB-NA,206
CON-003336,LOT-00848,L6,BNK-L6-4,MB-NS,134
CON-003337,LOT-00849,L1,BNK-L1-1,PET-BR,26267
CON-003338,LOT-00849,L1,BNK-L1-2,PET-SD,824
CON-003339,LOT-00849,L1,BNK-L1-3,MB-AB,533
CON-003340,LOT-00849,L1,BNK-L1-4,MB-SL,269
CON-003341,LOT-00850,L1,BNK-L1-1,PET-BR,26412
CON-003342,LOT-00850,L1,BNK-L1-2,PET-SD,829
CON-003343,LOT-00850,L1,BNK-L1-3,MB-AB,536
CON-003344,LOT-00850,L1,BNK-L1-4,MB-SL,271
CON-003345,LOT-00851,L2,BNK-L2-1,PET-BR,20663
CON-003346,LOT-00851,L2,BNK-L2-2,PET-RC,5789
CON-003347,LOT-00851,L2,BNK-L2-3,MB-AB,389
CON-003348,LOT-00851,L2,BNK-L2-4,MB-WH,262
CON-003349,LOT-00852,L2,BNK-L2-1,PET-BR,20562
CON-003350,LOT-00852,L2,BNK-L2-2,PET-RC,5759
CON-003351,LOT-00852,L2,BNK-L2-3,MB-AB,392
CON-003352,LOT-00852,L2,BNK-L2-4,MB-WH,264
CON-003353,LOT-00853,L4,BNK-L4-1,PET-BR,18901
CON-003354,LOT-00853,L4,BNK-L4-2,PET-CO,5383
CON-003355,LOT-00853,L4,BNK-L4-3,MB-WH,494
CON-003356,LOT-00853,L4,BNK-L4-4,MB-UV,240
CON-003357,LOT-00854,L4,BNK-L4-1,PET-BR,19014
CON-003358,LOT-00854,L4,BNK-L4-2,PET-CO,5416
CON-003359,LOT-00854,L4,BNK-L4-3,MB-WH,497
CON-003360,LOT-00854,L4,BNK-L4-4,MB-UV,241
CON-003361,LOT-00855,L5,BNK-L5-1,NY6-F,11825
CON-003362,LOT-00855,L5,BNK-L5-2,NY6-H,2694
CON-003363,LOT-00855,L5,BNK-L5-3,MB-NA,221
CON-003364,LOT-00855,L5,BNK-L5-4,MB-NS,143
CON-003365,LOT-00856,L5,BNK-L5-1,NY6-F,11937
CON-003366,LOT-00856,L5,BNK-L5-2,NY6-H,2720
CON-003367,LOT-00856,L5,BNK-L5-3,MB-NA,223
CON-003368,LOT-00856,L5,BNK-L5-4,MB-NS,144
CON-003369,LOT-00857,L6,BNK-L6-1,NY6-F,10850
CON-003370,LOT-00857,L6,BNK-L6-2,NY6-H,2807
CON-003371,LOT-00857,L6,BNK-L6-3,MB-NA,199
CON-003372,LOT-00857,L6,BNK-L6-4,MB-NS,134
CON-003373,LOT-00858,L6,BNK-L6-1,NY6-F,10959
CON-003374,LOT-00858,L6,BNK-L6-2,NY6-H,2836
CON-003375,LOT-00858,L6,BNK-L6-3,MB-NA,201
CON-003376,LOT-00858,L6,BNK-L6-4,MB-NS,136
CON-003377,LOT-00859,L1,BNK-L1-1,PET-BR,26395
CON-003378,LOT-00859,L1,BNK-L1-2,PET-SD,1342
CON-003379,LOT-00859,L1,BNK-L1-3,MB-AB,406
CON-003380,LOT-00859,L1,BNK-L1-4,MB-SL,273
CON-003381,LOT-00860,L1,BNK-L1-1,PET-BR,26540
CON-003382,LOT-00860,L1,BNK-L1-2,PET-SD,1350
CON-003383,LOT-00860,L1,BNK-L1-3,MB-AB,408
CON-003384,LOT-00860,L1,BNK-L1-4,MB-SL,275
CON-003385,LOT-00861,L2,BNK-L2-1,PET-BR,22388
CON-003386,LOT-00861,L2,BNK-L2-2,PET-RC,3529
CON-003387,LOT-00861,L2,BNK-L2-3,MB-AB,527
CON-003388,LOT-00861,L2,BNK-L2-4,MB-WH,266
CON-003389,LOT-00862,L2,BNK-L2-1,PET-BR,22516
CON-003390,LOT-00862,L2,BNK-L2-2,PET-RC,3549
CON-003391,LOT-00862,L2,BNK-L2-3,MB-AB,530
CON-003392,LOT-00862,L2,BNK-L2-4,MB-WH,268
CON-003393,LOT-00863,L3,BNK-L3-1,PET-BR,10881
CON-003394,LOT-00863,L3,BNK-L3-2,PET-SD,15698
CON-003395,LOT-00864,L3,BNK-L3-1,PET-BR,10943
CON-003396,LOT-00864,L3,BNK-L3-2,PET-SD,15787
CON-003397,LOT-00865,L5,BNK-L5-1,NY6-F,11493
CON-003398,LOT-00865,L5,BNK-L5-2,NY6-H,3252
CON-003399,LOT-00865,L5,BNK-L5-3,MB-NA,215
CON-003400,LOT-00865,L5,BNK-L5-4,MB-NS,145
CON-003401,LOT-00866,L5,BNK-L5-1,NY6-F,11601
CON-003402,LOT-00866,L5,BNK-L5-2,NY6-H,3283
CON-003403,LOT-00866,L5,BNK-L5-3,MB-NA,217
CON-003404,LOT-00866,L5,BNK-L5-4,MB-NS,146
CON-003405,LOT-00867,L6,BNK-L6-1,NY6-F,11777
CON-003406,LOT-00867,L6,BNK-L6-2,NY6-H,1940
CON-003407,LOT-00867,L6,BNK-L6-3,MB-NA,270
CON-003408,LOT-00867,L6,BNK-L6-4,MB-NS,136
CON-003409,LOT-00868,L6,BNK-L6-1,NY6-F,11895
CON-003410,LOT-00868,L6,BNK-L6-2,NY6-H,1959
CON-003411,LOT-00868,L6,BNK-L6-3,MB-NA,273
CON-003412,LOT-00868,L6,BNK-L6-4,MB-NS,138
CON-003413,LOT-00869,L1,BNK-L1-1,PET-BR,24854
CON-003414,LOT-00869,L1,BNK-L1-2,PET-SD,780
CON-003415,LOT-00869,L1,BNK-L1-3,MB-AB,525
CON-003416,LOT-00869,L1,BNK-L1-4,MB-SL,397
CON-003417,LOT-00870,L1,BNK-L1-1,PET-BR,24996
CON-003418,LOT-00870,L1,BNK-L1-2,PET-SD,785
CON-003419,LOT-00870,L1,BNK-L1-3,MB-AB,528
CON-003420,LOT-00870,L1,BNK-L1-4,MB-SL,400
CON-003421,LOT-00871,L2,BNK-L2-1,PET-BR,20531
CON-003422,LOT-00871,L2,BNK-L2-2,PET-RC,4551
CON-003423,LOT-00871,L2,BNK-L2-3,MB-AB,383
CON-003424,LOT-00871,L2,BNK-L2-4,MB-WH,372
CON-003425,LOT-00872,L2,BNK-L2-1,PET-BR,20652
CON-003426,LOT-00872,L2,BNK-L2-2,PET-RC,4578
CON-003427,LOT-00872,L2,BNK-L2-3,MB-AB,385
CON-003428,LOT-00872,L2,BNK-L2-4,MB-WH,374
CON-003429,LOT-00873,L3,BNK-L3-1,PET-BR,21951
CON-003430,LOT-00873,L3,BNK-L3-2,PET-SD,3040
CON-003431,LOT-00873,L3,BNK-L3-3,MB-SL,511
CON-003432,LOT-00873,L3,BNK-L3-4,MB-UV,248
CON-003433,LOT-00874,L3,BNK-L3-1,PET-BR,21843
CON-003434,LOT-00874,L3,BNK-L3-2,PET-SD,3025
CON-003435,LOT-00874,L3,BNK-L3-3,MB-SL,514
CON-003436,LOT-00874,L3,BNK-L3-4,MB-UV,250
CON-003437,LOT-00875,L4,BNK-L4-1,PET-BR,18858
CON-003438,LOT-00875,L4,BNK-L4-2,PET-CO,4760
CON-003439,LOT-00875,L4,BNK-L4-3,MB-WH,462
CON-003440,LOT-00875,L4,BNK-L4-4,MB-UV,233
CON-003441,LOT-00876,L4,BNK-L4-1,PET-BR,18975
CON-003442,LOT-00876,L4,BNK-L4-2,PET-CO,4790
CON-003443,LOT-00876,L4,BNK-L4-3,MB-WH,465
CON-003444,LOT-00876,L4,BNK-L4-4,MB-UV,235
CON-003445,LOT-00877,L6,BNK-L6-1,NY6-F,10448
CON-003446,LOT-00877,L6,BNK-L6-2,NY6-H,2395
CON-003447,LOT-00877,L6,BNK-L6-3,MB-NA,196
CON-003448,LOT-00877,L6,BNK-L6-4,MB-NS,198
CON-003449,LOT-00878,L6,BNK-L6-1,NY6-F,10557
CON-003450,LOT-00878,L6,BNK-L6-2,NY6-H,2420
CON-003451,LOT-00878,L6,BNK-L6-3,MB-NA,198
CON-003452,LOT-00878,L6,BNK-L6-4,MB-NS,200
CON-003453,LOT-00879,L1,BNK-L1-1,PET-BR,24986
CON-003454,LOT-00879,L1,BNK-L1-2,PET-SD,1321
CON-003455,LOT-00879,L1,BNK-L1-3,MB-AB,400
CON-003456,LOT-00879,L1,BNK-L1-4,MB-SL,259
CON-003457,LOT-00880,L1,BNK-L1-1,PET-BR,25127
CON-003458,LOT-00880,L1,BNK-L1-2,PET-SD,1328
CON-003459,LOT-00880,L1,BNK-L1-3,MB-AB,402
CON-003460,LOT-00880,L1,BNK-L1-4,MB-SL,260
CON-003461,LOT-00881,L2,BNK-L2-1,PET-BR,21162
CON-003462,LOT-00881,L2,BNK-L2-2,PET-RC,4197
CON-003463,LOT-00881,L2,BNK-L2-3,MB-AB,385
CON-003464,LOT-00881,L2,BNK-L2-4,MB-WH,249
CON-003465,LOT-00882,L2,BNK-L2-1,PET-BR,21285
CON-003466,LOT-00882,L2,BNK-L2-2,PET-RC,4222
CON-003467,LOT-00882,L2,BNK-L2-3,MB-AB,387
CON-003468,LOT-00882,L2,BNK-L2-4,MB-WH,251
CON-003469,LOT-00883,L3,BNK-L3-1,PET-BR,22812
CON-003470,LOT-00883,L3,BNK-L3-2,PET-SD,2573
CON-003471,LOT-00883,L3,BNK-L3-3,MB-SL,499
CON-003472,LOT-00883,L3,BNK-L3-4,MB-UV,252
CON-003473,LOT-00884,L3,BNK-L3-1,PET-BR,22945
CON-003474,LOT-00884,L3,BNK-L3-2,PET-SD,2588
CON-003475,LOT-00884,L3,BNK-L3-3,MB-SL,502
CON-003476,LOT-00884,L3,BNK-L3-4,MB-UV,254
CON-003477,LOT-00885,L4,BNK-L4-1,PET-BR,20486
CON-003478,LOT-00885,L4,BNK-L4-2,PET-CO,3374
CON-003479,LOT-00885,L4,BNK-L4-3,MB-WH,475
CON-003480,LOT-00885,L4,BNK-L4-4,MB-UV,240
CON-003481,LOT-00886,L4,BNK-L4-1,PET-BR,20612
CON-003482,LOT-00886,L4,BNK-L4-2,PET-CO,3394
CON-003483,LOT-00886,L4,BNK-L4-3,MB-WH,472
CON-003484,LOT-00886,L4,BNK-L4-4,MB-UV,239
CON-003485,LOT-00887,L5,BNK-L5-1,NY6-F,11261
CON-003486,LOT-00887,L5,BNK-L5-2,NY6-H,2668
CON-003487,LOT-00887,L5,BNK-L5-3,MB-NA,213
CON-003488,LOT-00887,L5,BNK-L5-4,MB-NS,215
CON-003489,LOT-00888,L5,BNK-L5-1,NY6-F,11370
CON-003490,LOT-00888,L5,BNK-L5-2,NY6-H,2694
CON-003491,LOT-00888,L5,BNK-L5-3,MB-NA,215
CON-003492,LOT-00888,L5,BNK-L5-4,MB-NS,217
CON-003493,LOT-00889,L1,BNK-L1-1,PET-BR,25395
CON-003494,LOT-00889,L1,BNK-L1-2,PET-SD,1063
CON-003495,LOT-00889,L1,BNK-L1-3,MB-AB,402
CON-003496,LOT-00889,L1,BNK-L1-4,MB-SL,260
CON-003497,LOT-00890,L1,BNK-L1-1,PET-BR,25538
CON-003498,LOT-00890,L1,BNK-L1-2,PET-SD,1069
CON-003499,LOT-00890,L1,BNK-L1-3,MB-AB,404
CON-003500,LOT-00890,L1,BNK-L1-4,MB-SL,262
CON-003501,LOT-00891,L2,BNK-L2-1,PET-BR,20476
CON-003502,LOT-00891,L2,BNK-L2-2,PET-RC,5298
CON-003503,LOT-00891,L2,BNK-L2-3,MB-AB,376
CON-003504,LOT-00891,L2,BNK-L2-4,MB-WH,253
CON-003505,LOT-00892,L2,BNK-L2-1,PET-BR,20595
CON-003506,LOT-00892,L2,BNK-L2-2,PET-RC,5329
CON-003507,LOT-00892,L2,BNK-L2-3,MB-AB,378
CON-003508,LOT-00892,L2,BNK-L2-4,MB-WH,255
CON-003509,LOT-00893,L3,BNK-L3-1,PET-BR,21879
CON-003510,LOT-00893,L3,BNK-L3-2,PET-SD,3772
CON-003511,LOT-00893,L3,BNK-L3-3,MB-SL,507
CON-003512,LOT-00893,L3,BNK-L3-4,MB-UV,256
CON-003513,LOT-00894,L3,BNK-L3-1,PET-BR,22006
CON-003514,LOT-00894,L3,BNK-L3-2,PET-SD,3794
CON-003515,LOT-00894,L3,BNK-L3-3,MB-SL,510
CON-003516,LOT-00894,L3,BNK-L3-4,MB-UV,258
CON-003517,LOT-00895,L4,BNK-L4-1,PET-BR,19413
CON-003518,LOT-00895,L4,BNK-L4-2,PET-CO,4303
CON-003519,LOT-00895,L4,BNK-L4-3,MB-WH,362
CON-003520,LOT-00895,L4,BNK-L4-4,MB-UV,365
CON-003521,LOT-00896,L4,BNK-L4-1,PET-BR,19321
CON-003522,LOT-00896,L4,BNK-L4-2,PET-CO,4283
CON-003523,LOT-00896,L4,BNK-L4-3,MB-WH,364
CON-003524,LOT-00896,L4,BNK-L4-4,MB-UV,368
CON-003525,LOT-00897,L5,BNK-L5-1,NY6-F,11154
CON-003526,LOT-00897,L5,BNK-L5-2,NY6-H,2994
CON-003527,LOT-00897,L5,BNK-L5-3,MB-NA,288
CON-003528,LOT-00897,L5,BNK-L5-4,MB-NS,140
CON-003529,LOT-00898,L5,BNK-L5-1,NY6-F,11261
CON-003530,LOT-00898,L5,BNK-L5-2,NY6-H,3023
CON-003531,LOT-00898,L5,BNK-L5-3,MB-NA,291
CON-003532,LOT-00898,L5,BNK-L5-4,MB-NS,141
CON-003533,LOT-00899,L6,BNK-L6-1,NY6-F,10897
CON-003534,LOT-00899,L6,BNK-L6-2,NY6-H,2320
CON-003535,LOT-00899,L6,BNK-L6-3,MB-NA,201
CON-003536,LOT-00899,L6,BNK-L6-4,MB-NS,130
CON-003537,LOT-00900,L6,BNK-L6-1,NY6-F,11010
CON-003538,LOT-00900,L6,BNK-L6-2,NY6-H,2344
CON-003539,LOT-00900,L6,BNK-L6-3,MB-NA,203
CON-003540,LOT-00900,L6,BNK-L6-4,MB-NS,131
CON-003541,LOT-00901,L1,BNK-L1-1,PET-BR,25843
CON-003542,LOT-00901,L1,BNK-L1-2,PET-SD,811
CON-003543,LOT-00901,L1,BNK-L1-3,MB-AB,525
CON-003544,LOT-00901,L1,BNK-L1-4,MB-SL,265
CON-003545,LOT-00902,L1,BNK-L1-1,PET-BR,25987
CON-003546,LOT-00902,L1,BNK-L1-2,PET-SD,816
CON-003547,LOT-00902,L1,BNK-L1-3,MB-AB,528
CON-003548,LOT-00902,L1,BNK-L1-4,MB-SL,266
CON-003549,LOT-00903,L2,BNK-L2-1,PET-BR,20319
CON-003550,LOT-00903,L2,BNK-L2-2,PET-RC,5693
CON-003551,LOT-00903,L2,BNK-L2-3,MB-AB,383
CON-003552,LOT-00903,L2,BNK-L2-4,MB-WH,258
CON-003553,LOT-00904,L2,BNK-L2-1,PET-BR,20436
CON-003554,LOT-00904,L2,BNK-L2-2,PET-RC,5725
CON-003555,LOT-00904,L2,BNK-L2-3,MB-AB,385
CON-003556,LOT-00904,L2,BNK-L2-4,MB-WH,259
CON-003557,LOT-00905,L3,BNK-L3-1,PET-BR,22815
CON-003558,LOT-00905,L3,BNK-L3-2,PET-SD,2432
CON-003559,LOT-00905,L3,BNK-L3-3,MB-SL,517
CON-003560,LOT-00905,L3,BNK-L3-4,MB-UV,391
CON-003561,LOT-00906,L3,BNK-L3-1,PET-BR,22947
CON-003562,LOT-00906,L3,BNK-L3-2,PET-SD,2446
CON-003563,LOT-00906,L3,BNK-L3-3,MB-SL,519
CON-003564,LOT-00906,L3,BNK-L3-4,MB-UV,393
CON-003565,LOT-00907,L4,BNK-L4-1,PET-BR,18605
CON-003566,LOT-00907,L4,BNK-L4-2,PET-CO,5299
CON-003567,LOT-00907,L4,BNK-L4-3,MB-WH,491
CON-003568,LOT-00907,L4,BNK-L4-4,MB-UV,239
CON-003569,LOT-00908,L4,BNK-L4-1,PET-BR,18718
CON-003570,LOT-00908,L4,BNK-L4-2,PET-CO,5332
CON-003571,LOT-00908,L4,BNK-L4-3,MB-WH,489
CON-003572,LOT-00908,L4,BNK-L4-4,MB-UV,237
CON-003573,LOT-00909,L5,BNK-L5-1,NY6-F,11664
CON-003574,LOT-00909,L5,BNK-L5-2,NY6-H,2657
CON-003575,LOT-00909,L5,BNK-L5-3,MB-NA,218
CON-003576,LOT-00909,L5,BNK-L5-4,MB-NS,141
CON-003577,LOT-00910,L5,BNK-L5-1,NY6-F,11775
CON-003578,LOT-00910,L5,BNK-L5-2,NY6-H,2683
CON-003579,LOT-00910,L5,BNK-L5-3,MB-NA,220
CON-003580,LOT-00910,L5,BNK-L5-4,MB-NS,142
CON-003581,LOT-00911,L6,BNK-L6-1,NY6-F,10691
CON-003582,LOT-00911,L6,BNK-L6-2,NY6-H,2766
CON-003583,LOT-00911,L6,BNK-L6-3,MB-NA,197
CON-003584,LOT-00911,L6,BNK-L6-4,MB-NS,132
CON-003585,LOT-00912,L6,BNK-L6-1,NY6-F,10800
CON-003586,LOT-00912,L6,BNK-L6-2,NY6-H,2794
CON-003587,LOT-00912,L6,BNK-L6-3,MB-NA,199
CON-003588,LOT-00912,L6,BNK-L6-4,MB-NS,134
CON-003589,LOT-00913,L1,BNK-L1-1,PET-BR,26022
CON-003590,LOT-00913,L1,BNK-L1-2,PET-SD,1323
CON-003591,LOT-00913,L1,BNK-L1-3,MB-AB,400
CON-003592,LOT-00913,L1,BNK-L1-4,MB-SL,270
CON-003593,LOT-00914,L1,BNK-L1-1,PET-BR,26166
CON-003594,LOT-00914,L1,BNK-L1-2,PET-SD,1331
CON-003595,LOT-00914,L1,BNK-L1-3,MB-AB,403
CON-003596,LOT-00914,L1,BNK-L1-4,MB-SL,271
CON-003597,LOT-00915,L2,BNK-L2-1,PET-BR,22059
CON-003598,LOT-00915,L2,BNK-L2-2,PET-RC,3477
CON-003599,LOT-00915,L2,BNK-L2-3,MB-AB,520
CON-003600,LOT-00915,L2,BNK-L2-4,MB-WH,262
CON-003601,LOT-00916,L2,BNK-L2-1,PET-BR,22186
CON-003602,LOT-00916,L2,BNK-L2-2,PET-RC,3497
CON-003603,LOT-00916,L2,BNK-L2-3,MB-AB,523
CON-003604,LOT-00916,L2,BNK-L2-4,MB-WH,264
CON-003605,LOT-00917,L3,BNK-L3-1,PET-BR,10838
CON-003606,LOT-00917,L3,BNK-L3-2,PET-SD,15634
CON-003607,LOT-00918,L3,BNK-L3-1,PET-BR,10783
CON-003608,LOT-00918,L3,BNK-L3-2,PET-SD,15556
CON-003609,LOT-00919,L4,BNK-L4-1,PET-BR,19965
CON-003610,LOT-00919,L4,BNK-L4-2,PET-CO,4251
CON-003611,LOT-00919,L4,BNK-L4-3,MB-WH,368
CON-003612,LOT-00919,L4,BNK-L4-4,MB-UV,238
CON-003613,LOT-00920,L4,BNK-L4-1,PET-BR,20086
CON-003614,LOT-00920,L4,BNK-L4-2,PET-CO,4277
CON-003615,LOT-00920,L4,BNK-L4-3,MB-WH,370
CON-003616,LOT-00920,L4,BNK-L4-4,MB-UV,239
CON-003617,LOT-00921,L5,BNK-L5-1,NY6-F,11359
CON-003618,LOT-00921,L5,BNK-L5-2,NY6-H,3214
CON-003619,LOT-00921,L5,BNK-L5-3,MB-NA,213
CON-003620,LOT-00921,L5,BNK-L5-4,MB-NS,143
CON-003621,LOT-00922,L5,BNK-L5-1,NY6-F,11467
CON-003622,LOT-00922,L5,BNK-L5-2,NY6-H,3245
CON-003623,LOT-00922,L5,BNK-L5-3,MB-NA,215
CON-003624,LOT-00922,L5,BNK-L5-4,MB-NS,145
CON-003625,LOT-00923,L6,BNK-L6-1,NY6-F,11628
CON-003626,LOT-00923,L6,BNK-L6-2,NY6-H,1915
CON-003627,LOT-00923,L6,BNK-L6-3,MB-NA,267
CON-003628,LOT-00923,L6,BNK-L6-4,MB-NS,135
CON-003629,LOT-00924,L6,BNK-L6-1,NY6-F,11746
CON-003630,LOT-00924,L6,BNK-L6-2,NY6-H,1935
CON-003631,LOT-00924,L6,BNK-L6-3,MB-NA,269
CON-003632,LOT-00924,L6,BNK-L6-4,MB-NS,136
CON-003633,LOT-00925,L1,BNK-L1-1,PET-BR,25733
CON-003634,LOT-00925,L1,BNK-L1-2,PET-SD,808
CON-003635,LOT-00925,L1,BNK-L1-3,MB-AB,543
CON-003636,LOT-00925,L1,BNK-L1-4,MB-SL,411
CON-003637,LOT-00926,L1,BNK-L1-1,PET-BR,25876
CON-003638,LOT-00926,L1,BNK-L1-2,PET-SD,812
CON-003639,LOT-00926,L1,BNK-L1-3,MB-AB,546
CON-003640,LOT-00926,L1,BNK-L1-4,MB-SL,414
CON-003641,LOT-00927,L2,BNK-L2-1,PET-BR,21286
CON-003642,LOT-00927,L2,BNK-L2-2,PET-RC,4718
CON-003643,LOT-00927,L2,BNK-L2-3,MB-AB,397
CON-003644,LOT-00927,L2,BNK-L2-4,MB-WH,385
CON-003645,LOT-00928,L2,BNK-L2-1,PET-BR,21408
CON-003646,LOT-00928,L2,BNK-L2-2,PET-RC,4745
CON-003647,LOT-00928,L2,BNK-L2-3,MB-AB,399
CON-003648,LOT-00928,L2,BNK-L2-4,MB-WH,387
CON-003649,LOT-00929,L3,BNK-L3-1,PET-BR,22514
CON-003650,LOT-00929,L3,BNK-L3-2,PET-SD,3118
CON-003651,LOT-00929,L3,BNK-L3-3,MB-SL,530
CON-003652,LOT-00929,L3,BNK-L3-4,MB-UV,257
CON-003653,LOT-00930,L3,BNK-L3-1,PET-BR,22643
CON-003654,LOT-00930,L3,BNK-L3-2,PET-SD,3136
CON-003655,LOT-00930,L3,BNK-L3-3,MB-SL,527
CON-003656,LOT-00930,L3,BNK-L3-4,MB-UV,256
CON-003657,LOT-00931,L4,BNK-L4-1,PET-BR,19595
CON-003658,LOT-00931,L4,BNK-L4-2,PET-CO,4946
CON-003659,LOT-00931,L4,BNK-L4-3,MB-WH,480
CON-003660,LOT-00931,L4,BNK-L4-4,MB-UV,242
CON-003661,LOT-00932,L4,BNK-L4-1,PET-BR,19713
CON-003662,LOT-00932,L4,BNK-L4-2,PET-CO,4976
CON-003663,LOT-00932,L4,BNK-L4-3,MB-WH,483
CON-003664,LOT-00932,L4,BNK-L4-4,MB-UV,244
CON-003665,LOT-00933,L5,BNK-L5-1,NY6-F,12511
CON-003666,LOT-00933,L5,BNK-L5-2,NY6-H,2144
CON-003667,LOT-00933,L5,BNK-L5-3,MB-NA,289
CON-003668,LOT-00933,L5,BNK-L5-4,MB-NS,146
CON-003669,LOT-00934,L5,BNK-L5-1,NY6-F,12629
CON-003670,LOT-00934,L5,BNK-L5-2,NY6-H,2164
CON-003671,LOT-00934,L5,BNK-L5-3,MB-NA,291
CON-003672,LOT-00934,L5,BNK-L5-4,MB-NS,147
CON-003673,LOT-00935,L6,BNK-L6-1,NY6-F,10849
CON-003674,LOT-00935,L6,BNK-L6-2,NY6-H,2487
CON-003675,LOT-00935,L6,BNK-L6-3,MB-NA,204
CON-003676,LOT-00935,L6,BNK-L6-4,MB-NS,206
CON-003677,LOT-00936,L6,BNK-L6-1,NY6-F,10959
CON-003678,LOT-00936,L6,BNK-L6-2,NY6-H,2512
CON-003679,LOT-00936,L6,BNK-L6-3,MB-NA,206
CON-003680,LOT-00936,L6,BNK-L6-4,MB-NS,208
CON-003681,LOT-00937,L1,BNK-L1-1,PET-BR,25914
CON-003682,LOT-00937,L1,BNK-L1-2,PET-SD,1370
CON-003683,LOT-00937,L1,BNK-L1-3,MB-AB,415
CON-003684,LOT-00937,L1,BNK-L1-4,MB-SL,268
CON-003685,LOT-00938,L1,BNK-L1-1,PET-BR,26057
CON-003686,LOT-00938,L1,BNK-L1-2,PET-SD,1378
CON-003687,LOT-00938,L1,BNK-L1-3,MB-AB,417
CON-003688,LOT-00938,L1,BNK-L1-4,MB-SL,270
CON-003689,LOT-00939,L2,BNK-L2-1,PET-BR,21977
CON-003690,LOT-00939,L2,BNK-L2-2,PET-RC,4359
CON-003691,LOT-00939,L2,BNK-L2-3,MB-AB,400
CON-003692,LOT-00939,L2,BNK-L2-4,MB-WH,259
CON-003693,LOT-00940,L2,BNK-L2-1,PET-BR,21865
CON-003694,LOT-00940,L2,BNK-L2-2,PET-RC,4337
CON-003695,LOT-00940,L2,BNK-L2-3,MB-AB,402
CON-003696,LOT-00940,L2,BNK-L2-4,MB-WH,260
CON-003697,LOT-00941,L3,BNK-L3-1,PET-BR,23439
CON-003698,LOT-00941,L3,BNK-L3-2,PET-SD,2644
CON-003699,LOT-00941,L3,BNK-L3-3,MB-SL,513
CON-003700,LOT-00941,L3,BNK-L3-4,MB-UV,259
CON-003701,LOT-00942,L3,BNK-L3-1,PET-BR,23572
CON-003702,LOT-00942,L3,BNK-L3-2,PET-SD,2659
CON-003703,LOT-00942,L3,BNK-L3-3,MB-SL,516
CON-003704,LOT-00942,L3,BNK-L3-4,MB-UV,261
CON-003705,LOT-00943,L4,BNK-L4-1,PET-BR,21322
CON-003706,LOT-00943,L4,BNK-L4-2,PET-CO,3511
CON-003707,LOT-00943,L4,BNK-L4-3,MB-WH,489
CON-003708,LOT-00943,L4,BNK-L4-4,MB-UV,247
CON-003709,LOT-00944,L4,BNK-L4-1,PET-BR,21449
CON-003710,LOT-00944,L4,BNK-L4-2,PET-CO,3533
CON-003711,LOT-00944,L4,BNK-L4-3,MB-WH,492
CON-003712,LOT-00944,L4,BNK-L4-4,MB-UV,248
CON-003713,LOT-00945,L5,BNK-L5-1,NY6-F,11663
CON-003714,LOT-00945,L5,BNK-L5-2,NY6-H,2763
CON-003715,LOT-00945,L5,BNK-L5-3,MB-NA,220
CON-003716,LOT-00945,L5,BNK-L5-4,MB-NS,222
CON-003717,LOT-00946,L5,BNK-L5-1,NY6-F,11772
CON-003718,LOT-00946,L5,BNK-L5-2,NY6-H,2789
CON-003719,LOT-00946,L5,BNK-L5-3,MB-NA,222
CON-003720,LOT-00946,L5,BNK-L5-4,MB-NS,224
CON-003721,LOT-00947,L6,BNK-L6-1,NY6-F,10703
CON-003722,LOT-00947,L6,BNK-L6-2,NY6-H,2873
CON-003723,LOT-00947,L6,BNK-L6-3,MB-NA,276
CON-003724,LOT-00947,L6,BNK-L6-4,MB-NS,134
CON-003725,LOT-00948,L6,BNK-L6-1,NY6-F,10811
CON-003726,LOT-00948,L6,BNK-L6-2,NY6-H,2902
CON-003727,LOT-00948,L6,BNK-L6-3,MB-NA,279
CON-003728,LOT-00948,L6,BNK-L6-4,MB-NS,136
CON-003729,LOT-00949,L1,BNK-L1-1,PET-BR,25173
CON-003730,LOT-00949,L1,BNK-L1-2,PET-SD,1054
CON-003731,LOT-00949,L1,BNK-L1-3,MB-AB,399
CON-003732,LOT-00949,L1,BNK-L1-4,MB-SL,258
CON-003733,LOT-00950,L1,BNK-L1-1,PET-BR,25317
CON-003734,LOT-00950,L1,BNK-L1-2,PET-SD,1060
CON-003735,LOT-00950,L1,BNK-L1-3,MB-AB,401
CON-003736,LOT-00950,L1,BNK-L1-4,MB-SL,260
CON-003737,LOT-00951,L2,BNK-L2-1,PET-BR,20070
CON-003738,LOT-00951,L2,BNK-L2-2,PET-RC,5193
CON-003739,LOT-00951,L2,BNK-L2-3,MB-AB,373
CON-003740,LOT-00951,L2,BNK-L2-4,MB-WH,251
CON-003741,LOT-00952,L2,BNK-L2-1,PET-BR,20188
CON-003742,LOT-00952,L2,BNK-L2-2,PET-RC,5223
CON-003743,LOT-00952,L2,BNK-L2-3,MB-AB,371
CON-003744,LOT-00952,L2,BNK-L2-4,MB-WH,250
CON-003745,LOT-00953,L3,BNK-L3-1,PET-BR,21447
CON-003746,LOT-00953,L3,BNK-L3-2,PET-SD,3697
CON-003747,LOT-00953,L3,BNK-L3-3,MB-SL,497
CON-003748,LOT-00953,L3,BNK-L3-4,MB-UV,251
CON-003749,LOT-00954,L3,BNK-L3-1,PET-BR,21573
CON-003750,LOT-00954,L3,BNK-L3-2,PET-SD,3719
CON-003751,LOT-00954,L3,BNK-L3-3,MB-SL,500
CON-003752,LOT-00954,L3,BNK-L3-4,MB-UV,253
CON-003753,LOT-00955,L4,BNK-L4-1,PET-BR,19009
CON-003754,LOT-00955,L4,BNK-L4-2,PET-CO,4214
CON-003755,LOT-00955,L4,BNK-L4-3,MB-WH,354
CON-003756,LOT-00955,L4,BNK-L4-4,MB-UV,358
CON-003757,LOT-00956,L4,BNK-L4-1,PET-BR,19127
CON-003758,LOT-00956,L4,BNK-L4-2,PET-CO,4240
CON-003759,LOT-00956,L4,BNK-L4-3,MB-WH,356
CON-003760,LOT-00956,L4,BNK-L4-4,MB-UV,360
CON-003761,LOT-00957,L5,BNK-L5-1,NY6-F,11064
CON-003762,LOT-00957,L5,BNK-L5-2,NY6-H,2970
CON-003763,LOT-00957,L5,BNK-L5-3,MB-NA,286
CON-003764,LOT-00957,L5,BNK-L5-4,MB-NS,139
CON-003765,LOT-00958,L5,BNK-L5-1,NY6-F,11171
CON-003766,LOT-00958,L5,BNK-L5-2,NY6-H,2999
CON-003767,LOT-00958,L5,BNK-L5-3,MB-NA,288
CON-003768,LOT-00958,L5,BNK-L5-4,MB-NS,140
CON-003769,LOT-00959,L6,BNK-L6-1,NY6-F,10798
CON-003770,LOT-00959,L6,BNK-L6-2,NY6-H,2299
CON-003771,LOT-00959,L6,BNK-L6-3,MB-NA,199
CON-003772,LOT-00959,L6,BNK-L6-4,MB-NS,129
CON-003773,LOT-00960,L6,BNK-L6-1,NY6-F,10911
CON-003774,LOT-00960,L6,BNK-L6-2,NY6-H,2323
CON-003775,LOT-00960,L6,BNK-L6-3,MB-NA,201
CON-003776,LOT-00960,L6,BNK-L6-4,MB-NS,130
CON-003777,LOT-00961,L1,BNK-L1-1,PET-BR,25619
CON-003778,LOT-00961,L1,BNK-L1-2,PET-SD,804
CON-003779,LOT-00961,L1,BNK-L1-3,MB-AB,520
CON-003780,LOT-00961,L1,BNK-L1-4,MB-SL,263
CON-003781,LOT-00962,L1,BNK-L1-1,PET-BR,25490
CON-003782,LOT-00962,L1,BNK-L1-2,PET-SD,800
CON-003783,LOT-00962,L1,BNK-L1-3,MB-AB,523
CON-003784,LOT-00962,L1,BNK-L1-4,MB-SL,264
CON-003785,LOT-00963,L2,BNK-L2-1,PET-BR,19919
CON-003786,LOT-00963,L2,BNK-L2-2,PET-RC,5580
CON-003787,LOT-00963,L2,BNK-L2-3,MB-AB,375
CON-003788,LOT-00963,L2,BNK-L2-4,MB-WH,253
CON-003789,LOT-00964,L2,BNK-L2-1,PET-BR,20035
CON-003790,LOT-00964,L2,BNK-L2-2,PET-RC,5612
CON-003791,LOT-00964,L2,BNK-L2-3,MB-AB,377
CON-003792,LOT-00964,L2,BNK-L2-4,MB-WH,254
CON-003793,LOT-00965,L3,BNK-L3-1,PET-BR,22362
CON-003794,LOT-00965,L3,BNK-L3-2,PET-SD,2384
CON-003795,LOT-00965,L3,BNK-L3-3,MB-SL,506
CON-003796,LOT-00965,L3,BNK-L3-4,MB-UV,383
CON-003797,LOT-00966,L3,BNK-L3-1,PET-BR,22494
CON-003798,LOT-00966,L3,BNK-L3-2,PET-SD,2398
CON-003799,LOT-00966,L3,BNK-L3-3,MB-SL,509
CON-003800,LOT-00966,L3,BNK-L3-4,MB-UV,386
CON-003801,LOT-00967,L4,BNK-L4-1,PET-BR,18418
CON-003802,LOT-00967,L4,BNK-L4-2,PET-CO,5246
CON-003803,LOT-00967,L4,BNK-L4-3,MB-WH,481
CON-003804,LOT-00967,L4,BNK-L4-4,MB-UV,234
CON-003805,LOT-00968,L4,BNK-L4-1,PET-BR,18532
CON-003806,LOT-00968,L4,BNK-L4-2,PET-CO,5278
CON-003807,LOT-00968,L4,BNK-L4-3,MB-WH,484
CON-003808,LOT-00968,L4,BNK-L4-4,MB-UV,235
CON-003809,LOT-00969,L5,BNK-L5-1,NY6-F,11570
CON-003810,LOT-00969,L5,BNK-L5-2,NY6-H,2636
CON-003811,LOT-00969,L5,BNK-L5-3,MB-NA,216
CON-003812,LOT-00969,L5,BNK-L5-4,MB-NS,140
CON-003813,LOT-00970,L5,BNK-L5-1,NY6-F,11682
CON-003814,LOT-00970,L5,BNK-L5-2,NY6-H,2661
CON-003815,LOT-00970,L5,BNK-L5-3,MB-NA,218
CON-003816,LOT-00970,L5,BNK-L5-4,MB-NS,141
CON-003817,LOT-00971,L6,BNK-L6-1,NY6-F,10594
CON-003818,LOT-00971,L6,BNK-L6-2,NY6-H,2741
CON-003819,LOT-00971,L6,BNK-L6-3,MB-NA,195
CON-003820,LOT-00971,L6,BNK-L6-4,MB-NS,131
CON-003821,LOT-00972,L6,BNK-L6-1,NY6-F,10704
CON-003822,LOT-00972,L6,BNK-L6-2,NY6-H,2769
CON-003823,LOT-00972,L6,BNK-L6-3,MB-NA,197
CON-003824,LOT-00972,L6,BNK-L6-4,MB-NS,133
CON-003825,LOT-00973,L1,BNK-L1-1,PET-BR,25526
CON-003826,LOT-00973,L1,BNK-L1-2,PET-SD,1298
CON-003827,LOT-00973,L1,BNK-L1-3,MB-AB,397
CON-003828,LOT-00973,L1,BNK-L1-4,MB-SL,267
CON-003829,LOT-00974,L1,BNK-L1-1,PET-BR,25669
CON-003830,LOT-00974,L1,BNK-L1-2,PET-SD,1305
CON-003831,LOT-00974,L1,BNK-L1-3,MB-AB,395
CON-003832,LOT-00974,L1,BNK-L1-4,MB-SL,266
CON-003833,LOT-00975,L2,BNK-L2-1,PET-BR,21624
CON-003834,LOT-00975,L2,BNK-L2-2,PET-RC,3408
CON-003835,LOT-00975,L2,BNK-L2-3,MB-AB,509
CON-003836,LOT-00975,L2,BNK-L2-4,MB-WH,257
CON-003837,LOT-00976,L2,BNK-L2-1,PET-BR,21750
CON-003838,LOT-00976,L2,BNK-L2-2,PET-RC,3428
CON-003839,LOT-00976,L2,BNK-L2-3,MB-AB,512
CON-003840,LOT-00976,L2,BNK-L2-4,MB-WH,259
CON-003841,LOT-00977,L3,BNK-L3-1,PET-BR,10625
CON-003842,LOT-00977,L3,BNK-L3-2,PET-SD,15327
CON-003843,LOT-00978,L3,BNK-L3-1,PET-BR,10686
CON-003844,LOT-00978,L3,BNK-L3-2,PET-SD,15416
CON-003845,LOT-00979,L4,BNK-L4-1,PET-BR,19766
CON-003846,LOT-00979,L4,BNK-L4-2,PET-CO,4208
CON-003847,LOT-00979,L4,BNK-L4-3,MB-WH,364
CON-003848,LOT-00979,L4,BNK-L4-4,MB-UV,236
CON-003849,LOT-00980,L4,BNK-L4-1,PET-BR,19887
CON-003850,LOT-00980,L4,BNK-L4-2,PET-CO,4234
CON-003851,LOT-00980,L4,BNK-L4-3,MB-WH,366
CON-003852,LOT-00980,L4,BNK-L4-4,MB-UV,237
CON-003853,LOT-00981,L5,BNK-L5-1,NY6-F,11269
CON-003854,LOT-00981,L5,BNK-L5-2,NY6-H,3189
CON-003855,LOT-00981,L5,BNK-L5-3,MB-NA,211
CON-003856,LOT-00981,L5,BNK-L5-4,MB-NS,142
CON-003857,LOT-00982,L5,BNK-L5-1,NY6-F,11377
CON-003858,LOT-00982,L5,BNK-L5-2,NY6-H,3219
CON-003859,LOT-00982,L5,BNK-L5-3,MB-NA,213
CON-003860,LOT-00982,L5,BNK-L5-4,MB-NS,144
CON-003861,LOT-00983,L6,BNK-L6-1,NY6-F,11524
CON-003862,LOT-00983,L6,BNK-L6-2,NY6-H,1898
CON-003863,LOT-00983,L6,BNK-L6-3,MB-NA,264
CON-003864,LOT-00983,L6,BNK-L6-4,MB-NS,133
CON-003865,LOT-00984,L6,BNK-L6-1,NY6-F,11642
CON-003866,LOT-00984,L6,BNK-L6-2,NY6-H,1918
CON-003867,LOT-00984,L6,BNK-L6-3,MB-NA,267
CON-003868,LOT-00984,L6,BNK-L6-4,MB-NS,135
CON-003869,LOT-00985,L1,BNK-L1-1,PET-BR,25241
CON-003870,LOT-00985,L1,BNK-L1-2,PET-SD,792
CON-003871,LOT-00985,L1,BNK-L1-3,MB-AB,533
CON-003872,LOT-00985,L1,BNK-L1-4,MB-SL,404
CON-003873,LOT-00986,L1,BNK-L1-1,PET-BR,25382
CON-003874,LOT-00986,L1,BNK-L1-2,PET-SD,797
CON-003875,LOT-00986,L1,BNK-L1-3,MB-AB,536
CON-003876,LOT-00986,L1,BNK-L1-4,MB-SL,406
CON-003877,LOT-00987,L2,BNK-L2-1,PET-BR,20869
CON-003878,LOT-00987,L2,BNK-L2-2,PET-RC,4626
CON-003879,LOT-00987,L2,BNK-L2-3,MB-AB,389
CON-003880,LOT-00987,L2,BNK-L2-4,MB-WH,378
CON-003881,LOT-00988,L2,BNK-L2-1,PET-BR,20990
CON-003882,LOT-00988,L2,BNK-L2-2,PET-RC,4653
CON-003883,LOT-00988,L2,BNK-L2-3,MB-AB,391
CON-003884,LOT-00988,L2,BNK-L2-4,MB-WH,380
CON-003885,LOT-00989,L3,BNK-L3-1,PET-BR,22313
CON-003886,LOT-00989,L3,BNK-L3-2,PET-SD,3090
CON-003887,LOT-00989,L3,BNK-L3-3,MB-SL,520
CON-003888,LOT-00989,L3,BNK-L3-4,MB-UV,252
CON-003889,LOT-00990,L3,BNK-L3-1,PET-BR,22442
CON-003890,LOT-00990,L3,BNK-L3-2,PET-SD,3108
CON-003891,LOT-00990,L3,BNK-L3-3,MB-SL,522
CON-003892,LOT-00990,L3,BNK-L3-4,MB-UV,254
CON-003893,LOT-00991,L4,BNK-L4-1,PET-BR,19402
CON-003894,LOT-00991,L4,BNK-L4-2,PET-CO,4897
CON-003895,LOT-00991,L4,BNK-L4-3,MB-WH,475
CON-003896,LOT-00991,L4,BNK-L4-4,MB-UV,240
CON-003897,LOT-00992,L4,BNK-L4-1,PET-BR,19520
CON-003898,LOT-00992,L4,BNK-L4-2,PET-CO,4927
CON-003899,LOT-00992,L4,BNK-L4-3,MB-WH,478
CON-003900,LOT-00992,L4,BNK-L4-4,MB-UV,241
CON-003901,LOT-00993,L5,BNK-L5-1,NY6-F,12412
CON-003902,LOT-00993,L5,BNK-L5-2,NY6-H,2127
CON-003903,LOT-00993,L5,BNK-L5-3,MB-NA,286
CON-003904,LOT-00993,L5,BNK-L5-4,MB-NS,145
CON-003905,LOT-00994,L5,BNK-L5-1,NY6-F,12530
CON-003906,LOT-00994,L5,BNK-L5-2,NY6-H,2148
CON-003907,LOT-00994,L5,BNK-L5-3,MB-NA,289
CON-003908,LOT-00994,L5,BNK-L5-4,MB-NS,146
CON-003909,LOT-00995,L6,BNK-L6-1,NY6-F,10754
CON-003910,LOT-00995,L6,BNK-L6-2,NY6-H,2465
CON-003911,LOT-00995,L6,BNK-L6-3,MB-NA,202
CON-003912,LOT-00995,L6,BNK-L6-4,MB-NS,204
CON-003913,LOT-00996,L6,BNK-L6-1,NY6-F,10746
CON-003914,LOT-00996,L6,BNK-L6-2,NY6-H,2464
CON-003915,LOT-00996,L6,BNK-L6-3,MB-NA,202
CON-003916,LOT-00996,L6,BNK-L6-4,MB-NS,204
CON-003917,LOT-00997,L1,BNK-L1-1,PET-BR,25422
CON-003918,LOT-00997,L1,BNK-L1-2,PET-SD,1344
CON-003919,LOT-00997,L1,BNK-L1-3,MB-AB,407
CON-003920,LOT-00997,L1,BNK-L1-4,MB-SL,263
CON-003921,LOT-00998,L1,BNK-L1-1,PET-BR,25564
CON-003922,LOT-00998,L1,BNK-L1-2,PET-SD,1352
CON-003923,LOT-00998,L1,BNK-L1-3,MB-AB,409
CON-003924,LOT-00998,L1,BNK-L1-4,MB-SL,265
CON-003925,LOT-00999,L2,BNK-L2-1,PET-BR,21549
CON-003926,LOT-00999,L2,BNK-L2-2,PET-RC,4274
CON-003927,LOT-00999,L2,BNK-L2-3,MB-AB,392
CON-003928,LOT-00999,L2,BNK-L2-4,MB-WH,254
CON-003929,LOT-01000,L2,BNK-L2-1,PET-BR,21673
CON-003930,LOT-01000,L2,BNK-L2-2,PET-RC,4299
CON-003931,LOT-01000,L2,BNK-L2-3,MB-AB,394
CON-003932,LOT-01000,L2,BNK-L2-4,MB-WH,255
CON-003933,LOT-01001,L3,BNK-L3-1,PET-BR,23230
CON-003934,LOT-01001,L3,BNK-L3-2,PET-SD,2621
CON-003935,LOT-01001,L3,BNK-L3-3,MB-SL,509
CON-003936,LOT-01001,L3,BNK-L3-4,MB-UV,257
CON-003937,LOT-01002,L3,BNK-L3-1,PET-BR,23363
CON-003938,LOT-01002,L3,BNK-L3-2,PET-SD,2636
CON-003939,LOT-01002,L3,BNK-L3-3,MB-SL,511
CON-003940,LOT-01002,L3,BNK-L3-4,MB-UV,258
CON-003941,LOT-01003,L4,BNK-L4-1,PET-BR,21113
CON-003942,LOT-01003,L4,BNK-L4-2,PET-CO,3478
CON-003943,LOT-01003,L4,BNK-L4-3,MB-WH,484
CON-003944,LOT-01003,L4,BNK-L4-4,MB-UV,244
CON-003945,LOT-01004,L4,BNK-L4-1,PET-BR,21240
CON-003946,LOT-01004,L4,BNK-L4-2,PET-CO,3499
CON-003947,LOT-01004,L4,BNK-L4-3,MB-WH,487
CON-003948,LOT-01004,L4,BNK-L4-4,MB-UV,246
CON-003949,LOT-01005,L5,BNK-L5-1,NY6-F,11573
CON-003950,LOT-01005,L5,BNK-L5-2,NY6-H,2741
CON-003951,LOT-01005,L5,BNK-L5-3,MB-NA,219
CON-003952,LOT-01005,L5,BNK-L5-4,MB-NS,221
CON-003953,LOT-01006,L5,BNK-L5-1,NY6-F,11683
CON-003954,LOT-01006,L5,BNK-L5-2,NY6-H,2767
CON-003955,LOT-01006,L5,BNK-L5-3,MB-NA,221
CON-003956,LOT-01006,L5,BNK-L5-4,MB-NS,223
CON-003957,LOT-01007,L6,BNK-L6-1,NY6-F,10496
CON-003958,LOT-01007,L6,BNK-L6-2,NY6-H,2818
CON-003959,LOT-01007,L6,BNK-L6-3,MB-NA,271
CON-003960,LOT-01007,L6,BNK-L6-4,MB-NS,132
CON-003961,LOT-01008,L6,BNK-L6-1,NY6-F,10603
CON-003962,LOT-01008,L6,BNK-L6-2,NY6-H,2846
CON-003963,LOT-01008,L6,BNK-L6-3,MB-NA,274
CON-003964,LOT-01008,L6,BNK-L6-4,MB-NS,133
CON-003965,LOT-01009,L1,BNK-L1-1,PET-BR,25885
CON-003966,LOT-01009,L1,BNK-L1-2,PET-SD,1084
CON-003967,LOT-01009,L1,BNK-L1-3,MB-AB,410
CON-003968,LOT-01009,L1,BNK-L1-4,MB-SL,265
CON-003969,LOT-01010,L1,BNK-L1-1,PET-BR,26029
CON-003970,LOT-01010,L1,BNK-L1-2,PET-SD,1090
CON-003971,LOT-01010,L1,BNK-L1-3,MB-AB,412
CON-003972,LOT-01010,L1,BNK-L1-4,MB-SL,267
CON-003973,LOT-01011,L2,BNK-L2-1,PET-BR,20888
CON-003974,LOT-01011,L2,BNK-L2-2,PET-RC,5405
CON-003975,LOT-01011,L2,BNK-L2-3,MB-AB,384
CON-003976,LOT-01011,L2,BNK-L2-4,MB-WH,258
CON-003977,LOT-01012,L2,BNK-L2-1,PET-BR,21008
CON-003978,LOT-01012,L2,BNK-L2-2,PET-RC,5435
CON-003979,LOT-01012,L2,BNK-L2-3,MB-AB,386
CON-003980,LOT-01012,L2,BNK-L2-4,MB-WH,260
CON-003981,LOT-01013,L3,BNK-L3-1,PET-BR,22320
CON-003982,LOT-01013,L3,BNK-L3-2,PET-SD,3848
CON-003983,LOT-01013,L3,BNK-L3-3,MB-SL,518
CON-003984,LOT-01013,L3,BNK-L3-4,MB-UV,261
CON-003985,LOT-01014,L3,BNK-L3-1,PET-BR,22448
CON-003986,LOT-01014,L3,BNK-L3-2,PET-SD,3870
CON-003987,LOT-01014,L3,BNK-L3-3,MB-SL,521
CON-003988,LOT-01014,L3,BNK-L3-4,MB-UV,263
CON-003989,LOT-01015,L4,BNK-L4-1,PET-BR,19831
CON-003990,LOT-01015,L4,BNK-L4-2,PET-CO,4396
CON-003991,LOT-01015,L4,BNK-L4-3,MB-WH,370
CON-003992,LOT-01015,L4,BNK-L4-4,MB-UV,373
CON-003993,LOT-01016,L4,BNK-L4-1,PET-BR,19950
CON-003994,LOT-01016,L4,BNK-L4-2,PET-CO,4422
CON-003995,LOT-01016,L4,BNK-L4-3,MB-WH,372
CON-003996,LOT-01016,L4,BNK-L4-4,MB-UV,375
CON-003997,LOT-01017,L5,BNK-L5-1,NY6-F,11482
CON-003998,LOT-01017,L5,BNK-L5-2,NY6-H,3082
CON-003999,LOT-01017,L5,BNK-L5-3,MB-NA,296
CON-004000,LOT-01017,L5,BNK-L5-4,MB-NS,144
CON-004001,LOT-01018,L5,BNK-L5-1,NY6-F,11466
CON-004002,LOT-01018,L5,BNK-L5-2,NY6-H,3078
CON-004003,LOT-01018,L5,BNK-L5-3,MB-NA,296
CON-004004,LOT-01018,L5,BNK-L5-4,MB-NS,144
CON-004005,LOT-01019,L6,BNK-L6-1,NY6-F,11114
CON-004006,LOT-01019,L6,BNK-L6-2,NY6-H,2366
CON-004007,LOT-01019,L6,BNK-L6-3,MB-NA,205
CON-004008,LOT-01019,L6,BNK-L6-4,MB-NS,133
CON-004009,LOT-01020,L6,BNK-L6-1,NY6-F,11227
CON-004010,LOT-01020,L6,BNK-L6-2,NY6-H,2390
CON-004011,LOT-01020,L6,BNK-L6-3,MB-NA,207
CON-004012,LOT-01020,L6,BNK-L6-4,MB-NS,134
CON-004013,LOT-01021,L1,BNK-L1-1,PET-BR,26339
CON-004014,LOT-01021,L1,BNK-L1-2,PET-SD,827
CON-004015,LOT-01021,L1,BNK-L1-3,MB-AB,535
CON-004016,LOT-01021,L1,BNK-L1-4,MB-SL,270
CON-004017,LOT-01022,L1,BNK-L1-1,PET-BR,26484
CON-004018,LOT-01022,L1,BNK-L1-2,PET-SD,831
CON-004019,LOT-01022,L1,BNK-L1-3,MB-AB,538
CON-004020,LOT-01022,L1,BNK-L1-4,MB-SL,272
CON-004021,LOT-01023,L2,BNK-L2-1,PET-BR,20726
CON-004022,LOT-01023,L2,BNK-L2-2,PET-RC,5806
CON-004023,LOT-01023,L2,BNK-L2-3,MB-AB,391
CON-004024,LOT-01023,L2,BNK-L2-4,MB-WH,263
CON-004025,LOT-01024,L2,BNK-L2-1,PET-BR,20843
CON-004026,LOT-01024,L2,BNK-L2-2,PET-RC,5839
CON-004027,LOT-01024,L2,BNK-L2-3,MB-AB,393
CON-004028,LOT-01024,L2,BNK-L2-4,MB-WH,264
CON-004029,LOT-01025,L3,BNK-L3-1,PET-BR,23271
CON-004030,LOT-01025,L3,BNK-L3-2,PET-SD,2481
CON-004031,LOT-01025,L3,BNK-L3-3,MB-SL,527
CON-004032,LOT-01025,L3,BNK-L3-4,MB-UV,399
CON-004033,LOT-01026,L3,BNK-L3-1,PET-BR,23404
CON-004034,LOT-01026,L3,BNK-L3-2,PET-SD,2495
CON-004035,LOT-01026,L3,BNK-L3-3,MB-SL,530
CON-004036,LOT-01026,L3,BNK-L3-4,MB-UV,401
CON-004037,LOT-01027,L4,BNK-L4-1,PET-BR,19208
CON-004038,LOT-01027,L4,BNK-L4-2,PET-CO,5470
CON-004039,LOT-01027,L4,BNK-L4-3,MB-WH,502
CON-004040,LOT-01027,L4,BNK-L4-4,MB-UV,244
CON-004041,LOT-01028,L4,BNK-L4-1,PET-BR,19116
CON-004042,LOT-01028,L4,BNK-L4-2,PET-CO,5445
CON-004043,LOT-01028,L4,BNK-L4-3,MB-WH,505
CON-004044,LOT-01028,L4,BNK-L4-4,MB-UV,245
CON-004045,LOT-01029,L5,BNK-L5-1,NY6-F,11877
CON-004046,LOT-01029,L5,BNK-L5-2,NY6-H,2706
CON-004047,LOT-01029,L5,BNK-L5-3,MB-NA,222
CON-004048,LOT-01029,L5,BNK-L5-4,MB-NS,143
CON-004049,LOT-01030,L5,BNK-L5-1,NY6-F,11989
CON-004050,LOT-01030,L5,BNK-L5-2,NY6-H,2731
CON-004051,LOT-01030,L5,BNK-L5-3,MB-NA,224
CON-004052,LOT-01030,L5,BNK-L5-4,MB-NS,145
CON-004053,LOT-01031,L6,BNK-L6-1,NY6-F,10903
CON-004054,LOT-01031,L6,BNK-L6-2,NY6-H,2821
CON-004055,LOT-01031,L6,BNK-L6-3,MB-NA,200
CON-004056,LOT-01031,L6,BNK-L6-4,MB-NS,135
CON-004057,LOT-01032,L6,BNK-L6-1,NY6-F,11012
CON-004058,LOT-01032,L6,BNK-L6-2,NY6-H,2849
CON-004059,LOT-01032,L6,BNK-L6-3,MB-NA,202
CON-004060,LOT-01032,L6,BNK-L6-4,MB-NS,136
CON-004061,LOT-01033,L2,BNK-L2-1,PET-BR,21383
CON-004062,LOT-01033,L2,BNK-L2-2,PET-RC,3370
CON-004063,LOT-01033,L2,BNK-L2-3,MB-AB,504
CON-004064,LOT-01033,L2,BNK-L2-4,MB-WH,254
CON-004065,LOT-01034,L2,BNK-L2-1,PET-BR,21509
CON-004066,LOT-01034,L2,BNK-L2-2,PET-RC,3390
CON-004067,LOT-01034,L2,BNK-L2-3,MB-AB,507
CON-004068,LOT-01034,L2,BNK-L2-4,MB-WH,256
CON-004069,LOT-01035,L3,BNK-L3-1,PET-BR,10506
CON-004070,LOT-01035,L3,BNK-L3-2,PET-SD,15155
CON-004071,LOT-01036,L3,BNK-L3-1,PET-BR,10567
CON-004072,LOT-01036,L3,BNK-L3-2,PET-SD,15244
CON-004073,LOT-01037,L4,BNK-L4-1,PET-BR,19527
CON-004074,LOT-01037,L4,BNK-L4-2,PET-CO,4157
CON-004075,LOT-01037,L4,BNK-L4-3,MB-WH,359
CON-004076,LOT-01037,L4,BNK-L4-4,MB-UV,233
CON-004077,LOT-01038,L4,BNK-L4-1,PET-BR,19648
CON-004078,LOT-01038,L4,BNK-L4-2,PET-CO,4183
CON-004079,LOT-01038,L4,BNK-L4-3,MB-WH,362
CON-004080,LOT-01038,L4,BNK-L4-4,MB-UV,234
CON-004081,LOT-01039,L5,BNK-L5-1,NY6-F,11155
CON-004082,LOT-01039,L5,BNK-L5-2,NY6-H,3157
CON-004083,LOT-01039,L5,BNK-L5-3,MB-NA,209
CON-004084,LOT-01039,L5,BNK-L5-4,MB-NS,141
CON-004085,LOT-01040,L5,BNK-L5-1,NY6-F,11144
CON-004086,LOT-01040,L5,BNK-L5-2,NY6-H,3154
CON-004087,LOT-01040,L5,BNK-L5-3,MB-NA,209
CON-004088,LOT-01040,L5,BNK-L5-4,MB-NS,141
CON-004089,LOT-01041,L6,BNK-L6-1,NY6-F,11276
CON-004090,LOT-01041,L6,BNK-L6-2,NY6-H,1857
CON-004091,LOT-01041,L6,BNK-L6-3,MB-NA,259
CON-004092,LOT-01041,L6,BNK-L6-4,MB-NS,131
CON-004093,LOT-01042,L6,BNK-L6-1,NY6-F,11393
CON-004094,LOT-01042,L6,BNK-L6-2,NY6-H,1876
CON-004095,LOT-01042,L6,BNK-L6-3,MB-NA,261
CON-004096,LOT-01042,L6,BNK-L6-4,MB-NS,132
CON-004097,LOT-01043,L1,BNK-L1-1,PET-BR,24975
CON-004098,LOT-01043,L1,BNK-L1-2,PET-SD,784
CON-004099,LOT-01043,L1,BNK-L1-3,MB-AB,527
CON-004100,LOT-01043,L1,BNK-L1-4,MB-SL,399
CON-004101,LOT-01044,L1,BNK-L1-1,PET-BR,25117
CON-004102,LOT-01044,L1,BNK-L1-2,PET-SD,789
CON-004103,LOT-01044,L1,BNK-L1-3,MB-AB,530
CON-004104,LOT-01044,L1,BNK-L1-4,MB-SL,402
CON-004105,LOT-01045,L3,BNK-L3-1,PET-BR,22022
CON-004106,LOT-01045,L3,BNK-L3-2,PET-SD,3050
CON-004107,LOT-01045,L3,BNK-L3-3,MB-SL,513
CON-004108,LOT-01045,L3,BNK-L3-4,MB-UV,249
CON-004109,LOT-01046,L3,BNK-L3-1,PET-BR,22151
CON-004110,LOT-01046,L3,BNK-L3-2,PET-SD,3068
CON-004111,LOT-01046,L3,BNK-L3-3,MB-SL,516
CON-004112,LOT-01046,L3,BNK-L3-4,MB-UV,250
CON-004113,LOT-01047,L4,BNK-L4-1,PET-BR,19131
CON-004114,LOT-01047,L4,BNK-L4-2,PET-CO,4829
CON-004115,LOT-01047,L4,BNK-L4-3,MB-WH,469
CON-004116,LOT-01047,L4,BNK-L4-4,MB-UV,237
CON-004117,LOT-01048,L4,BNK-L4-1,PET-BR,19249
CON-004118,LOT-01048,L4,BNK-L4-2,PET-CO,4859
CON-004119,LOT-01048,L4,BNK-L4-3,MB-WH,471
CON-004120,LOT-01048,L4,BNK-L4-4,MB-UV,238
CON-004121,LOT-01049,L5,BNK-L5-1,NY6-F,12264
CON-004122,LOT-01049,L5,BNK-L5-2,NY6-H,2102
CON-004123,LOT-01049,L5,BNK-L5-3,MB-NA,283
CON-004124,LOT-01049,L5,BNK-L5-4,MB-NS,143
CON-004125,LOT-01050,L5,BNK-L5-1,NY6-F,12382
CON-004126,LOT-01050,L5,BNK-L5-2,NY6-H,2122
CON-004127,LOT-01050,L5,BNK-L5-3,MB-NA,286
CON-004128,LOT-01050,L5,BNK-L5-4,MB-NS,144
CON-004129,LOT-01051,L6,BNK-L6-1,NY6-F,10501
CON-004130,LOT-01051,L6,BNK-L6-2,NY6-H,2407
CON-004131,LOT-01051,L6,BNK-L6-3,MB-NA,197
CON-004132,LOT-01051,L6,BNK-L6-4,MB-NS,199
CON-004133,LOT-01052,L6,BNK-L6-1,NY6-F,10609
CON-004134,LOT-01052,L6,BNK-L6-2,NY6-H,2432
CON-004135,LOT-01052,L6,BNK-L6-3,MB-NA,199
CON-004136,LOT-01052,L6,BNK-L6-4,MB-NS,201
CON-004137,LOT-01053,L1,BNK-L1-1,PET-BR,25107
CON-004138,LOT-01053,L1,BNK-L1-2,PET-SD,1327
CON-004139,LOT-01053,L1,BNK-L1-3,MB-AB,402
CON-004140,LOT-01053,L1,BNK-L1-4,MB-SL,260
CON-004141,LOT-01054,L1,BNK-L1-1,PET-BR,25248
CON-004142,LOT-01054,L1,BNK-L1-2,PET-SD,1335
CON-004143,LOT-01054,L1,BNK-L1-3,MB-AB,404
CON-004144,LOT-01054,L1,BNK-L1-4,MB-SL,262
CON-004145,LOT-01055,L2,BNK-L2-1,PET-BR,21270
CON-004146,LOT-01055,L2,BNK-L2-2,PET-RC,4219
CON-004147,LOT-01055,L2,BNK-L2-3,MB-AB,387
CON-004148,LOT-01055,L2,BNK-L2-4,MB-WH,250
CON-004149,LOT-01056,L2,BNK-L2-1,PET-BR,21394
CON-004150,LOT-01056,L2,BNK-L2-2,PET-RC,4244
CON-004151,LOT-01056,L2,BNK-L2-3,MB-AB,389
CON-004152,LOT-01056,L2,BNK-L2-4,MB-WH,252
CON-004153,LOT-01057,L4,BNK-L4-1,PET-BR,20780
CON-004154,LOT-01057,L4,BNK-L4-2,PET-CO,3423
CON-004155,LOT-01057,L4,BNK-L4-3,MB-WH,476
CON-004156,LOT-01057,L4,BNK-L4-4,MB-UV,240
CON-004157,LOT-01058,L4,BNK-L4-1,PET-BR,20907
CON-004158,LOT-01058,L4,BNK-L4-2,PET-CO,3444
CON-004159,LOT-01058,L4,BNK-L4-3,MB-WH,479
CON-004160,LOT-01058,L4,BNK-L4-4,MB-UV,242
CON-004161,LOT-01059,L5,BNK-L5-1,NY6-F,11414
CON-004162,LOT-01059,L5,BNK-L5-2,NY6-H,2704
CON-004163,LOT-01059,L5,BNK-L5-3,MB-NA,216
CON-004164,LOT-01059,L5,BNK-L5-4,MB-NS,218
CON-004165,LOT-01060,L5,BNK-L5-1,NY6-F,11523
CON-004166,LOT-01060,L5,BNK-L5-2,NY6-H,2730
CON-004167,LOT-01060,L5,BNK-L5-3,MB-NA,218
CON-004168,LOT-01060,L5,BNK-L5-4,MB-NS,220
CON-004169,LOT-01061,L6,BNK-L6-1,NY6-F,10454
CON-004170,LOT-01061,L6,BNK-L6-2,NY6-H,2806
CON-004171,LOT-01061,L6,BNK-L6-3,MB-NA,270
CON-004172,LOT-01061,L6,BNK-L6-4,MB-NS,131
CON-004173,LOT-01062,L6,BNK-L6-1,NY6-F,10448
CON-004174,LOT-01062,L6,BNK-L6-2,NY6-H,2805
CON-004175,LOT-01062,L6,BNK-L6-3,MB-NA,270
CON-004176,LOT-01062,L6,BNK-L6-4,MB-NS,131
CON-004177,LOT-01063,L1,BNK-L1-1,PET-BR,25517
CON-004178,LOT-01063,L1,BNK-L1-2,PET-SD,1068
CON-004179,LOT-01063,L1,BNK-L1-3,MB-AB,404
CON-004180,LOT-01063,L1,BNK-L1-4,MB-SL,262
CON-004181,LOT-01064,L1,BNK-L1-1,PET-BR,25660
CON-004182,LOT-01064,L1,BNK-L1-2,PET-SD,1074
CON-004183,LOT-01064,L1,BNK-L1-3,MB-AB,406
CON-004184,LOT-01064,L1,BNK-L1-4,MB-SL,263
CON-004185,LOT-01065,L2,BNK-L2-1,PET-BR,20580
CON-004186,LOT-01065,L2,BNK-L2-2,PET-RC,5325
CON-004187,LOT-01065,L2,BNK-L2-3,MB-AB,378
CON-004188,LOT-01065,L2,BNK-L2-4,MB-WH,255
CON-004189,LOT-01066,L2,BNK-L2-1,PET-BR,20699
CON-004190,LOT-01066,L2,BNK-L2-2,PET-RC,5356
CON-004191,LOT-01066,L2,BNK-L2-3,MB-AB,380
CON-004192,LOT-01066,L2,BNK-L2-4,MB-WH,256
CON-004193,LOT-01067,L3,BNK-L3-1,PET-BR,21991
CON-004194,LOT-01067,L3,BNK-L3-2,PET-SD,3791
CON-004195,LOT-01067,L3,BNK-L3-3,MB-SL,510
CON-004196,LOT-01067,L3,BNK-L3-4,MB-UV,258
CON-004197,LOT-01068,L3,BNK-L3-1,PET-BR,22118
CON-004198,LOT-01068,L3,BNK-L3-2,PET-SD,3813
CON-004199,LOT-01068,L3,BNK-L3-3,MB-SL,513
CON-004200,LOT-01068,L3,BNK-L3-4,MB-UV,259
CON-004201,LOT-01069,L5,BNK-L5-1,NY6-F,11303
CON-004202,LOT-01069,L5,BNK-L5-2,NY6-H,3034
CON-004203,LOT-01069,L5,BNK-L5-3,MB-NA,292
CON-004204,LOT-01069,L5,BNK-L5-4,MB-NS,142
CON-004205,LOT-01070,L5,BNK-L5-1,NY6-F,11411
CON-004206,LOT-01070,L5,BNK-L5-2,NY6-H,3063
CON-004207,LOT-01070,L5,BNK-L5-3,MB-NA,295
CON-004208,LOT-01070,L5,BNK-L5-4,MB-NS,143
CON-004209,LOT-01071,L6,BNK-L6-1,NY6-F,11049
CON-004210,LOT-01071,L6,BNK-L6-2,NY6-H,2352
CON-004211,LOT-01071,L6,BNK-L6-3,MB-NA,204
CON-004212,LOT-01071,L6,BNK-L6-4,MB-NS,132
CON-004213,LOT-01072,L6,BNK-L6-1,NY6-F,11162
CON-004214,LOT-01072,L6,BNK-L6-2,NY6-H,2376
CON-004215,LOT-01072,L6,BNK-L6-3,MB-NA,206
CON-004216,LOT-01072,L6,BNK-L6-4,MB-NS,133
CON-004217,LOT-01073,L1,BNK-L1-1,PET-BR,25916
CON-004218,LOT-01073,L1,BNK-L1-2,PET-SD,814
CON-004219,LOT-01073,L1,BNK-L1-3,MB-AB,526
CON-004220,LOT-01073,L1,BNK-L1-4,MB-SL,266
CON-004221,LOT-01074,L1,BNK-L1-1,PET-BR,26060
CON-004222,LOT-01074,L1,BNK-L1-2,PET-SD,818
CON-004223,LOT-01074,L1,BNK-L1-3,MB-AB,529
CON-004224,LOT-01074,L1,BNK-L1-4,MB-SL,267
CON-004225,LOT-01075,L2,BNK-L2-1,PET-BR,20383
CON-004226,LOT-01075,L2,BNK-L2-2,PET-RC,5710
CON-004227,LOT-01075,L2,BNK-L2-3,MB-AB,384
CON-004228,LOT-01075,L2,BNK-L2-4,MB-WH,259
CON-004229,LOT-01076,L2,BNK-L2-1,PET-BR,20500
CON-004230,LOT-01076,L2,BNK-L2-2,PET-RC,5743
CON-004231,LOT-01076,L2,BNK-L2-3,MB-AB,386
CON-004232,LOT-01076,L2,BNK-L2-4,MB-WH,260
CON-004233,LOT-01077,L3,BNK-L3-1,PET-BR,22884
CON-004234,LOT-01077,L3,BNK-L3-2,PET-SD,2439
CON-004235,LOT-01077,L3,BNK-L3-3,MB-SL,518
CON-004236,LOT-01077,L3,BNK-L3-4,MB-UV,392
CON-004237,LOT-01078,L3,BNK-L3-1,PET-BR,23016
CON-004238,LOT-01078,L3,BNK-L3-2,PET-SD,2453
CON-004239,LOT-01078,L3,BNK-L3-3,MB-SL,521
CON-004240,LOT-01078,L3,BNK-L3-4,MB-UV,395
CON-004241,LOT-01079,L4,BNK-L4-1,PET-BR,18873
CON-004242,LOT-01079,L4,BNK-L4-2,PET-CO,5375
CON-004243,LOT-01079,L4,BNK-L4-3,MB-WH,493
CON-004244,LOT-01079,L4,BNK-L4-4,MB-UV,239
CON-004245,LOT-01080,L4,BNK-L4-1,PET-BR,18987
CON-004246,LOT-01080,L4,BNK-L4-2,PET-CO,5408
CON-004247,LOT-01080,L4,BNK-L4-3,MB-WH,496
CON-004248,LOT-01080,L4,BNK-L4-4,MB-UV,241
CON-004249,LOT-01081,L6,BNK-L6-1,NY6-F,10818
CON-004250,LOT-01081,L6,BNK-L6-2,NY6-H,2799
CON-004251,LOT-01081,L6,BNK-L6-3,MB-NA,199
CON-004252,LOT-01081,L6,BNK-L6-4,MB-NS,134
CON-004253,LOT-01082,L6,BNK-L6-1,NY6-F,10927
CON-004254,LOT-01082,L6,BNK-L6-2,NY6-H,2827
CON-004255,LOT-01082,L6,BNK-L6-3,MB-NA,201
CON-004256,LOT-01082,L6,BNK-L6-4,MB-NS,135
CON-004257,LOT-01083,L1,BNK-L1-1,PET-BR,26045
CON-004258,LOT-01083,L1,BNK-L1-2,PET-SD,1324
CON-004259,LOT-01083,L1,BNK-L1-3,MB-AB,405
CON-004260,LOT-01083,L1,BNK-L1-4,MB-SL,273
CON-004261,LOT-01084,L1,BNK-L1-1,PET-BR,26189
CON-004262,LOT-01084,L1,BNK-L1-2,PET-SD,1331
CON-004263,LOT-01084,L1,BNK-L1-3,MB-AB,403
CON-004264,LOT-01084,L1,BNK-L1-4,MB-SL,271
CON-004265,LOT-01085,L2,BNK-L2-1,PET-BR,22081
CON-004266,LOT-01085,L2,BNK-L2-2,PET-RC,3480
CON-004267,LOT-01085,L2,BNK-L2-3,MB-AB,520
CON-004268,LOT-01085,L2,BNK-L2-4,MB-WH,263
CON-004269,LOT-01086,L2,BNK-L2-1,PET-BR,22208
CON-004270,LOT-01086,L2,BNK-L2-2,PET-RC,3500
CON-004271,LOT-01086,L2,BNK-L2-3,MB-AB,523
CON-004272,LOT-01086,L2,BNK-L2-4,MB-WH,264
CON-004273,LOT-01087,L3,BNK-L3-1,PET-BR,10849
CON-004274,LOT-01087,L3,BNK-L3-2,PET-SD,15651
CON-004275,LOT-01088,L3,BNK-L3-1,PET-BR,10911
CON-004276,LOT-01088,L3,BNK-L3-2,PET-SD,15740
CON-004277,LOT-01089,L4,BNK-L4-1,PET-BR,20211
CON-004278,LOT-01089,L4,BNK-L4-2,PET-CO,4303
CON-004279,LOT-01089,L4,BNK-L4-3,MB-WH,372
CON-004280,LOT-01089,L4,BNK-L4-4,MB-UV,241
CON-004281,LOT-01090,L4,BNK-L4-1,PET-BR,20333
CON-004282,LOT-01090,L4,BNK-L4-2,PET-CO,4329
CON-004283,LOT-01090,L4,BNK-L4-3,MB-WH,374
CON-004284,LOT-01090,L4,BNK-L4-4,MB-UV,242
CON-004285,LOT-01091,L5,BNK-L5-1,NY6-F,11488
CON-004286,LOT-01091,L5,BNK-L5-2,NY6-H,3251
CON-004287,LOT-01091,L5,BNK-L5-3,MB-NA,215
CON-004288,LOT-01091,L5,BNK-L5-4,MB-NS,145
CON-004289,LOT-01092,L5,BNK-L5-1,NY6-F,11596
CON-004290,LOT-01092,L5,BNK-L5-2,NY6-H,3281
CON-004291,LOT-01092,L5,BNK-L5-3,MB-NA,217
CON-004292,LOT-01092,L5,BNK-L5-4,MB-NS,146
CON-004293,LOT-01093,L1,BNK-L1-1,PET-BR,25981
CON-004294,LOT-01093,L1,BNK-L1-2,PET-SD,816
CON-004295,LOT-01093,L1,BNK-L1-3,MB-AB,549
CON-004296,LOT-01093,L1,BNK-L1-4,MB-SL,415
CON-004297,LOT-01094,L1,BNK-L1-1,PET-BR,25841
CON-004298,LOT-01094,L1,BNK-L1-2,PET-SD,811
CON-004299,LOT-01094,L1,BNK-L1-3,MB-AB,552
CON-004300,LOT-01094,L1,BNK-L1-4,MB-SL,418
CON-004301,LOT-01095,L2,BNK-L2-1,PET-BR,21265
CON-004302,LOT-01095,L2,BNK-L2-2,PET-RC,4714
CON-004303,LOT-01095,L2,BNK-L2-3,MB-AB,396
CON-004304,LOT-01095,L2,BNK-L2-4,MB-WH,385
CON-004305,LOT-01096,L2,BNK-L2-1,PET-BR,21386
CON-004306,LOT-01096,L2,BNK-L2-2,PET-RC,4741
CON-004307,LOT-01096,L2,BNK-L2-3,MB-AB,399
CON-004308,LOT-01096,L2,BNK-L2-4,MB-WH,387
CON-004309,LOT-01097,L3,BNK-L3-1,PET-BR,22736
CON-004310,LOT-01097,L3,BNK-L3-2,PET-SD,3149
CON-004311,LOT-01097,L3,BNK-L3-3,MB-SL,529
CON-004312,LOT-01097,L3,BNK-L3-4,MB-UV,257
CON-004313,LOT-01098,L3,BNK-L3-1,PET-BR,22866
CON-004314,LOT-01098,L3,BNK-L3-2,PET-SD,3167
CON-004315,LOT-01098,L3,BNK-L3-3,MB-SL,532
CON-004316,LOT-01098,L3,BNK-L3-4,MB-UV,259
CON-004317,LOT-01099,L4,BNK-L4-1,PET-BR,19797
CON-004318,LOT-01099,L4,BNK-L4-2,PET-CO,4997
CON-004319,LOT-01099,L4,BNK-L4-3,MB-WH,485
CON-004320,LOT-01099,L4,BNK-L4-4,MB-UV,245
CON-004321,LOT-01100,L4,BNK-L4-1,PET-BR,19915
CON-004322,LOT-01100,L4,BNK-L4-2,PET-CO,5027
CON-004323,LOT-01100,L4,BNK-L4-3,MB-WH,488
CON-004324,LOT-01100,L4,BNK-L4-4,MB-UV,246
CON-004325,LOT-01101,L5,BNK-L5-1,NY6-F,12627
CON-004326,LOT-01101,L5,BNK-L5-2,NY6-H,2164
CON-004327,LOT-01101,L5,BNK-L5-3,MB-NA,291
CON-004328,LOT-01101,L5,BNK-L5-4,MB-NS,147
CON-004329,LOT-01102,L5,BNK-L5-1,NY6-F,12745
CON-004330,LOT-01102,L5,BNK-L5-2,NY6-H,2184
CON-004331,LOT-01102,L5,BNK-L5-3,MB-NA,294
CON-004332,LOT-01102,L5,BNK-L5-4,MB-NS,149
CON-004333,LOT-01103,L6,BNK-L6-1,NY6-F,10956
CON-004334,LOT-01103,L6,BNK-L6-2,NY6-H,2511
CON-004335,LOT-01103,L6,BNK-L6-3,MB-NA,206
CON-004336,LOT-01103,L6,BNK-L6-4,MB-NS,208
CON-004337,LOT-01104,L6,BNK-L6-1,NY6-F,11066
CON-004338,LOT-01104,L6,BNK-L6-2,NY6-H,2537
CON-004339,LOT-01104,L6,BNK-L6-3,MB-NA,208
CON-004340,LOT-01104,L6,BNK-L6-4,MB-NS,210
CON-004341,LOT-01105,L1,BNK-L1-1,PET-BR,24694
CON-004342,LOT-01105,L1,BNK-L1-2,PET-SD,1306
CON-004343,LOT-01105,L1,BNK-L1-3,MB-AB,399
CON-004344,LOT-01105,L1,BNK-L1-4,MB-SL,259
CON-004345,LOT-01106,L1,BNK-L1-1,PET-BR,24834
CON-004346,LOT-01106,L1,BNK-L1-2,PET-SD,1313
CON-004347,LOT-01106,L1,BNK-L1-3,MB-AB,397
CON-004348,LOT-01106,L1,BNK-L1-4,MB-SL,257
CON-004349,LOT-01107,L2,BNK-L2-1,PET-BR,20909
CON-004350,LOT-01107,L2,BNK-L2-2,PET-RC,4147
CON-004351,LOT-01107,L2,BNK-L2-3,MB-AB,380
CON-004352,LOT-01107,L2,BNK-L2-4,MB-WH,246
CON-004353,LOT-01108,L2,BNK-L2-1,PET-BR,21032
CON-004354,LOT-01108,L2,BNK-L2-2,PET-RC,4172
CON-004355,LOT-01108,L2,BNK-L2-3,MB-AB,383
CON-004356,LOT-01108,L2,BNK-L2-4,MB-WH,248
CON-004357,LOT-01109,L3,BNK-L3-1,PET-BR,22540
CON-004358,LOT-01109,L3,BNK-L3-2,PET-SD,2543
CON-004359,LOT-01109,L3,BNK-L3-3,MB-SL,493
CON-004360,LOT-01109,L3,BNK-L3-4,MB-UV,249
CON-004361,LOT-01110,L3,BNK-L3-1,PET-BR,22673
CON-004362,LOT-01110,L3,BNK-L3-2,PET-SD,2558
CON-004363,LOT-01110,L3,BNK-L3-3,MB-SL,496
CON-004364,LOT-01110,L3,BNK-L3-4,MB-UV,251
CON-004365,LOT-01111,L4,BNK-L4-1,PET-BR,20449
CON-004366,LOT-01111,L4,BNK-L4-2,PET-CO,3368
CON-004367,LOT-01111,L4,BNK-L4-3,MB-WH,469
CON-004368,LOT-01111,L4,BNK-L4-4,MB-UV,237
CON-004369,LOT-01112,L4,BNK-L4-1,PET-BR,20576
CON-004370,LOT-01112,L4,BNK-L4-2,PET-CO,3389
CON-004371,LOT-01112,L4,BNK-L4-3,MB-WH,472
CON-004372,LOT-01112,L4,BNK-L4-4,MB-UV,238
CON-004373,LOT-01113,L5,BNK-L5-1,NY6-F,11255
CON-004374,LOT-01113,L5,BNK-L5-2,NY6-H,2666
CON-004375,LOT-01113,L5,BNK-L5-3,MB-NA,213
CON-004376,LOT-01113,L5,BNK-L5-4,MB-NS,215
CON-004377,LOT-01114,L5,BNK-L5-1,NY6-F,11364
CON-004378,LOT-01114,L5,BNK-L5-2,NY6-H,2692
CON-004379,LOT-01114,L5,BNK-L5-3,MB-NA,215
CON-004380,LOT-01114,L5,BNK-L5-4,MB-NS,217
CON-004381,LOT-01115,L6,BNK-L6-1,NY6-F,10298
CON-004382,LOT-01115,L6,BNK-L6-2,NY6-H,2764
CON-004383,LOT-01115,L6,BNK-L6-3,MB-NA,266
CON-004384,LOT-01115,L6,BNK-L6-4,MB-NS,129
CON-004385,LOT-01116,L6,BNK-L6-1,NY6-F,10405
CON-004386,LOT-01116,L6,BNK-L6-2,NY6-H,2793
CON-004387,LOT-01116,L6,BNK-L6-3,MB-NA,269
CON-004388,LOT-01116,L6,BNK-L6-4,MB-NS,130
CON-004389,LOT-01117,L1,BNK-L1-1,PET-BR,25148
CON-004390,LOT-01117,L1,BNK-L1-2,PET-SD,1053
CON-004391,LOT-01117,L1,BNK-L1-3,MB-AB,398
CON-004392,LOT-01117,L1,BNK-L1-4,MB-SL,258
CON-004393,LOT-01118,L1,BNK-L1-1,PET-BR,25291
CON-004394,LOT-01118,L1,BNK-L1-2,PET-SD,1059
CON-004395,LOT-01118,L1,BNK-L1-3,MB-AB,400
CON-004396,LOT-01118,L1,BNK-L1-4,MB-SL,259
CON-004397,LOT-01119,L2,BNK-L2-1,PET-BR,20272
CON-004398,LOT-01119,L2,BNK-L2-2,PET-RC,5245
CON-004399,LOT-01119,L2,BNK-L2-3,MB-AB,372
CON-004400,LOT-01119,L2,BNK-L2-4,MB-WH,251
CON-004401,LOT-01120,L2,BNK-L2-1,PET-BR,20391
CON-004402,LOT-01120,L2,BNK-L2-2,PET-RC,5276
CON-004403,LOT-01120,L2,BNK-L2-3,MB-AB,375
CON-004404,LOT-01120,L2,BNK-L2-4,MB-WH,252
CON-004405,LOT-01121,L3,BNK-L3-1,PET-BR,21662
CON-004406,LOT-01121,L3,BNK-L3-2,PET-SD,3734
CON-004407,LOT-01121,L3,BNK-L3-3,MB-SL,502
CON-004408,LOT-01121,L3,BNK-L3-4,MB-UV,254
CON-004409,LOT-01122,L3,BNK-L3-1,PET-BR,21789
CON-004410,LOT-01122,L3,BNK-L3-2,PET-SD,3756
CON-004411,LOT-01122,L3,BNK-L3-3,MB-SL,505
CON-004412,LOT-01122,L3,BNK-L3-4,MB-UV,255
CON-004413,LOT-01123,L4,BNK-L4-1,PET-BR,19211
CON-004414,LOT-01123,L4,BNK-L4-2,PET-CO,4259
CON-004415,LOT-01123,L4,BNK-L4-3,MB-WH,358
CON-004416,LOT-01123,L4,BNK-L4-4,MB-UV,361
CON-004417,LOT-01124,L4,BNK-L4-1,PET-BR,19329
CON-004418,LOT-01124,L4,BNK-L4-2,PET-CO,4285
CON-004419,LOT-01124,L4,BNK-L4-3,MB-WH,360
CON-004420,LOT-01124,L4,BNK-L4-4,MB-UV,364
CON-004421,LOT-01125,L5,BNK-L5-1,NY6-F,11169
CON-004422,LOT-01125,L5,BNK-L5-2,NY6-H,2998
CON-004423,LOT-01125,L5,BNK-L5-3,MB-NA,288
CON-004424,LOT-01125,L5,BNK-L5-4,MB-NS,140
CON-004425,LOT-01126,L5,BNK-L5-1,NY6-F,11277
CON-004426,LOT-01126,L5,BNK-L5-2,NY6-H,3027
CON-004427,LOT-01126,L5,BNK-L5-3,MB-NA,291
CON-004428,LOT-01126,L5,BNK-L5-4,MB-NS,141
CON-004429,LOT-01127,L6,BNK-L6-1,NY6-F,10907
CON-004430,LOT-01127,L6,BNK-L6-2,NY6-H,2322
CON-004431,LOT-01127,L6,BNK-L6-3,MB-NA,201
CON-004432,LOT-01127,L6,BNK-L6-4,MB-NS,130
CON-004433,LOT-01128,L6,BNK-L6-1,NY6-F,10901
CON-004434,LOT-01128,L6,BNK-L6-2,NY6-H,2321
CON-004435,LOT-01128,L6,BNK-L6-3,MB-NA,201
CON-004436,LOT-01128,L6,BNK-L6-4,MB-NS,130
CON-004437,LOT-01129,L1,BNK-L1-1,PET-BR,25594
CON-004438,LOT-01129,L1,BNK-L1-2,PET-SD,803
CON-004439,LOT-01129,L1,BNK-L1-3,MB-AB,520
CON-004440,LOT-01129,L1,BNK-L1-4,MB-SL,262
CON-004441,LOT-01130,L1,BNK-L1-1,PET-BR,25738
CON-004442,LOT-01130,L1,BNK-L1-2,PET-SD,808
CON-004443,LOT-01130,L1,BNK-L1-3,MB-AB,523
CON-004444,LOT-01130,L1,BNK-L1-4,MB-SL,264
CON-004445,LOT-01131,L2,BNK-L2-1,PET-BR,20119
CON-004446,LOT-01131,L2,BNK-L2-2,PET-RC,5636
CON-004447,LOT-01131,L2,BNK-L2-3,MB-AB,379
CON-004448,LOT-01131,L2,BNK-L2-4,MB-WH,255
CON-004449,LOT-01132,L2,BNK-L2-1,PET-BR,20235
CON-004450,LOT-01132,L2,BNK-L2-2,PET-RC,5669
CON-004451,LOT-01132,L2,BNK-L2-3,MB-AB,381
CON-004452,LOT-01132,L2,BNK-L2-4,MB-WH,257
CON-004453,LOT-01133,L3,BNK-L3-1,PET-BR,22588
CON-004454,LOT-01133,L3,BNK-L3-2,PET-SD,2408
CON-004455,LOT-01133,L3,BNK-L3-3,MB-SL,511
CON-004456,LOT-01133,L3,BNK-L3-4,MB-UV,387
CON-004457,LOT-01134,L3,BNK-L3-1,PET-BR,22720
CON-004458,LOT-01134,L3,BNK-L3-2,PET-SD,2422
CON-004459,LOT-01134,L3,BNK-L3-3,MB-SL,514
CON-004460,LOT-01134,L3,BNK-L3-4,MB-UV,390
CON-004461,LOT-01135,L4,BNK-L4-1,PET-BR,18612
CON-004462,LOT-01135,L4,BNK-L4-2,PET-CO,5301
CON-004463,LOT-01135,L4,BNK-L4-3,MB-WH,486
CON-004464,LOT-01135,L4,BNK-L4-4,MB-UV,236
CON-004465,LOT-01136,L4,BNK-L4-1,PET-BR,18726
CON-004466,LOT-01136,L4,BNK-L4-2,PET-CO,5333
CON-004467,LOT-01136,L4,BNK-L4-3,MB-WH,489
CON-004468,LOT-01136,L4,BNK-L4-4,MB-UV,237
CON-004469,LOT-01137,L5,BNK-L5-1,NY6-F,11680
CON-004470,LOT-01137,L5,BNK-L5-2,NY6-H,2661
CON-004471,LOT-01137,L5,BNK-L5-3,MB-NA,218
CON-004472,LOT-01137,L5,BNK-L5-4,MB-NS,141
CON-004473,LOT-01138,L5,BNK-L5-1,NY6-F,11792
CON-004474,LOT-01138,L5,BNK-L5-2,NY6-H,2686
CON-004475,LOT-01138,L5,BNK-L5-3,MB-NA,220
CON-004476,LOT-01138,L5,BNK-L5-4,MB-NS,142
CON-004477,LOT-01139,L6,BNK-L6-1,NY6-F,10586
CON-004478,LOT-01139,L6,BNK-L6-2,NY6-H,2739
CON-004479,LOT-01139,L6,BNK-L6-3,MB-NA,195
CON-004480,LOT-01139,L6,BNK-L6-4,MB-NS,131
CON-004481,LOT-01140,L6,BNK-L6-1,NY6-F,10695
CON-004482,LOT-01140,L6,BNK-L6-2,NY6-H,2767
CON-004483,LOT-01140,L6,BNK-L6-3,MB-NA,197
CON-004484,LOT-01140,L6,BNK-L6-4,MB-NS,132
CON-004485,LOT-01141,L1,BNK-L1-1,PET-BR,25774
CON-004486,LOT-01141,L1,BNK-L1-2,PET-SD,1310
CON-004487,LOT-01141,L1,BNK-L1-3,MB-AB,397
CON-004488,LOT-01141,L1,BNK-L1-4,MB-SL,267
CON-004489,LOT-01142,L1,BNK-L1-1,PET-BR,25917
CON-004490,LOT-01142,L1,BNK-L1-2,PET-SD,1318
CON-004491,LOT-01142,L1,BNK-L1-3,MB-AB,399
CON-004492,LOT-01142,L1,BNK-L1-4,MB-SL,269
CON-004493,LOT-01143,L2,BNK-L2-1,PET-BR,21841
CON-004494,LOT-01143,L2,BNK-L2-2,PET-RC,3443
CON-004495,LOT-01143,L2,BNK-L2-3,MB-AB,515
CON-004496,LOT-01143,L2,BNK-L2-4,MB-WH,260
CON-004497,LOT-01144,L2,BNK-L2-1,PET-BR,21968
CON-004498,LOT-01144,L2,BNK-L2-2,PET-RC,3462
CON-004499,LOT-01144,L2,BNK-L2-3,MB-AB,517
CON-004500,LOT-01144,L2,BNK-L2-4,MB-WH,261
CON-004501,LOT-01145,L3,BNK-L3-1,PET-BR,10731
CON-004502,LOT-01145,L3,BNK-L3-2,PET-SD,15480
CON-004503,LOT-01146,L3,BNK-L3-1,PET-BR,10793
CON-004504,LOT-01146,L3,BNK-L3-2,PET-SD,15569
CON-004505,LOT-01147,L4,BNK-L4-1,PET-BR,19973
CON-004506,LOT-01147,L4,BNK-L4-2,PET-CO,4252
CON-004507,LOT-01147,L4,BNK-L4-3,MB-WH,368
CON-004508,LOT-01147,L4,BNK-L4-4,MB-UV,238
CON-004509,LOT-01148,L4,BNK-L4-1,PET-BR,20095
CON-004510,LOT-01148,L4,BNK-L4-2,PET-CO,4278
CON-004511,LOT-01148,L4,BNK-L4-3,MB-WH,370
CON-004512,LOT-01148,L4,BNK-L4-4,MB-UV,240
CON-004513,LOT-01149,L5,BNK-L5-1,NY6-F,11375
CON-004514,LOT-01149,L5,BNK-L5-2,NY6-H,3219
CON-004515,LOT-01149,L5,BNK-L5-3,MB-NA,213
CON-004516,LOT-01149,L5,BNK-L5-4,MB-NS,144
CON-004517,LOT-01150,L5,BNK-L5-1,NY6-F,11361
CON-004518,LOT-01150,L5,BNK-L5-2,NY6-H,3215
CON-004519,LOT-01150,L5,BNK-L5-3,MB-NA,213
CON-004520,LOT-01150,L5,BNK-L5-4,MB-NS,143
CON-004521,LOT-01151,L6,BNK-L6-1,NY6-F,11515
CON-004522,LOT-01151,L6,BNK-L6-2,NY6-H,1896
CON-004523,LOT-01151,L6,BNK-L6-3,MB-NA,264
CON-004524,LOT-01151,L6,BNK-L6-4,MB-NS,133
CON-004525,LOT-01152,L6,BNK-L6-1,NY6-F,11633
CON-004526,LOT-01152,L6,BNK-L6-2,NY6-H,1916
CON-004527,LOT-01152,L6,BNK-L6-3,MB-NA,267
CON-004528,LOT-01152,L6,BNK-L6-4,MB-NS,135
CON-004529,LOT-01153,L1,BNK-L1-1,PET-BR,25486
CON-004530,LOT-01153,L1,BNK-L1-2,PET-SD,800
CON-004531,LOT-01153,L1,BNK-L1-3,MB-AB,538
CON-004532,LOT-01153,L1,BNK-L1-4,MB-SL,408
CON-004533,LOT-01154,L1,BNK-L1-1,PET-BR,25628
CON-004534,LOT-01154,L1,BNK-L1-2,PET-SD,805
CON-004535,LOT-01154,L1,BNK-L1-3,MB-AB,541
CON-004536,LOT-01154,L1,BNK-L1-4,MB-SL,410
CON-004537,LOT-01155,L2,BNK-L2-1,PET-BR,21077
CON-004538,LOT-01155,L2,BNK-L2-2,PET-RC,4672
CON-004539,LOT-01155,L2,BNK-L2-3,MB-AB,393
CON-004540,LOT-01155,L2,BNK-L2-4,MB-WH,381
CON-004541,LOT-01156,L2,BNK-L2-1,PET-BR,21198
CON-004542,LOT-01156,L2,BNK-L2-2,PET-RC,4699
CON-004543,LOT-01156,L2,BNK-L2-3,MB-AB,395
CON-004544,LOT-01156,L2,BNK-L2-4,MB-WH,384
CON-004545,LOT-01157,L3,BNK-L3-1,PET-BR,22535
CON-004546,LOT-01157,L3,BNK-L3-2,PET-SD,3121
CON-004547,LOT-01157,L3,BNK-L3-3,MB-SL,525
CON-004548,LOT-01157,L3,BNK-L3-4,MB-UV,255
CON-004549,LOT-01158,L3,BNK-L3-1,PET-BR,22664
CON-004550,LOT-01158,L3,BNK-L3-2,PET-SD,3139
CON-004551,LOT-01158,L3,BNK-L3-3,MB-SL,528
CON-004552,LOT-01158,L3,BNK-L3-4,MB-UV,256
CON-004553,LOT-01159,L4,BNK-L4-1,PET-BR,19603
CON-004554,LOT-01159,L4,BNK-L4-2,PET-CO,4948
CON-004555,LOT-01159,L4,BNK-L4-3,MB-WH,480
CON-004556,LOT-01159,L4,BNK-L4-4,MB-UV,242
CON-004557,LOT-01160,L4,BNK-L4-1,PET-BR,19512
CON-004558,LOT-01160,L4,BNK-L4-2,PET-CO,4926
CON-004559,LOT-01160,L4,BNK-L4-3,MB-WH,483
CON-004560,LOT-01160,L4,BNK-L4-4,MB-UV,244
CON-004561,LOT-01161,L5,BNK-L5-1,NY6-F,12396
CON-004562,LOT-01161,L5,BNK-L5-2,NY6-H,2124
CON-004563,LOT-01161,L5,BNK-L5-3,MB-NA,286
CON-004564,LOT-01161,L5,BNK-L5-4,MB-NS,144
CON-004565,LOT-01162,L5,BNK-L5-1,NY6-F,12513
CON-004566,LOT-01162,L5,BNK-L5-2,NY6-H,2144
CON-004567,LOT-01162,L5,BNK-L5-3,MB-NA,289
CON-004568,LOT-01162,L5,BNK-L5-4,MB-NS,146
CON-004569,LOT-01163,L6,BNK-L6-1,NY6-F,10743
CON-004570,LOT-01163,L6,BNK-L6-2,NY6-H,2463
CON-004571,LOT-01163,L6,BNK-L6-3,MB-NA,202
CON-004572,LOT-01163,L6,BNK-L6-4,MB-NS,204
CON-004573,LOT-01164,L6,BNK-L6-1,NY6-F,10852
CON-004574,LOT-01164,L6,BNK-L6-2,NY6-H,2488
CON-004575,LOT-01164,L6,BNK-L6-3,MB-NA,204
CON-004576,LOT-01164,L6,BNK-L6-4,MB-NS,206
CON-004577,LOT-01165,L1,BNK-L1-1,PET-BR,25668
CON-004578,LOT-01165,L1,BNK-L1-2,PET-SD,1357
CON-004579,LOT-01165,L1,BNK-L1-3,MB-AB,411
CON-004580,LOT-01165,L1,BNK-L1-4,MB-SL,266
CON-004581,LOT-01166,L1,BNK-L1-1,PET-BR,25810
CON-004582,LOT-01166,L1,BNK-L1-2,PET-SD,1365
CON-004583,LOT-01166,L1,BNK-L1-3,MB-AB,413
CON-004584,LOT-01166,L1,BNK-L1-4,MB-SL,267
CON-004585,LOT-01167,L2,BNK-L2-1,PET-BR,21762
CON-004586,LOT-01167,L2,BNK-L2-2,PET-RC,4317
CON-004587,LOT-01167,L2,BNK-L2-3,MB-AB,396
CON-004588,LOT-01167,L2,BNK-L2-4,MB-WH,256
CON-004589,LOT-01168,L2,BNK-L2-1,PET-BR,21887
CON-004590,LOT-01168,L2,BNK-L2-2,PET-RC,4341
CON-004591,LOT-01168,L2,BNK-L2-3,MB-AB,398
CON-004592,LOT-01168,L2,BNK-L2-4,MB-WH,258
CON-004593,LOT-01169,L3,BNK-L3-1,PET-BR,23460
CON-004594,LOT-01169,L3,BNK-L3-2,PET-SD,2647
CON-004595,LOT-01169,L3,BNK-L3-3,MB-SL,514
CON-004596,LOT-01169,L3,BNK-L3-4,MB-UV,259
CON-004597,LOT-01170,L3,BNK-L3-1,PET-BR,23593
CON-004598,LOT-01170,L3,BNK-L3-2,PET-SD,2662
CON-004599,LOT-01170,L3,BNK-L3-3,MB-SL,517
CON-004600,LOT-01170,L3,BNK-L3-4,MB-UV,261
CON-004601,LOT-01171,L4,BNK-L4-1,PET-BR,21105
CON-004602,LOT-01171,L4,BNK-L4-2,PET-CO,3476
CON-004603,LOT-01171,L4,BNK-L4-3,MB-WH,489
CON-004604,LOT-01171,L4,BNK-L4-4,MB-UV,247
CON-004605,LOT-01172,L4,BNK-L4-1,PET-BR,21232
CON-004606,LOT-01172,L4,BNK-L4-2,PET-CO,3497
CON-004607,LOT-01172,L4,BNK-L4-3,MB-WH,487
CON-004608,LOT-01172,L4,BNK-L4-4,MB-UV,246
CON-004609,LOT-01173,L5,BNK-L5-1,NY6-F,11555
CON-004610,LOT-01173,L5,BNK-L5-2,NY6-H,2737
CON-004611,LOT-01173,L5,BNK-L5-3,MB-NA,218
CON-004612,LOT-01173,L5,BNK-L5-4,MB-NS,220
CON-004613,LOT-01174,L5,BNK-L5-1,NY6-F,11664
CON-004614,LOT-01174,L5,BNK-L5-2,NY6-H,2763
CON-004615,LOT-01174,L5,BNK-L5-3,MB-NA,220
CON-004616,LOT-01174,L5,BNK-L5-4,MB-NS,222
CON-004617,LOT-01175,L6,BNK-L6-1,NY6-F,10600
CON-004618,LOT-01175,L6,BNK-L6-2,NY6-H,2845
CON-004619,LOT-01175,L6,BNK-L6-3,MB-NA,274
CON-004620,LOT-01175,L6,BNK-L6-4,MB-NS,133
CON-004621,LOT-01176,L6,BNK-L6-1,NY6-F,10707
CON-004622,LOT-01176,L6,BNK-L6-2,NY6-H,2874
CON-004623,LOT-01176,L6,BNK-L6-3,MB-NA,276
CON-004624,LOT-01176,L6,BNK-L6-4,MB-NS,134
CON-004625,LOT-01177,L1,BNK-L1-1,PET-BR,26134
CON-004626,LOT-01177,L1,BNK-L1-2,PET-SD,1094
CON-004627,LOT-01177,L1,BNK-L1-3,MB-AB,414
CON-004628,LOT-01177,L1,BNK-L1-4,MB-SL,268
CON-004629,LOT-01178,L1,BNK-L1-1,PET-BR,26278
CON-004630,LOT-01178,L1,BNK-L1-2,PET-SD,1100
CON-004631,LOT-01178,L1,BNK-L1-3,MB-AB,416
CON-004632,LOT-01178,L1,BNK-L1-4,MB-SL,269
CON-004633,LOT-01179,L2,BNK-L2-1,PET-BR,21094
CON-004634,LOT-01179,L2,BNK-L2-2,PET-RC,5458
CON-004635,LOT-01179,L2,BNK-L2-3,MB-AB,387
CON-004636,LOT-01179,L2,BNK-L2-4,MB-WH,261
CON-004637,LOT-01180,L2,BNK-L2-1,PET-BR,21214
CON-004638,LOT-01180,L2,BNK-L2-2,PET-RC,5489
CON-004639,LOT-01180,L2,BNK-L2-3,MB-AB,390
CON-004640,LOT-01180,L2,BNK-L2-4,MB-WH,262
CON-004641,LOT-01181,L3,BNK-L3-1,PET-BR,22539
CON-004642,LOT-01181,L3,BNK-L3-2,PET-SD,3886
CON-004643,LOT-01181,L3,BNK-L3-3,MB-SL,523
CON-004644,LOT-01181,L3,BNK-L3-4,MB-UV,264
CON-004645,LOT-01182,L3,BNK-L3-1,PET-BR,22428
CON-004646,LOT-01182,L3,BNK-L3-2,PET-SD,3866
CON-004647,LOT-01182,L3,BNK-L3-3,MB-SL,526
CON-004648,LOT-01182,L3,BNK-L3-4,MB-UV,265
CON-004649,LOT-01183,L4,BNK-L4-1,PET-BR,19819
CON-004650,LOT-01183,L4,BNK-L4-2,PET-CO,4394
CON-004651,LOT-01183,L4,BNK-L4-3,MB-WH,369
CON-004652,LOT-01183,L4,BNK-L4-4,MB-UV,373
CON-004653,LOT-01184,L4,BNK-L4-1,PET-BR,19937
CON-004654,LOT-01184,L4,BNK-L4-2,PET-CO,4420
CON-004655,LOT-01184,L4,BNK-L4-3,MB-WH,372
CON-004656,LOT-01184,L4,BNK-L4-4,MB-UV,375
CON-004657,LOT-01185,L5,BNK-L5-1,NY6-F,11465
CON-004658,LOT-01185,L5,BNK-L5-2,NY6-H,3078
CON-004659,LOT-01185,L5,BNK-L5-3,MB-NA,296
CON-004660,LOT-01185,L5,BNK-L5-4,MB-NS,144
CON-004661,LOT-01186,L5,BNK-L5-1,NY6-F,11573
CON-004662,LOT-01186,L5,BNK-L5-2,NY6-H,3107
CON-004663,LOT-01186,L5,BNK-L5-3,MB-NA,299
CON-004664,LOT-01186,L5,BNK-L5-4,MB-NS,145
CON-004665,LOT-01187,L6,BNK-L6-1,NY6-F,11223
CON-004666,LOT-01187,L6,BNK-L6-2,NY6-H,2390
CON-004667,LOT-01187,L6,BNK-L6-3,MB-NA,207
CON-004668,LOT-01187,L6,BNK-L6-4,MB-NS,134
CON-004669,LOT-01188,L6,BNK-L6-1,NY6-F,11336
CON-004670,LOT-01188,L6,BNK-L6-2,NY6-H,2414
CON-004671,LOT-01188,L6,BNK-L6-3,MB-NA,209
CON-004672,LOT-01188,L6,BNK-L6-4,MB-NS,135
CON-004673,LOT-01189,L1,BNK-L1-1,PET-BR,25370
CON-004674,LOT-01189,L1,BNK-L1-2,PET-SD,796
CON-004675,LOT-01189,L1,BNK-L1-3,MB-AB,515
CON-004676,LOT-01189,L1,BNK-L1-4,MB-SL,260
CON-004677,LOT-01190,L1,BNK-L1-1,PET-BR,25514
CON-004678,LOT-01190,L1,BNK-L1-2,PET-SD,801
CON-004679,LOT-01190,L1,BNK-L1-3,MB-AB,518
CON-004680,LOT-01190,L1,BNK-L1-4,MB-SL,262
CON-004681,LOT-01191,L2,BNK-L2-1,PET-BR,19930
CON-004682,LOT-01191,L2,BNK-L2-2,PET-RC,5584
CON-004683,LOT-01191,L2,BNK-L2-3,MB-AB,376
CON-004684,LOT-01191,L2,BNK-L2-4,MB-WH,253
CON-004685,LOT-01192,L2,BNK-L2-1,PET-BR,20047
CON-004686,LOT-01192,L2,BNK-L2-2,PET-RC,5617
CON-004687,LOT-01192,L2,BNK-L2-3,MB-AB,378
CON-004688,LOT-01192,L2,BNK-L2-4,MB-WH,254
CON-004689,LOT-01193,L3,BNK-L3-1,PET-BR,22138
CON-004690,LOT-01193,L3,BNK-L3-2,PET-SD,2360
CON-004691,LOT-01193,L3,BNK-L3-3,MB-SL,507
CON-004692,LOT-01193,L3,BNK-L3-4,MB-UV,384
CON-004693,LOT-01194,L3,BNK-L3-1,PET-BR,22268
CON-004694,LOT-01194,L3,BNK-L3-2,PET-SD,2374
CON-004695,LOT-01194,L3,BNK-L3-3,MB-SL,504
CON-004696,LOT-01194,L3,BNK-L3-4,MB-UV,382
CON-004697,LOT-01195,L4,BNK-L4-1,PET-BR,18225
CON-004698,LOT-01195,L4,BNK-L4-2,PET-CO,5191
CON-004699,LOT-01195,L4,BNK-L4-3,MB-WH,476
CON-004700,LOT-01195,L4,BNK-L4-4,MB-UV,231
CON-004701,LOT-01196,L4,BNK-L4-1,PET-BR,18338
CON-004702,LOT-01196,L4,BNK-L4-2,PET-CO,5223
CON-004703,LOT-01196,L4,BNK-L4-3,MB-WH,479
CON-004704,LOT-01196,L4,BNK-L4-4,MB-UV,233
CON-004705,LOT-01197,L5,BNK-L5-1,NY6-F,11461
CON-004706,LOT-01197,L5,BNK-L5-2,NY6-H,2611
CON-004707,LOT-01197,L5,BNK-L5-3,MB-NA,214
CON-004708,LOT-01197,L5,BNK-L5-4,MB-NS,138
CON-004709,LOT-01198,L5,BNK-L5-1,NY6-F,11573
CON-004710,LOT-01198,L5,BNK-L5-2,NY6-H,2637
CON-004711,LOT-01198,L5,BNK-L5-3,MB-NA,216
CON-004712,LOT-01198,L5,BNK-L5-4,MB-NS,140
CON-004713,LOT-01199,L6,BNK-L6-1,NY6-F,10490
CON-004714,LOT-01199,L6,BNK-L6-2,NY6-H,2714
CON-004715,LOT-01199,L6,BNK-L6-3,MB-NA,193
CON-004716,LOT-01199,L6,BNK-L6-4,MB-NS,130
CON-004717,LOT-01200,L6,BNK-L6-1,NY6-F,10599
CON-004718,LOT-01200,L6,BNK-L6-2,NY6-H,2742
CON-004719,LOT-01200,L6,BNK-L6-3,MB-NA,195
CON-004720,LOT-01200,L6,BNK-L6-4,MB-NS,131
CON-004721,LOT-01201,L1,BNK-L1-1,PET-BR,25549
CON-004722,LOT-01201,L1,BNK-L1-2,PET-SD,1299
CON-004723,LOT-01201,L1,BNK-L1-3,MB-AB,393
CON-004724,LOT-01201,L1,BNK-L1-4,MB-SL,265
CON-004725,LOT-01202,L1,BNK-L1-1,PET-BR,25693
CON-004726,LOT-01202,L1,BNK-L1-2,PET-SD,1307
CON-004727,LOT-01202,L1,BNK-L1-3,MB-AB,395
CON-004728,LOT-01202,L1,BNK-L1-4,MB-SL,266
CON-004729,LOT-01203,L2,BNK-L2-1,PET-BR,21642
CON-004730,LOT-01203,L2,BNK-L2-2,PET-RC,3411
CON-004731,LOT-01203,L2,BNK-L2-3,MB-AB,510
CON-004732,LOT-01203,L2,BNK-L2-4,MB-WH,257
CON-004733,LOT-01204,L2,BNK-L2-1,PET-BR,21533
CON-004734,LOT-01204,L2,BNK-L2-2,PET-RC,3394
CON-004735,LOT-01204,L2,BNK-L2-3,MB-AB,513
CON-004736,LOT-01204,L2,BNK-L2-4,MB-WH,259
CON-004737,LOT-01205,L3,BNK-L3-1,PET-BR,10519
CON-004738,LOT-01205,L3,BNK-L3-2,PET-SD,15175
CON-004739,LOT-01206,L3,BNK-L3-1,PET-BR,10580
CON-004740,LOT-01206,L3,BNK-L3-2,PET-SD,15263
CON-004741,LOT-01207,L4,BNK-L4-1,PET-BR,19560
CON-004742,LOT-01207,L4,BNK-L4-2,PET-CO,4165
CON-004743,LOT-01207,L4,BNK-L4-3,MB-WH,360
CON-004744,LOT-01207,L4,BNK-L4-4,MB-UV,233
CON-004745,LOT-01208,L4,BNK-L4-1,PET-BR,19681
CON-004746,LOT-01208,L4,BNK-L4-2,PET-CO,4190
CON-004747,LOT-01208,L4,BNK-L4-3,MB-WH,362
CON-004748,LOT-01208,L4,BNK-L4-4,MB-UV,235
CON-004749,LOT-01209,L5,BNK-L5-1,NY6-F,11163
CON-004750,LOT-01209,L5,BNK-L5-2,NY6-H,3159
CON-004751,LOT-01209,L5,BNK-L5-3,MB-NA,209
CON-004752,LOT-01209,L5,BNK-L5-4,MB-NS,141
CON-004753,LOT-01210,L5,BNK-L5-1,NY6-F,11271
CON-004754,LOT-01210,L5,BNK-L5-2,NY6-H,3189
CON-004755,LOT-01210,L5,BNK-L5-3,MB-NA,211
CON-004756,LOT-01210,L5,BNK-L5-4,MB-NS,142
CON-004757,LOT-01211,L6,BNK-L6-1,NY6-F,11411
CON-004758,LOT-01211,L6,BNK-L6-2,NY6-H,1879
CON-004759,LOT-01211,L6,BNK-L6-3,MB-NA,262
CON-004760,LOT-01211,L6,BNK-L6-4,MB-NS,132
CON-004761,LOT-01212,L6,BNK-L6-1,NY6-F,11528
CON-004762,LOT-01212,L6,BNK-L6-2,NY6-H,1899
CON-004763,LOT-01212,L6,BNK-L6-3,MB-NA,264
CON-004764,LOT-01212,L6,BNK-L6-4,MB-NS,134
CON-004765,LOT-01213,L1,BNK-L1-1,PET-BR,25270
CON-004766,LOT-01213,L1,BNK-L1-2,PET-SD,793
CON-004767,LOT-01213,L1,BNK-L1-3,MB-AB,534
CON-004768,LOT-01213,L1,BNK-L1-4,MB-SL,404
CON-004769,LOT-01214,L1,BNK-L1-1,PET-BR,25412
CON-004770,LOT-01214,L1,BNK-L1-2,PET-SD,798
CON-004771,LOT-01214,L1,BNK-L1-3,MB-AB,537
CON-004772,LOT-01214,L1,BNK-L1-4,MB-SL,406
CON-004773,LOT-01215,L2,BNK-L2-1,PET-BR,20662
CON-004774,LOT-01215,L2,BNK-L2-2,PET-RC,4580
CON-004775,LOT-01215,L2,BNK-L2-3,MB-AB,389
CON-004776,LOT-01215,L2,BNK-L2-4,MB-WH,378
CON-004777,LOT-01216,L2,BNK-L2-1,PET-BR,20782
CON-004778,LOT-01216,L2,BNK-L2-2,PET-RC,4607
CON-004779,LOT-01216,L2,BNK-L2-3,MB-AB,387
CON-004780,LOT-01216,L2,BNK-L2-4,MB-WH,376
CON-004781,LOT-01217,L3,BNK-L3-1,PET-BR,22091
CON-004782,LOT-01217,L3,BNK-L3-2,PET-SD,3059
CON-004783,LOT-01217,L3,BNK-L3-3,MB-SL,514
CON-004784,LOT-01217,L3,BNK-L3-4,MB-UV,250
CON-004785,LOT-01218,L3,BNK-L3-1,PET-BR,22220
CON-004786,LOT-01218,L3,BNK-L3-2,PET-SD,3077
CON-004787,LOT-01218,L3,BNK-L3-3,MB-SL,517
CON-004788,LOT-01218,L3,BNK-L3-4,MB-UV,251
CON-004789,LOT-01219,L4,BNK-L4-1,PET-BR,19201
CON-004790,LOT-01219,L4,BNK-L4-2,PET-CO,4847
CON-004791,LOT-01219,L4,BNK-L4-3,MB-WH,470
CON-004792,LOT-01219,L4,BNK-L4-4,MB-UV,237
CON-004793,LOT-01220,L4,BNK-L4-1,PET-BR,19319
CON-004794,LOT-01220,L4,BNK-L4-2,PET-CO,4877
CON-004795,LOT-01220,L4,BNK-L4-3,MB-WH,473
CON-004796,LOT-01220,L4,BNK-L4-4,MB-UV,239
CON-004797,LOT-01221,L5,BNK-L5-1,NY6-F,12296
CON-004798,LOT-01221,L5,BNK-L5-2,NY6-H,2107
CON-004799,LOT-01221,L5,BNK-L5-3,MB-NA,284
CON-004800,LOT-01221,L5,BNK-L5-4,MB-NS,143
CON-004801,LOT-01222,L5,BNK-L5-1,NY6-F,12414
CON-004802,LOT-01222,L5,BNK-L5-2,NY6-H,2128
CON-004803,LOT-01222,L5,BNK-L5-3,MB-NA,286
CON-004804,LOT-01222,L5,BNK-L5-4,MB-NS,145
CON-004805,LOT-01223,L6,BNK-L6-1,NY6-F,10648
CON-004806,LOT-01223,L6,BNK-L6-2,NY6-H,2441
CON-004807,LOT-01223,L6,BNK-L6-3,MB-NA,200
CON-004808,LOT-01223,L6,BNK-L6-4,MB-NS,202
CON-004809,LOT-01224,L6,BNK-L6-1,NY6-F,10758
CON-004810,LOT-01224,L6,BNK-L6-2,NY6-H,2466
CON-004811,LOT-01224,L6,BNK-L6-3,MB-NA,202
CON-004812,LOT-01224,L6,BNK-L6-4,MB-NS,204
CON-004813,LOT-01225,L1,BNK-L1-1,PET-BR,25451
CON-004814,LOT-01225,L1,BNK-L1-2,PET-SD,1346
CON-004815,LOT-01225,L1,BNK-L1-3,MB-AB,407
CON-004816,LOT-01225,L1,BNK-L1-4,MB-SL,264
CON-004817,LOT-01226,L1,BNK-L1-1,PET-BR,25319
CON-004818,LOT-01226,L1,BNK-L1-2,PET-SD,1339
CON-004819,LOT-01226,L1,BNK-L1-3,MB-AB,409
CON-004820,LOT-01226,L1,BNK-L1-4,MB-SL,265
CON-004821,LOT-01227,L2,BNK-L2-1,PET-BR,21336
CON-004822,LOT-01227,L2,BNK-L2-2,PET-RC,4232
CON-004823,LOT-01227,L2,BNK-L2-3,MB-AB,388
CON-004824,LOT-01227,L2,BNK-L2-4,MB-WH,251
CON-004825,LOT-01228,L2,BNK-L2-1,PET-BR,21460
CON-004826,LOT-01228,L2,BNK-L2-2,PET-RC,4257
CON-004827,LOT-01228,L2,BNK-L2-3,MB-AB,390
CON-004828,LOT-01228,L2,BNK-L2-4,MB-WH,253
CON-004829,LOT-01229,L3,BNK-L3-1,PET-BR,23002
CON-004830,LOT-01229,L3,BNK-L3-2,PET-SD,2595
CON-004831,LOT-01229,L3,BNK-L3-3,MB-SL,504
CON-004832,LOT-01229,L3,BNK-L3-4,MB-UV,254
CON-004833,LOT-01230,L3,BNK-L3-1,PET-BR,23134
CON-004834,LOT-01230,L3,BNK-L3-2,PET-SD,2610
CON-004835,LOT-01230,L3,BNK-L3-3,MB-SL,506
CON-004836,LOT-01230,L3,BNK-L3-4,MB-UV,256
CON-004837,LOT-01231,L4,BNK-L4-1,PET-BR,20896
CON-004838,LOT-01231,L4,BNK-L4-2,PET-CO,3442
CON-004839,LOT-01231,L4,BNK-L4-3,MB-WH,479
CON-004840,LOT-01231,L4,BNK-L4-4,MB-UV,242
CON-004841,LOT-01232,L4,BNK-L4-1,PET-BR,21023
CON-004842,LOT-01232,L4,BNK-L4-2,PET-CO,3463
CON-004843,LOT-01232,L4,BNK-L4-3,MB-WH,482
CON-004844,LOT-01232,L4,BNK-L4-4,MB-UV,243
CON-004845,LOT-01233,L5,BNK-L5-1,NY6-F,11465
CON-004846,LOT-01233,L5,BNK-L5-2,NY6-H,2716
CON-004847,LOT-01233,L5,BNK-L5-3,MB-NA,217
CON-004848,LOT-01233,L5,BNK-L5-4,MB-NS,219
CON-004849,LOT-01234,L5,BNK-L5-1,NY6-F,11574
CON-004850,LOT-01234,L5,BNK-L5-2,NY6-H,2742
CON-004851,LOT-01234,L5,BNK-L5-3,MB-NA,219
CON-004852,LOT-01234,L5,BNK-L5-4,MB-NS,221
CON-004853,LOT-01235,L6,BNK-L6-1,NY6-F,10506
CON-004854,LOT-01235,L6,BNK-L6-2,NY6-H,2820
CON-004855,LOT-01235,L6,BNK-L6-3,MB-NA,271
CON-004856,LOT-01235,L6,BNK-L6-4,MB-NS,132
CON-004857,LOT-01236,L6,BNK-L6-1,NY6-F,10614
CON-004858,LOT-01236,L6,BNK-L6-2,NY6-H,2849
CON-004859,LOT-01236,L6,BNK-L6-3,MB-NA,274
CON-004860,LOT-01236,L6,BNK-L6-4,MB-NS,133
CON-004861,LOT-01237,L2,BNK-L2-1,PET-BR,20644
CON-004862,LOT-01237,L2,BNK-L2-2,PET-RC,5342
CON-004863,LOT-01237,L2,BNK-L2-3,MB-AB,383
CON-004864,LOT-01237,L2,BNK-L2-4,MB-WH,258
CON-004865,LOT-01238,L2,BNK-L2-1,PET-BR,20762
CON-004866,LOT-01238,L2,BNK-L2-2,PET-RC,5372
CON-004867,LOT-01238,L2,BNK-L2-3,MB-AB,381
CON-004868,LOT-01238,L2,BNK-L2-4,MB-WH,257
CON-004869,LOT-01239,L3,BNK-L3-1,PET-BR,22060
CON-004870,LOT-01239,L3,BNK-L3-2,PET-SD,3803
CON-004871,LOT-01239,L3,BNK-L3-3,MB-SL,512
CON-004872,LOT-01239,L3,BNK-L3-4,MB-UV,258
CON-004873,LOT-01240,L3,BNK-L3-1,PET-BR,22186
CON-004874,LOT-01240,L3,BNK-L3-2,PET-SD,3825
CON-004875,LOT-01240,L3,BNK-L3-3,MB-SL,515
CON-004876,LOT-01240,L3,BNK-L3-4,MB-UV,260
CON-004877,LOT-01241,L4,BNK-L4-1,PET-BR,19588
CON-004878,LOT-01241,L4,BNK-L4-2,PET-CO,4342
CON-004879,LOT-01241,L4,BNK-L4-3,MB-WH,365
CON-004880,LOT-01241,L4,BNK-L4-4,MB-UV,369
CON-004881,LOT-01242,L4,BNK-L4-1,PET-BR,19707
CON-004882,LOT-01242,L4,BNK-L4-2,PET-CO,4369
CON-004883,LOT-01242,L4,BNK-L4-3,MB-WH,367
CON-004884,LOT-01242,L4,BNK-L4-4,MB-UV,371
CON-004885,LOT-01243,L5,BNK-L5-1,NY6-F,11354
CON-004886,LOT-01243,L5,BNK-L5-2,NY6-H,3048
CON-004887,LOT-01243,L5,BNK-L5-3,MB-NA,293
CON-004888,LOT-01243,L5,BNK-L5-4,MB-NS,142
CON-004889,LOT-01244,L5,BNK-L5-1,NY6-F,11462
CON-004890,LOT-01244,L5,BNK-L5-2,NY6-H,3077
CON-004891,LOT-01244,L5,BNK-L5-3,MB-NA,296
CON-004892,LOT-01244,L5,BNK-L5-4,MB-NS,144
CON-004893,LOT-01245,L6,BNK-L6-1,NY6-F,11104
CON-004894,LOT-01245,L6,BNK-L6-2,NY6-H,2364
CON-004895,LOT-01245,L6,BNK-L6-3,MB-NA,205
CON-004896,LOT-01245,L6,BNK-L6-4,MB-NS,132
CON-004897,LOT-01246,L6,BNK-L6-1,NY6-F,11216
CON-004898,LOT-01246,L6,BNK-L6-2,NY6-H,2388
CON-004899,LOT-01246,L6,BNK-L6-3,MB-NA,207
CON-004900,LOT-01246,L6,BNK-L6-4,MB-NS,134
CON-004901,LOT-01247,L1,BNK-L1-1,PET-BR,26318
CON-004902,LOT-01247,L1,BNK-L1-2,PET-SD,826
CON-004903,LOT-01247,L1,BNK-L1-3,MB-AB,534
CON-004904,LOT-01247,L1,BNK-L1-4,MB-SL,270
CON-004905,LOT-01248,L1,BNK-L1-1,PET-BR,26182
CON-004906,LOT-01248,L1,BNK-L1-2,PET-SD,822
CON-004907,LOT-01248,L1,BNK-L1-3,MB-AB,537
CON-004908,LOT-01248,L1,BNK-L1-4,MB-SL,271
CON-004909,LOT-01249,L3,BNK-L3-1,PET-BR,22952
CON-004910,LOT-01249,L3,BNK-L3-2,PET-SD,2447
CON-004911,LOT-01249,L3,BNK-L3-3,MB-SL,520
CON-004912,LOT-01249,L3,BNK-L3-4,MB-UV,394
CON-004913,LOT-01250,L3,BNK-L3-1,PET-BR,23083
CON-004914,LOT-01250,L3,BNK-L3-2,PET-SD,2461
CON-004915,LOT-01250,L3,BNK-L3-3,MB-SL,523
CON-004916,LOT-01250,L3,BNK-L3-4,MB-UV,396
CON-004917,LOT-01251,L4,BNK-L4-1,PET-BR,18938
CON-004918,LOT-01251,L4,BNK-L4-2,PET-CO,5394
CON-004919,LOT-01251,L4,BNK-L4-3,MB-WH,495
CON-004920,LOT-01251,L4,BNK-L4-4,MB-UV,240
CON-004921,LOT-01252,L4,BNK-L4-1,PET-BR,19052
CON-004922,LOT-01252,L4,BNK-L4-2,PET-CO,5426
CON-004923,LOT-01252,L4,BNK-L4-3,MB-WH,498
CON-004924,LOT-01252,L4,BNK-L4-4,MB-UV,242
CON-004925,LOT-01253,L5,BNK-L5-1,NY6-F,11849
CON-004926,LOT-01253,L5,BNK-L5-2,NY6-H,2699
CON-004927,LOT-01253,L5,BNK-L5-3,MB-NA,221
CON-004928,LOT-01253,L5,BNK-L5-4,MB-NS,143
CON-004929,LOT-01254,L5,BNK-L5-1,NY6-F,11961
CON-004930,LOT-01254,L5,BNK-L5-2,NY6-H,2725
CON-004931,LOT-01254,L5,BNK-L5-3,MB-NA,223
CON-004932,LOT-01254,L5,BNK-L5-4,MB-NS,144
CON-004933,LOT-01255,L6,BNK-L6-1,NY6-F,10871
CON-004934,LOT-01255,L6,BNK-L6-2,NY6-H,2813
CON-004935,LOT-01255,L6,BNK-L6-3,MB-NA,200
CON-004936,LOT-01255,L6,BNK-L6-4,MB-NS,135
CON-004937,LOT-01256,L6,BNK-L6-1,NY6-F,10980
CON-004938,LOT-01256,L6,BNK-L6-2,NY6-H,2841
CON-004939,LOT-01256,L6,BNK-L6-3,MB-NA,202
CON-004940,LOT-01256,L6,BNK-L6-4,MB-NS,136
CON-004941,LOT-01257,L1,BNK-L1-1,PET-BR,26446
CON-004942,LOT-01257,L1,BNK-L1-2,PET-SD,1345
CON-004943,LOT-01257,L1,BNK-L1-3,MB-AB,407
CON-004944,LOT-01257,L1,BNK-L1-4,MB-SL,274
CON-004945,LOT-01258,L1,BNK-L1-1,PET-BR,26591
CON-004946,LOT-01258,L1,BNK-L1-2,PET-SD,1352
CON-004947,LOT-01258,L1,BNK-L1-3,MB-AB,409
CON-004948,LOT-01258,L1,BNK-L1-4,MB-SL,276
CON-004949,LOT-01259,L2,BNK-L2-1,PET-BR,22190
CON-004950,LOT-01259,L2,BNK-L2-2,PET-RC,3498
CON-004951,LOT-01259,L2,BNK-L2-3,MB-AB,528
CON-004952,LOT-01259,L2,BNK-L2-4,MB-WH,267
CON-004953,LOT-01260,L2,BNK-L2-1,PET-BR,22316
CON-004954,LOT-01260,L2,BNK-L2-2,PET-RC,3517
CON-004955,LOT-01260,L2,BNK-L2-3,MB-AB,526
CON-004956,LOT-01260,L2,BNK-L2-4,MB-WH,265
CON-004957,LOT-01261,L4,BNK-L4-1,PET-BR,20280
CON-004958,LOT-01261,L4,BNK-L4-2,PET-CO,4318
CON-004959,LOT-01261,L4,BNK-L4-3,MB-WH,373
CON-004960,LOT-01261,L4,BNK-L4-4,MB-UV,242
CON-004961,LOT-01262,L4,BNK-L4-1,PET-BR,20401
CON-004962,LOT-01262,L4,BNK-L4-2,PET-CO,4344
CON-004963,LOT-01262,L4,BNK-L4-3,MB-WH,376
CON-004964,LOT-01262,L4,BNK-L4-4,MB-UV,243
CON-004965,LOT-01263,L5,BNK-L5-1,NY6-F,11516
CON-004966,LOT-01263,L5,BNK-L5-2,NY6-H,3259
CON-004967,LOT-01263,L5,BNK-L5-3,MB-NA,216
CON-004968,LOT-01263,L5,BNK-L5-4,MB-NS,145
CON-004969,LOT-01264,L5,BNK-L5-1,NY6-F,11624
CON-004970,LOT-01264,L5,BNK-L5-2,NY6-H,3289
CON-004971,LOT-01264,L5,BNK-L5-3,MB-NA,218
CON-004972,LOT-01264,L5,BNK-L5-4,MB-NS,147
CON-004973,LOT-01265,L6,BNK-L6-1,NY6-F,11800
CON-004974,LOT-01265,L6,BNK-L6-2,NY6-H,1943
CON-004975,LOT-01265,L6,BNK-L6-3,MB-NA,271
CON-004976,LOT-01265,L6,BNK-L6-4,MB-NS,137
CON-004977,LOT-01266,L6,BNK-L6-1,NY6-F,11918
CON-004978,LOT-01266,L6,BNK-L6-2,NY6-H,1963
CON-004979,LOT-01266,L6,BNK-L6-3,MB-NA,273
CON-004980,LOT-01266,L6,BNK-L6-4,MB-NS,138
CON-004981,LOT-01267,L1,BNK-L1-1,PET-BR,24903
CON-004982,LOT-01267,L1,BNK-L1-2,PET-SD,782
CON-004983,LOT-01267,L1,BNK-L1-3,MB-AB,526
CON-004984,LOT-01267,L1,BNK-L1-4,MB-SL,398
CON-004985,LOT-01268,L1,BNK-L1-1,PET-BR,25045
CON-004986,LOT-01268,L1,BNK-L1-2,PET-SD,786
CON-004987,LOT-01268,L1,BNK-L1-3,MB-AB,529
CON-004988,LOT-01268,L1,BNK-L1-4,MB-SL,400
CON-004989,LOT-01269,L2,BNK-L2-1,PET-BR,20571
CON-004990,LOT-01269,L2,BNK-L2-2,PET-RC,4560
CON-004991,LOT-01269,L2,BNK-L2-3,MB-AB,383
CON-004992,LOT-01269,L2,BNK-L2-4,MB-WH,372
CON-004993,LOT-01270,L2,BNK-L2-1,PET-BR,20470
CON-004994,LOT-01270,L2,BNK-L2-2,PET-RC,4538
CON-004995,LOT-01270,L2,BNK-L2-3,MB-AB,386
CON-004996,LOT-01270,L2,BNK-L2-4,MB-WH,374
CON-004997,LOT-01271,L3,BNK-L3-1,PET-BR,21758
CON-004998,LOT-01271,L3,BNK-L3-2,PET-SD,3013
CON-004999,LOT-01271,L3,BNK-L3-3,MB-SL,507
CON-005000,LOT-01271,L3,BNK-L3-4,MB-UV,246
CON-005001,LOT-01272,L3,BNK-L3-1,PET-BR,21886
CON-005002,LOT-01272,L3,BNK-L3-2,PET-SD,3031
CON-005003,LOT-01272,L3,BNK-L3-3,MB-SL,510
CON-005004,LOT-01272,L3,BNK-L3-4,MB-UV,247
CON-005005,LOT-01273,L5,BNK-L5-1,NY6-F,12102
CON-005006,LOT-01273,L5,BNK-L5-2,NY6-H,2074
CON-005007,LOT-01273,L5,BNK-L5-3,MB-NA,279
CON-005008,LOT-01273,L5,BNK-L5-4,MB-NS,141
CON-005009,LOT-01274,L5,BNK-L5-1,NY6-F,12220
CON-005010,LOT-01274,L5,BNK-L5-2,NY6-H,2094
CON-005011,LOT-01274,L5,BNK-L5-3,MB-NA,282
CON-005012,LOT-01274,L5,BNK-L5-4,MB-NS,142
CON-005013,LOT-01275,L6,BNK-L6-1,NY6-F,10468
CON-005014,LOT-01275,L6,BNK-L6-2,NY6-H,2400
CON-005015,LOT-01275,L6,BNK-L6-3,MB-NA,196
CON-005016,LOT-01275,L6,BNK-L6-4,MB-NS,198
CON-005017,LOT-01276,L6,BNK-L6-1,NY6-F,10577
CON-005018,LOT-01276,L6,BNK-L6-2,NY6-H,2425
CON-005019,LOT-01276,L6,BNK-L6-3,MB-NA,199
CON-005020,LOT-01276,L6,BNK-L6-4,MB-NS,200
CON-005021,LOT-01277,L1,BNK-L1-1,PET-BR,25035
CON-005022,LOT-01277,L1,BNK-L1-2,PET-SD,1324
CON-005023,LOT-01277,L1,BNK-L1-3,MB-AB,401
CON-005024,LOT-01277,L1,BNK-L1-4,MB-SL,259
CON-005025,LOT-01278,L1,BNK-L1-1,PET-BR,25176
CON-005026,LOT-01278,L1,BNK-L1-2,PET-SD,1331
CON-005027,LOT-01278,L1,BNK-L1-3,MB-AB,403
CON-005028,LOT-01278,L1,BNK-L1-4,MB-SL,261
CON-005029,LOT-01279,L2,BNK-L2-1,PET-BR,21203
CON-005030,LOT-01279,L2,BNK-L2-2,PET-RC,4206
CON-005031,LOT-01279,L2,BNK-L2-3,MB-AB,386
CON-005032,LOT-01279,L2,BNK-L2-4,MB-WH,250
CON-005033,LOT-01280,L2,BNK-L2-1,PET-BR,21327
CON-005034,LOT-01280,L2,BNK-L2-2,PET-RC,4230
CON-005035,LOT-01280,L2,BNK-L2-3,MB-AB,388
CON-005036,LOT-01280,L2,BNK-L2-4,MB-WH,251
CON-005037,LOT-01281,L3,BNK-L3-1,PET-BR,22613
CON-005038,LOT-01281,L3,BNK-L3-2,PET-SD,2551
CON-005039,LOT-01281,L3,BNK-L3-3,MB-SL,500
CON-005040,LOT-01281,L3,BNK-L3-4,MB-UV,253
CON-005041,LOT-01282,L3,BNK-L3-1,PET-BR,22746
CON-005042,LOT-01282,L3,BNK-L3-2,PET-SD,2566
CON-005043,LOT-01282,L3,BNK-L3-3,MB-SL,498
CON-005044,LOT-01282,L3,BNK-L3-4,MB-UV,251
CON-005045,LOT-01283,L4,BNK-L4-1,PET-BR,20526
CON-005046,LOT-01283,L4,BNK-L4-2,PET-CO,3380
CON-005047,LOT-01283,L4,BNK-L4-3,MB-WH,470
CON-005048,LOT-01283,L4,BNK-L4-4,MB-UV,238
CON-005049,LOT-01284,L4,BNK-L4-1,PET-BR,20652
CON-005050,LOT-01284,L4,BNK-L4-2,PET-CO,3401
CON-005051,LOT-01284,L4,BNK-L4-3,MB-WH,473
CON-005052,LOT-01284,L4,BNK-L4-4,MB-UV,239
CON-005053,LOT-01285,L6,BNK-L6-1,NY6-F,10310
CON-005054,LOT-01285,L6,BNK-L6-2,NY6-H,2768
CON-005055,LOT-01285,L6,BNK-L6-3,MB-NA,266
CON-005056,LOT-01285,L6,BNK-L6-4,MB-NS,129
CON-005057,LOT-01286,L6,BNK-L6-1,NY6-F,10417
CON-005058,LOT-01286,L6,BNK-L6-2,NY6-H,2796
CON-005059,LOT-01286,L6,BNK-L6-3,MB-NA,269
CON-005060,LOT-01286,L6,BNK-L6-4,MB-NS,131
CON-005061,LOT-01287,L1,BNK-L1-1,PET-BR,25444
CON-005062,LOT-01287,L1,BNK-L1-2,PET-SD,1065
CON-005063,LOT-01287,L1,BNK-L1-3,MB-AB,403
CON-005064,LOT-01287,L1,BNK-L1-4,MB-SL,261
CON-005065,LOT-01288,L1,BNK-L1-1,PET-BR,25588
CON-005066,LOT-01288,L1,BNK-L1-2,PET-SD,1071
CON-005067,LOT-01288,L1,BNK-L1-3,MB-AB,405
CON-005068,LOT-01288,L1,BNK-L1-4,MB-SL,262
CON-005069,LOT-01289,L2,BNK-L2-1,PET-BR,20515
CON-005070,LOT-01289,L2,BNK-L2-2,PET-RC,5308
CON-005071,LOT-01289,L2,BNK-L2-3,MB-AB,377
CON-005072,LOT-01289,L2,BNK-L2-4,MB-WH,254
CON-005073,LOT-01290,L2,BNK-L2-1,PET-BR,20635
CON-005074,LOT-01290,L2,BNK-L2-2,PET-RC,5339
CON-005075,LOT-01290,L2,BNK-L2-3,MB-AB,379
CON-005076,LOT-01290,L2,BNK-L2-4,MB-WH,255
CON-005077,LOT-01291,L3,BNK-L3-1,PET-BR,21921
CON-005078,LOT-01291,L3,BNK-L3-2,PET-SD,3780
CON-005079,LOT-01291,L3,BNK-L3-3,MB-SL,508
CON-005080,LOT-01291,L3,BNK-L3-4,MB-UV,257
CON-005081,LOT-01292,L3,BNK-L3-1,PET-BR,21816
CON-005082,LOT-01292,L3,BNK-L3-2,PET-SD,3760
CON-005083,LOT-01292,L3,BNK-L3-3,MB-SL,511
CON-005084,LOT-01292,L3,BNK-L3-4,MB-UV,258
CON-005085,LOT-01293,L4,BNK-L4-1,PET-BR,19241
CON-005086,LOT-01293,L4,BNK-L4-2,PET-CO,4266
CON-005087,LOT-01293,L4,BNK-L4-3,MB-WH,359
CON-005088,LOT-01293,L4,BNK-L4-4,MB-UV,362
CON-005089,LOT-01294,L4,BNK-L4-1,PET-BR,19359
CON-005090,LOT-01294,L4,BNK-L4-2,PET-CO,4292
CON-005091,LOT-01294,L4,BNK-L4-3,MB-WH,361
CON-005092,LOT-01294,L4,BNK-L4-4,MB-UV,364
CON-005093,LOT-01295,L5,BNK-L5-1,NY6-F,11176
CON-005094,LOT-01295,L5,BNK-L5-2,NY6-H,3000
CON-005095,LOT-01295,L5,BNK-L5-3,MB-NA,288
CON-005096,LOT-01295,L5,BNK-L5-4,MB-NS,140
CON-005097,LOT-01296,L5,BNK-L5-1,NY6-F,11283
CON-005098,LOT-01296,L5,BNK-L5-2,NY6-H,3029
CON-005099,LOT-01296,L5,BNK-L5-3,MB-NA,291
CON-005100,LOT-01296,L5,BNK-L5-4,MB-NS,141
CON-005101,LOT-01297,L1,BNK-L1-1,PET-BR,25843
CON-005102,LOT-01297,L1,BNK-L1-2,PET-SD,811
CON-005103,LOT-01297,L1,BNK-L1-3,MB-AB,525
CON-005104,LOT-01297,L1,BNK-L1-4,MB-SL,265
CON-005105,LOT-01298,L1,BNK-L1-1,PET-BR,25987
CON-005106,LOT-01298,L1,BNK-L1-2,PET-SD,816
CON-005107,LOT-01298,L1,BNK-L1-3,MB-AB,528
CON-005108,LOT-01298,L1,BNK-L1-4,MB-SL,266
CON-005109,LOT-01299,L2,BNK-L2-1,PET-BR,20319
CON-005110,LOT-01299,L2,BNK-L2-2,PET-RC,5693
CON-005111,LOT-01299,L2,BNK-L2-3,MB-AB,383
CON-005112,LOT-01299,L2,BNK-L2-4,MB-WH,258
CON-005113,LOT-01300,L2,BNK-L2-1,PET-BR,20436
CON-005114,LOT-01300,L2,BNK-L2-2,PET-RC,5725
CON-005115,LOT-01300,L2,BNK-L2-3,MB-AB,385
CON-005116,LOT-01300,L2,BNK-L2-4,MB-WH,259
CON-005117,LOT-01301,L3,BNK-L3-1,PET-BR,22815
CON-005118,LOT-01301,L3,BNK-L3-2,PET-SD,2432
CON-005119,LOT-01301,L3,BNK-L3-3,MB-SL,517
CON-005120,LOT-01301,L3,BNK-L3-4,MB-UV,391
CON-005121,LOT-01302,L3,BNK-L3-1,PET-BR,22947
CON-005122,LOT-01302,L3,BNK-L3-2,PET-SD,2446
CON-005123,LOT-01302,L3,BNK-L3-3,MB-SL,519
CON-005124,LOT-01302,L3,BNK-L3-4,MB-UV,393
CON-005125,LOT-01303,L4,BNK-L4-1,PET-BR,18605
CON-005126,LOT-01303,L4,BNK-L4-2,PET-CO,5299
CON-005127,LOT-01303,L4,BNK-L4-3,MB-WH,491
CON-005128,LOT-01303,L4,BNK-L4-4,MB-UV,239
CON-005129,LOT-01304,L4,BNK-L4-1,PET-BR,18718
CON-005130,LOT-01304,L4,BNK-L4-2,PET-CO,5332
CON-005131,LOT-01304,L4,BNK-L4-3,MB-WH,489
CON-005132,LOT-01304,L4,BNK-L4-4,MB-UV,237
CON-005133,LOT-01305,L5,BNK-L5-1,NY6-F,11664
CON-005134,LOT-01305,L5,BNK-L5-2,NY6-H,2657
CON-005135,LOT-01305,L5,BNK-L5-3,MB-NA,218
CON-005136,LOT-01305,L5,BNK-L5-4,MB-NS,141
CON-005137,LOT-01306,L5,BNK-L5-1,NY6-F,11775
CON-005138,LOT-01306,L5,BNK-L5-2,NY6-H,2683
CON-005139,LOT-01306,L5,BNK-L5-3,MB-NA,220
CON-005140,LOT-01306,L5,BNK-L5-4,MB-NS,142
CON-005141,LOT-01307,L6,BNK-L6-1,NY6-F,10691
CON-005142,LOT-01307,L6,BNK-L6-2,NY6-H,2766
CON-005143,LOT-01307,L6,BNK-L6-3,MB-NA,197
CON-005144,LOT-01307,L6,BNK-L6-4,MB-NS,132
CON-005145,LOT-01308,L6,BNK-L6-1,NY6-F,10800
CON-005146,LOT-01308,L6,BNK-L6-2,NY6-H,2794
CON-005147,LOT-01308,L6,BNK-L6-3,MB-NA,199
CON-005148,LOT-01308,L6,BNK-L6-4,MB-NS,134
CON-005149,LOT-01309,L1,BNK-L1-1,PET-BR,26022
CON-005150,LOT-01309,L1,BNK-L1-2,PET-SD,1323
CON-005151,LOT-01309,L1,BNK-L1-3,MB-AB,400
CON-005152,LOT-01309,L1,BNK-L1-4,MB-SL,270
CON-005153,LOT-01310,L1,BNK-L1-1,PET-BR,26166
CON-005154,LOT-01310,L1,BNK-L1-2,PET-SD,1331
CON-005155,LOT-01310,L1,BNK-L1-3,MB-AB,403
CON-005156,LOT-01310,L1,BNK-L1-4,MB-SL,271
CON-005157,LOT-01311,L2,BNK-L2-1,PET-BR,22059
CON-005158,LOT-01311,L2,BNK-L2-2,PET-RC,3477
CON-005159,LOT-01311,L2,BNK-L2-3,MB-AB,520
CON-005160,LOT-01311,L2,BNK-L2-4,MB-WH,262
CON-005161,LOT-01312,L2,BNK-L2-1,PET-BR,22186
CON-005162,LOT-01312,L2,BNK-L2-2,PET-RC,3497
CON-005163,LOT-01312,L2,BNK-L2-3,MB-AB,523
CON-005164,LOT-01312,L2,BNK-L2-4,MB-WH,264
CON-005165,LOT-01313,L3,BNK-L3-1,PET-BR,10838
CON-005166,LOT-01313,L3,BNK-L3-2,PET-SD,15634
CON-005167,LOT-01314,L3,BNK-L3-1,PET-BR,10783
CON-005168,LOT-01314,L3,BNK-L3-2,PET-SD,15556
CON-005169,LOT-01315,L4,BNK-L4-1,PET-BR,19965
CON-005170,LOT-01315,L4,BNK-L4-2,PET-CO,4251
CON-005171,LOT-01315,L4,BNK-L4-3,MB-WH,368
CON-005172,LOT-01315,L4,BNK-L4-4,MB-UV,238
CON-005173,LOT-01316,L4,BNK-L4-1,PET-BR,20086
CON-005174,LOT-01316,L4,BNK-L4-2,PET-CO,4277
CON-005175,LOT-01316,L4,BNK-L4-3,MB-WH,370
CON-005176,LOT-01316,L4,BNK-L4-4,MB-UV,239
CON-005177,LOT-01317,L5,BNK-L5-1,NY6-F,11359
CON-005178,LOT-01317,L5,BNK-L5-2,NY6-H,3214
CON-005179,LOT-01317,L5,BNK-L5-3,MB-NA,213
CON-005180,LOT-01317,L5,BNK-L5-4,MB-NS,143
CON-005181,LOT-01318,L5,BNK-L5-1,NY6-F,11467
CON-005182,LOT-01318,L5,BNK-L5-2,NY6-H,3245
CON-005183,LOT-01318,L5,BNK-L5-3,MB-NA,215
CON-005184,LOT-01318,L5,BNK-L5-4,MB-NS,145
CON-005185,LOT-01319,L6,BNK-L6-1,NY6-F,11628
CON-005186,LOT-01319,L6,BNK-L6-2,NY6-H,1915
CON-005187,LOT-01319,L6,BNK-L6-3,MB-NA,267
CON-005188,LOT-01319,L6,BNK-L6-4,MB-NS,135
CON-005189,LOT-01320,L6,BNK-L6-1,NY6-F,11746
CON-005190,LOT-01320,L6,BNK-L6-2,NY6-H,1935
CON-005191,LOT-01320,L6,BNK-L6-3,MB-NA,269
CON-005192,LOT-01320,L6,BNK-L6-4,MB-NS,136
CON-005193,LOT-01321,L1,BNK-L1-1,PET-BR,25733
CON-005194,LOT-01321,L1,BNK-L1-2,PET-SD,808
CON-005195,LOT-01321,L1,BNK-L1-3,MB-AB,543
CON-005196,LOT-01321,L1,BNK-L1-4,MB-SL,411
CON-005197,LOT-01322,L1,BNK-L1-1,PET-BR,25876
CON-005198,LOT-01322,L1,BNK-L1-2,PET-SD,812
CON-005199,LOT-01322,L1,BNK-L1-3,MB-AB,546
CON-005200,LOT-01322,L1,BNK-L1-4,MB-SL,414
CON-005201,LOT-01323,L2,BNK-L2-1,PET-BR,21286
CON-005202,LOT-01323,L2,BNK-L2-2,PET-RC,4718
CON-005203,LOT-01323,L2,BNK-L2-3,MB-AB,397
CON-005204,LOT-01323,L2,BNK-L2-4,MB-WH,385
CON-005205,LOT-01324,L2,BNK-L2-1,PET-BR,21408
CON-005206,LOT-01324,L2,BNK-L2-2,PET-RC,4745
CON-005207,LOT-01324,L2,BNK-L2-3,MB-AB,399
CON-005208,LOT-01324,L2,BNK-L2-4,MB-WH,387
CON-005209,LOT-01325,L3,BNK-L3-1,PET-BR,22514
CON-005210,LOT-01325,L3,BNK-L3-2,PET-SD,3118
CON-005211,LOT-01325,L3,BNK-L3-3,MB-SL,530
CON-005212,LOT-01325,L3,BNK-L3-4,MB-UV,257
CON-005213,LOT-01326,L3,BNK-L3-1,PET-BR,22643
CON-005214,LOT-01326,L3,BNK-L3-2,PET-SD,3136
CON-005215,LOT-01326,L3,BNK-L3-3,MB-SL,527
CON-005216,LOT-01326,L3,BNK-L3-4,MB-UV,256
CON-005217,LOT-01327,L4,BNK-L4-1,PET-BR,19595
CON-005218,LOT-01327,L4,BNK-L4-2,PET-CO,4946
CON-005219,LOT-01327,L4,BNK-L4-3,MB-WH,480
CON-005220,LOT-01327,L4,BNK-L4-4,MB-UV,242
CON-005221,LOT-01328,L4,BNK-L4-1,PET-BR,19713
CON-005222,LOT-01328,L4,BNK-L4-2,PET-CO,4976
CON-005223,LOT-01328,L4,BNK-L4-3,MB-WH,483
CON-005224,LOT-01328,L4,BNK-L4-4,MB-UV,244
CON-005225,LOT-01329,L5,BNK-L5-1,NY6-F,12511
CON-005226,LOT-01329,L5,BNK-L5-2,NY6-H,2144
CON-005227,LOT-01329,L5,BNK-L5-3,MB-NA,289
CON-005228,LOT-01329,L5,BNK-L5-4,MB-NS,146
CON-005229,LOT-01330,L5,BNK-L5-1,NY6-F,12629
CON-005230,LOT-01330,L5,BNK-L5-2,NY6-H,2164
CON-005231,LOT-01330,L5,BNK-L5-3,MB-NA,291
CON-005232,LOT-01330,L5,BNK-L5-4,MB-NS,147
CON-005233,LOT-01331,L6,BNK-L6-1,NY6-F,10849
CON-005234,LOT-01331,L6,BNK-L6-2,NY6-H,2487
CON-005235,LOT-01331,L6,BNK-L6-3,MB-NA,204
CON-005236,LOT-01331,L6,BNK-L6-4,MB-NS,206
CON-005237,LOT-01332,L6,BNK-L6-1,NY6-F,10959
CON-005238,LOT-01332,L6,BNK-L6-2,NY6-H,2512
CON-005239,LOT-01332,L6,BNK-L6-3,MB-NA,206
CON-005240,LOT-01332,L6,BNK-L6-4,MB-NS,208
CON-005241,LOT-01333,L1,BNK-L1-1,PET-BR,25914
CON-005242,LOT-01333,L1,BNK-L1-2,PET-SD,1370
CON-005243,LOT-01333,L1,BNK-L1-3,MB-AB,415
CON-005244,LOT-01333,L1,BNK-L1-4,MB-SL,268
CON-005245,LOT-01334,L1,BNK-L1-1,PET-BR,26057
CON-005246,LOT-01334,L1,BNK-L1-2,PET-SD,1378
CON-005247,LOT-01334,L1,BNK-L1-3,MB-AB,417
CON-005248,LOT-01334,L1,BNK-L1-4,MB-SL,270
CON-005249,LOT-01335,L2,BNK-L2-1,PET-BR,21977
CON-005250,LOT-01335,L2,BNK-L2-2,PET-RC,4359
CON-005251,LOT-01335,L2,BNK-L2-3,MB-AB,400
CON-005252,LOT-01335,L2,BNK-L2-4,MB-WH,259
CON-005253,LOT-01336,L2,BNK-L2-1,PET-BR,21865
CON-005254,LOT-01336,L2,BNK-L2-2,PET-RC,4337
CON-005255,LOT-01336,L2,BNK-L2-3,MB-AB,402
CON-005256,LOT-01336,L2,BNK-L2-4,MB-WH,260
CON-005257,LOT-01337,L3,BNK-L3-1,PET-BR,23439
CON-005258,LOT-01337,L3,BNK-L3-2,PET-SD,2644
CON-005259,LOT-01337,L3,BNK-L3-3,MB-SL,513
CON-005260,LOT-01337,L3,BNK-L3-4,MB-UV,259
CON-005261,LOT-01338,L3,BNK-L3-1,PET-BR,23572
CON-005262,LOT-01338,L3,BNK-L3-2,PET-SD,2659
CON-005263,LOT-01338,L3,BNK-L3-3,MB-SL,516
CON-005264,LOT-01338,L3,BNK-L3-4,MB-UV,261
CON-005265,LOT-01339,L4,BNK-L4-1,PET-BR,21322
CON-005266,LOT-01339,L4,BNK-L4-2,PET-CO,3511
CON-005267,LOT-01339,L4,BNK-L4-3,MB-WH,489
CON-005268,LOT-01339,L4,BNK-L4-4,MB-UV,247
CON-005269,LOT-01340,L4,BNK-L4-1,PET-BR,21449
CON-005270,LOT-01340,L4,BNK-L4-2,PET-CO,3533
CON-005271,LOT-01340,L4,BNK-L4-3,MB-WH,492
CON-005272,LOT-01340,L4,BNK-L4-4,MB-UV,248
CON-005273,LOT-01341,L5,BNK-L5-1,NY6-F,11663
CON-005274,LOT-01341,L5,BNK-L5-2,NY6-H,2763
CON-005275,LOT-01341,L5,BNK-L5-3,MB-NA,220
CON-005276,LOT-01341,L5,BNK-L5-4,MB-NS,222
CON-005277,LOT-01342,L5,BNK-L5-1,NY6-F,11772
CON-005278,LOT-01342,L5,BNK-L5-2,NY6-H,2789
CON-005279,LOT-01342,L5,BNK-L5-3,MB-NA,222
CON-005280,LOT-01342,L5,BNK-L5-4,MB-NS,224
CON-005281,LOT-01343,L6,BNK-L6-1,NY6-F,10703
CON-005282,LOT-01343,L6,BNK-L6-2,NY6-H,2873
CON-005283,LOT-01343,L6,BNK-L6-3,MB-NA,276
CON-005284,LOT-01343,L6,BNK-L6-4,MB-NS,134
CON-005285,LOT-01344,L6,BNK-L6-1,NY6-F,10811
CON-005286,LOT-01344,L6,BNK-L6-2,NY6-H,2902
CON-005287,LOT-01344,L6,BNK-L6-3,MB-NA,279
CON-005288,LOT-01344,L6,BNK-L6-4,MB-NS,136
CON-005289,LOT-01345,L1,BNK-L1-1,PET-BR,25173
CON-005290,LOT-01345,L1,BNK-L1-2,PET-SD,1054
CON-005291,LOT-01345,L1,BNK-L1-3,MB-AB,399
CON-005292,LOT-01345,L1,BNK-L1-4,MB-SL,258
CON-005293,LOT-01346,L1,BNK-L1-1,PET-BR,25317
CON-005294,LOT-01346,L1,BNK-L1-2,PET-SD,1060
CON-005295,LOT-01346,L1,BNK-L1-3,MB-AB,401
CON-005296,LOT-01346,L1,BNK-L1-4,MB-SL,260
CON-005297,LOT-01347,L2,BNK-L2-1,PET-BR,20070
CON-005298,LOT-01347,L2,BNK-L2-2,PET-RC,5193
CON-005299,LOT-01347,L2,BNK-L2-3,MB-AB,373
CON-005300,LOT-01347,L2,BNK-L2-4,MB-WH,251
CON-005301,LOT-01348,L2,BNK-L2-1,PET-BR,20188
CON-005302,LOT-01348,L2,BNK-L2-2,PET-RC,5223
CON-005303,LOT-01348,L2,BNK-L2-3,MB-AB,371
CON-005304,LOT-01348,L2,BNK-L2-4,MB-WH,250
CON-005305,LOT-01349,L3,BNK-L3-1,PET-BR,21447
CON-005306,LOT-01349,L3,BNK-L3-2,PET-SD,3697
CON-005307,LOT-01349,L3,BNK-L3-3,MB-SL,497
CON-005308,LOT-01349,L3,BNK-L3-4,MB-UV,251
CON-005309,LOT-01350,L3,BNK-L3-1,PET-BR,21573
CON-005310,LOT-01350,L3,BNK-L3-2,PET-SD,3719
CON-005311,LOT-01350,L3,BNK-L3-3,MB-SL,500
CON-005312,LOT-01350,L3,BNK-L3-4,MB-UV,253
CON-005313,LOT-01351,L4,BNK-L4-1,PET-BR,19009
CON-005314,LOT-01351,L4,BNK-L4-2,PET-CO,4214
CON-005315,LOT-01351,L4,BNK-L4-3,MB-WH,354
CON-005316,LOT-01351,L4,BNK-L4-4,MB-UV,358
CON-005317,LOT-01352,L4,BNK-L4-1,PET-BR,19127
CON-005318,LOT-01352,L4,BNK-L4-2,PET-CO,4240
CON-005319,LOT-01352,L4,BNK-L4-3,MB-WH,356
CON-005320,LOT-01352,L4,BNK-L4-4,MB-UV,360
CON-005321,LOT-01353,L5,BNK-L5-1,NY6-F,11064
CON-005322,LOT-01353,L5,BNK-L5-2,NY6-H,2970
CON-005323,LOT-01353,L5,BNK-L5-3,MB-NA,286
CON-005324,LOT-01353,L5,BNK-L5-4,MB-NS,139
CON-005325,LOT-01354,L5,BNK-L5-1,NY6-F,11171
CON-005326,LOT-01354,L5,BNK-L5-2,NY6-H,2999
CON-005327,LOT-01354,L5,BNK-L5-3,MB-NA,288
CON-005328,LOT-01354,L5,BNK-L5-4,MB-NS,140
CON-005329,LOT-01355,L6,BNK-L6-1,NY6-F,10798
CON-005330,LOT-01355,L6,BNK-L6-2,NY6-H,2299
CON-005331,LOT-01355,L6,BNK-L6-3,MB-NA,199
CON-005332,LOT-01355,L6,BNK-L6-4,MB-NS,129
CON-005333,LOT-01356,L6,BNK-L6-1,NY6-F,10911
CON-005334,LOT-01356,L6,BNK-L6-2,NY6-H,2323
CON-005335,LOT-01356,L6,BNK-L6-3,MB-NA,201
CON-005336,LOT-01356,L6,BNK-L6-4,MB-NS,130
CON-005337,LOT-01357,L1,BNK-L1-1,PET-BR,25619
CON-005338,LOT-01357,L1,BNK-L1-2,PET-SD,804
CON-005339,LOT-01357,L1,BNK-L1-3,MB-AB,520
CON-005340,LOT-01357,L1,BNK-L1-4,MB-SL,263
CON-005341,LOT-01358,L1,BNK-L1-1,PET-BR,25490
CON-005342,LOT-01358,L1,BNK-L1-2,PET-SD,800
CON-005343,LOT-01358,L1,BNK-L1-3,MB-AB,523
CON-005344,LOT-01358,L1,BNK-L1-4,MB-SL,264
CON-005345,LOT-01359,L2,BNK-L2-1,PET-BR,19919
CON-005346,LOT-01359,L2,BNK-L2-2,PET-RC,5580
CON-005347,LOT-01359,L2,BNK-L2-3,MB-AB,375
CON-005348,LOT-01359,L2,BNK-L2-4,MB-WH,253
CON-005349,LOT-01360,L2,BNK-L2-1,PET-BR,20035
CON-005350,LOT-01360,L2,BNK-L2-2,PET-RC,5612
CON-005351,LOT-01360,L2,BNK-L2-3,MB-AB,377
CON-005352,LOT-01360,L2,BNK-L2-4,MB-WH,254
CON-005353,LOT-01361,L3,BNK-L3-1,PET-BR,22362
CON-005354,LOT-01361,L3,BNK-L3-2,PET-SD,2384
CON-005355,LOT-01361,L3,BNK-L3-3,MB-SL,506
CON-005356,LOT-01361,L3,BNK-L3-4,MB-UV,383
CON-005357,LOT-01362,L3,BNK-L3-1,PET-BR,22494
CON-005358,LOT-01362,L3,BNK-L3-2,PET-SD,2398
CON-005359,LOT-01362,L3,BNK-L3-3,MB-SL,509
CON-005360,LOT-01362,L3,BNK-L3-4,MB-UV,386
CON-005361,LOT-01363,L4,BNK-L4-1,PET-BR,18418
CON-005362,LOT-01363,L4,BNK-L4-2,PET-CO,5246
CON-005363,LOT-01363,L4,BNK-L4-3,MB-WH,481
CON-005364,LOT-01363,L4,BNK-L4-4,MB-UV,234
CON-005365,LOT-01364,L4,BNK-L4-1,PET-BR,18532
CON-005366,LOT-01364,L4,BNK-L4-2,PET-CO,5278
CON-005367,LOT-01364,L4,BNK-L4-3,MB-WH,484
CON-005368,LOT-01364,L4,BNK-L4-4,MB-UV,235
CON-005369,LOT-01365,L5,BNK-L5-1,NY6-F,11570
CON-005370,LOT-01365,L5,BNK-L5-2,NY6-H,2636
CON-005371,LOT-01365,L5,BNK-L5-3,MB-NA,216
CON-005372,LOT-01365,L5,BNK-L5-4,MB-NS,140
CON-005373,LOT-01366,L5,BNK-L5-1,NY6-F,11682
CON-005374,LOT-01366,L5,BNK-L5-2,NY6-H,2661
CON-005375,LOT-01366,L5,BNK-L5-3,MB-NA,218
CON-005376,LOT-01366,L5,BNK-L5-4,MB-NS,141
CON-005377,LOT-01367,L6,BNK-L6-1,NY6-F,10594
CON-005378,LOT-01367,L6,BNK-L6-2,NY6-H,2741
CON-005379,LOT-01367,L6,BNK-L6-3,MB-NA,195
CON-005380,LOT-01367,L6,BNK-L6-4,MB-NS,131
CON-005381,LOT-01368,L6,BNK-L6-1,NY6-F,10704
CON-005382,LOT-01368,L6,BNK-L6-2,NY6-H,2769
CON-005383,LOT-01368,L6,BNK-L6-3,MB-NA,197
CON-005384,LOT-01368,L6,BNK-L6-4,MB-NS,133
CON-005385,LOT-01369,L1,BNK-L1-1,PET-BR,25526
CON-005386,LOT-01369,L1,BNK-L1-2,PET-SD,1298
CON-005387,LOT-01369,L1,BNK-L1-3,MB-AB,397
CON-005388,LOT-01369,L1,BNK-L1-4,MB-SL,267
CON-005389,LOT-01370,L1,BNK-L1-1,PET-BR,25669
CON-005390,LOT-01370,L1,BNK-L1-2,PET-SD,1305
CON-005391,LOT-01370,L1,BNK-L1-3,MB-AB,395
CON-005392,LOT-01370,L1,BNK-L1-4,MB-SL,266
CON-005393,LOT-01371,L2,BNK-L2-1,PET-BR,21624
CON-005394,LOT-01371,L2,BNK-L2-2,PET-RC,3408
CON-005395,LOT-01371,L2,BNK-L2-3,MB-AB,509
CON-005396,LOT-01371,L2,BNK-L2-4,MB-WH,257
CON-005397,LOT-01372,L2,BNK-L2-1,PET-BR,21750
CON-005398,LOT-01372,L2,BNK-L2-2,PET-RC,3428
CON-005399,LOT-01372,L2,BNK-L2-3,MB-AB,512
CON-005400,LOT-01372,L2,BNK-L2-4,MB-WH,259
CON-005401,LOT-01373,L3,BNK-L3-1,PET-BR,10625
CON-005402,LOT-01373,L3,BNK-L3-2,PET-SD,15327
CON-005403,LOT-01374,L3,BNK-L3-1,PET-BR,10686
CON-005404,LOT-01374,L3,BNK-L3-2,PET-SD,15416
CON-005405,LOT-01375,L4,BNK-L4-1,PET-BR,19766
CON-005406,LOT-01375,L4,BNK-L4-2,PET-CO,4208
CON-005407,LOT-01375,L4,BNK-L4-3,MB-WH,364
CON-005408,LOT-01375,L4,BNK-L4-4,MB-UV,236
CON-005409,LOT-01376,L4,BNK-L4-1,PET-BR,19887
CON-005410,LOT-01376,L4,BNK-L4-2,PET-CO,4234
CON-005411,LOT-01376,L4,BNK-L4-3,MB-WH,366
CON-005412,LOT-01376,L4,BNK-L4-4,MB-UV,237
CON-005413,LOT-01377,L5,BNK-L5-1,NY6-F,11269
CON-005414,LOT-01377,L5,BNK-L5-2,NY6-H,3189
CON-005415,LOT-01377,L5,BNK-L5-3,MB-NA,211
CON-005416,LOT-01377,L5,BNK-L5-4,MB-NS,142
CON-005417,LOT-01378,L5,BNK-L5-1,NY6-F,11377
CON-005418,LOT-01378,L5,BNK-L5-2,NY6-H,3219
CON-005419,LOT-01378,L5,BNK-L5-3,MB-NA,213
CON-005420,LOT-01378,L5,BNK-L5-4,MB-NS,144
CON-005421,LOT-01379,L6,BNK-L6-1,NY6-F,11524
CON-005422,LOT-01379,L6,BNK-L6-2,NY6-H,1898
CON-005423,LOT-01379,L6,BNK-L6-3,MB-NA,264
CON-005424,LOT-01379,L6,BNK-L6-4,MB-NS,133
CON-005425,LOT-01380,L6,BNK-L6-1,NY6-F,11642
CON-005426,LOT-01380,L6,BNK-L6-2,NY6-H,1918
CON-005427,LOT-01380,L6,BNK-L6-3,MB-NA,267
CON-005428,LOT-01380,L6,BNK-L6-4,MB-NS,135
CON-005429,LOT-01381,L1,BNK-L1-1,PET-BR,25241
CON-005430,LOT-01381,L1,BNK-L1-2,PET-SD,792
CON-005431,LOT-01381,L1,BNK-L1-3,MB-AB,533
CON-005432,LOT-01381,L1,BNK-L1-4,MB-SL,404
CON-005433,LOT-01382,L1,BNK-L1-1,PET-BR,25382
CON-005434,LOT-01382,L1,BNK-L1-2,PET-SD,797
CON-005435,LOT-01382,L1,BNK-L1-3,MB-AB,536
CON-005436,LOT-01382,L1,BNK-L1-4,MB-SL,406
CON-005437,LOT-01383,L2,BNK-L2-1,PET-BR,20869
CON-005438,LOT-01383,L2,BNK-L2-2,PET-RC,4626
CON-005439,LOT-01383,L2,BNK-L2-3,MB-AB,389
CON-005440,LOT-01383,L2,BNK-L2-4,MB-WH,378
CON-005441,LOT-01384,L2,BNK-L2-1,PET-BR,20990
CON-005442,LOT-01384,L2,BNK-L2-2,PET-RC,4653
CON-005443,LOT-01384,L2,BNK-L2-3,MB-AB,391
CON-005444,LOT-01384,L2,BNK-L2-4,MB-WH,380
CON-005445,LOT-01385,L3,BNK-L3-1,PET-BR,22313
CON-005446,LOT-01385,L3,BNK-L3-2,PET-SD,3090
CON-005447,LOT-01385,L3,BNK-L3-3,MB-SL,520
CON-005448,LOT-01385,L3,BNK-L3-4,MB-UV,252
CON-005449,LOT-01386,L3,BNK-L3-1,PET-BR,22442
CON-005450,LOT-01386,L3,BNK-L3-2,PET-SD,3108
CON-005451,LOT-01386,L3,BNK-L3-3,MB-SL,522
CON-005452,LOT-01386,L3,BNK-L3-4,MB-UV,254
CON-005453,LOT-01387,L4,BNK-L4-1,PET-BR,19402
CON-005454,LOT-01387,L4,BNK-L4-2,PET-CO,4897
CON-005455,LOT-01387,L4,BNK-L4-3,MB-WH,475
CON-005456,LOT-01387,L4,BNK-L4-4,MB-UV,240
CON-005457,LOT-01388,L4,BNK-L4-1,PET-BR,19520
CON-005458,LOT-01388,L4,BNK-L4-2,PET-CO,4927
CON-005459,LOT-01388,L4,BNK-L4-3,MB-WH,478
CON-005460,LOT-01388,L4,BNK-L4-4,MB-UV,241
CON-005461,LOT-01389,L5,BNK-L5-1,NY6-F,12412
CON-005462,LOT-01389,L5,BNK-L5-2,NY6-H,2127
CON-005463,LOT-01389,L5,BNK-L5-3,MB-NA,286
CON-005464,LOT-01389,L5,BNK-L5-4,MB-NS,145
CON-005465,LOT-01390,L5,BNK-L5-1,NY6-F,12530
CON-005466,LOT-01390,L5,BNK-L5-2,NY6-H,2148
CON-005467,LOT-01390,L5,BNK-L5-3,MB-NA,289
CON-005468,LOT-01390,L5,BNK-L5-4,MB-NS,146
CON-005469,LOT-01391,L6,BNK-L6-1,NY6-F,10754
CON-005470,LOT-01391,L6,BNK-L6-2,NY6-H,2465
CON-005471,LOT-01391,L6,BNK-L6-3,MB-NA,202
CON-005472,LOT-01391,L6,BNK-L6-4,MB-NS,204
CON-005473,LOT-01392,L6,BNK-L6-1,NY6-F,10746
CON-005474,LOT-01392,L6,BNK-L6-2,NY6-H,2464
CON-005475,LOT-01392,L6,BNK-L6-3,MB-NA,202
CON-005476,LOT-01392,L6,BNK-L6-4,MB-NS,204
CON-005477,LOT-01393,L1,BNK-L1-1,PET-BR,25422
CON-005478,LOT-01393,L1,BNK-L1-2,PET-SD,1344
CON-005479,LOT-01393,L1,BNK-L1-3,MB-AB,407
CON-005480,LOT-01393,L1,BNK-L1-4,MB-SL,263
CON-005481,LOT-01394,L1,BNK-L1-1,PET-BR,25564
CON-005482,LOT-01394,L1,BNK-L1-2,PET-SD,1352
CON-005483,LOT-01394,L1,BNK-L1-3,MB-AB,409
CON-005484,LOT-01394,L1,BNK-L1-4,MB-SL,265
CON-005485,LOT-01395,L2,BNK-L2-1,PET-BR,21549
CON-005486,LOT-01395,L2,BNK-L2-2,PET-RC,4274
CON-005487,LOT-01395,L2,BNK-L2-3,MB-AB,392
CON-005488,LOT-01395,L2,BNK-L2-4,MB-WH,254
CON-005489,LOT-01396,L2,BNK-L2-1,PET-BR,21673
CON-005490,LOT-01396,L2,BNK-L2-2,PET-RC,4299
CON-005491,LOT-01396,L2,BNK-L2-3,MB-AB,394
CON-005492,LOT-01396,L2,BNK-L2-4,MB-WH,255
CON-005493,LOT-01397,L3,BNK-L3-1,PET-BR,23230
CON-005494,LOT-01397,L3,BNK-L3-2,PET-SD,2621
CON-005495,LOT-01397,L3,BNK-L3-3,MB-SL,509
CON-005496,LOT-01397,L3,BNK-L3-4,MB-UV,257
CON-005497,LOT-01398,L3,BNK-L3-1,PET-BR,23363
CON-005498,LOT-01398,L3,BNK-L3-2,PET-SD,2636
CON-005499,LOT-01398,L3,BNK-L3-3,MB-SL,511
CON-005500,LOT-01398,L3,BNK-L3-4,MB-UV,258
CON-005501,LOT-01399,L4,BNK-L4-1,PET-BR,21113
CON-005502,LOT-01399,L4,BNK-L4-2,PET-CO,3478
CON-005503,LOT-01399,L4,BNK-L4-3,MB-WH,484
CON-005504,LOT-01399,L4,BNK-L4-4,MB-UV,244
CON-005505,LOT-01400,L4,BNK-L4-1,PET-BR,21240
CON-005506,LOT-01400,L4,BNK-L4-2,PET-CO,3499
CON-005507,LOT-01400,L4,BNK-L4-3,MB-WH,487
CON-005508,LOT-01400,L4,BNK-L4-4,MB-UV,246
CON-005509,LOT-01401,L5,BNK-L5-1,NY6-F,11573
CON-005510,LOT-01401,L5,BNK-L5-2,NY6-H,2741
CON-005511,LOT-01401,L5,BNK-L5-3,MB-NA,219
CON-005512,LOT-01401,L5,BNK-L5-4,MB-NS,221
CON-005513,LOT-01402,L5,BNK-L5-1,NY6-F,11683
CON-005514,LOT-01402,L5,BNK-L5-2,NY6-H,2767
CON-005515,LOT-01402,L5,BNK-L5-3,MB-NA,221
CON-005516,LOT-01402,L5,BNK-L5-4,MB-NS,223
CON-005517,LOT-01403,L6,BNK-L6-1,NY6-F,10496
CON-005518,LOT-01403,L6,BNK-L6-2,NY6-H,2818
CON-005519,LOT-01403,L6,BNK-L6-3,MB-NA,271
CON-005520,LOT-01403,L6,BNK-L6-4,MB-NS,132
CON-005521,LOT-01404,L6,BNK-L6-1,NY6-F,10603
CON-005522,LOT-01404,L6,BNK-L6-2,NY6-H,2846
CON-005523,LOT-01404,L6,BNK-L6-3,MB-NA,274
CON-005524,LOT-01404,L6,BNK-L6-4,MB-NS,133
CON-005525,LOT-01405,L1,BNK-L1-1,PET-BR,25885
CON-005526,LOT-01405,L1,BNK-L1-2,PET-SD,1084
CON-005527,LOT-01405,L1,BNK-L1-3,MB-AB,410
CON-005528,LOT-01405,L1,BNK-L1-4,MB-SL,265
CON-005529,LOT-01406,L1,BNK-L1-1,PET-BR,26029
CON-005530,LOT-01406,L1,BNK-L1-2,PET-SD,1090
CON-005531,LOT-01406,L1,BNK-L1-3,MB-AB,412
CON-005532,LOT-01406,L1,BNK-L1-4,MB-SL,267
CON-005533,LOT-01407,L2,BNK-L2-1,PET-BR,20888
CON-005534,LOT-01407,L2,BNK-L2-2,PET-RC,5405
CON-005535,LOT-01407,L2,BNK-L2-3,MB-AB,384
CON-005536,LOT-01407,L2,BNK-L2-4,MB-WH,258
CON-005537,LOT-01408,L2,BNK-L2-1,PET-BR,21008
CON-005538,LOT-01408,L2,BNK-L2-2,PET-RC,5435
CON-005539,LOT-01408,L2,BNK-L2-3,MB-AB,386
CON-005540,LOT-01408,L2,BNK-L2-4,MB-WH,260
CON-005541,LOT-01409,L3,BNK-L3-1,PET-BR,22320
CON-005542,LOT-01409,L3,BNK-L3-2,PET-SD,3848
CON-005543,LOT-01409,L3,BNK-L3-3,MB-SL,518
CON-005544,LOT-01409,L3,BNK-L3-4,MB-UV,261
CON-005545,LOT-01410,L3,BNK-L3-1,PET-BR,22448
CON-005546,LOT-01410,L3,BNK-L3-2,PET-SD,3870
CON-005547,LOT-01410,L3,BNK-L3-3,MB-SL,521
CON-005548,LOT-01410,L3,BNK-L3-4,MB-UV,263
CON-005549,LOT-01411,L4,BNK-L4-1,PET-BR,19831
CON-005550,LOT-01411,L4,BNK-L4-2,PET-CO,4396
CON-005551,LOT-01411,L4,BNK-L4-3,MB-WH,370
CON-005552,LOT-01411,L4,BNK-L4-4,MB-UV,373
CON-005553,LOT-01412,L4,BNK-L4-1,PET-BR,19950
CON-005554,LOT-01412,L4,BNK-L4-2,PET-CO,4422
CON-005555,LOT-01412,L4,BNK-L4-3,MB-WH,372
CON-005556,LOT-01412,L4,BNK-L4-4,MB-UV,375
CON-005557,LOT-01413,L5,BNK-L5-1,NY6-F,11482
CON-005558,LOT-01413,L5,BNK-L5-2,NY6-H,3082
CON-005559,LOT-01413,L5,BNK-L5-3,MB-NA,296
CON-005560,LOT-01413,L5,BNK-L5-4,MB-NS,144
CON-005561,LOT-01414,L5,BNK-L5-1,NY6-F,11466
CON-005562,LOT-01414,L5,BNK-L5-2,NY6-H,3078
CON-005563,LOT-01414,L5,BNK-L5-3,MB-NA,296
CON-005564,LOT-01414,L5,BNK-L5-4,MB-NS,144
CON-005565,LOT-01415,L6,BNK-L6-1,NY6-F,11114
CON-005566,LOT-01415,L6,BNK-L6-2,NY6-H,2366
CON-005567,LOT-01415,L6,BNK-L6-3,MB-NA,205
CON-005568,LOT-01415,L6,BNK-L6-4,MB-NS,133
CON-005569,LOT-01416,L6,BNK-L6-1,NY6-F,11227
CON-005570,LOT-01416,L6,BNK-L6-2,NY6-H,2390
CON-005571,LOT-01416,L6,BNK-L6-3,MB-NA,207
CON-005572,LOT-01416,L6,BNK-L6-4,MB-NS,134
CON-005573,LOT-01417,L1,BNK-L1-1,PET-BR,26339
CON-005574,LOT-01417,L1,BNK-L1-2,PET-SD,827
CON-005575,LOT-01417,L1,BNK-L1-3,MB-AB,535
CON-005576,LOT-01417,L1,BNK-L1-4,MB-SL,270
CON-005577,LOT-01418,L1,BNK-L1-1,PET-BR,26484
CON-005578,LOT-01418,L1,BNK-L1-2,PET-SD,831
CON-005579,LOT-01418,L1,BNK-L1-3,MB-AB,538
CON-005580,LOT-01418,L1,BNK-L1-4,MB-SL,272
CON-005581,LOT-01419,L2,BNK-L2-1,PET-BR,20726
CON-005582,LOT-01419,L2,BNK-L2-2,PET-RC,5806
CON-005583,LOT-01419,L2,BNK-L2-3,MB-AB,391
CON-005584,LOT-01419,L2,BNK-L2-4,MB-WH,263
CON-005585,LOT-01420,L2,BNK-L2-1,PET-BR,20843
CON-005586,LOT-01420,L2,BNK-L2-2,PET-RC,5839
CON-005587,LOT-01420,L2,BNK-L2-3,MB-AB,393
CON-005588,LOT-01420,L2,BNK-L2-4,MB-WH,264
CON-005589,LOT-01421,L3,BNK-L3-1,PET-BR,23271
CON-005590,LOT-01421,L3,BNK-L3-2,PET-SD,2481
CON-005591,LOT-01421,L3,BNK-L3-3,MB-SL,527
CON-005592,LOT-01421,L3,BNK-L3-4,MB-UV,399
CON-005593,LOT-01422,L3,BNK-L3-1,PET-BR,23404
CON-005594,LOT-01422,L3,BNK-L3-2,PET-SD,2495
CON-005595,LOT-01422,L3,BNK-L3-3,MB-SL,530
CON-005596,LOT-01422,L3,BNK-L3-4,MB-UV,401
CON-005597,LOT-01423,L4,BNK-L4-1,PET-BR,19208
CON-005598,LOT-01423,L4,BNK-L4-2,PET-CO,5470
CON-005599,LOT-01423,L4,BNK-L4-3,MB-WH,502
CON-005600,LOT-01423,L4,BNK-L4-4,MB-UV,244
CON-005601,LOT-01424,L4,BNK-L4-1,PET-BR,19116
CON-005602,LOT-01424,L4,BNK-L4-2,PET-CO,5445
CON-005603,LOT-01424,L4,BNK-L4-3,MB-WH,505
CON-005604,LOT-01424,L4,BNK-L4-4,MB-UV,245
CON-005605,LOT-01425,L5,BNK-L5-1,NY6-F,11877
CON-005606,LOT-01425,L5,BNK-L5-2,NY6-H,2706
CON-005607,LOT-01425,L5,BNK-L5-3,MB-NA,222
CON-005608,LOT-01425,L5,BNK-L5-4,MB-NS,143
CON-005609,LOT-01426,L5,BNK-L5-1,NY6-F,11989
CON-005610,LOT-01426,L5,BNK-L5-2,NY6-H,2731
CON-005611,LOT-01426,L5,BNK-L5-3,MB-NA,224
CON-005612,LOT-01426,L5,BNK-L5-4,MB-NS,145
CON-005613,LOT-01427,L6,BNK-L6-1,NY6-F,10903
CON-005614,LOT-01427,L6,BNK-L6-2,NY6-H,2821
CON-005615,LOT-01427,L6,BNK-L6-3,MB-NA,200
CON-005616,LOT-01427,L6,BNK-L6-4,MB-NS,135
CON-005617,LOT-01428,L6,BNK-L6-1,NY6-F,11012
CON-005618,LOT-01428,L6,BNK-L6-2,NY6-H,2849
CON-005619,LOT-01428,L6,BNK-L6-3,MB-NA,202
CON-005620,LOT-01428,L6,BNK-L6-4,MB-NS,136
CON-005621,LOT-01429,L1,BNK-L1-1,PET-BR,25302
CON-005622,LOT-01429,L1,BNK-L1-2,PET-SD,1286
CON-005623,LOT-01429,L1,BNK-L1-3,MB-AB,389
CON-005624,LOT-01429,L1,BNK-L1-4,MB-SL,262
CON-005625,LOT-01430,L1,BNK-L1-1,PET-BR,25445
CON-005626,LOT-01430,L1,BNK-L1-2,PET-SD,1294
CON-005627,LOT-01430,L1,BNK-L1-3,MB-AB,392
CON-005628,LOT-01430,L1,BNK-L1-4,MB-SL,264
CON-005629,LOT-01431,L2,BNK-L2-1,PET-BR,21425
CON-005630,LOT-01431,L2,BNK-L2-2,PET-RC,3377
CON-005631,LOT-01431,L2,BNK-L2-3,MB-AB,505
CON-005632,LOT-01431,L2,BNK-L2-4,MB-WH,255
CON-005633,LOT-01432,L2,BNK-L2-1,PET-BR,21551
CON-005634,LOT-01432,L2,BNK-L2-2,PET-RC,3397
CON-005635,LOT-01432,L2,BNK-L2-3,MB-AB,508
CON-005636,LOT-01432,L2,BNK-L2-4,MB-WH,256
CON-005637,LOT-01433,L3,BNK-L3-1,PET-BR,10526
CON-005638,LOT-01433,L3,BNK-L3-2,PET-SD,15184
CON-005639,LOT-01434,L3,BNK-L3-1,PET-BR,10588
CON-005640,LOT-01434,L3,BNK-L3-2,PET-SD,15273
CON-005641,LOT-01435,L4,BNK-L4-1,PET-BR,19355
CON-005642,LOT-01435,L4,BNK-L4-2,PET-CO,4121
CON-005643,LOT-01435,L4,BNK-L4-3,MB-WH,360
CON-005644,LOT-01435,L4,BNK-L4-4,MB-UV,233
CON-005645,LOT-01436,L4,BNK-L4-1,PET-BR,19476
CON-005646,LOT-01436,L4,BNK-L4-2,PET-CO,4147
CON-005647,LOT-01436,L4,BNK-L4-3,MB-WH,359
CON-005648,LOT-01436,L4,BNK-L4-4,MB-UV,232
CON-005649,LOT-01437,L5,BNK-L5-1,NY6-F,11058
CON-005650,LOT-01437,L5,BNK-L5-2,NY6-H,3129
CON-005651,LOT-01437,L5,BNK-L5-3,MB-NA,207
CON-005652,LOT-01437,L5,BNK-L5-4,MB-NS,139
CON-005653,LOT-01438,L5,BNK-L5-1,NY6-F,11166
CON-005654,LOT-01438,L5,BNK-L5-2,NY6-H,3160
CON-005655,LOT-01438,L5,BNK-L5-3,MB-NA,209
CON-005656,LOT-01438,L5,BNK-L5-4,MB-NS,141
CON-005657,LOT-01439,L6,BNK-L6-1,NY6-F,11298
CON-005658,LOT-01439,L6,BNK-L6-2,NY6-H,1861
CON-005659,LOT-01439,L6,BNK-L6-3,MB-NA,259
CON-005660,LOT-01439,L6,BNK-L6-4,MB-NS,131
CON-005661,LOT-01440,L6,BNK-L6-1,NY6-F,11415
CON-005662,LOT-01440,L6,BNK-L6-2,NY6-H,1880
CON-005663,LOT-01440,L6,BNK-L6-3,MB-NA,262
CON-005664,LOT-01440,L6,BNK-L6-4,MB-NS,132
CON-005665,LOT-01441,L2,BNK-L2-1,PET-BR,20637
CON-005666,LOT-01441,L2,BNK-L2-2,PET-RC,4575
CON-005667,LOT-01441,L2,BNK-L2-3,MB-AB,385
CON-005668,LOT-01441,L2,BNK-L2-4,MB-WH,373
CON-005669,LOT-01442,L2,BNK-L2-1,PET-BR,20758
CON-005670,LOT-01442,L2,BNK-L2-2,PET-RC,4601
CON-005671,LOT-01442,L2,BNK-L2-3,MB-AB,387
CON-005672,LOT-01442,L2,BNK-L2-4,MB-WH,376
CON-005673,LOT-01443,L3,BNK-L3-1,PET-BR,22065
CON-005674,LOT-01443,L3,BNK-L3-2,PET-SD,3056
CON-005675,LOT-01443,L3,BNK-L3-3,MB-SL,514
CON-005676,LOT-01443,L3,BNK-L3-4,MB-UV,249
CON-005677,LOT-01444,L3,BNK-L3-1,PET-BR,22194
CON-005678,LOT-01444,L3,BNK-L3-2,PET-SD,3073
CON-005679,LOT-01444,L3,BNK-L3-3,MB-SL,517
CON-005680,LOT-01444,L3,BNK-L3-4,MB-UV,251
CON-005681,LOT-01445,L4,BNK-L4-1,PET-BR,19168
CON-005682,LOT-01445,L4,BNK-L4-2,PET-CO,4838
CON-005683,LOT-01445,L4,BNK-L4-3,MB-WH,469
CON-005684,LOT-01445,L4,BNK-L4-4,MB-UV,237
CON-005685,LOT-01446,L4,BNK-L4-1,PET-BR,19081
CON-005686,LOT-01446,L4,BNK-L4-2,PET-CO,4817
CON-005687,LOT-01446,L4,BNK-L4-3,MB-WH,472
CON-005688,LOT-01446,L4,BNK-L4-4,MB-UV,239
CON-005689,LOT-01447,L5,BNK-L5-1,NY6-F,12158
CON-005690,LOT-01447,L5,BNK-L5-2,NY6-H,2083
CON-005691,LOT-01447,L5,BNK-L5-3,MB-NA,281
CON-005692,LOT-01447,L5,BNK-L5-4,MB-NS,142
CON-005693,LOT-01448,L5,BNK-L5-1,NY6-F,12276
CON-005694,LOT-01448,L5,BNK-L5-2,NY6-H,2104
CON-005695,LOT-01448,L5,BNK-L5-3,MB-NA,283
CON-005696,LOT-01448,L5,BNK-L5-4,MB-NS,143
CON-005697,LOT-01449,L6,BNK-L6-1,NY6-F,10521
CON-005698,LOT-01449,L6,BNK-L6-2,NY6-H,2412
CON-005699,LOT-01449,L6,BNK-L6-3,MB-NA,197
CON-005700,LOT-01449,L6,BNK-L6-4,MB-NS,199
CON-005701,LOT-01450,L6,BNK-L6-1,NY6-F,10630
CON-005702,LOT-01450,L6,BNK-L6-2,NY6-H,2437
CON-005703,LOT-01450,L6,BNK-L6-3,MB-NA,200
CON-005704,LOT-01450,L6,BNK-L6-4,MB-NS,201
CON-005705,LOT-01451,L1,BNK-L1-1,PET-BR,25156
CON-005706,LOT-01451,L1,BNK-L1-2,PET-SD,1330
CON-005707,LOT-01451,L1,BNK-L1-3,MB-AB,402
CON-005708,LOT-01451,L1,BNK-L1-4,MB-SL,261
CON-005709,LOT-01452,L1,BNK-L1-1,PET-BR,25298
CON-005710,LOT-01452,L1,BNK-L1-2,PET-SD,1337
CON-005711,LOT-01452,L1,BNK-L1-3,MB-AB,405
CON-005712,LOT-01452,L1,BNK-L1-4,MB-SL,262
CON-005713,LOT-01453,L3,BNK-L3-1,PET-BR,22929
CON-005714,LOT-01453,L3,BNK-L3-2,PET-SD,2587
CON-005715,LOT-01453,L3,BNK-L3-3,MB-SL,502
CON-005716,LOT-01453,L3,BNK-L3-4,MB-UV,253
CON-005717,LOT-01454,L3,BNK-L3-1,PET-BR,23063
CON-005718,LOT-01454,L3,BNK-L3-2,PET-SD,2602
CON-005719,LOT-01454,L3,BNK-L3-3,MB-SL,505
CON-005720,LOT-01454,L3,BNK-L3-4,MB-UV,255
CON-005721,LOT-01455,L4,BNK-L4-1,PET-BR,20820
CON-005722,LOT-01455,L4,BNK-L4-2,PET-CO,3429
CON-005723,LOT-01455,L4,BNK-L4-3,MB-WH,477
CON-005724,LOT-01455,L4,BNK-L4-4,MB-UV,241
CON-005725,LOT-01456,L4,BNK-L4-1,PET-BR,20948
CON-005726,LOT-01456,L4,BNK-L4-2,PET-CO,3451
CON-005727,LOT-01456,L4,BNK-L4-3,MB-WH,480
CON-005728,LOT-01456,L4,BNK-L4-4,MB-UV,242
CON-005729,LOT-01457,L5,BNK-L5-1,NY6-F,11436
CON-005730,LOT-01457,L5,BNK-L5-2,NY6-H,2709
CON-005731,LOT-01457,L5,BNK-L5-3,MB-NA,216
CON-005732,LOT-01457,L5,BNK-L5-4,MB-NS,218
CON-005733,LOT-01458,L5,BNK-L5-1,NY6-F,11421
CON-005734,LOT-01458,L5,BNK-L5-2,NY6-H,2706
CON-005735,LOT-01458,L5,BNK-L5-3,MB-NA,216
CON-005736,LOT-01458,L5,BNK-L5-4,MB-NS,218
CON-005737,LOT-01459,L6,BNK-L6-1,NY6-F,10362
CON-005738,LOT-01459,L6,BNK-L6-2,NY6-H,2782
CON-005739,LOT-01459,L6,BNK-L6-3,MB-NA,267
CON-005740,LOT-01459,L6,BNK-L6-4,MB-NS,130
CON-005741,LOT-01460,L6,BNK-L6-1,NY6-F,10469
CON-005742,LOT-01460,L6,BNK-L6-2,NY6-H,2810
CON-005743,LOT-01460,L6,BNK-L6-3,MB-NA,270
CON-005744,LOT-01460,L6,BNK-L6-4,MB-NS,131
CON-005745,LOT-01461,L1,BNK-L1-1,PET-BR,25567
CON-005746,LOT-01461,L1,BNK-L1-2,PET-SD,1070
CON-005747,LOT-01461,L1,BNK-L1-3,MB-AB,405
CON-005748,LOT-01461,L1,BNK-L1-4,MB-SL,262
CON-005749,LOT-01462,L1,BNK-L1-1,PET-BR,25710
CON-005750,LOT-01462,L1,BNK-L1-2,PET-SD,1076
CON-005751,LOT-01462,L1,BNK-L1-3,MB-AB,407
CON-005752,LOT-01462,L1,BNK-L1-4,MB-SL,264
CON-005753,LOT-01463,L2,BNK-L2-1,PET-BR,20620
CON-005754,LOT-01463,L2,BNK-L2-2,PET-RC,5335
CON-005755,LOT-01463,L2,BNK-L2-3,MB-AB,379
CON-005756,LOT-01463,L2,BNK-L2-4,MB-WH,255
CON-005757,LOT-01464,L2,BNK-L2-1,PET-BR,20739
CON-005758,LOT-01464,L2,BNK-L2-2,PET-RC,5366
CON-005759,LOT-01464,L2,BNK-L2-3,MB-AB,381
CON-005760,LOT-01464,L2,BNK-L2-4,MB-WH,256
CON-005761,LOT-01465,L4,BNK-L4-1,PET-BR,19521
CON-005762,LOT-01465,L4,BNK-L4-2,PET-CO,4327
CON-005763,LOT-01465,L4,BNK-L4-3,MB-WH,364
CON-005764,LOT-01465,L4,BNK-L4-4,MB-UV,367
CON-005765,LOT-01466,L4,BNK-L4-1,PET-BR,19640
CON-005766,LOT-01466,L4,BNK-L4-2,PET-CO,4354
CON-005767,LOT-01466,L4,BNK-L4-3,MB-WH,366
CON-005768,LOT-01466,L4,BNK-L4-4,MB-UV,370
CON-005769,LOT-01467,L5,BNK-L5-1,NY6-F,11325
CON-005770,LOT-01467,L5,BNK-L5-2,NY6-H,3040
CON-005771,LOT-01467,L5,BNK-L5-3,MB-NA,292
CON-005772,LOT-01467,L5,BNK-L5-4,MB-NS,142
CON-005773,LOT-01468,L5,BNK-L5-1,NY6-F,11434
CON-005774,LOT-01468,L5,BNK-L5-2,NY6-H,3069
CON-005775,LOT-01468,L5,BNK-L5-3,MB-NA,295
CON-005776,LOT-01468,L5,BNK-L5-4,MB-NS,143
CON-005777,LOT-01469,L6,BNK-L6-1,NY6-F,10952
CON-005778,LOT-01469,L6,BNK-L6-2,NY6-H,2332
CON-005779,LOT-01469,L6,BNK-L6-3,MB-NA,202
CON-005780,LOT-01469,L6,BNK-L6-4,MB-NS,131
CON-005781,LOT-01470,L6,BNK-L6-1,NY6-F,11064
CON-005782,LOT-01470,L6,BNK-L6-2,NY6-H,2356
CON-005783,LOT-01470,L6,BNK-L6-3,MB-NA,204
CON-005784,LOT-01470,L6,BNK-L6-4,MB-NS,132
CON-005785,LOT-01471,L1,BNK-L1-1,PET-BR,25966
CON-005786,LOT-01471,L1,BNK-L1-2,PET-SD,815
CON-005787,LOT-01471,L1,BNK-L1-3,MB-AB,527
CON-005788,LOT-01471,L1,BNK-L1-4,MB-SL,266
CON-005789,LOT-01472,L1,BNK-L1-1,PET-BR,26111
CON-005790,LOT-01472,L1,BNK-L1-2,PET-SD,820
CON-005791,LOT-01472,L1,BNK-L1-3,MB-AB,530
CON-005792,LOT-01472,L1,BNK-L1-4,MB-SL,268
CON-005793,LOT-01473,L2,BNK-L2-1,PET-BR,20422
CON-005794,LOT-01473,L2,BNK-L2-2,PET-RC,5721
CON-005795,LOT-01473,L2,BNK-L2-3,MB-AB,385
CON-005796,LOT-01473,L2,BNK-L2-4,MB-WH,259
CON-005797,LOT-01474,L2,BNK-L2-1,PET-BR,20539
CON-005798,LOT-01474,L2,BNK-L2-2,PET-RC,5754
CON-005799,LOT-01474,L2,BNK-L2-3,MB-AB,387
CON-005800,LOT-01474,L2,BNK-L2-4,MB-WH,261
CON-005801,LOT-01475,L3,BNK-L3-1,PET-BR,22929
CON-005802,LOT-01475,L3,BNK-L3-2,PET-SD,2444
CON-005803,LOT-01475,L3,BNK-L3-3,MB-SL,519
CON-005804,LOT-01475,L3,BNK-L3-4,MB-UV,393
CON-005805,LOT-01476,L3,BNK-L3-1,PET-BR,23061
CON-005806,LOT-01476,L3,BNK-L3-2,PET-SD,2458
CON-005807,LOT-01476,L3,BNK-L3-3,MB-SL,522
CON-005808,LOT-01476,L3,BNK-L3-4,MB-UV,395
CON-005809,LOT-01477,L5,BNK-L5-1,NY6-F,11820
CON-005810,LOT-01477,L5,BNK-L5-2,NY6-H,2693
CON-005811,LOT-01477,L5,BNK-L5-3,MB-NA,220
CON-005812,LOT-01477,L5,BNK-L5-4,MB-NS,143
CON-005813,LOT-01478,L5,BNK-L5-1,NY6-F,11932
CON-005814,LOT-01478,L5,BNK-L5-2,NY6-H,2718
CON-005815,LOT-01478,L5,BNK-L5-3,MB-NA,223
CON-005816,LOT-01478,L5,BNK-L5-4,MB-NS,144
CON-005817,LOT-01479,L6,BNK-L6-1,NY6-F,10839
CON-005818,LOT-01479,L6,BNK-L6-2,NY6-H,2804
CON-005819,LOT-01479,L6,BNK-L6-3,MB-NA,199
CON-005820,LOT-01479,L6,BNK-L6-4,MB-NS,134
CON-005821,LOT-01480,L6,BNK-L6-1,NY6-F,10832
CON-005822,LOT-01480,L6,BNK-L6-2,NY6-H,2803
CON-005823,LOT-01480,L6,BNK-L6-3,MB-NA,199
CON-005824,LOT-01480,L6,BNK-L6-4,MB-NS,134
CON-005825,LOT-01481,L1,BNK-L1-1,PET-BR,26095
CON-005826,LOT-01481,L1,BNK-L1-2,PET-SD,1327
CON-005827,LOT-01481,L1,BNK-L1-3,MB-AB,402
CON-005828,LOT-01481,L1,BNK-L1-4,MB-SL,270
CON-005829,LOT-01482,L1,BNK-L1-1,PET-BR,26239
CON-005830,LOT-01482,L1,BNK-L1-2,PET-SD,1334
CON-005831,LOT-01482,L1,BNK-L1-3,MB-AB,404
CON-005832,LOT-01482,L1,BNK-L1-4,MB-SL,272
CON-005833,LOT-01483,L2,BNK-L2-1,PET-BR,22125
CON-005834,LOT-01483,L2,BNK-L2-2,PET-RC,3487
CON-005835,LOT-01483,L2,BNK-L2-3,MB-AB,521
CON-005836,LOT-01483,L2,BNK-L2-4,MB-WH,263
CON-005837,LOT-01484,L2,BNK-L2-1,PET-BR,22252
CON-005838,LOT-01484,L2,BNK-L2-2,PET-RC,3507
CON-005839,LOT-01484,L2,BNK-L2-3,MB-AB,524
CON-005840,LOT-01484,L2,BNK-L2-4,MB-WH,265
CON-005841,LOT-01485,L3,BNK-L3-1,PET-BR,10871
CON-005842,LOT-01485,L3,BNK-L3-2,PET-SD,15682
CON-005843,LOT-01486,L3,BNK-L3-1,PET-BR,10933
CON-005844,LOT-01486,L3,BNK-L3-2,PET-SD,15771
CON-005845,LOT-01487,L4,BNK-L4-1,PET-BR,20251
CON-005846,LOT-01487,L4,BNK-L4-2,PET-CO,4311
CON-005847,LOT-01487,L4,BNK-L4-3,MB-WH,373
CON-005848,LOT-01487,L4,BNK-L4-4,MB-UV,241
CON-005849,LOT-01488,L4,BNK-L4-1,PET-BR,20373
CON-005850,LOT-01488,L4,BNK-L4-2,PET-CO,4337
CON-005851,LOT-01488,L4,BNK-L4-3,MB-WH,375
CON-005852,LOT-01488,L4,BNK-L4-4,MB-UV,243
CON-005853,LOT-01489,L6,BNK-L6-1,NY6-F,11765
CON-005854,LOT-01489,L6,BNK-L6-2,NY6-H,1938
CON-005855,LOT-01489,L6,BNK-L6-3,MB-NA,270
CON-005856,LOT-01489,L6,BNK-L6-4,MB-NS,136
CON-005857,LOT-01490,L6,BNK-L6-1,NY6-F,11883
CON-005858,LOT-01490,L6,BNK-L6-2,NY6-H,1957
CON-005859,LOT-01490,L6,BNK-L6-3,MB-NA,273
CON-005860,LOT-01490,L6,BNK-L6-4,MB-NS,138
CON-005861,LOT-01491,L1,BNK-L1-1,PET-BR,25750
CON-005862,LOT-01491,L1,BNK-L1-2,PET-SD,808
CON-005863,LOT-01491,L1,BNK-L1-3,MB-AB,544
CON-005864,LOT-01491,L1,BNK-L1-4,MB-SL,412
CON-005865,LOT-01492,L1,BNK-L1-1,PET-BR,25892
CON-005866,LOT-01492,L1,BNK-L1-2,PET-SD,813
CON-005867,LOT-01492,L1,BNK-L1-3,MB-AB,547
CON-005868,LOT-01492,L1,BNK-L1-4,MB-SL,414
CON-005869,LOT-01493,L2,BNK-L2-1,PET-BR,21307
CON-005870,LOT-01493,L2,BNK-L2-2,PET-RC,4723
CON-005871,LOT-01493,L2,BNK-L2-3,MB-AB,397
CON-005872,LOT-01493,L2,BNK-L2-4,MB-WH,386
CON-005873,LOT-01494,L2,BNK-L2-1,PET-BR,21428
CON-005874,LOT-01494,L2,BNK-L2-2,PET-RC,4750
CON-005875,LOT-01494,L2,BNK-L2-3,MB-AB,399
CON-005876,LOT-01494,L2,BNK-L2-4,MB-WH,388
CON-005877,LOT-01495,L3,BNK-L3-1,PET-BR,22781
CON-005878,LOT-01495,L3,BNK-L3-2,PET-SD,3155
CON-005879,LOT-01495,L3,BNK-L3-3,MB-SL,530
CON-005880,LOT-01495,L3,BNK-L3-4,MB-UV,258
CON-005881,LOT-01496,L3,BNK-L3-1,PET-BR,22911
CON-005882,LOT-01496,L3,BNK-L3-2,PET-SD,3173
CON-005883,LOT-01496,L3,BNK-L3-3,MB-SL,533
CON-005884,LOT-01496,L3,BNK-L3-4,MB-UV,259
CON-005885,LOT-01497,L4,BNK-L4-1,PET-BR,19835
CON-005886,LOT-01497,L4,BNK-L4-2,PET-CO,5007
CON-005887,LOT-01497,L4,BNK-L4-3,MB-WH,486
CON-005888,LOT-01497,L4,BNK-L4-4,MB-UV,245
CON-005889,LOT-01498,L4,BNK-L4-1,PET-BR,19953
CON-005890,LOT-01498,L4,BNK-L4-2,PET-CO,5037
CON-005891,LOT-01498,L4,BNK-L4-3,MB-WH,489
CON-005892,LOT-01498,L4,BNK-L4-4,MB-UV,247
CON-005893,LOT-01499,L5,BNK-L5-1,NY6-F,12651
CON-005894,LOT-01499,L5,BNK-L5-2,NY6-H,2168
CON-005895,LOT-01499,L5,BNK-L5-3,MB-NA,292
CON-005896,LOT-01499,L5,BNK-L5-4,MB-NS,147
CON-005897,LOT-01500,L5,BNK-L5-1,NY6-F,12770
CON-005898,LOT-01500,L5,BNK-L5-2,NY6-H,2189
CON-005899,LOT-01500,L5,BNK-L5-3,MB-NA,295
CON-005900,LOT-01500,L5,BNK-L5-4,MB-NS,149
CON-005901,LOT-01501,L1,BNK-L1-1,PET-BR,24694
CON-005902,LOT-01501,L1,BNK-L1-2,PET-SD,1306
CON-005903,LOT-01501,L1,BNK-L1-3,MB-AB,399
CON-005904,LOT-01501,L1,BNK-L1-4,MB-SL,259
CON-005905,LOT-01502,L1,BNK-L1-1,PET-BR,24834
CON-005906,LOT-01502,L1,BNK-L1-2,PET-SD,1313
CON-005907,LOT-01502,L1,BNK-L1-3,MB-AB,397
CON-005908,LOT-01502,L1,BNK-L1-4,MB-SL,257
CON-005909,LOT-01503,L2,BNK-L2-1,PET-BR,20909
CON-005910,LOT-01503,L2,BNK-L2-2,PET-RC,4147
CON-005911,LOT-01503,L2,BNK-L2-3,MB-AB,380
CON-005912,LOT-01503,L2,BNK-L2-4,MB-WH,246
CON-005913,LOT-01504,L2,BNK-L2-1,PET-BR,21032
CON-005914,LOT-01504,L2,BNK-L2-2,PET-RC,4172
CON-005915,LOT-01504,L2,BNK-L2-3,MB-AB,383
CON-005916,LOT-01504,L2,BNK-L2-4,MB-WH,248
CON-005917,LOT-01505,L3,BNK-L3-1,PET-BR,22540
CON-005918,LOT-01505,L3,BNK-L3-2,PET-SD,2543
CON-005919,LOT-01505,L3,BNK-L3-3,MB-SL,493
CON-005920,LOT-01505,L3,BNK-L3-4,MB-UV,249
CON-005921,LOT-01506,L3,BNK-L3-1,PET-BR,22673
CON-005922,LOT-01506,L3,BNK-L3-2,PET-SD,2558
CON-005923,LOT-01506,L3,BNK-L3-3,MB-SL,496
CON-005924,LOT-01506,L3,BNK-L3-4,MB-UV,251
CON-005925,LOT-01507,L4,BNK-L4-1,PET-BR,20449
CON-005926,LOT-01507,L4,BNK-L4-2,PET-CO,3368
CON-005927,LOT-01507,L4,BNK-L4-3,MB-WH,469
CON-005928,LOT-01507,L4,BNK-L4-4,MB-UV,237
CON-005929,LOT-01508,L4,BNK-L4-1,PET-BR,20576
CON-005930,LOT-01508,L4,BNK-L4-2,PET-CO,3389
CON-005931,LOT-01508,L4,BNK-L4-3,MB-WH,472
CON-005932,LOT-01508,L4,BNK-L4-4,MB-UV,238
CON-005933,LOT-01509,L5,BNK-L5-1,NY6-F,11255
CON-005934,LOT-01509,L5,BNK-L5-2,NY6-H,2666
CON-005935,LOT-01509,L5,BNK-L5-3,MB-NA,213
CON-005936,LOT-01509,L5,BNK-L5-4,MB-NS,215
CON-005937,LOT-01510,L5,BNK-L5-1,NY6-F,11364
CON-005938,LOT-01510,L5,BNK-L5-2,NY6-H,2692
CON-005939,LOT-01510,L5,BNK-L5-3,MB-NA,215
CON-005940,LOT-01510,L5,BNK-L5-4,MB-NS,217
CON-005941,LOT-01511,L6,BNK-L6-1,NY6-F,10298
CON-005942,LOT-01511,L6,BNK-L6-2,NY6-H,2764
CON-005943,LOT-01511,L6,BNK-L6-3,MB-NA,266
CON-005944,LOT-01511,L6,BNK-L6-4,MB-NS,129
CON-005945,LOT-01512,L6,BNK-L6-1,NY6-F,10405
CON-005946,LOT-01512,L6,BNK-L6-2,NY6-H,2793
CON-005947,LOT-01512,L6,BNK-L6-3,MB-NA,269
CON-005948,LOT-01512,L6,BNK-L6-4,MB-NS,130
CON-005949,LOT-01513,L1,BNK-L1-1,PET-BR,25148
CON-005950,LOT-01513,L1,BNK-L1-2,PET-SD,1053
CON-005951,LOT-01513,L1,BNK-L1-3,MB-AB,398
CON-005952,LOT-01513,L1,BNK-L1-4,MB-SL,258
CON-005953,LOT-01514,L1,BNK-L1-1,PET-BR,25291
CON-005954,LOT-01514,L1,BNK-L1-2,PET-SD,1059
CON-005955,LOT-01514,L1,BNK-L1-3,MB-AB,400
CON-005956,LOT-01514,L1,BNK-L1-4,MB-SL,259
CON-005957,LOT-01515,L2,BNK-L2-1,PET-BR,20272
CON-005958,LOT-01515,L2,BNK-L2-2,PET-RC,5245
CON-005959,LOT-01515,L2,BNK-L2-3,MB-AB,372
CON-005960,LOT-01515,L2,BNK-L2-4,MB-WH,251
CON-005961,LOT-01516,L2,BNK-L2-1,PET-BR,20391
CON-005962,LOT-01516,L2,BNK-L2-2,PET-RC,5276
CON-005963,LOT-01516,L2,BNK-L2-3,MB-AB,375
CON-005964,LOT-01516,L2,BNK-L2-4,MB-WH,252
CON-005965,LOT-01517,L3,BNK-L3-1,PET-BR,21662
CON-005966,LOT-01517,L3,BNK-L3-2,PET-SD,3734
CON-005967,LOT-01517,L3,BNK-L3-3,MB-SL,502
CON-005968,LOT-01517,L3,BNK-L3-4,MB-UV,254
CON-005969,LOT-01518,L3,BNK-L3-1,PET-BR,21789
CON-005970,LOT-01518,L3,BNK-L3-2,PET-SD,3756
CON-005971,LOT-01518,L3,BNK-L3-3,MB-SL,505
CON-005972,LOT-01518,L3,BNK-L3-4,MB-UV,255
CON-005973,LOT-01519,L4,BNK-L4-1,PET-BR,19211
CON-005974,LOT-01519,L4,BNK-L4-2,PET-CO,4259
CON-005975,LOT-01519,L4,BNK-L4-3,MB-WH,358
CON-005976,LOT-01519,L4,BNK-L4-4,MB-UV,361
CON-005977,LOT-01520,L4,BNK-L4-1,PET-BR,19329
CON-005978,LOT-01520,L4,BNK-L4-2,PET-CO,4285
CON-005979,LOT-01520,L4,BNK-L4-3,MB-WH,360
CON-005980,LOT-01520,L4,BNK-L4-4,MB-UV,364
CON-005981,LOT-01521,L5,BNK-L5-1,NY6-F,11169
CON-005982,LOT-01521,L5,BNK-L5-2,NY6-H,2998
CON-005983,LOT-01521,L5,BNK-L5-3,MB-NA,288
CON-005984,LOT-01521,L5,BNK-L5-4,MB-NS,140
CON-005985,LOT-01522,L5,BNK-L5-1,NY6-F,11277
CON-005986,LOT-01522,L5,BNK-L5-2,NY6-H,3027
CON-005987,LOT-01522,L5,BNK-L5-3,MB-NA,291
CON-005988,LOT-01522,L5,BNK-L5-4,MB-NS,141
CON-005989,LOT-01523,L6,BNK-L6-1,NY6-F,10907
CON-005990,LOT-01523,L6,BNK-L6-2,NY6-H,2322
CON-005991,LOT-01523,L6,BNK-L6-3,MB-NA,201
CON-005992,LOT-01523,L6,BNK-L6-4,MB-NS,130
CON-005993,LOT-01524,L6,BNK-L6-1,NY6-F,10901
CON-005994,LOT-01524,L6,BNK-L6-2,NY6-H,2321
CON-005995,LOT-01524,L6,BNK-L6-3,MB-NA,201
CON-005996,LOT-01524,L6,BNK-L6-4,MB-NS,130
CON-005997,LOT-01525,L1,BNK-L1-1,PET-BR,25594
CON-005998,LOT-01525,L1,BNK-L1-2,PET-SD,803
CON-005999,LOT-01525,L1,BNK-L1-3,MB-AB,520
CON-006000,LOT-01525,L1,BNK-L1-4,MB-SL,262
CON-006001,LOT-01526,L1,BNK-L1-1,PET-BR,25738
CON-006002,LOT-01526,L1,BNK-L1-2,PET-SD,808
CON-006003,LOT-01526,L1,BNK-L1-3,MB-AB,523
CON-006004,LOT-01526,L1,BNK-L1-4,MB-SL,264
CON-006005,LOT-01527,L2,BNK-L2-1,PET-BR,20119
CON-006006,LOT-01527,L2,BNK-L2-2,PET-RC,5636
CON-006007,LOT-01527,L2,BNK-L2-3,MB-AB,379
CON-006008,LOT-01527,L2,BNK-L2-4,MB-WH,255
CON-006009,LOT-01528,L2,BNK-L2-1,PET-BR,20235
CON-006010,LOT-01528,L2,BNK-L2-2,PET-RC,5669
CON-006011,LOT-01528,L2,BNK-L2-3,MB-AB,381
CON-006012,LOT-01528,L2,BNK-L2-4,MB-WH,257
CON-006013,LOT-01529,L3,BNK-L3-1,PET-BR,22588
CON-006014,LOT-01529,L3,BNK-L3-2,PET-SD,2408
CON-006015,LOT-01529,L3,BNK-L3-3,MB-SL,511
CON-006016,LOT-01529,L3,BNK-L3-4,MB-UV,387
CON-006017,LOT-01530,L3,BNK-L3-1,PET-BR,22720
CON-006018,LOT-01530,L3,BNK-L3-2,PET-SD,2422
CON-006019,LOT-01530,L3,BNK-L3-3,MB-SL,514
CON-006020,LOT-01530,L3,BNK-L3-4,MB-UV,390
CON-006021,LOT-01531,L4,BNK-L4-1,PET-BR,18612
CON-006022,LOT-01531,L4,BNK-L4-2,PET-CO,5301
CON-006023,LOT-01531,L4,BNK-L4-3,MB-WH,486
CON-006024,LOT-01531,L4,BNK-L4-4,MB-UV,236
CON-006025,LOT-01532,L4,BNK-L4-1,PET-BR,18726
CON-006026,LOT-01532,L4,BNK-L4-2,PET-CO,5333
CON-006027,LOT-01532,L4,BNK-L4-3,MB-WH,489
CON-006028,LOT-01532,L4,BNK-L4-4,MB-UV,237
CON-006029,LOT-01533,L5,BNK-L5-1,NY6-F,11680
CON-006030,LOT-01533,L5,BNK-L5-2,NY6-H,2661
CON-006031,LOT-01533,L5,BNK-L5-3,MB-NA,218
CON-006032,LOT-01533,L5,BNK-L5-4,MB-NS,141
CON-006033,LOT-01534,L5,BNK-L5-1,NY6-F,11792
CON-006034,LOT-01534,L5,BNK-L5-2,NY6-H,2686
CON-006035,LOT-01534,L5,BNK-L5-3,MB-NA,220
CON-006036,LOT-01534,L5,BNK-L5-4,MB-NS,142
CON-006037,LOT-01535,L6,BNK-L6-1,NY6-F,10586
CON-006038,LOT-01535,L6,BNK-L6-2,NY6-H,2739
CON-006039,LOT-01535,L6,BNK-L6-3,MB-NA,195
CON-006040,LOT-01535,L6,BNK-L6-4,MB-NS,131
CON-006041,LOT-01536,L6,BNK-L6-1,NY6-F,10695
CON-006042,LOT-01536,L6,BNK-L6-2,NY6-H,2767
CON-006043,LOT-01536,L6,BNK-L6-3,MB-NA,197
CON-006044,LOT-01536,L6,BNK-L6-4,MB-NS,132
CON-006045,LOT-01537,L1,BNK-L1-1,PET-BR,25774
CON-006046,LOT-01537,L1,BNK-L1-2,PET-SD,1310
CON-006047,LOT-01537,L1,BNK-L1-3,MB-AB,397
CON-006048,LOT-01537,L1,BNK-L1-4,MB-SL,267
CON-006049,LOT-01538,L1,BNK-L1-1,PET-BR,25917
CON-006050,LOT-01538,L1,BNK-L1-2,PET-SD,1318
CON-006051,LOT-01538,L1,BNK-L1-3,MB-AB,399
CON-006052,LOT-01538,L1,BNK-L1-4,MB-SL,269
CON-006053,LOT-01539,L2,BNK-L2-1,PET-BR,21841
CON-006054,LOT-01539,L2,BNK-L2-2,PET-RC,3443
CON-006055,LOT-01539,L2,BNK-L2-3,MB-AB,515
CON-006056,LOT-01539,L2,BNK-L2-4,MB-WH,260
CON-006057,LOT-01540,L2,BNK-L2-1,PET-BR,21968
CON-006058,LOT-01540,L2,BNK-L2-2,PET-RC,3462
CON-006059,LOT-01540,L2,BNK-L2-3,MB-AB,517
CON-006060,LOT-01540,L2,BNK-L2-4,MB-WH,261
CON-006061,LOT-01541,L3,BNK-L3-1,PET-BR,10731
CON-006062,LOT-01541,L3,BNK-L3-2,PET-SD,15480
CON-006063,LOT-01542,L3,BNK-L3-1,PET-BR,10793
CON-006064,LOT-01542,L3,BNK-L3-2,PET-SD,15569
CON-006065,LOT-01543,L4,BNK-L4-1,PET-BR,19973
CON-006066,LOT-01543,L4,BNK-L4-2,PET-CO,4252
CON-006067,LOT-01543,L4,BNK-L4-3,MB-WH,368
CON-006068,LOT-01543,L4,BNK-L4-4,MB-UV,238
CON-006069,LOT-01544,L4,BNK-L4-1,PET-BR,20095
CON-006070,LOT-01544,L4,BNK-L4-2,PET-CO,4278
CON-006071,LOT-01544,L4,BNK-L4-3,MB-WH,370
CON-006072,LOT-01544,L4,BNK-L4-4,MB-UV,240
CON-006073,LOT-01545,L5,BNK-L5-1,NY6-F,11375
CON-006074,LOT-01545,L5,BNK-L5-2,NY6-H,3219
CON-006075,LOT-01545,L5,BNK-L5-3,MB-NA,213
CON-006076,LOT-01545,L5,BNK-L5-4,MB-NS,144
CON-006077,LOT-01546,L5,BNK-L5-1,NY6-F,11361
CON-006078,LOT-01546,L5,BNK-L5-2,NY6-H,3215
CON-006079,LOT-01546,L5,BNK-L5-3,MB-NA,213
CON-006080,LOT-01546,L5,BNK-L5-4,MB-NS,143
CON-006081,LOT-01547,L6,BNK-L6-1,NY6-F,11515
CON-006082,LOT-01547,L6,BNK-L6-2,NY6-H,1896
CON-006083,LOT-01547,L6,BNK-L6-3,MB-NA,264
CON-006084,LOT-01547,L6,BNK-L6-4,MB-NS,133
CON-006085,LOT-01548,L6,BNK-L6-1,NY6-F,11633
CON-006086,LOT-01548,L6,BNK-L6-2,NY6-H,1916
CON-006087,LOT-01548,L6,BNK-L6-3,MB-NA,267
CON-006088,LOT-01548,L6,BNK-L6-4,MB-NS,135
CON-006089,LOT-01549,L1,BNK-L1-1,PET-BR,25486
CON-006090,LOT-01549,L1,BNK-L1-2,PET-SD,800
CON-006091,LOT-01549,L1,BNK-L1-3,MB-AB,538
CON-006092,LOT-01549,L1,BNK-L1-4,MB-SL,408
CON-006093,LOT-01550,L1,BNK-L1-1,PET-BR,25628
CON-006094,LOT-01550,L1,BNK-L1-2,PET-SD,805
CON-006095,LOT-01550,L1,BNK-L1-3,MB-AB,541
CON-006096,LOT-01550,L1,BNK-L1-4,MB-SL,410
CON-006097,LOT-01551,L2,BNK-L2-1,PET-BR,21077
CON-006098,LOT-01551,L2,BNK-L2-2,PET-RC,4672
CON-006099,LOT-01551,L2,BNK-L2-3,MB-AB,393
CON-006100,LOT-01551,L2,BNK-L2-4,MB-WH,381
CON-006101,LOT-01552,L2,BNK-L2-1,PET-BR,21198
CON-006102,LOT-01552,L2,BNK-L2-2,PET-RC,4699
CON-006103,LOT-01552,L2,BNK-L2-3,MB-AB,395
CON-006104,LOT-01552,L2,BNK-L2-4,MB-WH,384
CON-006105,LOT-01553,L3,BNK-L3-1,PET-BR,22535
CON-006106,LOT-01553,L3,BNK-L3-2,PET-SD,3121
CON-006107,LOT-01553,L3,BNK-L3-3,MB-SL,525
CON-006108,LOT-01553,L3,BNK-L3-4,MB-UV,255
CON-006109,LOT-01554,L3,BNK-L3-1,PET-BR,22664
CON-006110,LOT-01554,L3,BNK-L3-2,PET-SD,3139
CON-006111,LOT-01554,L3,BNK-L3-3,MB-SL,528
CON-006112,LOT-01554,L3,BNK-L3-4,MB-UV,256
CON-006113,LOT-01555,L4,BNK-L4-1,PET-BR,19603
CON-006114,LOT-01555,L4,BNK-L4-2,PET-CO,4948
CON-006115,LOT-01555,L4,BNK-L4-3,MB-WH,480
CON-006116,LOT-01555,L4,BNK-L4-4,MB-UV,242
CON-006117,LOT-01556,L4,BNK-L4-1,PET-BR,19512
CON-006118,LOT-01556,L4,BNK-L4-2,PET-CO,4926
CON-006119,LOT-01556,L4,BNK-L4-3,MB-WH,483
CON-006120,LOT-01556,L4,BNK-L4-4,MB-UV,244
CON-006121,LOT-01557,L5,BNK-L5-1,NY6-F,12396
CON-006122,LOT-01557,L5,BNK-L5-2,NY6-H,2124
CON-006123,LOT-01557,L5,BNK-L5-3,MB-NA,286
CON-006124,LOT-01557,L5,BNK-L5-4,MB-NS,144
CON-006125,LOT-01558,L5,BNK-L5-1,NY6-F,12513
CON-006126,LOT-01558,L5,BNK-L5-2,NY6-H,2144
CON-006127,LOT-01558,L5,BNK-L5-3,MB-NA,289
CON-006128,LOT-01558,L5,BNK-L5-4,MB-NS,146
CON-006129,LOT-01559,L6,BNK-L6-1,NY6-F,10743
CON-006130,LOT-01559,L6,BNK-L6-2,NY6-H,2463
CON-006131,LOT-01559,L6,BNK-L6-3,MB-NA,202
CON-006132,LOT-01559,L6,BNK-L6-4,MB-NS,204
CON-006133,LOT-01560,L6,BNK-L6-1,NY6-F,10852
CON-006134,LOT-01560,L6,BNK-L6-2,NY6-H,2488
CON-006135,LOT-01560,L6,BNK-L6-3,MB-NA,204
CON-006136,LOT-01560,L6,BNK-L6-4,MB-NS,206
CON-006137,LOT-01561,L1,BNK-L1-1,PET-BR,25668
CON-006138,LOT-01561,L1,BNK-L1-2,PET-SD,1357
CON-006139,LOT-01561,L1,BNK-L1-3,MB-AB,411
CON-006140,LOT-01561,L1,BNK-L1-4,MB-SL,266
CON-006141,LOT-01562,L1,BNK-L1-1,PET-BR,25810
CON-006142,LOT-01562,L1,BNK-L1-2,PET-SD,1365
CON-006143,LOT-01562,L1,BNK-L1-3,MB-AB,413
CON-006144,LOT-01562,L1,BNK-L1-4,MB-SL,267
CON-006145,LOT-01563,L2,BNK-L2-1,PET-BR,21762
CON-006146,LOT-01563,L2,BNK-L2-2,PET-RC,4317
CON-006147,LOT-01563,L2,BNK-L2-3,MB-AB,396
CON-006148,LOT-01563,L2,BNK-L2-4,MB-WH,256
CON-006149,LOT-01564,L2,BNK-L2-1,PET-BR,21887
CON-006150,LOT-01564,L2,BNK-L2-2,PET-RC,4341
CON-006151,LOT-01564,L2,BNK-L2-3,MB-AB,398
CON-006152,LOT-01564,L2,BNK-L2-4,MB-WH,258
CON-006153,LOT-01565,L3,BNK-L3-1,PET-BR,23460
CON-006154,LOT-01565,L3,BNK-L3-2,PET-SD,2647
CON-006155,LOT-01565,L3,BNK-L3-3,MB-SL,514
CON-006156,LOT-01565,L3,BNK-L3-4,MB-UV,259
CON-006157,LOT-01566,L3,BNK-L3-1,PET-BR,23593
CON-006158,LOT-01566,L3,BNK-L3-2,PET-SD,2662
CON-006159,LOT-01566,L3,BNK-L3-3,MB-SL,517
CON-006160,LOT-01566,L3,BNK-L3-4,MB-UV,261
CON-006161,LOT-01567,L4,BNK-L4-1,PET-BR,21105
CON-006162,LOT-01567,L4,BNK-L4-2,PET-CO,3476
CON-006163,LOT-01567,L4,BNK-L4-3,MB-WH,489
CON-006164,LOT-01567,L4,BNK-L4-4,MB-UV,247
CON-006165,LOT-01568,L4,BNK-L4-1,PET-BR,21232
CON-006166,LOT-01568,L4,BNK-L4-2,PET-CO,3497
CON-006167,LOT-01568,L4,BNK-L4-3,MB-WH,487
CON-006168,LOT-01568,L4,BNK-L4-4,MB-UV,246
CON-006169,LOT-01569,L5,BNK-L5-1,NY6-F,11555
CON-006170,LOT-01569,L5,BNK-L5-2,NY6-H,2737
CON-006171,LOT-01569,L5,BNK-L5-3,MB-NA,218
CON-006172,LOT-01569,L5,BNK-L5-4,MB-NS,220
CON-006173,LOT-01570,L5,BNK-L5-1,NY6-F,11664
CON-006174,LOT-01570,L5,BNK-L5-2,NY6-H,2763
CON-006175,LOT-01570,L5,BNK-L5-3,MB-NA,220
CON-006176,LOT-01570,L5,BNK-L5-4,MB-NS,222
CON-006177,LOT-01571,L6,BNK-L6-1,NY6-F,10600
CON-006178,LOT-01571,L6,BNK-L6-2,NY6-H,2845
CON-006179,LOT-01571,L6,BNK-L6-3,MB-NA,274
CON-006180,LOT-01571,L6,BNK-L6-4,MB-NS,133
CON-006181,LOT-01572,L6,BNK-L6-1,NY6-F,10707
CON-006182,LOT-01572,L6,BNK-L6-2,NY6-H,2874
CON-006183,LOT-01572,L6,BNK-L6-3,MB-NA,276
CON-006184,LOT-01572,L6,BNK-L6-4,MB-NS,134
CON-006185,LOT-01573,L1,BNK-L1-1,PET-BR,26134
CON-006186,LOT-01573,L1,BNK-L1-2,PET-SD,1094
CON-006187,LOT-01573,L1,BNK-L1-3,MB-AB,414
CON-006188,LOT-01573,L1,BNK-L1-4,MB-SL,268
CON-006189,LOT-01574,L1,BNK-L1-1,PET-BR,26278
CON-006190,LOT-01574,L1,BNK-L1-2,PET-SD,1100
CON-006191,LOT-01574,L1,BNK-L1-3,MB-AB,416
CON-006192,LOT-01574,L1,BNK-L1-4,MB-SL,269
CON-006193,LOT-01575,L2,BNK-L2-1,PET-BR,21094
CON-006194,LOT-01575,L2,BNK-L2-2,PET-RC,5458
CON-006195,LOT-01575,L2,BNK-L2-3,MB-AB,387
CON-006196,LOT-01575,L2,BNK-L2-4,MB-WH,261
CON-006197,LOT-01576,L2,BNK-L2-1,PET-BR,21214
CON-006198,LOT-01576,L2,BNK-L2-2,PET-RC,5489
CON-006199,LOT-01576,L2,BNK-L2-3,MB-AB,390
CON-006200,LOT-01576,L2,BNK-L2-4,MB-WH,262
CON-006201,LOT-01577,L3,BNK-L3-1,PET-BR,22539
CON-006202,LOT-01577,L3,BNK-L3-2,PET-SD,3886
CON-006203,LOT-01577,L3,BNK-L3-3,MB-SL,523
CON-006204,LOT-01577,L3,BNK-L3-4,MB-UV,264
CON-006205,LOT-01578,L3,BNK-L3-1,PET-BR,22428
CON-006206,LOT-01578,L3,BNK-L3-2,PET-SD,3866
CON-006207,LOT-01578,L3,BNK-L3-3,MB-SL,526
CON-006208,LOT-01578,L3,BNK-L3-4,MB-UV,265
CON-006209,LOT-01579,L4,BNK-L4-1,PET-BR,19819
CON-006210,LOT-01579,L4,BNK-L4-2,PET-CO,4394
CON-006211,LOT-01579,L4,BNK-L4-3,MB-WH,369
CON-006212,LOT-01579,L4,BNK-L4-4,MB-UV,373
CON-006213,LOT-01580,L4,BNK-L4-1,PET-BR,19937
CON-006214,LOT-01580,L4,BNK-L4-2,PET-CO,4420
CON-006215,LOT-01580,L4,BNK-L4-3,MB-WH,372
CON-006216,LOT-01580,L4,BNK-L4-4,MB-UV,375
CON-006217,LOT-01581,L5,BNK-L5-1,NY6-F,11465
CON-006218,LOT-01581,L5,BNK-L5-2,NY6-H,3078
CON-006219,LOT-01581,L5,BNK-L5-3,MB-NA,296
CON-006220,LOT-01581,L5,BNK-L5-4,MB-NS,144
CON-006221,LOT-01582,L5,BNK-L5-1,NY6-F,11573
CON-006222,LOT-01582,L5,BNK-L5-2,NY6-H,3107
CON-006223,LOT-01582,L5,BNK-L5-3,MB-NA,299
CON-006224,LOT-01582,L5,BNK-L5-4,MB-NS,145
CON-006225,LOT-01583,L6,BNK-L6-1,NY6-F,11223
CON-006226,LOT-01583,L6,BNK-L6-2,NY6-H,2390
CON-006227,LOT-01583,L6,BNK-L6-3,MB-NA,207
CON-006228,LOT-01583,L6,BNK-L6-4,MB-NS,134
CON-006229,LOT-01584,L6,BNK-L6-1,NY6-F,11336
CON-006230,LOT-01584,L6,BNK-L6-2,NY6-H,2414
CON-006231,LOT-01584,L6,BNK-L6-3,MB-NA,209
CON-006232,LOT-01584,L6,BNK-L6-4,MB-NS,135
CON-006233,LOT-01585,L1,BNK-L1-1,PET-BR,25370
CON-006234,LOT-01585,L1,BNK-L1-2,PET-SD,796
CON-006235,LOT-01585,L1,BNK-L1-3,MB-AB,515
CON-006236,LOT-01585,L1,BNK-L1-4,MB-SL,260
CON-006237,LOT-01586,L1,BNK-L1-1,PET-BR,25514
CON-006238,LOT-01586,L1,BNK-L1-2,PET-SD,801
CON-006239,LOT-01586,L1,BNK-L1-3,MB-AB,518
CON-006240,LOT-01586,L1,BNK-L1-4,MB-SL,262
CON-006241,LOT-01587,L2,BNK-L2-1,PET-BR,19930
CON-006242,LOT-01587,L2,BNK-L2-2,PET-RC,5584
CON-006243,LOT-01587,L2,BNK-L2-3,MB-AB,376
CON-006244,LOT-01587,L2,BNK-L2-4,MB-WH,253
CON-006245,LOT-01588,L2,BNK-L2-1,PET-BR,20047
CON-006246,LOT-01588,L2,BNK-L2-2,PET-RC,5617
CON-006247,LOT-01588,L2,BNK-L2-3,MB-AB,378
CON-006248,LOT-01588,L2,BNK-L2-4,MB-WH,254
CON-006249,LOT-01589,L3,BNK-L3-1,PET-BR,22138
CON-006250,LOT-01589,L3,BNK-L3-2,PET-SD,2360
CON-006251,LOT-01589,L3,BNK-L3-3,MB-SL,507
CON-006252,LOT-01589,L3,BNK-L3-4,MB-UV,384
CON-006253,LOT-01590,L3,BNK-L3-1,PET-BR,22268
CON-006254,LOT-01590,L3,BNK-L3-2,PET-SD,2374
CON-006255,LOT-01590,L3,BNK-L3-3,MB-SL,504
CON-006256,LOT-01590,L3,BNK-L3-4,MB-UV,382
CON-006257,LOT-01591,L4,BNK-L4-1,PET-BR,18225
CON-006258,LOT-01591,L4,BNK-L4-2,PET-CO,5191
CON-006259,LOT-01591,L4,BNK-L4-3,MB-WH,476
CON-006260,LOT-01591,L4,BNK-L4-4,MB-UV,231
CON-006261,LOT-01592,L4,BNK-L4-1,PET-BR,18338
CON-006262,LOT-01592,L4,BNK-L4-2,PET-CO,5223
CON-006263,LOT-01592,L4,BNK-L4-3,MB-WH,479
CON-006264,LOT-01592,L4,BNK-L4-4,MB-UV,233
CON-006265,LOT-01593,L5,BNK-L5-1,NY6-F,11461
CON-006266,LOT-01593,L5,BNK-L5-2,NY6-H,2611
CON-006267,LOT-01593,L5,BNK-L5-3,MB-NA,214
CON-006268,LOT-01593,L5,BNK-L5-4,MB-NS,138
CON-006269,LOT-01594,L5,BNK-L5-1,NY6-F,11573
CON-006270,LOT-01594,L5,BNK-L5-2,NY6-H,2637
CON-006271,LOT-01594,L5,BNK-L5-3,MB-NA,216
CON-006272,LOT-01594,L5,BNK-L5-4,MB-NS,140
CON-006273,LOT-01595,L6,BNK-L6-1,NY6-F,10490
CON-006274,LOT-01595,L6,BNK-L6-2,NY6-H,2714
CON-006275,LOT-01595,L6,BNK-L6-3,MB-NA,193
CON-006276,LOT-01595,L6,BNK-L6-4,MB-NS,130
CON-006277,LOT-01596,L6,BNK-L6-1,NY6-F,10599
CON-006278,LOT-01596,L6,BNK-L6-2,NY6-H,2742
CON-006279,LOT-01596,L6,BNK-L6-3,MB-NA,195
CON-006280,LOT-01596,L6,BNK-L6-4,MB-NS,131
CON-006281,LOT-01597,L1,BNK-L1-1,PET-BR,25549
CON-006282,LOT-01597,L1,BNK-L1-2,PET-SD,1299
CON-006283,LOT-01597,L1,BNK-L1-3,MB-AB,393
CON-006284,LOT-01597,L1,BNK-L1-4,MB-SL,265
CON-006285,LOT-01598,L1,BNK-L1-1,PET-BR,25693
CON-006286,LOT-01598,L1,BNK-L1-2,PET-SD,1307
CON-006287,LOT-01598,L1,BNK-L1-3,MB-AB,395
CON-006288,LOT-01598,L1,BNK-L1-4,MB-SL,266
CON-006289,LOT-01599,L2,BNK-L2-1,PET-BR,21642
CON-006290,LOT-01599,L2,BNK-L2-2,PET-RC,3411
CON-006291,LOT-01599,L2,BNK-L2-3,MB-AB,510
CON-006292,LOT-01599,L2,BNK-L2-4,MB-WH,257
CON-006293,LOT-01600,L2,BNK-L2-1,PET-BR,21533
CON-006294,LOT-01600,L2,BNK-L2-2,PET-RC,3394
CON-006295,LOT-01600,L2,BNK-L2-3,MB-AB,513
CON-006296,LOT-01600,L2,BNK-L2-4,MB-WH,259
CON-006297,LOT-01601,L3,BNK-L3-1,PET-BR,10519
CON-006298,LOT-01601,L3,BNK-L3-2,PET-SD,15175
CON-006299,LOT-01602,L3,BNK-L3-1,PET-BR,10580
CON-006300,LOT-01602,L3,BNK-L3-2,PET-SD,15263
CON-006301,LOT-01603,L4,BNK-L4-1,PET-BR,19560
CON-006302,LOT-01603,L4,BNK-L4-2,PET-CO,4165
CON-006303,LOT-01603,L4,BNK-L4-3,MB-WH,360
CON-006304,LOT-01603,L4,BNK-L4-4,MB-UV,233
CON-006305,LOT-01604,L4,BNK-L4-1,PET-BR,19681
CON-006306,LOT-01604,L4,BNK-L4-2,PET-CO,4190
CON-006307,LOT-01604,L4,BNK-L4-3,MB-WH,362
CON-006308,LOT-01604,L4,BNK-L4-4,MB-UV,235
CON-006309,LOT-01605,L5,BNK-L5-1,NY6-F,11163
CON-006310,LOT-01605,L5,BNK-L5-2,NY6-H,3159
CON-006311,LOT-01605,L5,BNK-L5-3,MB-NA,209
CON-006312,LOT-01605,L5,BNK-L5-4,MB-NS,141
CON-006313,LOT-01606,L5,BNK-L5-1,NY6-F,11271
CON-006314,LOT-01606,L5,BNK-L5-2,NY6-H,3189
CON-006315,LOT-01606,L5,BNK-L5-3,MB-NA,211
CON-006316,LOT-01606,L5,BNK-L5-4,MB-NS,142
CON-006317,LOT-01607,L6,BNK-L6-1,NY6-F,11411
CON-006318,LOT-01607,L6,BNK-L6-2,NY6-H,1879
CON-006319,LOT-01607,L6,BNK-L6-3,MB-NA,262
CON-006320,LOT-01607,L6,BNK-L6-4,MB-NS,132
CON-006321,LOT-01608,L6,BNK-L6-1,NY6-F,11528
CON-006322,LOT-01608,L6,BNK-L6-2,NY6-H,1899
CON-006323,LOT-01608,L6,BNK-L6-3,MB-NA,264
CON-006324,LOT-01608,L6,BNK-L6-4,MB-NS,134
CON-006325,LOT-01609,L1,BNK-L1-1,PET-BR,25270
CON-006326,LOT-01609,L1,BNK-L1-2,PET-SD,793
CON-006327,LOT-01609,L1,BNK-L1-3,MB-AB,534
CON-006328,LOT-01609,L1,BNK-L1-4,MB-SL,404
CON-006329,LOT-01610,L1,BNK-L1-1,PET-BR,25412
CON-006330,LOT-01610,L1,BNK-L1-2,PET-SD,798
CON-006331,LOT-01610,L1,BNK-L1-3,MB-AB,537
CON-006332,LOT-01610,L1,BNK-L1-4,MB-SL,406
CON-006333,LOT-01611,L2,BNK-L2-1,PET-BR,20662
CON-006334,LOT-01611,L2,BNK-L2-2,PET-RC,4580
CON-006335,LOT-01611,L2,BNK-L2-3,MB-AB,389
CON-006336,LOT-01611,L2,BNK-L2-4,MB-WH,378
CON-006337,LOT-01612,L2,BNK-L2-1,PET-BR,20782
CON-006338,LOT-01612,L2,BNK-L2-2,PET-RC,4607
CON-006339,LOT-01612,L2,BNK-L2-3,MB-AB,387
CON-006340,LOT-01612,L2,BNK-L2-4,MB-WH,376
CON-006341,LOT-01613,L3,BNK-L3-1,PET-BR,22091
CON-006342,LOT-01613,L3,BNK-L3-2,PET-SD,3059
CON-006343,LOT-01613,L3,BNK-L3-3,MB-SL,514
CON-006344,LOT-01613,L3,BNK-L3-4,MB-UV,250
CON-006345,LOT-01614,L3,BNK-L3-1,PET-BR,22220
CON-006346,LOT-01614,L3,BNK-L3-2,PET-SD,3077
CON-006347,LOT-01614,L3,BNK-L3-3,MB-SL,517
CON-006348,LOT-01614,L3,BNK-L3-4,MB-UV,251
CON-006349,LOT-01615,L4,BNK-L4-1,PET-BR,19201
CON-006350,LOT-01615,L4,BNK-L4-2,PET-CO,4847
CON-006351,LOT-01615,L4,BNK-L4-3,MB-WH,470
CON-006352,LOT-01615,L4,BNK-L4-4,MB-UV,237
CON-006353,LOT-01616,L4,BNK-L4-1,PET-BR,19319
CON-006354,LOT-01616,L4,BNK-L4-2,PET-CO,4877
CON-006355,LOT-01616,L4,BNK-L4-3,MB-WH,473
CON-006356,LOT-01616,L4,BNK-L4-4,MB-UV,239
CON-006357,LOT-01617,L5,BNK-L5-1,NY6-F,12296
CON-006358,LOT-01617,L5,BNK-L5-2,NY6-H,2107
CON-006359,LOT-01617,L5,BNK-L5-3,MB-NA,284
CON-006360,LOT-01617,L5,BNK-L5-4,MB-NS,143
CON-006361,LOT-01618,L5,BNK-L5-1,NY6-F,12414
CON-006362,LOT-01618,L5,BNK-L5-2,NY6-H,2128
CON-006363,LOT-01618,L5,BNK-L5-3,MB-NA,286
CON-006364,LOT-01618,L5,BNK-L5-4,MB-NS,145
CON-006365,LOT-01619,L6,BNK-L6-1,NY6-F,10648
CON-006366,LOT-01619,L6,BNK-L6-2,NY6-H,2441
CON-006367,LOT-01619,L6,BNK-L6-3,MB-NA,200
CON-006368,LOT-01619,L6,BNK-L6-4,MB-NS,202
CON-006369,LOT-01620,L6,BNK-L6-1,NY6-F,10758
CON-006370,LOT-01620,L6,BNK-L6-2,NY6-H,2466
CON-006371,LOT-01620,L6,BNK-L6-3,MB-NA,202
CON-006372,LOT-01620,L6,BNK-L6-4,MB-NS,204
CON-006373,LOT-01621,L1,BNK-L1-1,PET-BR,25451
CON-006374,LOT-01621,L1,BNK-L1-2,PET-SD,1346
CON-006375,LOT-01621,L1,BNK-L1-3,MB-AB,407
CON-006376,LOT-01621,L1,BNK-L1-4,MB-SL,264
CON-006377,LOT-01622,L1,BNK-L1-1,PET-BR,25319
CON-006378,LOT-01622,L1,BNK-L1-2,PET-SD,1339
CON-006379,LOT-01622,L1,BNK-L1-3,MB-AB,409
CON-006380,LOT-01622,L1,BNK-L1-4,MB-SL,265
CON-006381,LOT-01623,L2,BNK-L2-1,PET-BR,21336
CON-006382,LOT-01623,L2,BNK-L2-2,PET-RC,4232
CON-006383,LOT-01623,L2,BNK-L2-3,MB-AB,388
CON-006384,LOT-01623,L2,BNK-L2-4,MB-WH,251
CON-006385,LOT-01624,L2,BNK-L2-1,PET-BR,21460
CON-006386,LOT-01624,L2,BNK-L2-2,PET-RC,4257
CON-006387,LOT-01624,L2,BNK-L2-3,MB-AB,390
CON-006388,LOT-01624,L2,BNK-L2-4,MB-WH,253
CON-006389,LOT-01625,L3,BNK-L3-1,PET-BR,23002
CON-006390,LOT-01625,L3,BNK-L3-2,PET-SD,2595
CON-006391,LOT-01625,L3,BNK-L3-3,MB-SL,504
CON-006392,LOT-01625,L3,BNK-L3-4,MB-UV,254
CON-006393,LOT-01626,L3,BNK-L3-1,PET-BR,23134
CON-006394,LOT-01626,L3,BNK-L3-2,PET-SD,2610
CON-006395,LOT-01626,L3,BNK-L3-3,MB-SL,506
CON-006396,LOT-01626,L3,BNK-L3-4,MB-UV,256
CON-006397,LOT-01627,L4,BNK-L4-1,PET-BR,20896
CON-006398,LOT-01627,L4,BNK-L4-2,PET-CO,3442
CON-006399,LOT-01627,L4,BNK-L4-3,MB-WH,479
CON-006400,LOT-01627,L4,BNK-L4-4,MB-UV,242
CON-006401,LOT-01628,L4,BNK-L4-1,PET-BR,21023
CON-006402,LOT-01628,L4,BNK-L4-2,PET-CO,3463
CON-006403,LOT-01628,L4,BNK-L4-3,MB-WH,482
CON-006404,LOT-01628,L4,BNK-L4-4,MB-UV,243
CON-006405,LOT-01629,L5,BNK-L5-1,NY6-F,11465
CON-006406,LOT-01629,L5,BNK-L5-2,NY6-H,2716
CON-006407,LOT-01629,L5,BNK-L5-3,MB-NA,217
CON-006408,LOT-01629,L5,BNK-L5-4,MB-NS,219
CON-006409,LOT-01630,L5,BNK-L5-1,NY6-F,11574
CON-006410,LOT-01630,L5,BNK-L5-2,NY6-H,2742
CON-006411,LOT-01630,L5,BNK-L5-3,MB-NA,219
CON-006412,LOT-01630,L5,BNK-L5-4,MB-NS,221
CON-006413,LOT-01631,L6,BNK-L6-1,NY6-F,10506
CON-006414,LOT-01631,L6,BNK-L6-2,NY6-H,2820
CON-006415,LOT-01631,L6,BNK-L6-3,MB-NA,271
CON-006416,LOT-01631,L6,BNK-L6-4,MB-NS,132
CON-006417,LOT-01632,L6,BNK-L6-1,NY6-F,10614
CON-006418,LOT-01632,L6,BNK-L6-2,NY6-H,2849
CON-006419,LOT-01632,L6,BNK-L6-3,MB-NA,274
CON-006420,LOT-01632,L6,BNK-L6-4,MB-NS,133
CON-006421,LOT-01633,L1,BNK-L1-1,PET-BR,25638
CON-006422,LOT-01633,L1,BNK-L1-2,PET-SD,1073
CON-006423,LOT-01633,L1,BNK-L1-3,MB-AB,410
CON-006424,LOT-01633,L1,BNK-L1-4,MB-SL,266
CON-006425,LOT-01634,L1,BNK-L1-1,PET-BR,25781
CON-006426,LOT-01634,L1,BNK-L1-2,PET-SD,1079
CON-006427,LOT-01634,L1,BNK-L1-3,MB-AB,408
CON-006428,LOT-01634,L1,BNK-L1-4,MB-SL,264
CON-006429,LOT-01635,L2,BNK-L2-1,PET-BR,20684
CON-006430,LOT-01635,L2,BNK-L2-2,PET-RC,5352
CON-006431,LOT-01635,L2,BNK-L2-3,MB-AB,380
CON-006432,LOT-01635,L2,BNK-L2-4,MB-WH,256
CON-006433,LOT-01636,L2,BNK-L2-1,PET-BR,20803
CON-006434,LOT-01636,L2,BNK-L2-2,PET-RC,5383
CON-006435,LOT-01636,L2,BNK-L2-3,MB-AB,382
CON-006436,LOT-01636,L2,BNK-L2-4,MB-WH,257
CON-006437,LOT-01637,L3,BNK-L3-1,PET-BR,22103
CON-006438,LOT-01637,L3,BNK-L3-2,PET-SD,3810
CON-006439,LOT-01637,L3,BNK-L3-3,MB-SL,513
CON-006440,LOT-01637,L3,BNK-L3-4,MB-UV,259
CON-006441,LOT-01638,L3,BNK-L3-1,PET-BR,22229
CON-006442,LOT-01638,L3,BNK-L3-2,PET-SD,3832
CON-006443,LOT-01638,L3,BNK-L3-3,MB-SL,516
CON-006444,LOT-01638,L3,BNK-L3-4,MB-UV,260
CON-006445,LOT-01639,L4,BNK-L4-1,PET-BR,19627
CON-006446,LOT-01639,L4,BNK-L4-2,PET-CO,4351
CON-006447,LOT-01639,L4,BNK-L4-3,MB-WH,366
CON-006448,LOT-01639,L4,BNK-L4-4,MB-UV,369
CON-006449,LOT-01640,L4,BNK-L4-1,PET-BR,19746
CON-006450,LOT-01640,L4,BNK-L4-2,PET-CO,4377
CON-006451,LOT-01640,L4,BNK-L4-3,MB-WH,368
CON-006452,LOT-01640,L4,BNK-L4-4,MB-UV,372
CON-006453,LOT-01641,L5,BNK-L5-1,NY6-F,11376
CON-006454,LOT-01641,L5,BNK-L5-2,NY6-H,3054
CON-006455,LOT-01641,L5,BNK-L5-3,MB-NA,294
CON-006456,LOT-01641,L5,BNK-L5-4,MB-NS,143
CON-006457,LOT-01642,L5,BNK-L5-1,NY6-F,11484
CON-006458,LOT-01642,L5,BNK-L5-2,NY6-H,3083
CON-006459,LOT-01642,L5,BNK-L5-3,MB-NA,296
CON-006460,LOT-01642,L5,BNK-L5-4,MB-NS,144
CON-006461,LOT-01643,L6,BNK-L6-1,NY6-F,11125
CON-006462,LOT-01643,L6,BNK-L6-2,NY6-H,2369
CON-006463,LOT-01643,L6,BNK-L6-3,MB-NA,205
CON-006464,LOT-01643,L6,BNK-L6-4,MB-NS,133
CON-006465,LOT-01644,L6,BNK-L6-1,NY6-F,11238
CON-006466,LOT-01644,L6,BNK-L6-2,NY6-H,2393
CON-006467,LOT-01644,L6,BNK-L6-3,MB-NA,207
CON-006468,LOT-01644,L6,BNK-L6-4,MB-NS,134
CON-006469,LOT-01645,L2,BNK-L2-1,PET-BR,20485
CON-006470,LOT-01645,L2,BNK-L2-2,PET-RC,5738
CON-006471,LOT-01645,L2,BNK-L2-3,MB-AB,386
CON-006472,LOT-01645,L2,BNK-L2-4,MB-WH,260
CON-006473,LOT-01646,L2,BNK-L2-1,PET-BR,20602
CON-006474,LOT-01646,L2,BNK-L2-2,PET-RC,5771
CON-006475,LOT-01646,L2,BNK-L2-3,MB-AB,388
CON-006476,LOT-01646,L2,BNK-L2-4,MB-WH,261
CON-006477,LOT-01647,L3,BNK-L3-1,PET-BR,22998
CON-006478,LOT-01647,L3,BNK-L3-2,PET-SD,2452
CON-006479,LOT-01647,L3,BNK-L3-3,MB-SL,521
CON-006480,LOT-01647,L3,BNK-L3-4,MB-UV,394
CON-006481,LOT-01648,L3,BNK-L3-1,PET-BR,23129
CON-006482,LOT-01648,L3,BNK-L3-2,PET-SD,2466
CON-006483,LOT-01648,L3,BNK-L3-3,MB-SL,524
CON-006484,LOT-01648,L3,BNK-L3-4,MB-UV,397
CON-006485,LOT-01649,L4,BNK-L4-1,PET-BR,18975
CON-006486,LOT-01649,L4,BNK-L4-2,PET-CO,5404
CON-006487,LOT-01649,L4,BNK-L4-3,MB-WH,496
CON-006488,LOT-01649,L4,BNK-L4-4,MB-UV,241
CON-006489,LOT-01650,L4,BNK-L4-1,PET-BR,19089
CON-006490,LOT-01650,L4,BNK-L4-2,PET-CO,5437
CON-006491,LOT-01650,L4,BNK-L4-3,MB-WH,499
CON-006492,LOT-01650,L4,BNK-L4-4,MB-UV,242
CON-006493,LOT-01651,L5,BNK-L5-1,NY6-F,11872
CON-006494,LOT-01651,L5,BNK-L5-2,NY6-H,2705
CON-006495,LOT-01651,L5,BNK-L5-3,MB-NA,221
CON-006496,LOT-01651,L5,BNK-L5-4,MB-NS,143
CON-006497,LOT-01652,L5,BNK-L5-1,NY6-F,11984
CON-006498,LOT-01652,L5,BNK-L5-2,NY6-H,2730
CON-006499,LOT-01652,L5,BNK-L5-3,MB-NA,224
CON-006500,LOT-01652,L5,BNK-L5-4,MB-NS,145
CON-006501,LOT-01653,L6,BNK-L6-1,NY6-F,10892
CON-006502,LOT-01653,L6,BNK-L6-2,NY6-H,2818
CON-006503,LOT-01653,L6,BNK-L6-3,MB-NA,200
CON-006504,LOT-01653,L6,BNK-L6-4,MB-NS,135
CON-006505,LOT-01654,L6,BNK-L6-1,NY6-F,11002
CON-006506,LOT-01654,L6,BNK-L6-2,NY6-H,2846
CON-006507,LOT-01654,L6,BNK-L6-3,MB-NA,202
CON-006508,LOT-01654,L6,BNK-L6-4,MB-NS,136
CON-006509,LOT-01655,L1,BNK-L1-1,PET-BR,26218
CON-006510,LOT-01655,L1,BNK-L1-2,PET-SD,1333
CON-006511,LOT-01655,L1,BNK-L1-3,MB-AB,408
CON-006512,LOT-01655,L1,BNK-L1-4,MB-SL,275
CON-006513,LOT-01656,L1,BNK-L1-1,PET-BR,26362
CON-006514,LOT-01656,L1,BNK-L1-2,PET-SD,1340
CON-006515,LOT-01656,L1,BNK-L1-3,MB-AB,406
CON-006516,LOT-01656,L1,BNK-L1-4,MB-SL,273
CON-006517,LOT-01657,L3,BNK-L3-1,PET-BR,10903
CON-006518,LOT-01657,L3,BNK-L3-2,PET-SD,15729
CON-006519,LOT-01658,L3,BNK-L3-1,PET-BR,10965
CON-006520,LOT-01658,L3,BNK-L3-2,PET-SD,15818
CON-006521,LOT-01659,L4,BNK-L4-1,PET-BR,20320
CON-006522,LOT-01659,L4,BNK-L4-2,PET-CO,4326
CON-006523,LOT-01659,L4,BNK-L4-3,MB-WH,374
CON-006524,LOT-01659,L4,BNK-L4-4,MB-UV,242
CON-006525,LOT-01660,L4,BNK-L4-1,PET-BR,20441
CON-006526,LOT-01660,L4,BNK-L4-2,PET-CO,4352
CON-006527,LOT-01660,L4,BNK-L4-3,MB-WH,376
CON-006528,LOT-01660,L4,BNK-L4-4,MB-UV,244
CON-006529,LOT-01661,L5,BNK-L5-1,NY6-F,11538
CON-006530,LOT-01661,L5,BNK-L5-2,NY6-H,3265
CON-006531,LOT-01661,L5,BNK-L5-3,MB-NA,216
CON-006532,LOT-01661,L5,BNK-L5-4,MB-NS,146
CON-006533,LOT-01662,L5,BNK-L5-1,NY6-F,11646
CON-006534,LOT-01662,L5,BNK-L5-2,NY6-H,3296
CON-006535,LOT-01662,L5,BNK-L5-3,MB-NA,218
CON-006536,LOT-01662,L5,BNK-L5-4,MB-NS,147
CON-006537,LOT-01663,L6,BNK-L6-1,NY6-F,11822
CON-006538,LOT-01663,L6,BNK-L6-2,NY6-H,1947
CON-006539,LOT-01663,L6,BNK-L6-3,MB-NA,271
CON-006540,LOT-01663,L6,BNK-L6-4,MB-NS,137
CON-006541,LOT-01664,L6,BNK-L6-1,NY6-F,11941
CON-006542,LOT-01664,L6,BNK-L6-2,NY6-H,1967
CON-006543,LOT-01664,L6,BNK-L6-3,MB-NA,274
CON-006544,LOT-01664,L6,BNK-L6-4,MB-NS,138
CON-006545,LOT-01665,L1,BNK-L1-1,PET-BR,24952
CON-006546,LOT-01665,L1,BNK-L1-2,PET-SD,783
CON-006547,LOT-01665,L1,BNK-L1-3,MB-AB,527
CON-006548,LOT-01665,L1,BNK-L1-4,MB-SL,399
CON-006549,LOT-01666,L1,BNK-L1-1,PET-BR,24823
CON-006550,LOT-01666,L1,BNK-L1-2,PET-SD,779
CON-006551,LOT-01666,L1,BNK-L1-3,MB-AB,530
CON-006552,LOT-01666,L1,BNK-L1-4,MB-SL,401
CON-006553,LOT-01667,L2,BNK-L2-1,PET-BR,20391
CON-006554,LOT-01667,L2,BNK-L2-2,PET-RC,4520
CON-006555,LOT-01667,L2,BNK-L2-3,MB-AB,380
CON-006556,LOT-01667,L2,BNK-L2-4,MB-WH,369
CON-006557,LOT-01668,L2,BNK-L2-1,PET-BR,20511
CON-006558,LOT-01668,L2,BNK-L2-2,PET-RC,4547
CON-006559,LOT-01668,L2,BNK-L2-3,MB-AB,382
CON-006560,LOT-01668,L2,BNK-L2-4,MB-WH,371
CON-006561,LOT-01669,L4,BNK-L4-1,PET-BR,18895
CON-006562,LOT-01669,L4,BNK-L4-2,PET-CO,4770
CON-006563,LOT-01669,L4,BNK-L4-3,MB-WH,463
CON-006564,LOT-01669,L4,BNK-L4-4,MB-UV,234
CON-006565,LOT-01670,L4,BNK-L4-1,PET-BR,19012
CON-006566,LOT-01670,L4,BNK-L4-2,PET-CO,4799
CON-006567,LOT-01670,L4,BNK-L4-3,MB-WH,466
CON-006568,LOT-01670,L4,BNK-L4-4,MB-UV,235
CON-006569,LOT-01671,L5,BNK-L5-1,NY6-F,12126
CON-006570,LOT-01671,L5,BNK-L5-2,NY6-H,2078
CON-006571,LOT-01671,L5,BNK-L5-3,MB-NA,280
CON-006572,LOT-01671,L5,BNK-L5-4,MB-NS,141
CON-006573,LOT-01672,L5,BNK-L5-1,NY6-F,12243
CON-006574,LOT-01672,L5,BNK-L5-2,NY6-H,2098
CON-006575,LOT-01672,L5,BNK-L5-3,MB-NA,283
CON-006576,LOT-01672,L5,BNK-L5-4,MB-NS,143
CON-006577,LOT-01673,L6,BNK-L6-1,NY6-F,10489
CON-006578,LOT-01673,L6,BNK-L6-2,NY6-H,2405
CON-006579,LOT-01673,L6,BNK-L6-3,MB-NA,197
CON-006580,LOT-01673,L6,BNK-L6-4,MB-NS,199
CON-006581,LOT-01674,L6,BNK-L6-1,NY6-F,10598
CON-006582,LOT-01674,L6,BNK-L6-2,NY6-H,2430
CON-006583,LOT-01674,L6,BNK-L6-3,MB-NA,199
CON-006584,LOT-01674,L6,BNK-L6-4,MB-NS,201
CON-006585,LOT-01675,L1,BNK-L1-1,PET-BR,25084
CON-006586,LOT-01675,L1,BNK-L1-2,PET-SD,1326
CON-006587,LOT-01675,L1,BNK-L1-3,MB-AB,401
CON-006588,LOT-01675,L1,BNK-L1-4,MB-SL,260
CON-006589,LOT-01676,L1,BNK-L1-1,PET-BR,25226
CON-006590,LOT-01676,L1,BNK-L1-2,PET-SD,1334
CON-006591,LOT-01676,L1,BNK-L1-3,MB-AB,404
CON-006592,LOT-01676,L1,BNK-L1-4,MB-SL,261
CON-006593,LOT-01677,L2,BNK-L2-1,PET-BR,21017
CON-006594,LOT-01677,L2,BNK-L2-2,PET-RC,4169
CON-006595,LOT-01677,L2,BNK-L2-3,MB-AB,386
CON-006596,LOT-01677,L2,BNK-L2-4,MB-WH,250
CON-006597,LOT-01678,L2,BNK-L2-1,PET-BR,21140
CON-006598,LOT-01678,L2,BNK-L2-2,PET-RC,4193
CON-006599,LOT-01678,L2,BNK-L2-3,MB-AB,385
CON-006600,LOT-01678,L2,BNK-L2-4,MB-WH,249
CON-006601,LOT-01679,L3,BNK-L3-1,PET-BR,22657
CON-006602,LOT-01679,L3,BNK-L3-2,PET-SD,2556
CON-006603,LOT-01679,L3,BNK-L3-3,MB-SL,496
CON-006604,LOT-01679,L3,BNK-L3-4,MB-UV,250
CON-006605,LOT-01680,L3,BNK-L3-1,PET-BR,22790
CON-006606,LOT-01680,L3,BNK-L3-2,PET-SD,2571
CON-006607,LOT-01680,L3,BNK-L3-3,MB-SL,499
CON-006608,LOT-01680,L3,BNK-L3-4,MB-UV,252
CON-006609,LOT-01681,L5,BNK-L5-1,NY6-F,11284
CON-006610,LOT-01681,L5,BNK-L5-2,NY6-H,2673
CON-006611,LOT-01681,L5,BNK-L5-3,MB-NA,213
CON-006612,LOT-01681,L5,BNK-L5-4,MB-NS,215
CON-006613,LOT-01682,L5,BNK-L5-1,NY6-F,11393
CON-006614,LOT-01682,L5,BNK-L5-2,NY6-H,2699
CON-006615,LOT-01682,L5,BNK-L5-3,MB-NA,215
CON-006616,LOT-01682,L5,BNK-L5-4,MB-NS,217
CON-006617,LOT-01683,L6,BNK-L6-1,NY6-F,10330
CON-006618,LOT-01683,L6,BNK-L6-2,NY6-H,2773
CON-006619,LOT-01683,L6,BNK-L6-3,MB-NA,267
CON-006620,LOT-01683,L6,BNK-L6-4,MB-NS,129
CON-006621,LOT-01684,L6,BNK-L6-1,NY6-F,10437
CON-006622,LOT-01684,L6,BNK-L6-2,NY6-H,2802
CON-006623,LOT-01684,L6,BNK-L6-3,MB-NA,269
CON-006624,LOT-01684,L6,BNK-L6-4,MB-NS,131
CON-006625,LOT-01685,L1,BNK-L1-1,PET-BR,25494
CON-006626,LOT-01685,L1,BNK-L1-2,PET-SD,1067
CON-006627,LOT-01685,L1,BNK-L1-3,MB-AB,404
CON-006628,LOT-01685,L1,BNK-L1-4,MB-SL,261
CON-006629,LOT-01686,L1,BNK-L1-1,PET-BR,25638
CON-006630,LOT-01686,L1,BNK-L1-2,PET-SD,1073
CON-006631,LOT-01686,L1,BNK-L1-3,MB-AB,406
CON-006632,LOT-01686,L1,BNK-L1-4,MB-SL,263
CON-006633,LOT-01687,L2,BNK-L2-1,PET-BR,20555
CON-006634,LOT-01687,L2,BNK-L2-2,PET-RC,5318
CON-006635,LOT-01687,L2,BNK-L2-3,MB-AB,378
CON-006636,LOT-01687,L2,BNK-L2-4,MB-WH,254
CON-006637,LOT-01688,L2,BNK-L2-1,PET-BR,20455
CON-006638,LOT-01688,L2,BNK-L2-2,PET-RC,5293
CON-006639,LOT-01688,L2,BNK-L2-3,MB-AB,380
CON-006640,LOT-01688,L2,BNK-L2-4,MB-WH,256
CON-006641,LOT-01689,L3,BNK-L3-1,PET-BR,21732
CON-006642,LOT-01689,L3,BNK-L3-2,PET-SD,3746
CON-006643,LOT-01689,L3,BNK-L3-3,MB-SL,504
CON-006644,LOT-01689,L3,BNK-L3-4,MB-UV,254
CON-006645,LOT-01690,L3,BNK-L3-1,PET-BR,21858
CON-006646,LOT-01690,L3,BNK-L3-2,PET-SD,3768
CON-006647,LOT-01690,L3,BNK-L3-3,MB-SL,507
CON-006648,LOT-01690,L3,BNK-L3-4,MB-UV,256
CON-006649,LOT-01691,L4,BNK-L4-1,PET-BR,19280
CON-006650,LOT-01691,L4,BNK-L4-2,PET-CO,4274
CON-006651,LOT-01691,L4,BNK-L4-3,MB-WH,359
CON-006652,LOT-01691,L4,BNK-L4-4,MB-UV,363
CON-006653,LOT-01692,L4,BNK-L4-1,PET-BR,19398
CON-006654,LOT-01692,L4,BNK-L4-2,PET-CO,4300
CON-006655,LOT-01692,L4,BNK-L4-3,MB-WH,362
CON-006656,LOT-01692,L4,BNK-L4-4,MB-UV,365
CON-006657,LOT-01693,L6,BNK-L6-1,NY6-F,10919
CON-006658,LOT-01693,L6,BNK-L6-2,NY6-H,2325
CON-006659,LOT-01693,L6,BNK-L6-3,MB-NA,201
CON-006660,LOT-01693,L6,BNK-L6-4,MB-NS,130
CON-006661,LOT-01694,L6,BNK-L6-1,NY6-F,11031
CON-006662,LOT-01694,L6,BNK-L6-2,NY6-H,2349
CON-006663,LOT-01694,L6,BNK-L6-3,MB-NA,203
CON-006664,LOT-01694,L6,BNK-L6-4,MB-NS,132
CON-006665,LOT-01695,L1,BNK-L1-1,PET-BR,25893
CON-006666,LOT-01695,L1,BNK-L1-2,PET-SD,813
CON-006667,LOT-01695,L1,BNK-L1-3,MB-AB,526
CON-006668,LOT-01695,L1,BNK-L1-4,MB-SL,265
CON-006669,LOT-01696,L1,BNK-L1-1,PET-BR,26038
CON-006670,LOT-01696,L1,BNK-L1-2,PET-SD,817
CON-006671,LOT-01696,L1,BNK-L1-3,MB-AB,529
CON-006672,LOT-01696,L1,BNK-L1-4,MB-SL,267
CON-006673,LOT-01697,L2,BNK-L2-1,PET-BR,20358
CON-006674,LOT-01697,L2,BNK-L2-2,PET-RC,5704
CON-006675,LOT-01697,L2,BNK-L2-3,MB-AB,384
CON-006676,LOT-01697,L2,BNK-L2-4,MB-WH,258
CON-006677,LOT-01698,L2,BNK-L2-1,PET-BR,20475
CON-006678,LOT-01698,L2,BNK-L2-2,PET-RC,5737
CON-006679,LOT-01698,L2,BNK-L2-3,MB-AB,386
CON-006680,LOT-01698,L2,BNK-L2-4,MB-WH,260
CON-006681,LOT-01699,L3,BNK-L3-1,PET-BR,22613
CON-006682,LOT-01699,L3,BNK-L3-2,PET-SD,2411
CON-006683,LOT-01699,L3,BNK-L3-3,MB-SL,518
CON-006684,LOT-01699,L3,BNK-L3-4,MB-UV,392
CON-006685,LOT-01700,L3,BNK-L3-1,PET-BR,22744
CON-006686,LOT-01700,L3,BNK-L3-2,PET-SD,2425
CON-006687,LOT-01700,L3,BNK-L3-3,MB-SL,515
CON-006688,LOT-01700,L3,BNK-L3-4,MB-UV,390
CON-006689,LOT-01701,L4,BNK-L4-1,PET-BR,18642
CON-006690,LOT-01701,L4,BNK-L4-2,PET-CO,5310
CON-006691,LOT-01701,L4,BNK-L4-3,MB-WH,487
CON-006692,LOT-01701,L4,BNK-L4-4,MB-UV,236
CON-006693,LOT-01702,L4,BNK-L4-1,PET-BR,18755
CON-006694,LOT-01702,L4,BNK-L4-2,PET-CO,5342
CON-006695,LOT-01702,L4,BNK-L4-3,MB-WH,490
CON-006696,LOT-01702,L4,BNK-L4-4,MB-UV,238
CON-006697,LOT-01703,L5,BNK-L5-1,NY6-F,11687
CON-006698,LOT-01703,L5,BNK-L5-2,NY6-H,2663
CON-006699,LOT-01703,L5,BNK-L5-3,MB-NA,218
CON-006700,LOT-01703,L5,BNK-L5-4,MB-NS,141
CON-006701,LOT-01704,L5,BNK-L5-1,NY6-F,11798
CON-006702,LOT-01704,L5,BNK-L5-2,NY6-H,2688
CON-006703,LOT-01704,L5,BNK-L5-3,MB-NA,220
CON-006704,LOT-01704,L5,BNK-L5-4,MB-NS,142
CON-006705,LOT-01705,L1,BNK-L1-1,PET-BR,26022
CON-006706,LOT-01705,L1,BNK-L1-2,PET-SD,1323
CON-006707,LOT-01705,L1,BNK-L1-3,MB-AB,400
CON-006708,LOT-01705,L1,BNK-L1-4,MB-SL,270
CON-006709,LOT-01706,L1,BNK-L1-1,PET-BR,26166
CON-006710,LOT-01706,L1,BNK-L1-2,PET-SD,1331
CON-006711,LOT-01706,L1,BNK-L1-3,MB-AB,403
CON-006712,LOT-01706,L1,BNK-L1-4,MB-SL,271
CON-006713,LOT-01707,L2,BNK-L2-1,PET-BR,22059
CON-006714,LOT-01707,L2,BNK-L2-2,PET-RC,3477
CON-006715,LOT-01707,L2,BNK-L2-3,MB-AB,520
CON-006716,LOT-01707,L2,BNK-L2-4,MB-WH,262
CON-006717,LOT-01708,L2,BNK-L2-1,PET-BR,22186
CON-006718,LOT-01708,L2,BNK-L2-2,PET-RC,3497
CON-006719,LOT-01708,L2,BNK-L2-3,MB-AB,523
CON-006720,LOT-01708,L2,BNK-L2-4,MB-WH,264
CON-006721,LOT-01709,L3,BNK-L3-1,PET-BR,10838
CON-006722,LOT-01709,L3,BNK-L3-2,PET-SD,15634
CON-006723,LOT-01710,L3,BNK-L3-1,PET-BR,10783
CON-006724,LOT-01710,L3,BNK-L3-2,PET-SD,15556
CON-006725,LOT-01711,L4,BNK-L4-1,PET-BR,19965
CON-006726,LOT-01711,L4,BNK-L4-2,PET-CO,4251
CON-006727,LOT-01711,L4,BNK-L4-3,MB-WH,368
CON-006728,LOT-01711,L4,BNK-L4-4,MB-UV,238
CON-006729,LOT-01712,L4,BNK-L4-1,PET-BR,20086
CON-006730,LOT-01712,L4,BNK-L4-2,PET-CO,4277
CON-006731,LOT-01712,L4,BNK-L4-3,MB-WH,370
CON-006732,LOT-01712,L4,BNK-L4-4,MB-UV,239
CON-006733,LOT-01713,L5,BNK-L5-1,NY6-F,11359
CON-006734,LOT-01713,L5,BNK-L5-2,NY6-H,3214
CON-006735,LOT-01713,L5,BNK-L5-3,MB-NA,213
CON-006736,LOT-01713,L5,BNK-L5-4,MB-NS,143
CON-006737,LOT-01714,L5,BNK-L5-1,NY6-F,11467
CON-006738,LOT-01714,L5,BNK-L5-2,NY6-H,3245
CON-006739,LOT-01714,L5,BNK-L5-3,MB-NA,215
CON-006740,LOT-01714,L5,BNK-L5-4,MB-NS,145
CON-006741,LOT-01715,L6,BNK-L6-1,NY6-F,11628
CON-006742,LOT-01715,L6,BNK-L6-2,NY6-H,1915
CON-006743,LOT-01715,L6,BNK-L6-3,MB-NA,267
CON-006744,LOT-01715,L6,BNK-L6-4,MB-NS,135
CON-006745,LOT-01716,L6,BNK-L6-1,NY6-F,11746
CON-006746,LOT-01716,L6,BNK-L6-2,NY6-H,1935
CON-006747,LOT-01716,L6,BNK-L6-3,MB-NA,269
CON-006748,LOT-01716,L6,BNK-L6-4,MB-NS,136
CON-006749,LOT-01717,L1,BNK-L1-1,PET-BR,25733
CON-006750,LOT-01717,L1,BNK-L1-2,PET-SD,808
CON-006751,LOT-01717,L1,BNK-L1-3,MB-AB,543
CON-006752,LOT-01717,L1,BNK-L1-4,MB-SL,411
CON-006753,LOT-01718,L1,BNK-L1-1,PET-BR,25876
CON-006754,LOT-01718,L1,BNK-L1-2,PET-SD,812
CON-006755,LOT-01718,L1,BNK-L1-3,MB-AB,546
CON-006756,LOT-01718,L1,BNK-L1-4,MB-SL,414
CON-006757,LOT-01719,L2,BNK-L2-1,PET-BR,21286
CON-006758,LOT-01719,L2,BNK-L2-2,PET-RC,4718
CON-006759,LOT-01719,L2,BNK-L2-3,MB-AB,397
CON-006760,LOT-01719,L2,BNK-L2-4,MB-WH,385
CON-006761,LOT-01720,L2,BNK-L2-1,PET-BR,21408
CON-006762,LOT-01720,L2,BNK-L2-2,PET-RC,4745
CON-006763,LOT-01720,L2,BNK-L2-3,MB-AB,399
CON-006764,LOT-01720,L2,BNK-L2-4,MB-WH,387
CON-006765,LOT-01721,L3,BNK-L3-1,PET-BR,22514
CON-006766,LOT-01721,L3,BNK-L3-2,PET-SD,3118
CON-006767,LOT-01721,L3,BNK-L3-3,MB-SL,530
CON-006768,LOT-01721,L3,BNK-L3-4,MB-UV,257
CON-006769,LOT-01722,L3,BNK-L3-1,PET-BR,22643
CON-006770,LOT-01722,L3,BNK-L3-2,PET-SD,3136
CON-006771,LOT-01722,L3,BNK-L3-3,MB-SL,527
CON-006772,LOT-01722,L3,BNK-L3-4,MB-UV,256
CON-006773,LOT-01723,L4,BNK-L4-1,PET-BR,19595
CON-006774,LOT-01723,L4,BNK-L4-2,PET-CO,4946
CON-006775,LOT-01723,L4,BNK-L4-3,MB-WH,480
CON-006776,LOT-01723,L4,BNK-L4-4,MB-UV,242
CON-006777,LOT-01724,L4,BNK-L4-1,PET-BR,19713
CON-006778,LOT-01724,L4,BNK-L4-2,PET-CO,4976
CON-006779,LOT-01724,L4,BNK-L4-3,MB-WH,483
CON-006780,LOT-01724,L4,BNK-L4-4,MB-UV,244
CON-006781,LOT-01725,L5,BNK-L5-1,NY6-F,12511
CON-006782,LOT-01725,L5,BNK-L5-2,NY6-H,2144
CON-006783,LOT-01725,L5,BNK-L5-3,MB-NA,289
CON-006784,LOT-01725,L5,BNK-L5-4,MB-NS,146
CON-006785,LOT-01726,L5,BNK-L5-1,NY6-F,12629
CON-006786,LOT-01726,L5,BNK-L5-2,NY6-H,2164
CON-006787,LOT-01726,L5,BNK-L5-3,MB-NA,291
CON-006788,LOT-01726,L5,BNK-L5-4,MB-NS,147
CON-006789,LOT-01727,L6,BNK-L6-1,NY6-F,10849
CON-006790,LOT-01727,L6,BNK-L6-2,NY6-H,2487
CON-006791,LOT-01727,L6,BNK-L6-3,MB-NA,204
CON-006792,LOT-01727,L6,BNK-L6-4,MB-NS,206
CON-006793,LOT-01728,L6,BNK-L6-1,NY6-F,10959
CON-006794,LOT-01728,L6,BNK-L6-2,NY6-H,2512
CON-006795,LOT-01728,L6,BNK-L6-3,MB-NA,206
CON-006796,LOT-01728,L6,BNK-L6-4,MB-NS,208
CON-006797,LOT-01729,L1,BNK-L1-1,PET-BR,25914
CON-006798,LOT-01729,L1,BNK-L1-2,PET-SD,1370
CON-006799,LOT-01729,L1,BNK-L1-3,MB-AB,415
CON-006800,LOT-01729,L1,BNK-L1-4,MB-SL,268
CON-006801,LOT-01730,L1,BNK-L1-1,PET-BR,26057
CON-006802,LOT-01730,L1,BNK-L1-2,PET-SD,1378
CON-006803,LOT-01730,L1,BNK-L1-3,MB-AB,417
CON-006804,LOT-01730,L1,BNK-L1-4,MB-SL,270
CON-006805,LOT-01731,L2,BNK-L2-1,PET-BR,21977
CON-006806,LOT-01731,L2,BNK-L2-2,PET-RC,4359
CON-006807,LOT-01731,L2,BNK-L2-3,MB-AB,400
CON-006808,LOT-01731,L2,BNK-L2-4,MB-WH,259
CON-006809,LOT-01732,L2,BNK-L2-1,PET-BR,21865
CON-006810,LOT-01732,L2,BNK-L2-2,PET-RC,4337
CON-006811,LOT-01732,L2,BNK-L2-3,MB-AB,402
CON-006812,LOT-01732,L2,BNK-L2-4,MB-WH,260
CON-006813,LOT-01733,L3,BNK-L3-1,PET-BR,23439
CON-006814,LOT-01733,L3,BNK-L3-2,PET-SD,2644
CON-006815,LOT-01733,L3,BNK-L3-3,MB-SL,513
CON-006816,LOT-01733,L3,BNK-L3-4,MB-UV,259
CON-006817,LOT-01734,L3,BNK-L3-1,PET-BR,23572
CON-006818,LOT-01734,L3,BNK-L3-2,PET-SD,2659
CON-006819,LOT-01734,L3,BNK-L3-3,MB-SL,516
CON-006820,LOT-01734,L3,BNK-L3-4,MB-UV,261
CON-006821,LOT-01735,L4,BNK-L4-1,PET-BR,21322
CON-006822,LOT-01735,L4,BNK-L4-2,PET-CO,3511
CON-006823,LOT-01735,L4,BNK-L4-3,MB-WH,489
CON-006824,LOT-01735,L4,BNK-L4-4,MB-UV,247
CON-006825,LOT-01736,L4,BNK-L4-1,PET-BR,21449
CON-006826,LOT-01736,L4,BNK-L4-2,PET-CO,3533
CON-006827,LOT-01736,L4,BNK-L4-3,MB-WH,492
CON-006828,LOT-01736,L4,BNK-L4-4,MB-UV,248
CON-006829,LOT-01737,L5,BNK-L5-1,NY6-F,11663
CON-006830,LOT-01737,L5,BNK-L5-2,NY6-H,2763
CON-006831,LOT-01737,L5,BNK-L5-3,MB-NA,220
CON-006832,LOT-01737,L5,BNK-L5-4,MB-NS,222
CON-006833,LOT-01738,L5,BNK-L5-1,NY6-F,11772
CON-006834,LOT-01738,L5,BNK-L5-2,NY6-H,2789
CON-006835,LOT-01738,L5,BNK-L5-3,MB-NA,222
CON-006836,LOT-01738,L5,BNK-L5-4,MB-NS,224
CON-006837,LOT-01739,L6,BNK-L6-1,NY6-F,10703
CON-006838,LOT-01739,L6,BNK-L6-2,NY6-H,2873
CON-006839,LOT-01739,L6,BNK-L6-3,MB-NA,276
CON-006840,LOT-01739,L6,BNK-L6-4,MB-NS,134
CON-006841,LOT-01740,L6,BNK-L6-1,NY6-F,10811
CON-006842,LOT-01740,L6,BNK-L6-2,NY6-H,2902
CON-006843,LOT-01740,L6,BNK-L6-3,MB-NA,279
CON-006844,LOT-01740,L6,BNK-L6-4,MB-NS,136
CON-006845,LOT-01741,L1,BNK-L1-1,PET-BR,25173
CON-006846,LOT-01741,L1,BNK-L1-2,PET-SD,1054
CON-006847,LOT-01741,L1,BNK-L1-3,MB-AB,399
CON-006848,LOT-01741,L1,BNK-L1-4,MB-SL,258
CON-006849,LOT-01742,L1,BNK-L1-1,PET-BR,25317
CON-006850,LOT-01742,L1,BNK-L1-2,PET-SD,1060
CON-006851,LOT-01742,L1,BNK-L1-3,MB-AB,401
CON-006852,LOT-01742,L1,BNK-L1-4,MB-SL,260
CON-006853,LOT-01743,L2,BNK-L2-1,PET-BR,20070
CON-006854,LOT-01743,L2,BNK-L2-2,PET-RC,5193
CON-006855,LOT-01743,L2,BNK-L2-3,MB-AB,373
CON-006856,LOT-01743,L2,BNK-L2-4,MB-WH,251
CON-006857,LOT-01744,L2,BNK-L2-1,PET-BR,20188
CON-006858,LOT-01744,L2,BNK-L2-2,PET-RC,5223
CON-006859,LOT-01744,L2,BNK-L2-3,MB-AB,371
CON-006860,LOT-01744,L2,BNK-L2-4,MB-WH,250
CON-006861,LOT-01745,L3,BNK-L3-1,PET-BR,21447
CON-006862,LOT-01745,L3,BNK-L3-2,PET-SD,3697
CON-006863,LOT-01745,L3,BNK-L3-3,MB-SL,497
CON-006864,LOT-01745,L3,BNK-L3-4,MB-UV,251
CON-006865,LOT-01746,L3,BNK-L3-1,PET-BR,21573
CON-006866,LOT-01746,L3,BNK-L3-2,PET-SD,3719
CON-006867,LOT-01746,L3,BNK-L3-3,MB-SL,500
CON-006868,LOT-01746,L3,BNK-L3-4,MB-UV,253
CON-006869,LOT-01747,L4,BNK-L4-1,PET-BR,19009
CON-006870,LOT-01747,L4,BNK-L4-2,PET-CO,4214
CON-006871,LOT-01747,L4,BNK-L4-3,MB-WH,354
CON-006872,LOT-01747,L4,BNK-L4-4,MB-UV,358
CON-006873,LOT-01748,L4,BNK-L4-1,PET-BR,19127
CON-006874,LOT-01748,L4,BNK-L4-2,PET-CO,4240
CON-006875,LOT-01748,L4,BNK-L4-3,MB-WH,356
CON-006876,LOT-01748,L4,BNK-L4-4,MB-UV,360
CON-006877,LOT-01749,L5,BNK-L5-1,NY6-F,11064
CON-006878,LOT-01749,L5,BNK-L5-2,NY6-H,2970
CON-006879,LOT-01749,L5,BNK-L5-3,MB-NA,286
CON-006880,LOT-01749,L5,BNK-L5-4,MB-NS,139
CON-006881,LOT-01750,L5,BNK-L5-1,NY6-F,11171
CON-006882,LOT-01750,L5,BNK-L5-2,NY6-H,2999
CON-006883,LOT-01750,L5,BNK-L5-3,MB-NA,288
CON-006884,LOT-01750,L5,BNK-L5-4,MB-NS,140
CON-006885,LOT-01751,L6,BNK-L6-1,NY6-F,10798
CON-006886,LOT-01751,L6,BNK-L6-2,NY6-H,2299
CON-006887,LOT-01751,L6,BNK-L6-3,MB-NA,199
CON-006888,LOT-01751,L6,BNK-L6-4,MB-NS,129
CON-006889,LOT-01752,L6,BNK-L6-1,NY6-F,10911
CON-006890,LOT-01752,L6,BNK-L6-2,NY6-H,2323
CON-006891,LOT-01752,L6,BNK-L6-3,MB-NA,201
CON-006892,LOT-01752,L6,BNK-L6-4,MB-NS,130
CON-006893,LOT-01753,L1,BNK-L1-1,PET-BR,25619
CON-006894,LOT-01753,L1,BNK-L1-2,PET-SD,804
CON-006895,LOT-01753,L1,BNK-L1-3,MB-AB,520
CON-006896,LOT-01753,L1,BNK-L1-4,MB-SL,263
CON-006897,LOT-01754,L1,BNK-L1-1,PET-BR,25490
CON-006898,LOT-01754,L1,BNK-L1-2,PET-SD,800
CON-006899,LOT-01754,L1,BNK-L1-3,MB-AB,523
CON-006900,LOT-01754,L1,BNK-L1-4,MB-SL,264
CON-006901,LOT-01755,L2,BNK-L2-1,PET-BR,19919
CON-006902,LOT-01755,L2,BNK-L2-2,PET-RC,5580
CON-006903,LOT-01755,L2,BNK-L2-3,MB-AB,375
CON-006904,LOT-01755,L2,BNK-L2-4,MB-WH,253
CON-006905,LOT-01756,L2,BNK-L2-1,PET-BR,20035
CON-006906,LOT-01756,L2,BNK-L2-2,PET-RC,5612
CON-006907,LOT-01756,L2,BNK-L2-3,MB-AB,377
CON-006908,LOT-01756,L2,BNK-L2-4,MB-WH,254
CON-006909,LOT-01757,L3,BNK-L3-1,PET-BR,22362
CON-006910,LOT-01757,L3,BNK-L3-2,PET-SD,2384
CON-006911,LOT-01757,L3,BNK-L3-3,MB-SL,506
CON-006912,LOT-01757,L3,BNK-L3-4,MB-UV,383
CON-006913,LOT-01758,L3,BNK-L3-1,PET-BR,22494
CON-006914,LOT-01758,L3,BNK-L3-2,PET-SD,2398
CON-006915,LOT-01758,L3,BNK-L3-3,MB-SL,509
CON-006916,LOT-01758,L3,BNK-L3-4,MB-UV,386
CON-006917,LOT-01759,L4,BNK-L4-1,PET-BR,18418
CON-006918,LOT-01759,L4,BNK-L4-2,PET-CO,5246
CON-006919,LOT-01759,L4,BNK-L4-3,MB-WH,481
CON-006920,LOT-01759,L4,BNK-L4-4,MB-UV,234
CON-006921,LOT-01760,L4,BNK-L4-1,PET-BR,18532
CON-006922,LOT-01760,L4,BNK-L4-2,PET-CO,5278
CON-006923,LOT-01760,L4,BNK-L4-3,MB-WH,484
CON-006924,LOT-01760,L4,BNK-L4-4,MB-UV,235
CON-006925,LOT-01761,L5,BNK-L5-1,NY6-F,11570
CON-006926,LOT-01761,L5,BNK-L5-2,NY6-H,2636
CON-006927,LOT-01761,L5,BNK-L5-3,MB-NA,216
CON-006928,LOT-01761,L5,BNK-L5-4,MB-NS,140
CON-006929,LOT-01762,L5,BNK-L5-1,NY6-F,11682
CON-006930,LOT-01762,L5,BNK-L5-2,NY6-H,2661
CON-006931,LOT-01762,L5,BNK-L5-3,MB-NA,218
CON-006932,LOT-01762,L5,BNK-L5-4,MB-NS,141
CON-006933,LOT-01763,L6,BNK-L6-1,NY6-F,10594
CON-006934,LOT-01763,L6,BNK-L6-2,NY6-H,2741
CON-006935,LOT-01763,L6,BNK-L6-3,MB-NA,195
CON-006936,LOT-01763,L6,BNK-L6-4,MB-NS,131
CON-006937,LOT-01764,L6,BNK-L6-1,NY6-F,10704
CON-006938,LOT-01764,L6,BNK-L6-2,NY6-H,2769
CON-006939,LOT-01764,L6,BNK-L6-3,MB-NA,197
CON-006940,LOT-01764,L6,BNK-L6-4,MB-NS,133
CON-006941,LOT-01765,L1,BNK-L1-1,PET-BR,25526
CON-006942,LOT-01765,L1,BNK-L1-2,PET-SD,1298
CON-006943,LOT-01765,L1,BNK-L1-3,MB-AB,397
CON-006944,LOT-01765,L1,BNK-L1-4,MB-SL,267
CON-006945,LOT-01766,L1,BNK-L1-1,PET-BR,25669
CON-006946,LOT-01766,L1,BNK-L1-2,PET-SD,1305
CON-006947,LOT-01766,L1,BNK-L1-3,MB-AB,395
CON-006948,LOT-01766,L1,BNK-L1-4,MB-SL,266
CON-006949,LOT-01767,L2,BNK-L2-1,PET-BR,21624
CON-006950,LOT-01767,L2,BNK-L2-2,PET-RC,3408
CON-006951,LOT-01767,L2,BNK-L2-3,MB-AB,509
CON-006952,LOT-01767,L2,BNK-L2-4,MB-WH,257
CON-006953,LOT-01768,L2,BNK-L2-1,PET-BR,21750
CON-006954,LOT-01768,L2,BNK-L2-2,PET-RC,3428
CON-006955,LOT-01768,L2,BNK-L2-3,MB-AB,512
CON-006956,LOT-01768,L2,BNK-L2-4,MB-WH,259
CON-006957,LOT-01769,L3,BNK-L3-1,PET-BR,10625
CON-006958,LOT-01769,L3,BNK-L3-2,PET-SD,15327
CON-006959,LOT-01770,L3,BNK-L3-1,PET-BR,10686
CON-006960,LOT-01770,L3,BNK-L3-2,PET-SD,15416
CON-006961,LOT-01771,L4,BNK-L4-1,PET-BR,19766
CON-006962,LOT-01771,L4,BNK-L4-2,PET-CO,4208
CON-006963,LOT-01771,L4,BNK-L4-3,MB-WH,364
CON-006964,LOT-01771,L4,BNK-L4-4,MB-UV,236
CON-006965,LOT-01772,L4,BNK-L4-1,PET-BR,19887
CON-006966,LOT-01772,L4,BNK-L4-2,PET-CO,4234
CON-006967,LOT-01772,L4,BNK-L4-3,MB-WH,366
CON-006968,LOT-01772,L4,BNK-L4-4,MB-UV,237
CON-006969,LOT-01773,L5,BNK-L5-1,NY6-F,11269
CON-006970,LOT-01773,L5,BNK-L5-2,NY6-H,3189
CON-006971,LOT-01773,L5,BNK-L5-3,MB-NA,211
CON-006972,LOT-01773,L5,BNK-L5-4,MB-NS,142
CON-006973,LOT-01774,L5,BNK-L5-1,NY6-F,11377
CON-006974,LOT-01774,L5,BNK-L5-2,NY6-H,3219
CON-006975,LOT-01774,L5,BNK-L5-3,MB-NA,213
CON-006976,LOT-01774,L5,BNK-L5-4,MB-NS,144
CON-006977,LOT-01775,L6,BNK-L6-1,NY6-F,11524
CON-006978,LOT-01775,L6,BNK-L6-2,NY6-H,1898
CON-006979,LOT-01775,L6,BNK-L6-3,MB-NA,264
CON-006980,LOT-01775,L6,BNK-L6-4,MB-NS,133
CON-006981,LOT-01776,L6,BNK-L6-1,NY6-F,11642
CON-006982,LOT-01776,L6,BNK-L6-2,NY6-H,1918
CON-006983,LOT-01776,L6,BNK-L6-3,MB-NA,267
CON-006984,LOT-01776,L6,BNK-L6-4,MB-NS,135
CON-006985,LOT-01777,L1,BNK-L1-1,PET-BR,25241
CON-006986,LOT-01777,L1,BNK-L1-2,PET-SD,792
CON-006987,LOT-01777,L1,BNK-L1-3,MB-AB,533
CON-006988,LOT-01777,L1,BNK-L1-4,MB-SL,404
CON-006989,LOT-01778,L1,BNK-L1-1,PET-BR,25382
CON-006990,LOT-01778,L1,BNK-L1-2,PET-SD,797
CON-006991,LOT-01778,L1,BNK-L1-3,MB-AB,536
CON-006992,LOT-01778,L1,BNK-L1-4,MB-SL,406
CON-006993,LOT-01779,L2,BNK-L2-1,PET-BR,20869
CON-006994,LOT-01779,L2,BNK-L2-2,PET-RC,4626
CON-006995,LOT-01779,L2,BNK-L2-3,MB-AB,389
CON-006996,LOT-01779,L2,BNK-L2-4,MB-WH,378
CON-006997,LOT-01780,L2,BNK-L2-1,PET-BR,20990
CON-006998,LOT-01780,L2,BNK-L2-2,PET-RC,4653
CON-006999,LOT-01780,L2,BNK-L2-3,MB-AB,391
CON-007000,LOT-01780,L2,BNK-L2-4,MB-WH,380
CON-007001,LOT-01781,L3,BNK-L3-1,PET-BR,22313
CON-007002,LOT-01781,L3,BNK-L3-2,PET-SD,3090
CON-007003,LOT-01781,L3,BNK-L3-3,MB-SL,520
CON-007004,LOT-01781,L3,BNK-L3-4,MB-UV,252
CON-007005,LOT-01782,L3,BNK-L3-1,PET-BR,22442
CON-007006,LOT-01782,L3,BNK-L3-2,PET-SD,3108
CON-007007,LOT-01782,L3,BNK-L3-3,MB-SL,522
CON-007008,LOT-01782,L3,BNK-L3-4,MB-UV,254
CON-007009,LOT-01783,L4,BNK-L4-1,PET-BR,19402
CON-007010,LOT-01783,L4,BNK-L4-2,PET-CO,4897
CON-007011,LOT-01783,L4,BNK-L4-3,MB-WH,475
CON-007012,LOT-01783,L4,BNK-L4-4,MB-UV,240
CON-007013,LOT-01784,L4,BNK-L4-1,PET-BR,19520
CON-007014,LOT-01784,L4,BNK-L4-2,PET-CO,4927
CON-007015,LOT-01784,L4,BNK-L4-3,MB-WH,478
CON-007016,LOT-01784,L4,BNK-L4-4,MB-UV,241
CON-007017,LOT-01785,L5,BNK-L5-1,NY6-F,12412
CON-007018,LOT-01785,L5,BNK-L5-2,NY6-H,2127
CON-007019,LOT-01785,L5,BNK-L5-3,MB-NA,286
CON-007020,LOT-01785,L5,BNK-L5-4,MB-NS,145
CON-007021,LOT-01786,L5,BNK-L5-1,NY6-F,12530
CON-007022,LOT-01786,L5,BNK-L5-2,NY6-H,2148
CON-007023,LOT-01786,L5,BNK-L5-3,MB-NA,289
CON-007024,LOT-01786,L5,BNK-L5-4,MB-NS,146
CON-007025,LOT-01787,L6,BNK-L6-1,NY6-F,10754
CON-007026,LOT-01787,L6,BNK-L6-2,NY6-H,2465
CON-007027,LOT-01787,L6,BNK-L6-3,MB-NA,202
CON-007028,LOT-01787,L6,BNK-L6-4,MB-NS,204
CON-007029,LOT-01788,L6,BNK-L6-1,NY6-F,10746
CON-007030,LOT-01788,L6,BNK-L6-2,NY6-H,2464
CON-007031,LOT-01788,L6,BNK-L6-3,MB-NA,202
CON-007032,LOT-01788,L6,BNK-L6-4,MB-NS,204
CON-007033,LOT-01789,L1,BNK-L1-1,PET-BR,25422
CON-007034,LOT-01789,L1,BNK-L1-2,PET-SD,1344
CON-007035,LOT-01789,L1,BNK-L1-3,MB-AB,407
CON-007036,LOT-01789,L1,BNK-L1-4,MB-SL,263
CON-007037,LOT-01790,L1,BNK-L1-1,PET-BR,25564
CON-007038,LOT-01790,L1,BNK-L1-2,PET-SD,1352
CON-007039,LOT-01790,L1,BNK-L1-3,MB-AB,409
CON-007040,LOT-01790,L1,BNK-L1-4,MB-SL,265
CON-007041,LOT-01791,L2,BNK-L2-1,PET-BR,21549
CON-007042,LOT-01791,L2,BNK-L2-2,PET-RC,4274
CON-007043,LOT-01791,L2,BNK-L2-3,MB-AB,392
CON-007044,LOT-01791,L2,BNK-L2-4,MB-WH,254
CON-007045,LOT-01792,L2,BNK-L2-1,PET-BR,21673
CON-007046,LOT-01792,L2,BNK-L2-2,PET-RC,4299
CON-007047,LOT-01792,L2,BNK-L2-3,MB-AB,394
CON-007048,LOT-01792,L2,BNK-L2-4,MB-WH,255
CON-007049,LOT-01793,L3,BNK-L3-1,PET-BR,23230
CON-007050,LOT-01793,L3,BNK-L3-2,PET-SD,2621
CON-007051,LOT-01793,L3,BNK-L3-3,MB-SL,509
CON-007052,LOT-01793,L3,BNK-L3-4,MB-UV,257
CON-007053,LOT-01794,L3,BNK-L3-1,PET-BR,23363
CON-007054,LOT-01794,L3,BNK-L3-2,PET-SD,2636
CON-007055,LOT-01794,L3,BNK-L3-3,MB-SL,511
CON-007056,LOT-01794,L3,BNK-L3-4,MB-UV,258
CON-007057,LOT-01795,L4,BNK-L4-1,PET-BR,21113
CON-007058,LOT-01795,L4,BNK-L4-2,PET-CO,3478
CON-007059,LOT-01795,L4,BNK-L4-3,MB-WH,484
CON-007060,LOT-01795,L4,BNK-L4-4,MB-UV,244
CON-007061,LOT-01796,L4,BNK-L4-1,PET-BR,21240
CON-007062,LOT-01796,L4,BNK-L4-2,PET-CO,3499
CON-007063,LOT-01796,L4,BNK-L4-3,MB-WH,487
CON-007064,LOT-01796,L4,BNK-L4-4,MB-UV,246
CON-007065,LOT-01797,L5,BNK-L5-1,NY6-F,11573
CON-007066,LOT-01797,L5,BNK-L5-2,NY6-H,2741
CON-007067,LOT-01797,L5,BNK-L5-3,MB-NA,219
CON-007068,LOT-01797,L5,BNK-L5-4,MB-NS,221
CON-007069,LOT-01798,L5,BNK-L5-1,NY6-F,11683
CON-007070,LOT-01798,L5,BNK-L5-2,NY6-H,2767
CON-007071,LOT-01798,L5,BNK-L5-3,MB-NA,221
CON-007072,LOT-01798,L5,BNK-L5-4,MB-NS,223
CON-007073,LOT-01799,L6,BNK-L6-1,NY6-F,10496
CON-007074,LOT-01799,L6,BNK-L6-2,NY6-H,2818
CON-007075,LOT-01799,L6,BNK-L6-3,MB-NA,271
CON-007076,LOT-01799,L6,BNK-L6-4,MB-NS,132
CON-007077,LOT-01800,L6,BNK-L6-1,NY6-F,10603
CON-007078,LOT-01800,L6,BNK-L6-2,NY6-H,2846
CON-007079,LOT-01800,L6,BNK-L6-3,MB-NA,274
CON-007080,LOT-01800,L6,BNK-L6-4,MB-NS,133
CON-007081,LOT-01801,L1,BNK-L1-1,PET-BR,25885
CON-007082,LOT-01801,L1,BNK-L1-2,PET-SD,1084
CON-007083,LOT-01801,L1,BNK-L1-3,MB-AB,410
CON-007084,LOT-01801,L1,BNK-L1-4,MB-SL,265
CON-007085,LOT-01802,L1,BNK-L1-1,PET-BR,26029
CON-007086,LOT-01802,L1,BNK-L1-2,PET-SD,1090
CON-007087,LOT-01802,L1,BNK-L1-3,MB-AB,412
CON-007088,LOT-01802,L1,BNK-L1-4,MB-SL,267
CON-007089,LOT-01803,L2,BNK-L2-1,PET-BR,20888
CON-007090,LOT-01803,L2,BNK-L2-2,PET-RC,5405
CON-007091,LOT-01803,L2,BNK-L2-3,MB-AB,384
CON-007092,LOT-01803,L2,BNK-L2-4,MB-WH,258
CON-007093,LOT-01804,L2,BNK-L2-1,PET-BR,21008
CON-007094,LOT-01804,L2,BNK-L2-2,PET-RC,5435
CON-007095,LOT-01804,L2,BNK-L2-3,MB-AB,386
CON-007096,LOT-01804,L2,BNK-L2-4,MB-WH,260
CON-007097,LOT-01805,L3,BNK-L3-1,PET-BR,22320
CON-007098,LOT-01805,L3,BNK-L3-2,PET-SD,3848
CON-007099,LOT-01805,L3,BNK-L3-3,MB-SL,518
CON-007100,LOT-01805,L3,BNK-L3-4,MB-UV,261
CON-007101,LOT-01806,L3,BNK-L3-1,PET-BR,22448
CON-007102,LOT-01806,L3,BNK-L3-2,PET-SD,3870
CON-007103,LOT-01806,L3,BNK-L3-3,MB-SL,521
CON-007104,LOT-01806,L3,BNK-L3-4,MB-UV,263
CON-007105,LOT-01807,L4,BNK-L4-1,PET-BR,19831
CON-007106,LOT-01807,L4,BNK-L4-2,PET-CO,4396
CON-007107,LOT-01807,L4,BNK-L4-3,MB-WH,370
CON-007108,LOT-01807,L4,BNK-L4-4,MB-UV,373
CON-007109,LOT-01808,L4,BNK-L4-1,PET-BR,19950
CON-007110,LOT-01808,L4,BNK-L4-2,PET-CO,4422
CON-007111,LOT-01808,L4,BNK-L4-3,MB-WH,372
CON-007112,LOT-01808,L4,BNK-L4-4,MB-UV,375
CON-007113,LOT-01809,L5,BNK-L5-1,NY6-F,11482
CON-007114,LOT-01809,L5,BNK-L5-2,NY6-H,3082
CON-007115,LOT-01809,L5,BNK-L5-3,MB-NA,296
CON-007116,LOT-01809,L5,BNK-L5-4,MB-NS,144
CON-007117,LOT-01810,L5,BNK-L5-1,NY6-F,11466
CON-007118,LOT-01810,L5,BNK-L5-2,NY6-H,3078
CON-007119,LOT-01810,L5,BNK-L5-3,MB-NA,296
CON-007120,LOT-01810,L5,BNK-L5-4,MB-NS,144
CON-007121,LOT-01811,L6,BNK-L6-1,NY6-F,11114
CON-007122,LOT-01811,L6,BNK-L6-2,NY6-H,2366
CON-007123,LOT-01811,L6,BNK-L6-3,MB-NA,205
CON-007124,LOT-01811,L6,BNK-L6-4,MB-NS,133
CON-007125,LOT-01812,L6,BNK-L6-1,NY6-F,11227
CON-007126,LOT-01812,L6,BNK-L6-2,NY6-H,2390
CON-007127,LOT-01812,L6,BNK-L6-3,MB-NA,207
CON-007128,LOT-01812,L6,BNK-L6-4,MB-NS,134
CON-007129,LOT-01813,L1,BNK-L1-1,PET-BR,26339
CON-007130,LOT-01813,L1,BNK-L1-2,PET-SD,827
CON-007131,LOT-01813,L1,BNK-L1-3,MB-AB,535
CON-007132,LOT-01813,L1,BNK-L1-4,MB-SL,270
CON-007133,LOT-01814,L1,BNK-L1-1,PET-BR,26484
CON-007134,LOT-01814,L1,BNK-L1-2,PET-SD,831
CON-007135,LOT-01814,L1,BNK-L1-3,MB-AB,538
CON-007136,LOT-01814,L1,BNK-L1-4,MB-SL,272
CON-007137,LOT-01815,L2,BNK-L2-1,PET-BR,20726
CON-007138,LOT-01815,L2,BNK-L2-2,PET-RC,5806
CON-007139,LOT-01815,L2,BNK-L2-3,MB-AB,391
CON-007140,LOT-01815,L2,BNK-L2-4,MB-WH,263
CON-007141,LOT-01816,L2,BNK-L2-1,PET-BR,20843
CON-007142,LOT-01816,L2,BNK-L2-2,PET-RC,5839
CON-007143,LOT-01816,L2,BNK-L2-3,MB-AB,393
CON-007144,LOT-01816,L2,BNK-L2-4,MB-WH,264
CON-007145,LOT-01817,L3,BNK-L3-1,PET-BR,23271
CON-007146,LOT-01817,L3,BNK-L3-2,PET-SD,2481
CON-007147,LOT-01817,L3,BNK-L3-3,MB-SL,527
CON-007148,LOT-01817,L3,BNK-L3-4,MB-UV,399
CON-007149,LOT-01818,L3,BNK-L3-1,PET-BR,23404
CON-007150,LOT-01818,L3,BNK-L3-2,PET-SD,2495
CON-007151,LOT-01818,L3,BNK-L3-3,MB-SL,530
CON-007152,LOT-01818,L3,BNK-L3-4,MB-UV,401
CON-007153,LOT-01819,L4,BNK-L4-1,PET-BR,19208
CON-007154,LOT-01819,L4,BNK-L4-2,PET-CO,5470
CON-007155,LOT-01819,L4,BNK-L4-3,MB-WH,502
CON-007156,LOT-01819,L4,BNK-L4-4,MB-UV,244
CON-007157,LOT-01820,L4,BNK-L4-1,PET-BR,19116
CON-007158,LOT-01820,L4,BNK-L4-2,PET-CO,5445
CON-007159,LOT-01820,L4,BNK-L4-3,MB-WH,505
CON-007160,LOT-01820,L4,BNK-L4-4,MB-UV,245
CON-007161,LOT-01821,L5,BNK-L5-1,NY6-F,11877
CON-007162,LOT-01821,L5,BNK-L5-2,NY6-H,2706
CON-007163,LOT-01821,L5,BNK-L5-3,MB-NA,222
CON-007164,LOT-01821,L5,BNK-L5-4,MB-NS,143
CON-007165,LOT-01822,L5,BNK-L5-1,NY6-F,11989
CON-007166,LOT-01822,L5,BNK-L5-2,NY6-H,2731
CON-007167,LOT-01822,L5,BNK-L5-3,MB-NA,224
CON-007168,LOT-01822,L5,BNK-L5-4,MB-NS,145
CON-007169,LOT-01823,L6,BNK-L6-1,NY6-F,10903
CON-007170,LOT-01823,L6,BNK-L6-2,NY6-H,2821
CON-007171,LOT-01823,L6,BNK-L6-3,MB-NA,200
CON-007172,LOT-01823,L6,BNK-L6-4,MB-NS,135
CON-007173,LOT-01824,L6,BNK-L6-1,NY6-F,11012
CON-007174,LOT-01824,L6,BNK-L6-2,NY6-H,2849
CON-007175,LOT-01824,L6,BNK-L6-3,MB-NA,202
CON-007176,LOT-01824,L6,BNK-L6-4,MB-NS,136
CON-007177,LOT-01825,L1,BNK-L1-1,PET-BR,25302
CON-007178,LOT-01825,L1,BNK-L1-2,PET-SD,1286
CON-007179,LOT-01825,L1,BNK-L1-3,MB-AB,389
CON-007180,LOT-01825,L1,BNK-L1-4,MB-SL,262
CON-007181,LOT-01826,L1,BNK-L1-1,PET-BR,25445
CON-007182,LOT-01826,L1,BNK-L1-2,PET-SD,1294
CON-007183,LOT-01826,L1,BNK-L1-3,MB-AB,392
CON-007184,LOT-01826,L1,BNK-L1-4,MB-SL,264
CON-007185,LOT-01827,L2,BNK-L2-1,PET-BR,21425
CON-007186,LOT-01827,L2,BNK-L2-2,PET-RC,3377
CON-007187,LOT-01827,L2,BNK-L2-3,MB-AB,505
CON-007188,LOT-01827,L2,BNK-L2-4,MB-WH,255
CON-007189,LOT-01828,L2,BNK-L2-1,PET-BR,21551
CON-007190,LOT-01828,L2,BNK-L2-2,PET-RC,3397
CON-007191,LOT-01828,L2,BNK-L2-3,MB-AB,508
CON-007192,LOT-01828,L2,BNK-L2-4,MB-WH,256
CON-007193,LOT-01829,L3,BNK-L3-1,PET-BR,10526
CON-007194,LOT-01829,L3,BNK-L3-2,PET-SD,15184
CON-007195,LOT-01830,L3,BNK-L3-1,PET-BR,10588
CON-007196,LOT-01830,L3,BNK-L3-2,PET-SD,15273
CON-007197,LOT-01831,L4,BNK-L4-1,PET-BR,19355
CON-007198,LOT-01831,L4,BNK-L4-2,PET-CO,4121
CON-007199,LOT-01831,L4,BNK-L4-3,MB-WH,360
CON-007200,LOT-01831,L4,BNK-L4-4,MB-UV,233
CON-007201,LOT-01832,L4,BNK-L4-1,PET-BR,19476
CON-007202,LOT-01832,L4,BNK-L4-2,PET-CO,4147
CON-007203,LOT-01832,L4,BNK-L4-3,MB-WH,359
CON-007204,LOT-01832,L4,BNK-L4-4,MB-UV,232
CON-007205,LOT-01833,L5,BNK-L5-1,NY6-F,11058
CON-007206,LOT-01833,L5,BNK-L5-2,NY6-H,3129
CON-007207,LOT-01833,L5,BNK-L5-3,MB-NA,207
CON-007208,LOT-01833,L5,BNK-L5-4,MB-NS,139
CON-007209,LOT-01834,L5,BNK-L5-1,NY6-F,11166
CON-007210,LOT-01834,L5,BNK-L5-2,NY6-H,3160
CON-007211,LOT-01834,L5,BNK-L5-3,MB-NA,209
CON-007212,LOT-01834,L5,BNK-L5-4,MB-NS,141
CON-007213,LOT-01835,L6,BNK-L6-1,NY6-F,11298
CON-007214,LOT-01835,L6,BNK-L6-2,NY6-H,1861
CON-007215,LOT-01835,L6,BNK-L6-3,MB-NA,259
CON-007216,LOT-01835,L6,BNK-L6-4,MB-NS,131
CON-007217,LOT-01836,L6,BNK-L6-1,NY6-F,11415
CON-007218,LOT-01836,L6,BNK-L6-2,NY6-H,1880
CON-007219,LOT-01836,L6,BNK-L6-3,MB-NA,262
CON-007220,LOT-01836,L6,BNK-L6-4,MB-NS,132
CON-007221,LOT-01837,L1,BNK-L1-1,PET-BR,25025
CON-007222,LOT-01837,L1,BNK-L1-2,PET-SD,786
CON-007223,LOT-01837,L1,BNK-L1-3,MB-AB,528
CON-007224,LOT-01837,L1,BNK-L1-4,MB-SL,400
CON-007225,LOT-01838,L1,BNK-L1-1,PET-BR,25166
CON-007226,LOT-01838,L1,BNK-L1-2,PET-SD,790
CON-007227,LOT-01838,L1,BNK-L1-3,MB-AB,531
CON-007228,LOT-01838,L1,BNK-L1-4,MB-SL,402
CON-007229,LOT-01839,L2,BNK-L2-1,PET-BR,20678
CON-007230,LOT-01839,L2,BNK-L2-2,PET-RC,4583
CON-007231,LOT-01839,L2,BNK-L2-3,MB-AB,385
CON-007232,LOT-01839,L2,BNK-L2-4,MB-WH,374
CON-007233,LOT-01840,L2,BNK-L2-1,PET-BR,20799
CON-007234,LOT-01840,L2,BNK-L2-2,PET-RC,4610
CON-007235,LOT-01840,L2,BNK-L2-3,MB-AB,388
CON-007236,LOT-01840,L2,BNK-L2-4,MB-WH,376
CON-007237,LOT-01841,L3,BNK-L3-1,PET-BR,22108
CON-007238,LOT-01841,L3,BNK-L3-2,PET-SD,3062
CON-007239,LOT-01841,L3,BNK-L3-3,MB-SL,515
CON-007240,LOT-01841,L3,BNK-L3-4,MB-UV,250
CON-007241,LOT-01842,L3,BNK-L3-1,PET-BR,21999
CON-007242,LOT-01842,L3,BNK-L3-2,PET-SD,3047
CON-007243,LOT-01842,L3,BNK-L3-3,MB-SL,518
CON-007244,LOT-01842,L3,BNK-L3-4,MB-UV,251
CON-007245,LOT-01843,L4,BNK-L4-1,PET-BR,19002
CON-007246,LOT-01843,L4,BNK-L4-2,PET-CO,4797
CON-007247,LOT-01843,L4,BNK-L4-3,MB-WH,465
CON-007248,LOT-01843,L4,BNK-L4-4,MB-UV,235
CON-007249,LOT-01844,L4,BNK-L4-1,PET-BR,19119
CON-007250,LOT-01844,L4,BNK-L4-2,PET-CO,4826
CON-007251,LOT-01844,L4,BNK-L4-3,MB-WH,468
CON-007252,LOT-01844,L4,BNK-L4-4,MB-UV,236
CON-007253,LOT-01845,L5,BNK-L5-1,NY6-F,12182
CON-007254,LOT-01845,L5,BNK-L5-2,NY6-H,2088
CON-007255,LOT-01845,L5,BNK-L5-3,MB-NA,281
CON-007256,LOT-01845,L5,BNK-L5-4,MB-NS,142
CON-007257,LOT-01846,L5,BNK-L5-1,NY6-F,12299
CON-007258,LOT-01846,L5,BNK-L5-2,NY6-H,2108
CON-007259,LOT-01846,L5,BNK-L5-3,MB-NA,284
CON-007260,LOT-01846,L5,BNK-L5-4,MB-NS,143
CON-007261,LOT-01847,L6,BNK-L6-1,NY6-F,10542
CON-007262,LOT-01847,L6,BNK-L6-2,NY6-H,2417
CON-007263,LOT-01847,L6,BNK-L6-3,MB-NA,198
CON-007264,LOT-01847,L6,BNK-L6-4,MB-NS,200
CON-007265,LOT-01848,L6,BNK-L6-1,NY6-F,10652
CON-007266,LOT-01848,L6,BNK-L6-2,NY6-H,2442
CON-007267,LOT-01848,L6,BNK-L6-3,MB-NA,200
CON-007268,LOT-01848,L6,BNK-L6-4,MB-NS,202
CON-007269,LOT-01849,L2,BNK-L2-1,PET-BR,21312
CON-007270,LOT-01849,L2,BNK-L2-2,PET-RC,4227
CON-007271,LOT-01849,L2,BNK-L2-3,MB-AB,388
CON-007272,LOT-01849,L2,BNK-L2-4,MB-WH,251
CON-007273,LOT-01850,L2,BNK-L2-1,PET-BR,21436
CON-007274,LOT-01850,L2,BNK-L2-2,PET-RC,4252
CON-007275,LOT-01850,L2,BNK-L2-3,MB-AB,390
CON-007276,LOT-01850,L2,BNK-L2-4,MB-WH,252
CON-007277,LOT-01851,L3,BNK-L3-1,PET-BR,22974
CON-007278,LOT-01851,L3,BNK-L3-2,PET-SD,2592
CON-007279,LOT-01851,L3,BNK-L3-3,MB-SL,503
CON-007280,LOT-01851,L3,BNK-L3-4,MB-UV,254
CON-007281,LOT-01852,L3,BNK-L3-1,PET-BR,23107
CON-007282,LOT-01852,L3,BNK-L3-2,PET-SD,2607
CON-007283,LOT-01852,L3,BNK-L3-3,MB-SL,506
CON-007284,LOT-01852,L3,BNK-L3-4,MB-UV,255
CON-007285,LOT-01853,L4,BNK-L4-1,PET-BR,20641
CON-007286,LOT-01853,L4,BNK-L4-2,PET-CO,3399
CON-007287,LOT-01853,L4,BNK-L4-3,MB-WH,478
CON-007288,LOT-01853,L4,BNK-L4-4,MB-UV,241
CON-007289,LOT-01854,L4,BNK-L4-1,PET-BR,20767
CON-007290,LOT-01854,L4,BNK-L4-2,PET-CO,3420
CON-007291,LOT-01854,L4,BNK-L4-3,MB-WH,476
CON-007292,LOT-01854,L4,BNK-L4-4,MB-UV,240
CON-007293,LOT-01855,L5,BNK-L5-1,NY6-F,11335
CON-007294,LOT-01855,L5,BNK-L5-2,NY6-H,2685
CON-007295,LOT-01855,L5,BNK-L5-3,MB-NA,214
CON-007296,LOT-01855,L5,BNK-L5-4,MB-NS,216
CON-007297,LOT-01856,L5,BNK-L5-1,NY6-F,11444
CON-007298,LOT-01856,L5,BNK-L5-2,NY6-H,2711
CON-007299,LOT-01856,L5,BNK-L5-3,MB-NA,216
CON-007300,LOT-01856,L5,BNK-L5-4,MB-NS,218
CON-007301,LOT-01857,L6,BNK-L6-1,NY6-F,10382
CON-007302,LOT-01857,L6,BNK-L6-2,NY6-H,2787
CON-007303,LOT-01857,L6,BNK-L6-3,MB-NA,268
CON-007304,LOT-01857,L6,BNK-L6-4,MB-NS,130
CON-007305,LOT-01858,L6,BNK-L6-1,NY6-F,10489
CON-007306,LOT-01858,L6,BNK-L6-2,NY6-H,2816
CON-007307,LOT-01858,L6,BNK-L6-3,MB-NA,271
CON-007308,LOT-01858,L6,BNK-L6-4,MB-NS,131
CON-007309,LOT-01859,L1,BNK-L1-1,PET-BR,25617
CON-007310,LOT-01859,L1,BNK-L1-2,PET-SD,1072
CON-007311,LOT-01859,L1,BNK-L1-3,MB-AB,406
CON-007312,LOT-01859,L1,BNK-L1-4,MB-SL,263
CON-007313,LOT-01860,L1,BNK-L1-1,PET-BR,25760
CON-007314,LOT-01860,L1,BNK-L1-2,PET-SD,1078
CON-007315,LOT-01860,L1,BNK-L1-3,MB-AB,408
CON-007316,LOT-01860,L1,BNK-L1-4,MB-SL,264
CON-007317,LOT-01861,L3,BNK-L3-1,PET-BR,22033
CON-007318,LOT-01861,L3,BNK-L3-2,PET-SD,3799
CON-007319,LOT-01861,L3,BNK-L3-3,MB-SL,511
CON-007320,LOT-01861,L3,BNK-L3-4,MB-UV,258
CON-007321,LOT-01862,L3,BNK-L3-1,PET-BR,22160
CON-007322,LOT-01862,L3,BNK-L3-2,PET-SD,3821
CON-007323,LOT-01862,L3,BNK-L3-3,MB-SL,514
CON-007324,LOT-01862,L3,BNK-L3-4,MB-UV,259
CON-007325,LOT-01863,L4,BNK-L4-1,PET-BR,19559
CON-007326,LOT-01863,L4,BNK-L4-2,PET-CO,4336
CON-007327,LOT-01863,L4,BNK-L4-3,MB-WH,364
CON-007328,LOT-01863,L4,BNK-L4-4,MB-UV,368
CON-007329,LOT-01864,L4,BNK-L4-1,PET-BR,19465
CON-007330,LOT-01864,L4,BNK-L4-2,PET-CO,4315
CON-007331,LOT-01864,L4,BNK-L4-3,MB-WH,367
CON-007332,LOT-01864,L4,BNK-L4-4,MB-UV,370
CON-007333,LOT-01865,L5,BNK-L5-1,NY6-F,11226
CON-007334,LOT-01865,L5,BNK-L5-2,NY6-H,3014
CON-007335,LOT-01865,L5,BNK-L5-3,MB-NA,290
CON-007336,LOT-01865,L5,BNK-L5-4,MB-NS,141
CON-007337,LOT-01866,L5,BNK-L5-1,NY6-F,11333
CON-007338,LOT-01866,L5,BNK-L5-2,NY6-H,3042
CON-007339,LOT-01866,L5,BNK-L5-3,MB-NA,293
CON-007340,LOT-01866,L5,BNK-L5-4,MB-NS,142
CON-007341,LOT-01867,L6,BNK-L6-1,NY6-F,10973
CON-007342,LOT-01867,L6,BNK-L6-2,NY6-H,2336
CON-007343,LOT-01867,L6,BNK-L6-3,MB-NA,202
CON-007344,LOT-01867,L6,BNK-L6-4,MB-NS,131
CON-007345,LOT-01868,L6,BNK-L6-1,NY6-F,11086
CON-007346,LOT-01868,L6,BNK-L6-2,NY6-H,2360
CON-007347,LOT-01868,L6,BNK-L6-3,MB-NA,204
CON-007348,LOT-01868,L6,BNK-L6-4,MB-NS,132
CON-007349,LOT-01869,L1,BNK-L1-1,PET-BR,26017
CON-007350,LOT-01869,L1,BNK-L1-2,PET-SD,817
CON-007351,LOT-01869,L1,BNK-L1-3,MB-AB,528
CON-007352,LOT-01869,L1,BNK-L1-4,MB-SL,267
CON-007353,LOT-01870,L1,BNK-L1-1,PET-BR,26161
CON-007354,LOT-01870,L1,BNK-L1-2,PET-SD,821
CON-007355,LOT-01870,L1,BNK-L1-3,MB-AB,531
CON-007356,LOT-01870,L1,BNK-L1-4,MB-SL,268
CON-007357,LOT-01871,L2,BNK-L2-1,PET-BR,20461
CON-007358,LOT-01871,L2,BNK-L2-2,PET-RC,5732
CON-007359,LOT-01871,L2,BNK-L2-3,MB-AB,386
CON-007360,LOT-01871,L2,BNK-L2-4,MB-WH,260
CON-007361,LOT-01872,L2,BNK-L2-1,PET-BR,20578
CON-007362,LOT-01872,L2,BNK-L2-2,PET-RC,5765
CON-007363,LOT-01872,L2,BNK-L2-3,MB-AB,388
CON-007364,LOT-01872,L2,BNK-L2-4,MB-WH,261
CON-007365,LOT-01873,L4,BNK-L4-1,PET-BR,18910
CON-007366,LOT-01873,L4,BNK-L4-2,PET-CO,5386
CON-007367,LOT-01873,L4,BNK-L4-3,MB-WH,494
CON-007368,LOT-01873,L4,BNK-L4-4,MB-UV,240
CON-007369,LOT-01874,L4,BNK-L4-1,PET-BR,19024
CON-007370,LOT-01874,L4,BNK-L4-2,PET-CO,5418
CON-007371,LOT-01874,L4,BNK-L4-3,MB-WH,497
CON-007372,LOT-01874,L4,BNK-L4-4,MB-UV,241
CON-007373,LOT-01875,L5,BNK-L5-1,NY6-F,11843
CON-007374,LOT-01875,L5,BNK-L5-2,NY6-H,2698
CON-007375,LOT-01875,L5,BNK-L5-3,MB-NA,221
CON-007376,LOT-01875,L5,BNK-L5-4,MB-NS,143
CON-007377,LOT-01876,L5,BNK-L5-1,NY6-F,11827
CON-007378,LOT-01876,L5,BNK-L5-2,NY6-H,2695
CON-007379,LOT-01876,L5,BNK-L5-3,MB-NA,221
CON-007380,LOT-01876,L5,BNK-L5-4,MB-NS,143
CON-007381,LOT-01877,L6,BNK-L6-1,NY6-F,10744
CON-007382,LOT-01877,L6,BNK-L6-2,NY6-H,2780
CON-007383,LOT-01877,L6,BNK-L6-3,MB-NA,198
CON-007384,LOT-01877,L6,BNK-L6-4,MB-NS,133
CON-007385,LOT-01878,L6,BNK-L6-1,NY6-F,10853
CON-007386,LOT-01878,L6,BNK-L6-2,NY6-H,2808
CON-007387,LOT-01878,L6,BNK-L6-3,MB-NA,200
CON-007388,LOT-01878,L6,BNK-L6-4,MB-NS,134
CON-007389,LOT-01879,L1,BNK-L1-1,PET-BR,26146
CON-007390,LOT-01879,L1,BNK-L1-2,PET-SD,1329
CON-007391,LOT-01879,L1,BNK-L1-3,MB-AB,402
CON-007392,LOT-01879,L1,BNK-L1-4,MB-SL,271
CON-007393,LOT-01880,L1,BNK-L1-1,PET-BR,26290
CON-007394,LOT-01880,L1,BNK-L1-2,PET-SD,1337
CON-007395,LOT-01880,L1,BNK-L1-3,MB-AB,405
CON-007396,LOT-01880,L1,BNK-L1-4,MB-SL,272
CON-007397,LOT-01881,L2,BNK-L2-1,PET-BR,22169
CON-007398,LOT-01881,L2,BNK-L2-2,PET-RC,3494
CON-007399,LOT-01881,L2,BNK-L2-3,MB-AB,522
CON-007400,LOT-01881,L2,BNK-L2-4,MB-WH,264
CON-007401,LOT-01882,L2,BNK-L2-1,PET-BR,22296
CON-007402,LOT-01882,L2,BNK-L2-2,PET-RC,3514
CON-007403,LOT-01882,L2,BNK-L2-3,MB-AB,525
CON-007404,LOT-01882,L2,BNK-L2-4,MB-WH,265
CON-007405,LOT-01883,L3,BNK-L3-1,PET-BR,10892
CON-007406,LOT-01883,L3,BNK-L3-2,PET-SD,15712
CON-007407,LOT-01884,L3,BNK-L3-1,PET-BR,10954
CON-007408,LOT-01884,L3,BNK-L3-2,PET-SD,15802
CON-007409,LOT-01885,L5,BNK-L5-1,NY6-F,11510
CON-007410,LOT-01885,L5,BNK-L5-2,NY6-H,3257
CON-007411,LOT-01885,L5,BNK-L5-3,MB-NA,216
CON-007412,LOT-01885,L5,BNK-L5-4,MB-NS,145
CON-007413,LOT-01886,L5,BNK-L5-1,NY6-F,11618
CON-007414,LOT-01886,L5,BNK-L5-2,NY6-H,3288
CON-007415,LOT-01886,L5,BNK-L5-3,MB-NA,218
CON-007416,LOT-01886,L5,BNK-L5-4,MB-NS,147
CON-007417,LOT-01887,L6,BNK-L6-1,NY6-F,11663
CON-007418,LOT-01887,L6,BNK-L6-2,NY6-H,1921
CON-007419,LOT-01887,L6,BNK-L6-3,MB-NA,268
CON-007420,LOT-01887,L6,BNK-L6-4,MB-NS,135
CON-007421,LOT-01888,L6,BNK-L6-1,NY6-F,11781
CON-007422,LOT-01888,L6,BNK-L6-2,NY6-H,1940
CON-007423,LOT-01888,L6,BNK-L6-3,MB-NA,270
CON-007424,LOT-01888,L6,BNK-L6-4,MB-NS,136
CON-007425,LOT-01889,L1,BNK-L1-1,PET-BR,25801
CON-007426,LOT-01889,L1,BNK-L1-2,PET-SD,810
CON-007427,LOT-01889,L1,BNK-L1-3,MB-AB,545
CON-007428,LOT-01889,L1,BNK-L1-4,MB-SL,413
CON-007429,LOT-01890,L1,BNK-L1-1,PET-BR,25944
CON-007430,LOT-01890,L1,BNK-L1-2,PET-SD,815
CON-007431,LOT-01890,L1,BNK-L1-3,MB-AB,548
CON-007432,LOT-01890,L1,BNK-L1-4,MB-SL,415
CON-007433,LOT-01891,L2,BNK-L2-1,PET-BR,21349
CON-007434,LOT-01891,L2,BNK-L2-2,PET-RC,4732
CON-007435,LOT-01891,L2,BNK-L2-3,MB-AB,398
CON-007436,LOT-01891,L2,BNK-L2-4,MB-WH,386
CON-007437,LOT-01892,L2,BNK-L2-1,PET-BR,21471
CON-007438,LOT-01892,L2,BNK-L2-2,PET-RC,4759
CON-007439,LOT-01892,L2,BNK-L2-3,MB-AB,400
CON-007440,LOT-01892,L2,BNK-L2-4,MB-WH,389
CON-007441,LOT-01893,L3,BNK-L3-1,PET-BR,22826
CON-007442,LOT-01893,L3,BNK-L3-2,PET-SD,3161
CON-007443,LOT-01893,L3,BNK-L3-3,MB-SL,531
CON-007444,LOT-01893,L3,BNK-L3-4,MB-UV,258
CON-007445,LOT-01894,L3,BNK-L3-1,PET-BR,22955
CON-007446,LOT-01894,L3,BNK-L3-2,PET-SD,3179
CON-007447,LOT-01894,L3,BNK-L3-3,MB-SL,534
CON-007448,LOT-01894,L3,BNK-L3-4,MB-UV,260
CON-007449,LOT-01895,L4,BNK-L4-1,PET-BR,19873
CON-007450,LOT-01895,L4,BNK-L4-2,PET-CO,5016
CON-007451,LOT-01895,L4,BNK-L4-3,MB-WH,487
CON-007452,LOT-01895,L4,BNK-L4-4,MB-UV,246
CON-007453,LOT-01896,L4,BNK-L4-1,PET-BR,19992
CON-007454,LOT-01896,L4,BNK-L4-2,PET-CO,5046
CON-007455,LOT-01896,L4,BNK-L4-3,MB-WH,490
CON-007456,LOT-01896,L4,BNK-L4-4,MB-UV,247
CON-007457,LOT-01897,L6,BNK-L6-1,NY6-F,10977
CON-007458,LOT-01897,L6,BNK-L6-2,NY6-H,2516
CON-007459,LOT-01897,L6,BNK-L6-3,MB-NA,206
CON-007460,LOT-01897,L6,BNK-L6-4,MB-NS,208
CON-007461,LOT-01898,L6,BNK-L6-1,NY6-F,10967
CON-007462,LOT-01898,L6,BNK-L6-2,NY6-H,2514
CON-007463,LOT-01898,L6,BNK-L6-3,MB-NA,206
CON-007464,LOT-01898,L6,BNK-L6-4,MB-NS,208
CON-007465,LOT-01899,L1,BNK-L1-1,PET-BR,24742
CON-007466,LOT-01899,L1,BNK-L1-2,PET-SD,1308
CON-007467,LOT-01899,L1,BNK-L1-3,MB-AB,396
CON-007468,LOT-01899,L1,BNK-L1-4,MB-SL,256
CON-007469,LOT-01900,L1,BNK-L1-1,PET-BR,24883
CON-007470,LOT-01900,L1,BNK-L1-2,PET-SD,1316
CON-007471,LOT-01900,L1,BNK-L1-3,MB-AB,398
CON-007472,LOT-01900,L1,BNK-L1-4,MB-SL,258
CON-007473,LOT-01901,L2,BNK-L2-1,PET-BR,20950
CON-007474,LOT-01901,L2,BNK-L2-2,PET-RC,4155
CON-007475,LOT-01901,L2,BNK-L2-3,MB-AB,381
CON-007476,LOT-01901,L2,BNK-L2-4,MB-WH,247
CON-007477,LOT-01902,L2,BNK-L2-1,PET-BR,21073
CON-007478,LOT-01902,L2,BNK-L2-2,PET-RC,4180
CON-007479,LOT-01902,L2,BNK-L2-3,MB-AB,383
CON-007480,LOT-01902,L2,BNK-L2-4,MB-WH,248
CON-007481,LOT-01903,L3,BNK-L3-1,PET-BR,22584
CON-007482,LOT-01903,L3,BNK-L3-2,PET-SD,2548
CON-007483,LOT-01903,L3,BNK-L3-3,MB-SL,494
CON-007484,LOT-01903,L3,BNK-L3-4,MB-UV,250
CON-007485,LOT-01904,L3,BNK-L3-1,PET-BR,22717
CON-007486,LOT-01904,L3,BNK-L3-2,PET-SD,2563
CON-007487,LOT-01904,L3,BNK-L3-3,MB-SL,497
CON-007488,LOT-01904,L3,BNK-L3-4,MB-UV,251
CON-007489,LOT-01905,L4,BNK-L4-1,PET-BR,20488
CON-007490,LOT-01905,L4,BNK-L4-2,PET-CO,3375
CON-007491,LOT-01905,L4,BNK-L4-3,MB-WH,470
CON-007492,LOT-01905,L4,BNK-L4-4,MB-UV,237
CON-007493,LOT-01906,L4,BNK-L4-1,PET-BR,20615
CON-007494,LOT-01906,L4,BNK-L4-2,PET-CO,3396
CON-007495,LOT-01906,L4,BNK-L4-3,MB-WH,473
CON-007496,LOT-01906,L4,BNK-L4-4,MB-UV,239
CON-007497,LOT-01907,L5,BNK-L5-1,NY6-F,11277
CON-007498,LOT-01907,L5,BNK-L5-2,NY6-H,2671
CON-007499,LOT-01907,L5,BNK-L5-3,MB-NA,213
CON-007500,LOT-01907,L5,BNK-L5-4,MB-NS,215
CON-007501,LOT-01908,L5,BNK-L5-1,NY6-F,11387
CON-007502,LOT-01908,L5,BNK-L5-2,NY6-H,2697
CON-007503,LOT-01908,L5,BNK-L5-3,MB-NA,215
CON-007504,LOT-01908,L5,BNK-L5-4,MB-NS,217
CON-007505,LOT-01909,L1,BNK-L1-1,PET-BR,25148
CON-007506,LOT-01909,L1,BNK-L1-2,PET-SD,1053
CON-007507,LOT-01909,L1,BNK-L1-3,MB-AB,398
CON-007508,LOT-01909,L1,BNK-L1-4,MB-SL,258
CON-007509,LOT-01910,L1,BNK-L1-1,PET-BR,25291
CON-007510,LOT-01910,L1,BNK-L1-2,PET-SD,1059
CON-007511,LOT-01910,L1,BNK-L1-3,MB-AB,400
CON-007512,LOT-01910,L1,BNK-L1-4,MB-SL,259
CON-007513,LOT-01911,L2,BNK-L2-1,PET-BR,20272
CON-007514,LOT-01911,L2,BNK-L2-2,PET-RC,5245
CON-007515,LOT-01911,L2,BNK-L2-3,MB-AB,372
CON-007516,LOT-01911,L2,BNK-L2-4,MB-WH,251
CON-007517,LOT-01912,L2,BNK-L2-1,PET-BR,20391
CON-007518,LOT-01912,L2,BNK-L2-2,PET-RC,5276
CON-007519,LOT-01912,L2,BNK-L2-3,MB-AB,375
CON-007520,LOT-01912,L2,BNK-L2-4,MB-WH,252
CON-007521,LOT-01913,L3,BNK-L3-1,PET-BR,21662
CON-007522,LOT-01913,L3,BNK-L3-2,PET-SD,3734
CON-007523,LOT-01913,L3,BNK-L3-3,MB-SL,502
CON-007524,LOT-01913,L3,BNK-L3-4,MB-UV,254
CON-007525,LOT-01914,L3,BNK-L3-1,PET-BR,21789
CON-007526,LOT-01914,L3,BNK-L3-2,PET-SD,3756
CON-007527,LOT-01914,L3,BNK-L3-3,MB-SL,505
CON-007528,LOT-01914,L3,BNK-L3-4,MB-UV,255
CON-007529,LOT-01915,L4,BNK-L4-1,PET-BR,19211
CON-007530,LOT-01915,L4,BNK-L4-2,PET-CO,4259
CON-007531,LOT-01915,L4,BNK-L4-3,MB-WH,358
CON-007532,LOT-01915,L4,BNK-L4-4,MB-UV,361
CON-007533,LOT-01916,L4,BNK-L4-1,PET-BR,19329
CON-007534,LOT-01916,L4,BNK-L4-2,PET-CO,4285
CON-007535,LOT-01916,L4,BNK-L4-3,MB-WH,360
CON-007536,LOT-01916,L4,BNK-L4-4,MB-UV,364
CON-007537,LOT-01917,L5,BNK-L5-1,NY6-F,11169
CON-007538,LOT-01917,L5,BNK-L5-2,NY6-H,2998
CON-007539,LOT-01917,L5,BNK-L5-3,MB-NA,288
CON-007540,LOT-01917,L5,BNK-L5-4,MB-NS,140
CON-007541,LOT-01918,L5,BNK-L5-1,NY6-F,11277
CON-007542,LOT-01918,L5,BNK-L5-2,NY6-H,3027
CON-007543,LOT-01918,L5,BNK-L5-3,MB-NA,291
CON-007544,LOT-01918,L5,BNK-L5-4,MB-NS,141
CON-007545,LOT-01919,L6,BNK-L6-1,NY6-F,10907
CON-007546,LOT-01919,L6,BNK-L6-2,NY6-H,2322
CON-007547,LOT-01919,L6,BNK-L6-3,MB-NA,201
CON-007548,LOT-01919,L6,BNK-L6-4,MB-NS,130
CON-007549,LOT-01920,L6,BNK-L6-1,NY6-F,10901
CON-007550,LOT-01920,L6,BNK-L6-2,NY6-H,2321
CON-007551,LOT-01920,L6,BNK-L6-3,MB-NA,201
CON-007552,LOT-01920,L6,BNK-L6-4,MB-NS,130
CON-007553,LOT-01921,L1,BNK-L1-1,PET-BR,25594
CON-007554,LOT-01921,L1,BNK-L1-2,PET-SD,803
CON-007555,LOT-01921,L1,BNK-L1-3,MB-AB,520
CON-007556,LOT-01921,L1,BNK-L1-4,MB-SL,262
CON-007557,LOT-01922,L1,BNK-L1-1,PET-BR,25738
CON-007558,LOT-01922,L1,BNK-L1-2,PET-SD,808
CON-007559,LOT-01922,L1,BNK-L1-3,MB-AB,523
CON-007560,LOT-01922,L1,BNK-L1-4,MB-SL,264
CON-007561,LOT-01923,L2,BNK-L2-1,PET-BR,20119
CON-007562,LOT-01923,L2,BNK-L2-2,PET-RC,5636
CON-007563,LOT-01923,L2,BNK-L2-3,MB-AB,379
CON-007564,LOT-01923,L2,BNK-L2-4,MB-WH,255
CON-007565,LOT-01924,L2,BNK-L2-1,PET-BR,20235
CON-007566,LOT-01924,L2,BNK-L2-2,PET-RC,5669
CON-007567,LOT-01924,L2,BNK-L2-3,MB-AB,381
CON-007568,LOT-01924,L2,BNK-L2-4,MB-WH,257
CON-007569,LOT-01925,L3,BNK-L3-1,PET-BR,22588
CON-007570,LOT-01925,L3,BNK-L3-2,PET-SD,2408
CON-007571,LOT-01925,L3,BNK-L3-3,MB-SL,511
CON-007572,LOT-01925,L3,BNK-L3-4,MB-UV,387
CON-007573,LOT-01926,L3,BNK-L3-1,PET-BR,22720
CON-007574,LOT-01926,L3,BNK-L3-2,PET-SD,2422
CON-007575,LOT-01926,L3,BNK-L3-3,MB-SL,514
CON-007576,LOT-01926,L3,BNK-L3-4,MB-UV,390
CON-007577,LOT-01927,L4,BNK-L4-1,PET-BR,18612
CON-007578,LOT-01927,L4,BNK-L4-2,PET-CO,5301
CON-007579,LOT-01927,L4,BNK-L4-3,MB-WH,486
CON-007580,LOT-01927,L4,BNK-L4-4,MB-UV,236
CON-007581,LOT-01928,L4,BNK-L4-1,PET-BR,18726
CON-007582,LOT-01928,L4,BNK-L4-2,PET-CO,5333
CON-007583,LOT-01928,L4,BNK-L4-3,MB-WH,489
CON-007584,LOT-01928,L4,BNK-L4-4,MB-UV,237
CON-007585,LOT-01929,L5,BNK-L5-1,NY6-F,11680
CON-007586,LOT-01929,L5,BNK-L5-2,NY6-H,2661
CON-007587,LOT-01929,L5,BNK-L5-3,MB-NA,218
CON-007588,LOT-01929,L5,BNK-L5-4,MB-NS,141
CON-007589,LOT-01930,L5,BNK-L5-1,NY6-F,11792
CON-007590,LOT-01930,L5,BNK-L5-2,NY6-H,2686
CON-007591,LOT-01930,L5,BNK-L5-3,MB-NA,220
CON-007592,LOT-01930,L5,BNK-L5-4,MB-NS,142
CON-007593,LOT-01931,L6,BNK-L6-1,NY6-F,10586
CON-007594,LOT-01931,L6,BNK-L6-2,NY6-H,2739
CON-007595,LOT-01931,L6,BNK-L6-3,MB-NA,195
CON-007596,LOT-01931,L6,BNK-L6-4,MB-NS,131
CON-007597,LOT-01932,L6,BNK-L6-1,NY6-F,10695
CON-007598,LOT-01932,L6,BNK-L6-2,NY6-H,2767
CON-007599,LOT-01932,L6,BNK-L6-3,MB-NA,197
CON-007600,LOT-01932,L6,BNK-L6-4,MB-NS,132
CON-007601,LOT-01933,L1,BNK-L1-1,PET-BR,25774
CON-007602,LOT-01933,L1,BNK-L1-2,PET-SD,1310
CON-007603,LOT-01933,L1,BNK-L1-3,MB-AB,397
CON-007604,LOT-01933,L1,BNK-L1-4,MB-SL,267
CON-007605,LOT-01934,L1,BNK-L1-1,PET-BR,25917
CON-007606,LOT-01934,L1,BNK-L1-2,PET-SD,1318
CON-007607,LOT-01934,L1,BNK-L1-3,MB-AB,399
CON-007608,LOT-01934,L1,BNK-L1-4,MB-SL,269
CON-007609,LOT-01935,L2,BNK-L2-1,PET-BR,21841
CON-007610,LOT-01935,L2,BNK-L2-2,PET-RC,3443
CON-007611,LOT-01935,L2,BNK-L2-3,MB-AB,515
CON-007612,LOT-01935,L2,BNK-L2-4,MB-WH,260
CON-007613,LOT-01936,L2,BNK-L2-1,PET-BR,21968
CON-007614,LOT-01936,L2,BNK-L2-2,PET-RC,3462
CON-007615,LOT-01936,L2,BNK-L2-3,MB-AB,517
CON-007616,LOT-01936,L2,BNK-L2-4,MB-WH,261
CON-007617,LOT-01937,L3,BNK-L3-1,PET-BR,10731
CON-007618,LOT-01937,L3,BNK-L3-2,PET-SD,15480
CON-007619,LOT-01938,L3,BNK-L3-1,PET-BR,10793
CON-007620,LOT-01938,L3,BNK-L3-2,PET-SD,15569
CON-007621,LOT-01939,L4,BNK-L4-1,PET-BR,19973
CON-007622,LOT-01939,L4,BNK-L4-2,PET-CO,4252
CON-007623,LOT-01939,L4,BNK-L4-3,MB-WH,368
CON-007624,LOT-01939,L4,BNK-L4-4,MB-UV,238
CON-007625,LOT-01940,L4,BNK-L4-1,PET-BR,20095
CON-007626,LOT-01940,L4,BNK-L4-2,PET-CO,4278
CON-007627,LOT-01940,L4,BNK-L4-3,MB-WH,370
CON-007628,LOT-01940,L4,BNK-L4-4,MB-UV,240
CON-007629,LOT-01941,L5,BNK-L5-1,NY6-F,11375
CON-007630,LOT-01941,L5,BNK-L5-2,NY6-H,3219
CON-007631,LOT-01941,L5,BNK-L5-3,MB-NA,213
CON-007632,LOT-01941,L5,BNK-L5-4,MB-NS,144
CON-007633,LOT-01942,L5,BNK-L5-1,NY6-F,11361
CON-007634,LOT-01942,L5,BNK-L5-2,NY6-H,3215
CON-007635,LOT-01942,L5,BNK-L5-3,MB-NA,213
CON-007636,LOT-01942,L5,BNK-L5-4,MB-NS,143
CON-007637,LOT-01943,L6,BNK-L6-1,NY6-F,11515
CON-007638,LOT-01943,L6,BNK-L6-2,NY6-H,1896
CON-007639,LOT-01943,L6,BNK-L6-3,MB-NA,264
CON-007640,LOT-01943,L6,BNK-L6-4,MB-NS,133
CON-007641,LOT-01944,L6,BNK-L6-1,NY6-F,11633
CON-007642,LOT-01944,L6,BNK-L6-2,NY6-H,1916
CON-007643,LOT-01944,L6,BNK-L6-3,MB-NA,267
CON-007644,LOT-01944,L6,BNK-L6-4,MB-NS,135
CON-007645,LOT-01945,L1,BNK-L1-1,PET-BR,25486
CON-007646,LOT-01945,L1,BNK-L1-2,PET-SD,800
CON-007647,LOT-01945,L1,BNK-L1-3,MB-AB,538
CON-007648,LOT-01945,L1,BNK-L1-4,MB-SL,408
CON-007649,LOT-01946,L1,BNK-L1-1,PET-BR,25628
CON-007650,LOT-01946,L1,BNK-L1-2,PET-SD,805
CON-007651,LOT-01946,L1,BNK-L1-3,MB-AB,541
CON-007652,LOT-01946,L1,BNK-L1-4,MB-SL,410
CON-007653,LOT-01947,L2,BNK-L2-1,PET-BR,21077
CON-007654,LOT-01947,L2,BNK-L2-2,PET-RC,4672
CON-007655,LOT-01947,L2,BNK-L2-3,MB-AB,393
CON-007656,LOT-01947,L2,BNK-L2-4,MB-WH,381
CON-007657,LOT-01948,L2,BNK-L2-1,PET-BR,21198
CON-007658,LOT-01948,L2,BNK-L2-2,PET-RC,4699
CON-007659,LOT-01948,L2,BNK-L2-3,MB-AB,395
CON-007660,LOT-01948,L2,BNK-L2-4,MB-WH,384
CON-007661,LOT-01949,L3,BNK-L3-1,PET-BR,22535
CON-007662,LOT-01949,L3,BNK-L3-2,PET-SD,3121
CON-007663,LOT-01949,L3,BNK-L3-3,MB-SL,525
CON-007664,LOT-01949,L3,BNK-L3-4,MB-UV,255
CON-007665,LOT-01950,L3,BNK-L3-1,PET-BR,22664
CON-007666,LOT-01950,L3,BNK-L3-2,PET-SD,3139
CON-007667,LOT-01950,L3,BNK-L3-3,MB-SL,528
CON-007668,LOT-01950,L3,BNK-L3-4,MB-UV,256
CON-007669,LOT-01951,L4,BNK-L4-1,PET-BR,19603
CON-007670,LOT-01951,L4,BNK-L4-2,PET-CO,4948
CON-007671,LOT-01951,L4,BNK-L4-3,MB-WH,480
CON-007672,LOT-01951,L4,BNK-L4-4,MB-UV,242
CON-007673,LOT-01952,L4,BNK-L4-1,PET-BR,19512
CON-007674,LOT-01952,L4,BNK-L4-2,PET-CO,4926
CON-007675,LOT-01952,L4,BNK-L4-3,MB-WH,483
CON-007676,LOT-01952,L4,BNK-L4-4,MB-UV,244
CON-007677,LOT-01953,L5,BNK-L5-1,NY6-F,12396
CON-007678,LOT-01953,L5,BNK-L5-2,NY6-H,2124
CON-007679,LOT-01953,L5,BNK-L5-3,MB-NA,286
CON-007680,LOT-01953,L5,BNK-L5-4,MB-NS,144
CON-007681,LOT-01954,L5,BNK-L5-1,NY6-F,12513
CON-007682,LOT-01954,L5,BNK-L5-2,NY6-H,2144
CON-007683,LOT-01954,L5,BNK-L5-3,MB-NA,289
CON-007684,LOT-01954,L5,BNK-L5-4,MB-NS,146
CON-007685,LOT-01955,L6,BNK-L6-1,NY6-F,10743
CON-007686,LOT-01955,L6,BNK-L6-2,NY6-H,2463
CON-007687,LOT-01955,L6,BNK-L6-3,MB-NA,202
CON-007688,LOT-01955,L6,BNK-L6-4,MB-NS,204
CON-007689,LOT-01956,L6,BNK-L6-1,NY6-F,10852
CON-007690,LOT-01956,L6,BNK-L6-2,NY6-H,2488
CON-007691,LOT-01956,L6,BNK-L6-3,MB-NA,204
CON-007692,LOT-01956,L6,BNK-L6-4,MB-NS,206
CON-007693,LOT-01957,L1,BNK-L1-1,PET-BR,25668
CON-007694,LOT-01957,L1,BNK-L1-2,PET-SD,1357
CON-007695,LOT-01957,L1,BNK-L1-3,MB-AB,411
CON-007696,LOT-01957,L1,BNK-L1-4,MB-SL,266
CON-007697,LOT-01958,L1,BNK-L1-1,PET-BR,25810
CON-007698,LOT-01958,L1,BNK-L1-2,PET-SD,1365
CON-007699,LOT-01958,L1,BNK-L1-3,MB-AB,413
CON-007700,LOT-01958,L1,BNK-L1-4,MB-SL,267
CON-007701,LOT-01959,L2,BNK-L2-1,PET-BR,21762
CON-007702,LOT-01959,L2,BNK-L2-2,PET-RC,4317
CON-007703,LOT-01959,L2,BNK-L2-3,MB-AB,396
CON-007704,LOT-01959,L2,BNK-L2-4,MB-WH,256
CON-007705,LOT-01960,L2,BNK-L2-1,PET-BR,21887
CON-007706,LOT-01960,L2,BNK-L2-2,PET-RC,4341
CON-007707,LOT-01960,L2,BNK-L2-3,MB-AB,398
CON-007708,LOT-01960,L2,BNK-L2-4,MB-WH,258
CON-007709,LOT-01961,L3,BNK-L3-1,PET-BR,23460
CON-007710,LOT-01961,L3,BNK-L3-2,PET-SD,2647
CON-007711,LOT-01961,L3,BNK-L3-3,MB-SL,514
CON-007712,LOT-01961,L3,BNK-L3-4,MB-UV,259
CON-007713,LOT-01962,L3,BNK-L3-1,PET-BR,23593
CON-007714,LOT-01962,L3,BNK-L3-2,PET-SD,2662
CON-007715,LOT-01962,L3,BNK-L3-3,MB-SL,517
CON-007716,LOT-01962,L3,BNK-L3-4,MB-UV,261
CON-007717,LOT-01963,L4,BNK-L4-1,PET-BR,21105
CON-007718,LOT-01963,L4,BNK-L4-2,PET-CO,3476
CON-007719,LOT-01963,L4,BNK-L4-3,MB-WH,489
CON-007720,LOT-01963,L4,BNK-L4-4,MB-UV,247
CON-007721,LOT-01964,L4,BNK-L4-1,PET-BR,21232
CON-007722,LOT-01964,L4,BNK-L4-2,PET-CO,3497
CON-007723,LOT-01964,L4,BNK-L4-3,MB-WH,487
CON-007724,LOT-01964,L4,BNK-L4-4,MB-UV,246
CON-007725,LOT-01965,L5,BNK-L5-1,NY6-F,11555
CON-007726,LOT-01965,L5,BNK-L5-2,NY6-H,2737
CON-007727,LOT-01965,L5,BNK-L5-3,MB-NA,218
CON-007728,LOT-01965,L5,BNK-L5-4,MB-NS,220
CON-007729,LOT-01966,L5,BNK-L5-1,NY6-F,11664
CON-007730,LOT-01966,L5,BNK-L5-2,NY6-H,2763
CON-007731,LOT-01966,L5,BNK-L5-3,MB-NA,220
CON-007732,LOT-01966,L5,BNK-L5-4,MB-NS,222
CON-007733,LOT-01967,L6,BNK-L6-1,NY6-F,10600
CON-007734,LOT-01967,L6,BNK-L6-2,NY6-H,2845
CON-007735,LOT-01967,L6,BNK-L6-3,MB-NA,274
CON-007736,LOT-01967,L6,BNK-L6-4,MB-NS,133
CON-007737,LOT-01968,L6,BNK-L6-1,NY6-F,10707
CON-007738,LOT-01968,L6,BNK-L6-2,NY6-H,2874
CON-007739,LOT-01968,L6,BNK-L6-3,MB-NA,276
CON-007740,LOT-01968,L6,BNK-L6-4,MB-NS,134
CON-007741,LOT-01969,L1,BNK-L1-1,PET-BR,26134
CON-007742,LOT-01969,L1,BNK-L1-2,PET-SD,1094
CON-007743,LOT-01969,L1,BNK-L1-3,MB-AB,414
CON-007744,LOT-01969,L1,BNK-L1-4,MB-SL,268
CON-007745,LOT-01970,L1,BNK-L1-1,PET-BR,26278
CON-007746,LOT-01970,L1,BNK-L1-2,PET-SD,1100
CON-007747,LOT-01970,L1,BNK-L1-3,MB-AB,416
CON-007748,LOT-01970,L1,BNK-L1-4,MB-SL,269
CON-007749,LOT-01971,L2,BNK-L2-1,PET-BR,21094
CON-007750,LOT-01971,L2,BNK-L2-2,PET-RC,5458
CON-007751,LOT-01971,L2,BNK-L2-3,MB-AB,387
CON-007752,LOT-01971,L2,BNK-L2-4,MB-WH,261
CON-007753,LOT-01972,L2,BNK-L2-1,PET-BR,21214
CON-007754,LOT-01972,L2,BNK-L2-2,PET-RC,5489
CON-007755,LOT-01972,L2,BNK-L2-3,MB-AB,390
CON-007756,LOT-01972,L2,BNK-L2-4,MB-WH,262
CON-007757,LOT-01973,L3,BNK-L3-1,PET-BR,22539
CON-007758,LOT-01973,L3,BNK-L3-2,PET-SD,3886
CON-007759,LOT-01973,L3,BNK-L3-3,MB-SL,523
CON-007760,LOT-01973,L3,BNK-L3-4,MB-UV,264
CON-007761,LOT-01974,L3,BNK-L3-1,PET-BR,22428
CON-007762,LOT-01974,L3,BNK-L3-2,PET-SD,3866
CON-007763,LOT-01974,L3,BNK-L3-3,MB-SL,526
CON-007764,LOT-01974,L3,BNK-L3-4,MB-UV,265
CON-007765,LOT-01975,L4,BNK-L4-1,PET-BR,19819
CON-007766,LOT-01975,L4,BNK-L4-2,PET-CO,4394
CON-007767,LOT-01975,L4,BNK-L4-3,MB-WH,369
CON-007768,LOT-01975,L4,BNK-L4-4,MB-UV,373
CON-007769,LOT-01976,L4,BNK-L4-1,PET-BR,19937
CON-007770,LOT-01976,L4,BNK-L4-2,PET-CO,4420
CON-007771,LOT-01976,L4,BNK-L4-3,MB-WH,372
CON-007772,LOT-01976,L4,BNK-L4-4,MB-UV,375
CON-007773,LOT-01977,L5,BNK-L5-1,NY6-F,11465
CON-007774,LOT-01977,L5,BNK-L5-2,NY6-H,3078
CON-007775,LOT-01977,L5,BNK-L5-3,MB-NA,296
CON-007776,LOT-01977,L5,BNK-L5-4,MB-NS,144
CON-007777,LOT-01978,L5,BNK-L5-1,NY6-F,11573
CON-007778,LOT-01978,L5,BNK-L5-2,NY6-H,3107
CON-007779,LOT-01978,L5,BNK-L5-3,MB-NA,299
CON-007780,LOT-01978,L5,BNK-L5-4,MB-NS,145
CON-007781,LOT-01979,L6,BNK-L6-1,NY6-F,11223
CON-007782,LOT-01979,L6,BNK-L6-2,NY6-H,2390
CON-007783,LOT-01979,L6,BNK-L6-3,MB-NA,207
CON-007784,LOT-01979,L6,BNK-L6-4,MB-NS,134
CON-007785,LOT-01980,L6,BNK-L6-1,NY6-F,11336
CON-007786,LOT-01980,L6,BNK-L6-2,NY6-H,2414
CON-007787,LOT-01980,L6,BNK-L6-3,MB-NA,209
CON-007788,LOT-01980,L6,BNK-L6-4,MB-NS,135
CON-007789,LOT-01981,L1,BNK-L1-1,PET-BR,25370
CON-007790,LOT-01981,L1,BNK-L1-2,PET-SD,796
CON-007791,LOT-01981,L1,BNK-L1-3,MB-AB,515
CON-007792,LOT-01981,L1,BNK-L1-4,MB-SL,260
CON-007793,LOT-01982,L1,BNK-L1-1,PET-BR,25514
CON-007794,LOT-01982,L1,BNK-L1-2,PET-SD,801
CON-007795,LOT-01982,L1,BNK-L1-3,MB-AB,518
CON-007796,LOT-01982,L1,BNK-L1-4,MB-SL,262
CON-007797,LOT-01983,L2,BNK-L2-1,PET-BR,19930
CON-007798,LOT-01983,L2,BNK-L2-2,PET-RC,5584
CON-007799,LOT-01983,L2,BNK-L2-3,MB-AB,376
CON-007800,LOT-01983,L2,BNK-L2-4,MB-WH,253
CON-007801,LOT-01984,L2,BNK-L2-1,PET-BR,20047
CON-007802,LOT-01984,L2,BNK-L2-2,PET-RC,5617
CON-007803,LOT-01984,L2,BNK-L2-3,MB-AB,378
CON-007804,LOT-01984,L2,BNK-L2-4,MB-WH,254
CON-007805,LOT-01985,L3,BNK-L3-1,PET-BR,22138
CON-007806,LOT-01985,L3,BNK-L3-2,PET-SD,2360
CON-007807,LOT-01985,L3,BNK-L3-3,MB-SL,507
CON-007808,LOT-01985,L3,BNK-L3-4,MB-UV,384
CON-007809,LOT-01986,L3,BNK-L3-1,PET-BR,22268
CON-007810,LOT-01986,L3,BNK-L3-2,PET-SD,2374
CON-007811,LOT-01986,L3,BNK-L3-3,MB-SL,504
CON-007812,LOT-01986,L3,BNK-L3-4,MB-UV,382
CON-007813,LOT-01987,L4,BNK-L4-1,PET-BR,18225
CON-007814,LOT-01987,L4,BNK-L4-2,PET-CO,5191
CON-007815,LOT-01987,L4,BNK-L4-3,MB-WH,476
CON-007816,LOT-01987,L4,BNK-L4-4,MB-UV,231
CON-007817,LOT-01988,L4,BNK-L4-1,PET-BR,18338
CON-007818,LOT-01988,L4,BNK-L4-2,PET-CO,5223
CON-007819,LOT-01988,L4,BNK-L4-3,MB-WH,479
CON-007820,LOT-01988,L4,BNK-L4-4,MB-UV,233
CON-007821,LOT-01989,L5,BNK-L5-1,NY6-F,11461
CON-007822,LOT-01989,L5,BNK-L5-2,NY6-H,2611
CON-007823,LOT-01989,L5,BNK-L5-3,MB-NA,214
CON-007824,LOT-01989,L5,BNK-L5-4,MB-NS,138
CON-007825,LOT-01990,L5,BNK-L5-1,NY6-F,11573
CON-007826,LOT-01990,L5,BNK-L5-2,NY6-H,2637
CON-007827,LOT-01990,L5,BNK-L5-3,MB-NA,216
CON-007828,LOT-01990,L5,BNK-L5-4,MB-NS,140
CON-007829,LOT-01991,L6,BNK-L6-1,NY6-F,10490
CON-007830,LOT-01991,L6,BNK-L6-2,NY6-H,2714
CON-007831,LOT-01991,L6,BNK-L6-3,MB-NA,193
CON-007832,LOT-01991,L6,BNK-L6-4,MB-NS,130
CON-007833,LOT-01992,L6,BNK-L6-1,NY6-F,10599
CON-007834,LOT-01992,L6,BNK-L6-2,NY6-H,2742
CON-007835,LOT-01992,L6,BNK-L6-3,MB-NA,195
CON-007836,LOT-01992,L6,BNK-L6-4,MB-NS,131
CON-007837,LOT-01993,L1,BNK-L1-1,PET-BR,25549
CON-007838,LOT-01993,L1,BNK-L1-2,PET-SD,1299
CON-007839,LOT-01993,L1,BNK-L1-3,MB-AB,393
CON-007840,LOT-01993,L1,BNK-L1-4,MB-SL,265
CON-007841,LOT-01994,L1,BNK-L1-1,PET-BR,25693
CON-007842,LOT-01994,L1,BNK-L1-2,PET-SD,1307
CON-007843,LOT-01994,L1,BNK-L1-3,MB-AB,395
CON-007844,LOT-01994,L1,BNK-L1-4,MB-SL,266
CON-007845,LOT-01995,L2,BNK-L2-1,PET-BR,21642
CON-007846,LOT-01995,L2,BNK-L2-2,PET-RC,3411
CON-007847,LOT-01995,L2,BNK-L2-3,MB-AB,510
CON-007848,LOT-01995,L2,BNK-L2-4,MB-WH,257
CON-007849,LOT-01996,L2,BNK-L2-1,PET-BR,21533
CON-007850,LOT-01996,L2,BNK-L2-2,PET-RC,3394
CON-007851,LOT-01996,L2,BNK-L2-3,MB-AB,513
CON-007852,LOT-01996,L2,BNK-L2-4,MB-WH,259
CON-007853,LOT-01997,L3,BNK-L3-1,PET-BR,10519
CON-007854,LOT-01997,L3,BNK-L3-2,PET-SD,15175
CON-007855,LOT-01998,L3,BNK-L3-1,PET-BR,10580
CON-007856,LOT-01998,L3,BNK-L3-2,PET-SD,15263
CON-007857,LOT-01999,L4,BNK-L4-1,PET-BR,19560
CON-007858,LOT-01999,L4,BNK-L4-2,PET-CO,4165
CON-007859,LOT-01999,L4,BNK-L4-3,MB-WH,360
CON-007860,LOT-01999,L4,BNK-L4-4,MB-UV,233
CON-007861,LOT-02000,L4,BNK-L4-1,PET-BR,19681
CON-007862,LOT-02000,L4,BNK-L4-2,PET-CO,4190
CON-007863,LOT-02000,L4,BNK-L4-3,MB-WH,362
CON-007864,LOT-02000,L4,BNK-L4-4,MB-UV,235
CON-007865,LOT-02001,L5,BNK-L5-1,NY6-F,11163
CON-007866,LOT-02001,L5,BNK-L5-2,NY6-H,3159
CON-007867,LOT-02001,L5,BNK-L5-3,MB-NA,209
CON-007868,LOT-02001,L5,BNK-L5-4,MB-NS,141
CON-007869,LOT-02002,L5,BNK-L5-1,NY6-F,11271
CON-007870,LOT-02002,L5,BNK-L5-2,NY6-H,3189
CON-007871,LOT-02002,L5,BNK-L5-3,MB-NA,211
CON-007872,LOT-02002,L5,BNK-L5-4,MB-NS,142
CON-007873,LOT-02003,L6,BNK-L6-1,NY6-F,11411
CON-007874,LOT-02003,L6,BNK-L6-2,NY6-H,1879
CON-007875,LOT-02003,L6,BNK-L6-3,MB-NA,262
CON-007876,LOT-02003,L6,BNK-L6-4,MB-NS,132
CON-007877,LOT-02004,L6,BNK-L6-1,NY6-F,11528
CON-007878,LOT-02004,L6,BNK-L6-2,NY6-H,1899
CON-007879,LOT-02004,L6,BNK-L6-3,MB-NA,264
CON-007880,LOT-02004,L6,BNK-L6-4,MB-NS,134
CON-007881,LOT-02005,L1,BNK-L1-1,PET-BR,25270
CON-007882,LOT-02005,L1,BNK-L1-2,PET-SD,793
CON-007883,LOT-02005,L1,BNK-L1-3,MB-AB,534
CON-007884,LOT-02005,L1,BNK-L1-4,MB-SL,404
CON-007885,LOT-02006,L1,BNK-L1-1,PET-BR,25412
CON-007886,LOT-02006,L1,BNK-L1-2,PET-SD,798
CON-007887,LOT-02006,L1,BNK-L1-3,MB-AB,537
CON-007888,LOT-02006,L1,BNK-L1-4,MB-SL,406
CON-007889,LOT-02007,L2,BNK-L2-1,PET-BR,20662
CON-007890,LOT-02007,L2,BNK-L2-2,PET-RC,4580
CON-007891,LOT-02007,L2,BNK-L2-3,MB-AB,389
CON-007892,LOT-02007,L2,BNK-L2-4,MB-WH,378
CON-007893,LOT-02008,L2,BNK-L2-1,PET-BR,20782
CON-007894,LOT-02008,L2,BNK-L2-2,PET-RC,4607
CON-007895,LOT-02008,L2,BNK-L2-3,MB-AB,387
CON-007896,LOT-02008,L2,BNK-L2-4,MB-WH,376
CON-007897,LOT-02009,L3,BNK-L3-1,PET-BR,22091
CON-007898,LOT-02009,L3,BNK-L3-2,PET-SD,3059
CON-007899,LOT-02009,L3,BNK-L3-3,MB-SL,514
CON-007900,LOT-02009,L3,BNK-L3-4,MB-UV,250
CON-007901,LOT-02010,L3,BNK-L3-1,PET-BR,22220
CON-007902,LOT-02010,L3,BNK-L3-2,PET-SD,3077
CON-007903,LOT-02010,L3,BNK-L3-3,MB-SL,517
CON-007904,LOT-02010,L3,BNK-L3-4,MB-UV,251
CON-007905,LOT-02011,L4,BNK-L4-1,PET-BR,19201
CON-007906,LOT-02011,L4,BNK-L4-2,PET-CO,4847
CON-007907,LOT-02011,L4,BNK-L4-3,MB-WH,470
CON-007908,LOT-02011,L4,BNK-L4-4,MB-UV,237
CON-007909,LOT-02012,L4,BNK-L4-1,PET-BR,19319
CON-007910,LOT-02012,L4,BNK-L4-2,PET-CO,4877
CON-007911,LOT-02012,L4,BNK-L4-3,MB-WH,473
CON-007912,LOT-02012,L4,BNK-L4-4,MB-UV,239
CON-007913,LOT-02013,L5,BNK-L5-1,NY6-F,12296
CON-007914,LOT-02013,L5,BNK-L5-2,NY6-H,2107
CON-007915,LOT-02013,L5,BNK-L5-3,MB-NA,284
CON-007916,LOT-02013,L5,BNK-L5-4,MB-NS,143
CON-007917,LOT-02014,L5,BNK-L5-1,NY6-F,12414
CON-007918,LOT-02014,L5,BNK-L5-2,NY6-H,2128
CON-007919,LOT-02014,L5,BNK-L5-3,MB-NA,286
CON-007920,LOT-02014,L5,BNK-L5-4,MB-NS,145
CON-007921,LOT-02015,L6,BNK-L6-1,NY6-F,10648
CON-007922,LOT-02015,L6,BNK-L6-2,NY6-H,2441
CON-007923,LOT-02015,L6,BNK-L6-3,MB-NA,200
CON-007924,LOT-02015,L6,BNK-L6-4,MB-NS,202
CON-007925,LOT-02016,L6,BNK-L6-1,NY6-F,10758
CON-007926,LOT-02016,L6,BNK-L6-2,NY6-H,2466
CON-007927,LOT-02016,L6,BNK-L6-3,MB-NA,202
CON-007928,LOT-02016,L6,BNK-L6-4,MB-NS,204
CON-007929,LOT-02017,L1,BNK-L1-1,PET-BR,25451
CON-007930,LOT-02017,L1,BNK-L1-2,PET-SD,1346
CON-007931,LOT-02017,L1,BNK-L1-3,MB-AB,407
CON-007932,LOT-02017,L1,BNK-L1-4,MB-SL,264
CON-007933,LOT-02018,L1,BNK-L1-1,PET-BR,25319
CON-007934,LOT-02018,L1,BNK-L1-2,PET-SD,1339
CON-007935,LOT-02018,L1,BNK-L1-3,MB-AB,409
CON-007936,LOT-02018,L1,BNK-L1-4,MB-SL,265
CON-007937,LOT-02019,L2,BNK-L2-1,PET-BR,21336
CON-007938,LOT-02019,L2,BNK-L2-2,PET-RC,4232
CON-007939,LOT-02019,L2,BNK-L2-3,MB-AB,388
CON-007940,LOT-02019,L2,BNK-L2-4,MB-WH,251
CON-007941,LOT-02020,L2,BNK-L2-1,PET-BR,21460
CON-007942,LOT-02020,L2,BNK-L2-2,PET-RC,4257
CON-007943,LOT-02020,L2,BNK-L2-3,MB-AB,390
CON-007944,LOT-02020,L2,BNK-L2-4,MB-WH,253
CON-007945,LOT-02021,L3,BNK-L3-1,PET-BR,23002
CON-007946,LOT-02021,L3,BNK-L3-2,PET-SD,2595
CON-007947,LOT-02021,L3,BNK-L3-3,MB-SL,504
CON-007948,LOT-02021,L3,BNK-L3-4,MB-UV,254
CON-007949,LOT-02022,L3,BNK-L3-1,PET-BR,23134
CON-007950,LOT-02022,L3,BNK-L3-2,PET-SD,2610
CON-007951,LOT-02022,L3,BNK-L3-3,MB-SL,506
CON-007952,LOT-02022,L3,BNK-L3-4,MB-UV,256
CON-007953,LOT-02023,L4,BNK-L4-1,PET-BR,20896
CON-007954,LOT-02023,L4,BNK-L4-2,PET-CO,3442
CON-007955,LOT-02023,L4,BNK-L4-3,MB-WH,479
CON-007956,LOT-02023,L4,BNK-L4-4,MB-UV,242
CON-007957,LOT-02024,L4,BNK-L4-1,PET-BR,21023
CON-007958,LOT-02024,L4,BNK-L4-2,PET-CO,3463
CON-007959,LOT-02024,L4,BNK-L4-3,MB-WH,482
CON-007960,LOT-02024,L4,BNK-L4-4,MB-UV,243
CON-007961,LOT-02025,L5,BNK-L5-1,NY6-F,11465
CON-007962,LOT-02025,L5,BNK-L5-2,NY6-H,2716
CON-007963,LOT-02025,L5,BNK-L5-3,MB-NA,217
CON-007964,LOT-02025,L5,BNK-L5-4,MB-NS,219
CON-007965,LOT-02026,L5,BNK-L5-1,NY6-F,11574
CON-007966,LOT-02026,L5,BNK-L5-2,NY6-H,2742
CON-007967,LOT-02026,L5,BNK-L5-3,MB-NA,219
CON-007968,LOT-02026,L5,BNK-L5-4,MB-NS,221
CON-007969,LOT-02027,L6,BNK-L6-1,NY6-F,10506
CON-007970,LOT-02027,L6,BNK-L6-2,NY6-H,2820
CON-007971,LOT-02027,L6,BNK-L6-3,MB-NA,271
CON-007972,LOT-02027,L6,BNK-L6-4,MB-NS,132
CON-007973,LOT-02028,L6,BNK-L6-1,NY6-F,10614
CON-007974,LOT-02028,L6,BNK-L6-2,NY6-H,2849
CON-007975,LOT-02028,L6,BNK-L6-3,MB-NA,274
CON-007976,LOT-02028,L6,BNK-L6-4,MB-NS,133
CON-007977,LOT-02029,L1,BNK-L1-1,PET-BR,25638
CON-007978,LOT-02029,L1,BNK-L1-2,PET-SD,1073
CON-007979,LOT-02029,L1,BNK-L1-3,MB-AB,410
CON-007980,LOT-02029,L1,BNK-L1-4,MB-SL,266
CON-007981,LOT-02030,L1,BNK-L1-1,PET-BR,25781
CON-007982,LOT-02030,L1,BNK-L1-2,PET-SD,1079
CON-007983,LOT-02030,L1,BNK-L1-3,MB-AB,408
CON-007984,LOT-02030,L1,BNK-L1-4,MB-SL,264
CON-007985,LOT-02031,L2,BNK-L2-1,PET-BR,20684
CON-007986,LOT-02031,L2,BNK-L2-2,PET-RC,5352
CON-007987,LOT-02031,L2,BNK-L2-3,MB-AB,380
CON-007988,LOT-02031,L2,BNK-L2-4,MB-WH,256
CON-007989,LOT-02032,L2,BNK-L2-1,PET-BR,20803
CON-007990,LOT-02032,L2,BNK-L2-2,PET-RC,5383
CON-007991,LOT-02032,L2,BNK-L2-3,MB-AB,382
CON-007992,LOT-02032,L2,BNK-L2-4,MB-WH,257
CON-007993,LOT-02033,L3,BNK-L3-1,PET-BR,22103
CON-007994,LOT-02033,L3,BNK-L3-2,PET-SD,3810
CON-007995,LOT-02033,L3,BNK-L3-3,MB-SL,513
CON-007996,LOT-02033,L3,BNK-L3-4,MB-UV,259
CON-007997,LOT-02034,L3,BNK-L3-1,PET-BR,22229
CON-007998,LOT-02034,L3,BNK-L3-2,PET-SD,3832
CON-007999,LOT-02034,L3,BNK-L3-3,MB-SL,516
CON-008000,LOT-02034,L3,BNK-L3-4,MB-UV,260
CON-008001,LOT-02035,L4,BNK-L4-1,PET-BR,19627
CON-008002,LOT-02035,L4,BNK-L4-2,PET-CO,4351
CON-008003,LOT-02035,L4,BNK-L4-3,MB-WH,366
CON-008004,LOT-02035,L4,BNK-L4-4,MB-UV,369
CON-008005,LOT-02036,L4,BNK-L4-1,PET-BR,19746
CON-008006,LOT-02036,L4,BNK-L4-2,PET-CO,4377
CON-008007,LOT-02036,L4,BNK-L4-3,MB-WH,368
CON-008008,LOT-02036,L4,BNK-L4-4,MB-UV,372
CON-008009,LOT-02037,L5,BNK-L5-1,NY6-F,11376
CON-008010,LOT-02037,L5,BNK-L5-2,NY6-H,3054
CON-008011,LOT-02037,L5,BNK-L5-3,MB-NA,294
CON-008012,LOT-02037,L5,BNK-L5-4,MB-NS,143
CON-008013,LOT-02038,L5,BNK-L5-1,NY6-F,11484
CON-008014,LOT-02038,L5,BNK-L5-2,NY6-H,3083
CON-008015,LOT-02038,L5,BNK-L5-3,MB-NA,296
CON-008016,LOT-02038,L5,BNK-L5-4,MB-NS,144
CON-008017,LOT-02039,L6,BNK-L6-1,NY6-F,11125
CON-008018,LOT-02039,L6,BNK-L6-2,NY6-H,2369
CON-008019,LOT-02039,L6,BNK-L6-3,MB-NA,205
CON-008020,LOT-02039,L6,BNK-L6-4,MB-NS,133
CON-008021,LOT-02040,L6,BNK-L6-1,NY6-F,11238
CON-008022,LOT-02040,L6,BNK-L6-2,NY6-H,2393
CON-008023,LOT-02040,L6,BNK-L6-3,MB-NA,207
CON-008024,LOT-02040,L6,BNK-L6-4,MB-NS,134
CON-008025,LOT-02041,L1,BNK-L1-1,PET-BR,26089
CON-008026,LOT-02041,L1,BNK-L1-2,PET-SD,819
CON-008027,LOT-02041,L1,BNK-L1-3,MB-AB,530
CON-008028,LOT-02041,L1,BNK-L1-4,MB-SL,267
CON-008029,LOT-02042,L1,BNK-L1-1,PET-BR,26233
CON-008030,LOT-02042,L1,BNK-L1-2,PET-SD,823
CON-008031,LOT-02042,L1,BNK-L1-3,MB-AB,533
CON-008032,LOT-02042,L1,BNK-L1-4,MB-SL,269
CON-008033,LOT-02043,L2,BNK-L2-1,PET-BR,20524
CON-008034,LOT-02043,L2,BNK-L2-2,PET-RC,5749
CON-008035,LOT-02043,L2,BNK-L2-3,MB-AB,387
CON-008036,LOT-02043,L2,BNK-L2-4,MB-WH,260
CON-008037,LOT-02044,L2,BNK-L2-1,PET-BR,20641
CON-008038,LOT-02044,L2,BNK-L2-2,PET-RC,5782
CON-008039,LOT-02044,L2,BNK-L2-3,MB-AB,389
CON-008040,LOT-02044,L2,BNK-L2-4,MB-WH,262
CON-008041,LOT-02045,L3,BNK-L3-1,PET-BR,23043
CON-008042,LOT-02045,L3,BNK-L3-2,PET-SD,2456
CON-008043,LOT-02045,L3,BNK-L3-3,MB-SL,522
CON-008044,LOT-02045,L3,BNK-L3-4,MB-UV,395
CON-008045,LOT-02046,L3,BNK-L3-1,PET-BR,23175
CON-008046,LOT-02046,L3,BNK-L3-2,PET-SD,2470
CON-008047,LOT-02046,L3,BNK-L3-3,MB-SL,525
CON-008048,LOT-02046,L3,BNK-L3-4,MB-UV,397
CON-008049,LOT-02047,L4,BNK-L4-1,PET-BR,19012
CON-008050,LOT-02047,L4,BNK-L4-2,PET-CO,5415
CON-008051,LOT-02047,L4,BNK-L4-3,MB-WH,497
CON-008052,LOT-02047,L4,BNK-L4-4,MB-UV,241
CON-008053,LOT-02048,L4,BNK-L4-1,PET-BR,19127
CON-008054,LOT-02048,L4,BNK-L4-2,PET-CO,5447
CON-008055,LOT-02048,L4,BNK-L4-3,MB-WH,500
CON-008056,LOT-02048,L4,BNK-L4-4,MB-UV,243
CON-008057,LOT-02049,L5,BNK-L5-1,NY6-F,11895
CON-008058,LOT-02049,L5,BNK-L5-2,NY6-H,2710
CON-008059,LOT-02049,L5,BNK-L5-3,MB-NA,222
CON-008060,LOT-02049,L5,BNK-L5-4,MB-NS,144
CON-008061,LOT-02050,L5,BNK-L5-1,NY6-F,12007
CON-008062,LOT-02050,L5,BNK-L5-2,NY6-H,2735
CON-008063,LOT-02050,L5,BNK-L5-3,MB-NA,224
CON-008064,LOT-02050,L5,BNK-L5-4,MB-NS,145
CON-008065,LOT-02051,L6,BNK-L6-1,NY6-F,10913
CON-008066,LOT-02051,L6,BNK-L6-2,NY6-H,2823
CON-008067,LOT-02051,L6,BNK-L6-3,MB-NA,201
CON-008068,LOT-02051,L6,BNK-L6-4,MB-NS,135
CON-008069,LOT-02052,L6,BNK-L6-1,NY6-F,10906
CON-008070,LOT-02052,L6,BNK-L6-2,NY6-H,2822
CON-008071,LOT-02052,L6,BNK-L6-3,MB-NA,200
CON-008072,LOT-02052,L6,BNK-L6-4,MB-NS,135
CON-008073,LOT-02053,L2,BNK-L2-1,PET-BR,22234
CON-008074,LOT-02053,L2,BNK-L2-2,PET-RC,3504
CON-008075,LOT-02053,L2,BNK-L2-3,MB-AB,524
CON-008076,LOT-02053,L2,BNK-L2-4,MB-WH,264
CON-008077,LOT-02054,L2,BNK-L2-1,PET-BR,22360
CON-008078,LOT-02054,L2,BNK-L2-2,PET-RC,3524
CON-008079,LOT-02054,L2,BNK-L2-3,MB-AB,527
CON-008080,LOT-02054,L2,BNK-L2-4,MB-WH,266
CON-008081,LOT-02055,L3,BNK-L3-1,PET-BR,10924
CON-008082,LOT-02055,L3,BNK-L3-2,PET-SD,15759
CON-008083,LOT-02056,L3,BNK-L3-1,PET-BR,10986
CON-008084,LOT-02056,L3,BNK-L3-2,PET-SD,15849
CON-008085,LOT-02057,L4,BNK-L4-1,PET-BR,20360
CON-008086,LOT-02057,L4,BNK-L4-2,PET-CO,4335
CON-008087,LOT-02057,L4,BNK-L4-3,MB-WH,375
CON-008088,LOT-02057,L4,BNK-L4-4,MB-UV,243
CON-008089,LOT-02058,L4,BNK-L4-1,PET-BR,20481
CON-008090,LOT-02058,L4,BNK-L4-2,PET-CO,4361
CON-008091,LOT-02058,L4,BNK-L4-3,MB-WH,377
CON-008092,LOT-02058,L4,BNK-L4-4,MB-UV,244
CON-008093,LOT-02059,L5,BNK-L5-1,NY6-F,11560
CON-008094,LOT-02059,L5,BNK-L5-2,NY6-H,3271
CON-008095,LOT-02059,L5,BNK-L5-3,MB-NA,217
CON-008096,LOT-02059,L5,BNK-L5-4,MB-NS,146
CON-008097,LOT-02060,L5,BNK-L5-1,NY6-F,11669
CON-008098,LOT-02060,L5,BNK-L5-2,NY6-H,3302
CON-008099,LOT-02060,L5,BNK-L5-3,MB-NA,219
CON-008100,LOT-02060,L5,BNK-L5-4,MB-NS,147
CON-008101,LOT-02061,L6,BNK-L6-1,NY6-F,11845
CON-008102,LOT-02061,L6,BNK-L6-2,NY6-H,1951
CON-008103,LOT-02061,L6,BNK-L6-3,MB-NA,272
CON-008104,LOT-02061,L6,BNK-L6-4,MB-NS,137
CON-008105,LOT-02062,L6,BNK-L6-1,NY6-F,11964
CON-008106,LOT-02062,L6,BNK-L6-2,NY6-H,1971
CON-008107,LOT-02062,L6,BNK-L6-3,MB-NA,274
CON-008108,LOT-02062,L6,BNK-L6-4,MB-NS,139
CON-008109,LOT-02063,L1,BNK-L1-1,PET-BR,24731
CON-008110,LOT-02063,L1,BNK-L1-2,PET-SD,776
CON-008111,LOT-02063,L1,BNK-L1-3,MB-AB,522
CON-008112,LOT-02063,L1,BNK-L1-4,MB-SL,395
CON-008113,LOT-02064,L1,BNK-L1-1,PET-BR,24872
CON-008114,LOT-02064,L1,BNK-L1-2,PET-SD,781
CON-008115,LOT-02064,L1,BNK-L1-3,MB-AB,525
CON-008116,LOT-02064,L1,BNK-L1-4,MB-SL,398
CON-008117,LOT-02065,L3,BNK-L3-1,PET-BR,21801
CON-008118,LOT-02065,L3,BNK-L3-2,PET-SD,3019
CON-008119,LOT-02065,L3,BNK-L3-3,MB-SL,508
CON-008120,LOT-02065,L3,BNK-L3-4,MB-UV,246
CON-008121,LOT-02066,L3,BNK-L3-1,PET-BR,21930
CON-008122,LOT-02066,L3,BNK-L3-2,PET-SD,3037
CON-008123,LOT-02066,L3,BNK-L3-3,MB-SL,511
CON-008124,LOT-02066,L3,BNK-L3-4,MB-UV,248
CON-008125,LOT-02067,L4,BNK-L4-1,PET-BR,18931
CON-008126,LOT-02067,L4,BNK-L4-2,PET-CO,4779
CON-008127,LOT-02067,L4,BNK-L4-3,MB-WH,464
CON-008128,LOT-02067,L4,BNK-L4-4,MB-UV,234
CON-008129,LOT-02068,L4,BNK-L4-1,PET-BR,19049
CON-008130,LOT-02068,L4,BNK-L4-2,PET-CO,4808
CON-008131,LOT-02068,L4,BNK-L4-3,MB-WH,467
CON-008132,LOT-02068,L4,BNK-L4-4,MB-UV,236
CON-008133,LOT-02069,L5,BNK-L5-1,NY6-F,12149
CON-008134,LOT-02069,L5,BNK-L5-2,NY6-H,2082
CON-008135,LOT-02069,L5,BNK-L5-3,MB-NA,280
CON-008136,LOT-02069,L5,BNK-L5-4,MB-NS,142
CON-008137,LOT-02070,L5,BNK-L5-1,NY6-F,12267
CON-008138,LOT-02070,L5,BNK-L5-2,NY6-H,2102
CON-008139,LOT-02070,L5,BNK-L5-3,MB-NA,283
CON-008140,LOT-02070,L5,BNK-L5-4,MB-NS,143
CON-008141,LOT-02071,L6,BNK-L6-1,NY6-F,10510
CON-008142,LOT-02071,L6,BNK-L6-2,NY6-H,2409
CON-008143,LOT-02071,L6,BNK-L6-3,MB-NA,197
CON-008144,LOT-02071,L6,BNK-L6-4,MB-NS,199
CON-008145,LOT-02072,L6,BNK-L6-1,NY6-F,10619
CON-008146,LOT-02072,L6,BNK-L6-2,NY6-H,2434
CON-008147,LOT-02072,L6,BNK-L6-3,MB-NA,199
CON-008148,LOT-02072,L6,BNK-L6-4,MB-NS,201
CON-008149,LOT-02073,L1,BNK-L1-1,PET-BR,24863
CON-008150,LOT-02073,L1,BNK-L1-2,PET-SD,1315
CON-008151,LOT-02073,L1,BNK-L1-3,MB-AB,402
CON-008152,LOT-02073,L1,BNK-L1-4,MB-SL,260
CON-008153,LOT-02074,L1,BNK-L1-1,PET-BR,25004
CON-008154,LOT-02074,L1,BNK-L1-2,PET-SD,1322
CON-008155,LOT-02074,L1,BNK-L1-3,MB-AB,400
CON-008156,LOT-02074,L1,BNK-L1-4,MB-SL,259
CON-008157,LOT-02075,L2,BNK-L2-1,PET-BR,21058
CON-008158,LOT-02075,L2,BNK-L2-2,PET-RC,4177
CON-008159,LOT-02075,L2,BNK-L2-3,MB-AB,383
CON-008160,LOT-02075,L2,BNK-L2-4,MB-WH,248
CON-008161,LOT-02076,L2,BNK-L2-1,PET-BR,21181
CON-008162,LOT-02076,L2,BNK-L2-2,PET-RC,4201
CON-008163,LOT-02076,L2,BNK-L2-3,MB-AB,385
CON-008164,LOT-02076,L2,BNK-L2-4,MB-WH,249
CON-008165,LOT-02077,L4,BNK-L4-1,PET-BR,20565
CON-008166,LOT-02077,L4,BNK-L4-2,PET-CO,3387
CON-008167,LOT-02077,L4,BNK-L4-3,MB-WH,471
CON-008168,LOT-02077,L4,BNK-L4-4,MB-UV,238
CON-008169,LOT-02078,L4,BNK-L4-1,PET-BR,20692
CON-008170,LOT-02078,L4,BNK-L4-2,PET-CO,3408
CON-008171,LOT-02078,L4,BNK-L4-3,MB-WH,474
CON-008172,LOT-02078,L4,BNK-L4-4,MB-UV,239
CON-008173,LOT-02079,L5,BNK-L5-1,NY6-F,11306
CON-008174,LOT-02079,L5,BNK-L5-2,NY6-H,2678
CON-008175,LOT-02079,L5,BNK-L5-3,MB-NA,214
CON-008176,LOT-02079,L5,BNK-L5-4,MB-NS,216
CON-008177,LOT-02080,L5,BNK-L5-1,NY6-F,11416
CON-008178,LOT-02080,L5,BNK-L5-2,NY6-H,2704
CON-008179,LOT-02080,L5,BNK-L5-3,MB-NA,216
CON-008180,LOT-02080,L5,BNK-L5-4,MB-NS,218
CON-008181,LOT-02081,L6,BNK-L6-1,NY6-F,10351
CON-008182,LOT-02081,L6,BNK-L6-2,NY6-H,2778
CON-008183,LOT-02081,L6,BNK-L6-3,MB-NA,267
CON-008184,LOT-02081,L6,BNK-L6-4,MB-NS,130
CON-008185,LOT-02082,L6,BNK-L6-1,NY6-F,10458
CON-008186,LOT-02082,L6,BNK-L6-2,NY6-H,2807
CON-008187,LOT-02082,L6,BNK-L6-3,MB-NA,270
CON-008188,LOT-02082,L6,BNK-L6-4,MB-NS,131
CON-008189,LOT-02083,L1,BNK-L1-1,PET-BR,25544
CON-008190,LOT-02083,L1,BNK-L1-2,PET-SD,1069
CON-008191,LOT-02083,L1,BNK-L1-3,MB-AB,404
CON-008192,LOT-02083,L1,BNK-L1-4,MB-SL,262
CON-008193,LOT-02084,L1,BNK-L1-1,PET-BR,25412
CON-008194,LOT-02084,L1,BNK-L1-2,PET-SD,1064
CON-008195,LOT-02084,L1,BNK-L1-3,MB-AB,407
CON-008196,LOT-02084,L1,BNK-L1-4,MB-SL,263
CON-008197,LOT-02085,L2,BNK-L2-1,PET-BR,20376
CON-008198,LOT-02085,L2,BNK-L2-2,PET-RC,5272
CON-008199,LOT-02085,L2,BNK-L2-3,MB-AB,374
CON-008200,LOT-02085,L2,BNK-L2-4,MB-WH,252
CON-008201,LOT-02086,L2,BNK-L2-1,PET-BR,20495
CON-008202,LOT-02086,L2,BNK-L2-2,PET-RC,5303
CON-008203,LOT-02086,L2,BNK-L2-3,MB-AB,376
CON-008204,LOT-02086,L2,BNK-L2-4,MB-WH,253
CON-008205,LOT-02087,L3,BNK-L3-1,PET-BR,21774
CON-008206,LOT-02087,L3,BNK-L3-2,PET-SD,3754
CON-008207,LOT-02087,L3,BNK-L3-3,MB-SL,505
CON-008208,LOT-02087,L3,BNK-L3-4,MB-UV,255
CON-008209,LOT-02088,L3,BNK-L3-1,PET-BR,21901
CON-008210,LOT-02088,L3,BNK-L3-2,PET-SD,3775
CON-008211,LOT-02088,L3,BNK-L3-3,MB-SL,508
CON-008212,LOT-02088,L3,BNK-L3-4,MB-UV,256
CON-008213,LOT-02089,L5,BNK-L5-1,NY6-F,11198
CON-008214,LOT-02089,L5,BNK-L5-2,NY6-H,3006
CON-008215,LOT-02089,L5,BNK-L5-3,MB-NA,289
CON-008216,LOT-02089,L5,BNK-L5-4,MB-NS,140
CON-008217,LOT-02090,L5,BNK-L5-1,NY6-F,11305
CON-008218,LOT-02090,L5,BNK-L5-2,NY6-H,3035
CON-008219,LOT-02090,L5,BNK-L5-3,MB-NA,292
CON-008220,LOT-02090,L5,BNK-L5-4,MB-NS,142
CON-008221,LOT-02091,L6,BNK-L6-1,NY6-F,10940
CON-008222,LOT-02091,L6,BNK-L6-2,NY6-H,2329
CON-008223,LOT-02091,L6,BNK-L6-3,MB-NA,202
CON-008224,LOT-02091,L6,BNK-L6-4,MB-NS,131
CON-008225,LOT-02092,L6,BNK-L6-1,NY6-F,11053
CON-008226,LOT-02092,L6,BNK-L6-2,NY6-H,2353
CON-008227,LOT-02092,L6,BNK-L6-3,MB-NA,204
CON-008228,LOT-02092,L6,BNK-L6-4,MB-NS,132
CON-008229,LOT-02093,L1,BNK-L1-1,PET-BR,25943
CON-008230,LOT-02093,L1,BNK-L1-2,PET-SD,814
CON-008231,LOT-02093,L1,BNK-L1-3,MB-AB,527
CON-008232,LOT-02093,L1,BNK-L1-4,MB-SL,266
CON-008233,LOT-02094,L1,BNK-L1-1,PET-BR,26088
CON-008234,LOT-02094,L1,BNK-L1-2,PET-SD,819
CON-008235,LOT-02094,L1,BNK-L1-3,MB-AB,530
CON-008236,LOT-02094,L1,BNK-L1-4,MB-SL,267
CON-008237,LOT-02095,L2,BNK-L2-1,PET-BR,20183
CON-008238,LOT-02095,L2,BNK-L2-2,PET-RC,5653
CON-008239,LOT-02095,L2,BNK-L2-3,MB-AB,384
CON-008240,LOT-02095,L2,BNK-L2-4,MB-WH,259
CON-008241,LOT-02096,L2,BNK-L2-1,PET-BR,20299
CON-008242,LOT-02096,L2,BNK-L2-2,PET-RC,5686
CON-008243,LOT-02096,L2,BNK-L2-3,MB-AB,382
CON-008244,LOT-02096,L2,BNK-L2-4,MB-WH,257
CON-008245,LOT-02097,L3,BNK-L3-1,PET-BR,22658
CON-008246,LOT-02097,L3,BNK-L3-2,PET-SD,2415
CON-008247,LOT-02097,L3,BNK-L3-3,MB-SL,513
CON-008248,LOT-02097,L3,BNK-L3-4,MB-UV,389
CON-008249,LOT-02098,L3,BNK-L3-1,PET-BR,22789
CON-008250,LOT-02098,L3,BNK-L3-2,PET-SD,2429
CON-008251,LOT-02098,L3,BNK-L3-3,MB-SL,516
CON-008252,LOT-02098,L3,BNK-L3-4,MB-UV,391
CON-008253,LOT-02099,L4,BNK-L4-1,PET-BR,18678
CON-008254,LOT-02099,L4,BNK-L4-2,PET-CO,5320
CON-008255,LOT-02099,L4,BNK-L4-3,MB-WH,488
CON-008256,LOT-02099,L4,BNK-L4-4,MB-UV,237
CON-008257,LOT-02100,L4,BNK-L4-1,PET-BR,18792
CON-008258,LOT-02100,L4,BNK-L4-2,PET-CO,5352
CON-008259,LOT-02100,L4,BNK-L4-3,MB-WH,491
CON-008260,LOT-02100,L4,BNK-L4-4,MB-UV,238
CON-008261,LOT-02101,L6,BNK-L6-1,NY6-F,10712
CON-008262,LOT-02101,L6,BNK-L6-2,NY6-H,2772
CON-008263,LOT-02101,L6,BNK-L6-3,MB-NA,197
CON-008264,LOT-02101,L6,BNK-L6-4,MB-NS,133
CON-008265,LOT-02102,L6,BNK-L6-1,NY6-F,10821
CON-008266,LOT-02102,L6,BNK-L6-2,NY6-H,2800
CON-008267,LOT-02102,L6,BNK-L6-3,MB-NA,199
CON-008268,LOT-02102,L6,BNK-L6-4,MB-NS,134
CON-008269,LOT-02103,L1,BNK-L1-1,PET-BR,26072
CON-008270,LOT-02103,L1,BNK-L1-2,PET-SD,1326
CON-008271,LOT-02103,L1,BNK-L1-3,MB-AB,401
CON-008272,LOT-02103,L1,BNK-L1-4,MB-SL,270
CON-008273,LOT-02104,L1,BNK-L1-1,PET-BR,26217
CON-008274,LOT-02104,L1,BNK-L1-2,PET-SD,1333
CON-008275,LOT-02104,L1,BNK-L1-3,MB-AB,403
CON-008276,LOT-02104,L1,BNK-L1-4,MB-SL,272
CON-008277,LOT-02105,L2,BNK-L2-1,PET-BR,22103
CON-008278,LOT-02105,L2,BNK-L2-2,PET-RC,3484
CON-008279,LOT-02105,L2,BNK-L2-3,MB-AB,521
CON-008280,LOT-02105,L2,BNK-L2-4,MB-WH,263
CON-008281,LOT-02106,L2,BNK-L2-1,PET-BR,21990
CON-008282,LOT-02106,L2,BNK-L2-2,PET-RC,3466
CON-008283,LOT-02106,L2,BNK-L2-3,MB-AB,524
CON-008284,LOT-02106,L2,BNK-L2-4,MB-WH,264
CON-008285,LOT-02107,L3,BNK-L3-1,PET-BR,10743
CON-008286,LOT-02107,L3,BNK-L3-2,PET-SD,15498
CON-008287,LOT-02108,L3,BNK-L3-1,PET-BR,10805
CON-008288,LOT-02108,L3,BNK-L3-2,PET-SD,15587
CON-008289,LOT-02109,L4,BNK-L4-1,PET-BR,20004
CON-008290,LOT-02109,L4,BNK-L4-2,PET-CO,4259
CON-008291,LOT-02109,L4,BNK-L4-3,MB-WH,368
CON-008292,LOT-02109,L4,BNK-L4-4,MB-UV,238
CON-008293,LOT-02110,L4,BNK-L4-1,PET-BR,20125
CON-008294,LOT-02110,L4,BNK-L4-2,PET-CO,4285
CON-008295,LOT-02110,L4,BNK-L4-3,MB-WH,370
CON-008296,LOT-02110,L4,BNK-L4-4,MB-UV,240
CON-008297,LOT-02111,L5,BNK-L5-1,NY6-F,11381
CON-008298,LOT-02111,L5,BNK-L5-2,NY6-H,3221
CON-008299,LOT-02111,L5,BNK-L5-3,MB-NA,213
CON-008300,LOT-02111,L5,BNK-L5-4,MB-NS,144
CON-008301,LOT-02112,L5,BNK-L5-1,NY6-F,11489
CON-008302,LOT-02112,L5,BNK-L5-2,NY6-H,3251
CON-008303,LOT-02112,L5,BNK-L5-3,MB-NA,215
CON-008304,LOT-02112,L5,BNK-L5-4,MB-NS,145
CON-008305,LOT-02113,L1,BNK-L1-1,PET-BR,25733
CON-008306,LOT-02113,L1,BNK-L1-2,PET-SD,808
CON-008307,LOT-02113,L1,BNK-L1-3,MB-AB,543
CON-008308,LOT-02113,L1,BNK-L1-4,MB-SL,411
CON-008309,LOT-02114,L1,BNK-L1-1,PET-BR,25876
CON-008310,LOT-02114,L1,BNK-L1-2,PET-SD,812
CON-008311,LOT-02114,L1,BNK-L1-3,MB-AB,546
CON-008312,LOT-02114,L1,BNK-L1-4,MB-SL,414
CON-008313,LOT-02115,L2,BNK-L2-1,PET-BR,21286
CON-008314,LOT-02115,L2,BNK-L2-2,PET-RC,4718
CON-008315,LOT-02115,L2,BNK-L2-3,MB-AB,397
CON-008316,LOT-02115,L2,BNK-L2-4,MB-WH,385
CON-008317,LOT-02116,L2,BNK-L2-1,PET-BR,21408
CON-008318,LOT-02116,L2,BNK-L2-2,PET-RC,4745
CON-008319,LOT-02116,L2,BNK-L2-3,MB-AB,399
CON-008320,LOT-02116,L2,BNK-L2-4,MB-WH,387
CON-008321,LOT-02117,L3,BNK-L3-1,PET-BR,22514
CON-008322,LOT-02117,L3,BNK-L3-2,PET-SD,3118
CON-008323,LOT-02117,L3,BNK-L3-3,MB-SL,530
CON-008324,LOT-02117,L3,BNK-L3-4,MB-UV,257
CON-008325,LOT-02118,L3,BNK-L3-1,PET-BR,22643
CON-008326,LOT-02118,L3,BNK-L3-2,PET-SD,3136
CON-008327,LOT-02118,L3,BNK-L3-3,MB-SL,527
CON-008328,LOT-02118,L3,BNK-L3-4,MB-UV,256
CON-008329,LOT-02119,L4,BNK-L4-1,PET-BR,19595
CON-008330,LOT-02119,L4,BNK-L4-2,PET-CO,4946
CON-008331,LOT-02119,L4,BNK-L4-3,MB-WH,480
CON-008332,LOT-02119,L4,BNK-L4-4,MB-UV,242
CON-008333,LOT-02120,L4,BNK-L4-1,PET-BR,19713
CON-008334,LOT-02120,L4,BNK-L4-2,PET-CO,4976
CON-008335,LOT-02120,L4,BNK-L4-3,MB-WH,483
CON-008336,LOT-02120,L4,BNK-L4-4,MB-UV,244
CON-008337,LOT-02121,L5,BNK-L5-1,NY6-F,12511
CON-008338,LOT-02121,L5,BNK-L5-2,NY6-H,2144
CON-008339,LOT-02121,L5,BNK-L5-3,MB-NA,289
CON-008340,LOT-02121,L5,BNK-L5-4,MB-NS,146
CON-008341,LOT-02122,L5,BNK-L5-1,NY6-F,12629
CON-008342,LOT-02122,L5,BNK-L5-2,NY6-H,2164
CON-008343,LOT-02122,L5,BNK-L5-3,MB-NA,291
CON-008344,LOT-02122,L5,BNK-L5-4,MB-NS,147
CON-008345,LOT-02123,L6,BNK-L6-1,NY6-F,10849
CON-008346,LOT-02123,L6,BNK-L6-2,NY6-H,2487
CON-008347,LOT-02123,L6,BNK-L6-3,MB-NA,204
CON-008348,LOT-02123,L6,BNK-L6-4,MB-NS,206
CON-008349,LOT-02124,L6,BNK-L6-1,NY6-F,10959
CON-008350,LOT-02124,L6,BNK-L6-2,NY6-H,2512
CON-008351,LOT-02124,L6,BNK-L6-3,MB-NA,206
CON-008352,LOT-02124,L6,BNK-L6-4,MB-NS,208
CON-008353,LOT-02125,L1,BNK-L1-1,PET-BR,25914
CON-008354,LOT-02125,L1,BNK-L1-2,PET-SD,1370
CON-008355,LOT-02125,L1,BNK-L1-3,MB-AB,415
CON-008356,LOT-02125,L1,BNK-L1-4,MB-SL,268
CON-008357,LOT-02126,L1,BNK-L1-1,PET-BR,26057
CON-008358,LOT-02126,L1,BNK-L1-2,PET-SD,1378
CON-008359,LOT-02126,L1,BNK-L1-3,MB-AB,417
CON-008360,LOT-02126,L1,BNK-L1-4,MB-SL,270
CON-008361,LOT-02127,L2,BNK-L2-1,PET-BR,21977
CON-008362,LOT-02127,L2,BNK-L2-2,PET-RC,4359
CON-008363,LOT-02127,L2,BNK-L2-3,MB-AB,400
CON-008364,LOT-02127,L2,BNK-L2-4,MB-WH,259
CON-008365,LOT-02128,L2,BNK-L2-1,PET-BR,21865
CON-008366,LOT-02128,L2,BNK-L2-2,PET-RC,4337
CON-008367,LOT-02128,L2,BNK-L2-3,MB-AB,402
CON-008368,LOT-02128,L2,BNK-L2-4,MB-WH,260
CON-008369,LOT-02129,L3,BNK-L3-1,PET-BR,23439
CON-008370,LOT-02129,L3,BNK-L3-2,PET-SD,2644
CON-008371,LOT-02129,L3,BNK-L3-3,MB-SL,513
CON-008372,LOT-02129,L3,BNK-L3-4,MB-UV,259
CON-008373,LOT-02130,L3,BNK-L3-1,PET-BR,23572
CON-008374,LOT-02130,L3,BNK-L3-2,PET-SD,2659
CON-008375,LOT-02130,L3,BNK-L3-3,MB-SL,516
CON-008376,LOT-02130,L3,BNK-L3-4,MB-UV,261
CON-008377,LOT-02131,L4,BNK-L4-1,PET-BR,21322
CON-008378,LOT-02131,L4,BNK-L4-2,PET-CO,3511
CON-008379,LOT-02131,L4,BNK-L4-3,MB-WH,489
CON-008380,LOT-02131,L4,BNK-L4-4,MB-UV,247
CON-008381,LOT-02132,L4,BNK-L4-1,PET-BR,21449
CON-008382,LOT-02132,L4,BNK-L4-2,PET-CO,3533
CON-008383,LOT-02132,L4,BNK-L4-3,MB-WH,492
CON-008384,LOT-02132,L4,BNK-L4-4,MB-UV,248
CON-008385,LOT-02133,L5,BNK-L5-1,NY6-F,11663
CON-008386,LOT-02133,L5,BNK-L5-2,NY6-H,2763
CON-008387,LOT-02133,L5,BNK-L5-3,MB-NA,220
CON-008388,LOT-02133,L5,BNK-L5-4,MB-NS,222
CON-008389,LOT-02134,L5,BNK-L5-1,NY6-F,11772
CON-008390,LOT-02134,L5,BNK-L5-2,NY6-H,2789
CON-008391,LOT-02134,L5,BNK-L5-3,MB-NA,222
CON-008392,LOT-02134,L5,BNK-L5-4,MB-NS,224
CON-008393,LOT-02135,L6,BNK-L6-1,NY6-F,10703
CON-008394,LOT-02135,L6,BNK-L6-2,NY6-H,2873
CON-008395,LOT-02135,L6,BNK-L6-3,MB-NA,276
CON-008396,LOT-02135,L6,BNK-L6-4,MB-NS,134
CON-008397,LOT-02136,L6,BNK-L6-1,NY6-F,10811
CON-008398,LOT-02136,L6,BNK-L6-2,NY6-H,2902
CON-008399,LOT-02136,L6,BNK-L6-3,MB-NA,279
CON-008400,LOT-02136,L6,BNK-L6-4,MB-NS,136
CON-008401,LOT-02137,L1,BNK-L1-1,PET-BR,25173
CON-008402,LOT-02137,L1,BNK-L1-2,PET-SD,1054
CON-008403,LOT-02137,L1,BNK-L1-3,MB-AB,399
CON-008404,LOT-02137,L1,BNK-L1-4,MB-SL,258
CON-008405,LOT-02138,L1,BNK-L1-1,PET-BR,25317
CON-008406,LOT-02138,L1,BNK-L1-2,PET-SD,1060
CON-008407,LOT-02138,L1,BNK-L1-3,MB-AB,401
CON-008408,LOT-02138,L1,BNK-L1-4,MB-SL,260
CON-008409,LOT-02139,L2,BNK-L2-1,PET-BR,20070
CON-008410,LOT-02139,L2,BNK-L2-2,PET-RC,5193
CON-008411,LOT-02139,L2,BNK-L2-3,MB-AB,373
CON-008412,LOT-02139,L2,BNK-L2-4,MB-WH,251
CON-008413,LOT-02140,L2,BNK-L2-1,PET-BR,20188
CON-008414,LOT-02140,L2,BNK-L2-2,PET-RC,5223
CON-008415,LOT-02140,L2,BNK-L2-3,MB-AB,371
CON-008416,LOT-02140,L2,BNK-L2-4,MB-WH,250
CON-008417,LOT-02141,L3,BNK-L3-1,PET-BR,21447
CON-008418,LOT-02141,L3,BNK-L3-2,PET-SD,3697
CON-008419,LOT-02141,L3,BNK-L3-3,MB-SL,497
CON-008420,LOT-02141,L3,BNK-L3-4,MB-UV,251
CON-008421,LOT-02142,L3,BNK-L3-1,PET-BR,21573
CON-008422,LOT-02142,L3,BNK-L3-2,PET-SD,3719
CON-008423,LOT-02142,L3,BNK-L3-3,MB-SL,500
CON-008424,LOT-02142,L3,BNK-L3-4,MB-UV,253
CON-008425,LOT-02143,L4,BNK-L4-1,PET-BR,19009
CON-008426,LOT-02143,L4,BNK-L4-2,PET-CO,4214
CON-008427,LOT-02143,L4,BNK-L4-3,MB-WH,354
CON-008428,LOT-02143,L4,BNK-L4-4,MB-UV,358
CON-008429,LOT-02144,L4,BNK-L4-1,PET-BR,19127
CON-008430,LOT-02144,L4,BNK-L4-2,PET-CO,4240
CON-008431,LOT-02144,L4,BNK-L4-3,MB-WH,356
CON-008432,LOT-02144,L4,BNK-L4-4,MB-UV,360
CON-008433,LOT-02145,L5,BNK-L5-1,NY6-F,11064
CON-008434,LOT-02145,L5,BNK-L5-2,NY6-H,2970
CON-008435,LOT-02145,L5,BNK-L5-3,MB-NA,286
CON-008436,LOT-02145,L5,BNK-L5-4,MB-NS,139
CON-008437,LOT-02146,L5,BNK-L5-1,NY6-F,11171
CON-008438,LOT-02146,L5,BNK-L5-2,NY6-H,2999
CON-008439,LOT-02146,L5,BNK-L5-3,MB-NA,288
CON-008440,LOT-02146,L5,BNK-L5-4,MB-NS,140
CON-008441,LOT-02147,L6,BNK-L6-1,NY6-F,10798
CON-008442,LOT-02147,L6,BNK-L6-2,NY6-H,2299
CON-008443,LOT-02147,L6,BNK-L6-3,MB-NA,199
CON-008444,LOT-02147,L6,BNK-L6-4,MB-NS,129
CON-008445,LOT-02148,L6,BNK-L6-1,NY6-F,10911
CON-008446,LOT-02148,L6,BNK-L6-2,NY6-H,2323
CON-008447,LOT-02148,L6,BNK-L6-3,MB-NA,201
CON-008448,LOT-02148,L6,BNK-L6-4,MB-NS,130
CON-008449,LOT-02149,L1,BNK-L1-1,PET-BR,25619
CON-008450,LOT-02149,L1,BNK-L1-2,PET-SD,804
CON-008451,LOT-02149,L1,BNK-L1-3,MB-AB,520
CON-008452,LOT-02149,L1,BNK-L1-4,MB-SL,263
CON-008453,LOT-02150,L1,BNK-L1-1,PET-BR,25490
CON-008454,LOT-02150,L1,BNK-L1-2,PET-SD,800
CON-008455,LOT-02150,L1,BNK-L1-3,MB-AB,523
CON-008456,LOT-02150,L1,BNK-L1-4,MB-SL,264
CON-008457,LOT-02151,L2,BNK-L2-1,PET-BR,19919
CON-008458,LOT-02151,L2,BNK-L2-2,PET-RC,5580
CON-008459,LOT-02151,L2,BNK-L2-3,MB-AB,375
CON-008460,LOT-02151,L2,BNK-L2-4,MB-WH,253
CON-008461,LOT-02152,L2,BNK-L2-1,PET-BR,20035
CON-008462,LOT-02152,L2,BNK-L2-2,PET-RC,5612
CON-008463,LOT-02152,L2,BNK-L2-3,MB-AB,377
CON-008464,LOT-02152,L2,BNK-L2-4,MB-WH,254
CON-008465,LOT-02153,L3,BNK-L3-1,PET-BR,22362
CON-008466,LOT-02153,L3,BNK-L3-2,PET-SD,2384
CON-008467,LOT-02153,L3,BNK-L3-3,MB-SL,506
CON-008468,LOT-02153,L3,BNK-L3-4,MB-UV,383
CON-008469,LOT-02154,L3,BNK-L3-1,PET-BR,22494
CON-008470,LOT-02154,L3,BNK-L3-2,PET-SD,2398
CON-008471,LOT-02154,L3,BNK-L3-3,MB-SL,509
CON-008472,LOT-02154,L3,BNK-L3-4,MB-UV,386
CON-008473,LOT-02155,L4,BNK-L4-1,PET-BR,18418
CON-008474,LOT-02155,L4,BNK-L4-2,PET-CO,5246
CON-008475,LOT-02155,L4,BNK-L4-3,MB-WH,481
CON-008476,LOT-02155,L4,BNK-L4-4,MB-UV,234
CON-008477,LOT-02156,L4,BNK-L4-1,PET-BR,18532
CON-008478,LOT-02156,L4,BNK-L4-2,PET-CO,5278
CON-008479,LOT-02156,L4,BNK-L4-3,MB-WH,484
CON-008480,LOT-02156,L4,BNK-L4-4,MB-UV,235
CON-008481,LOT-02157,L5,BNK-L5-1,NY6-F,11570
CON-008482,LOT-02157,L5,BNK-L5-2,NY6-H,2636
CON-008483,LOT-02157,L5,BNK-L5-3,MB-NA,216
CON-008484,LOT-02157,L5,BNK-L5-4,MB-NS,140
CON-008485,LOT-02158,L5,BNK-L5-1,NY6-F,11682
CON-008486,LOT-02158,L5,BNK-L5-2,NY6-H,2661
CON-008487,LOT-02158,L5,BNK-L5-3,MB-NA,218
CON-008488,LOT-02158,L5,BNK-L5-4,MB-NS,141
CON-008489,LOT-02159,L6,BNK-L6-1,NY6-F,10594
CON-008490,LOT-02159,L6,BNK-L6-2,NY6-H,2741
CON-008491,LOT-02159,L6,BNK-L6-3,MB-NA,195
CON-008492,LOT-02159,L6,BNK-L6-4,MB-NS,131
CON-008493,LOT-02160,L6,BNK-L6-1,NY6-F,10704
CON-008494,LOT-02160,L6,BNK-L6-2,NY6-H,2769
CON-008495,LOT-02160,L6,BNK-L6-3,MB-NA,197
CON-008496,LOT-02160,L6,BNK-L6-4,MB-NS,133
CON-008497,LOT-02161,L1,BNK-L1-1,PET-BR,25526
CON-008498,LOT-02161,L1,BNK-L1-2,PET-SD,1298
CON-008499,LOT-02161,L1,BNK-L1-3,MB-AB,397
CON-008500,LOT-02161,L1,BNK-L1-4,MB-SL,267
CON-008501,LOT-02162,L1,BNK-L1-1,PET-BR,25669
CON-008502,LOT-02162,L1,BNK-L1-2,PET-SD,1305
CON-008503,LOT-02162,L1,BNK-L1-3,MB-AB,395
CON-008504,LOT-02162,L1,BNK-L1-4,MB-SL,266
CON-008505,LOT-02163,L2,BNK-L2-1,PET-BR,21624
CON-008506,LOT-02163,L2,BNK-L2-2,PET-RC,3408
CON-008507,LOT-02163,L2,BNK-L2-3,MB-AB,509
CON-008508,LOT-02163,L2,BNK-L2-4,MB-WH,257
CON-008509,LOT-02164,L2,BNK-L2-1,PET-BR,21750
CON-008510,LOT-02164,L2,BNK-L2-2,PET-RC,3428
CON-008511,LOT-02164,L2,BNK-L2-3,MB-AB,512
CON-008512,LOT-02164,L2,BNK-L2-4,MB-WH,259
CON-008513,LOT-02165,L3,BNK-L3-1,PET-BR,10625
CON-008514,LOT-02165,L3,BNK-L3-2,PET-SD,15327
CON-008515,LOT-02166,L3,BNK-L3-1,PET-BR,10686
CON-008516,LOT-02166,L3,BNK-L3-2,PET-SD,15416
CON-008517,LOT-02167,L4,BNK-L4-1,PET-BR,19766
CON-008518,LOT-02167,L4,BNK-L4-2,PET-CO,4208
CON-008519,LOT-02167,L4,BNK-L4-3,MB-WH,364
CON-008520,LOT-02167,L4,BNK-L4-4,MB-UV,236
CON-008521,LOT-02168,L4,BNK-L4-1,PET-BR,19887
CON-008522,LOT-02168,L4,BNK-L4-2,PET-CO,4234
CON-008523,LOT-02168,L4,BNK-L4-3,MB-WH,366
CON-008524,LOT-02168,L4,BNK-L4-4,MB-UV,237
CON-008525,LOT-02169,L5,BNK-L5-1,NY6-F,11269
CON-008526,LOT-02169,L5,BNK-L5-2,NY6-H,3189
CON-008527,LOT-02169,L5,BNK-L5-3,MB-NA,211
CON-008528,LOT-02169,L5,BNK-L5-4,MB-NS,142
CON-008529,LOT-02170,L5,BNK-L5-1,NY6-F,11377
CON-008530,LOT-02170,L5,BNK-L5-2,NY6-H,3219
CON-008531,LOT-02170,L5,BNK-L5-3,MB-NA,213
CON-008532,LOT-02170,L5,BNK-L5-4,MB-NS,144
CON-008533,LOT-02171,L6,BNK-L6-1,NY6-F,11524
CON-008534,LOT-02171,L6,BNK-L6-2,NY6-H,1898
CON-008535,LOT-02171,L6,BNK-L6-3,MB-NA,264
CON-008536,LOT-02171,L6,BNK-L6-4,MB-NS,133
CON-008537,LOT-02172,L6,BNK-L6-1,NY6-F,11642
CON-008538,LOT-02172,L6,BNK-L6-2,NY6-H,1918
CON-008539,LOT-02172,L6,BNK-L6-3,MB-NA,267
CON-008540,LOT-02172,L6,BNK-L6-4,MB-NS,135
CON-008541,LOT-02173,L1,BNK-L1-1,PET-BR,25241
CON-008542,LOT-02173,L1,BNK-L1-2,PET-SD,792
CON-008543,LOT-02173,L1,BNK-L1-3,MB-AB,533
CON-008544,LOT-02173,L1,BNK-L1-4,MB-SL,404
CON-008545,LOT-02174,L1,BNK-L1-1,PET-BR,25382
CON-008546,LOT-02174,L1,BNK-L1-2,PET-SD,797
CON-008547,LOT-02174,L1,BNK-L1-3,MB-AB,536
CON-008548,LOT-02174,L1,BNK-L1-4,MB-SL,406
CON-008549,LOT-02175,L2,BNK-L2-1,PET-BR,20869
CON-008550,LOT-02175,L2,BNK-L2-2,PET-RC,4626
CON-008551,LOT-02175,L2,BNK-L2-3,MB-AB,389
CON-008552,LOT-02175,L2,BNK-L2-4,MB-WH,378
CON-008553,LOT-02176,L2,BNK-L2-1,PET-BR,20990
CON-008554,LOT-02176,L2,BNK-L2-2,PET-RC,4653
CON-008555,LOT-02176,L2,BNK-L2-3,MB-AB,391
CON-008556,LOT-02176,L2,BNK-L2-4,MB-WH,380
CON-008557,LOT-02177,L3,BNK-L3-1,PET-BR,22313
CON-008558,LOT-02177,L3,BNK-L3-2,PET-SD,3090
CON-008559,LOT-02177,L3,BNK-L3-3,MB-SL,520
CON-008560,LOT-02177,L3,BNK-L3-4,MB-UV,252
CON-008561,LOT-02178,L3,BNK-L3-1,PET-BR,22442
CON-008562,LOT-02178,L3,BNK-L3-2,PET-SD,3108
CON-008563,LOT-02178,L3,BNK-L3-3,MB-SL,522
CON-008564,LOT-02178,L3,BNK-L3-4,MB-UV,254
CON-008565,LOT-02179,L4,BNK-L4-1,PET-BR,19402
CON-008566,LOT-02179,L4,BNK-L4-2,PET-CO,4897
CON-008567,LOT-02179,L4,BNK-L4-3,MB-WH,475
CON-008568,LOT-02179,L4,BNK-L4-4,MB-UV,240
CON-008569,LOT-02180,L4,BNK-L4-1,PET-BR,19520
CON-008570,LOT-02180,L4,BNK-L4-2,PET-CO,4927
CON-008571,LOT-02180,L4,BNK-L4-3,MB-WH,478
CON-008572,LOT-02180,L4,BNK-L4-4,MB-UV,241
CON-008573,LOT-02181,L5,BNK-L5-1,NY6-F,12412
CON-008574,LOT-02181,L5,BNK-L5-2,NY6-H,2127
CON-008575,LOT-02181,L5,BNK-L5-3,MB-NA,286
CON-008576,LOT-02181,L5,BNK-L5-4,MB-NS,145
CON-008577,LOT-02182,L5,BNK-L5-1,NY6-F,12530
CON-008578,LOT-02182,L5,BNK-L5-2,NY6-H,2148
CON-008579,LOT-02182,L5,BNK-L5-3,MB-NA,289
CON-008580,LOT-02182,L5,BNK-L5-4,MB-NS,146
CON-008581,LOT-02183,L6,BNK-L6-1,NY6-F,10754
CON-008582,LOT-02183,L6,BNK-L6-2,NY6-H,2465
CON-008583,LOT-02183,L6,BNK-L6-3,MB-NA,202
CON-008584,LOT-02183,L6,BNK-L6-4,MB-NS,204
CON-008585,LOT-02184,L6,BNK-L6-1,NY6-F,10746
CON-008586,LOT-02184,L6,BNK-L6-2,NY6-H,2464
CON-008587,LOT-02184,L6,BNK-L6-3,MB-NA,202
CON-008588,LOT-02184,L6,BNK-L6-4,MB-NS,204
CON-008589,LOT-02185,L1,BNK-L1-1,PET-BR,25422
CON-008590,LOT-02185,L1,BNK-L1-2,PET-SD,1344
CON-008591,LOT-02185,L1,BNK-L1-3,MB-AB,407
CON-008592,LOT-02185,L1,BNK-L1-4,MB-SL,263
CON-008593,LOT-02186,L1,BNK-L1-1,PET-BR,25564
CON-008594,LOT-02186,L1,BNK-L1-2,PET-SD,1352
CON-008595,LOT-02186,L1,BNK-L1-3,MB-AB,409
CON-008596,LOT-02186,L1,BNK-L1-4,MB-SL,265
CON-008597,LOT-02187,L2,BNK-L2-1,PET-BR,21549
CON-008598,LOT-02187,L2,BNK-L2-2,PET-RC,4274
CON-008599,LOT-02187,L2,BNK-L2-3,MB-AB,392
CON-008600,LOT-02187,L2,BNK-L2-4,MB-WH,254
CON-008601,LOT-02188,L2,BNK-L2-1,PET-BR,21673
CON-008602,LOT-02188,L2,BNK-L2-2,PET-RC,4299
CON-008603,LOT-02188,L2,BNK-L2-3,MB-AB,394
CON-008604,LOT-02188,L2,BNK-L2-4,MB-WH,255
CON-008605,LOT-02189,L3,BNK-L3-1,PET-BR,23230
CON-008606,LOT-02189,L3,BNK-L3-2,PET-SD,2621
CON-008607,LOT-02189,L3,BNK-L3-3,MB-SL,509
CON-008608,LOT-02189,L3,BNK-L3-4,MB-UV,257
CON-008609,LOT-02190,L3,BNK-L3-1,PET-BR,23363
CON-008610,LOT-02190,L3,BNK-L3-2,PET-SD,2636
CON-008611,LOT-02190,L3,BNK-L3-3,MB-SL,511
CON-008612,LOT-02190,L3,BNK-L3-4,MB-UV,258
CON-008613,LOT-02191,L4,BNK-L4-1,PET-BR,21113
CON-008614,LOT-02191,L4,BNK-L4-2,PET-CO,3478
CON-008615,LOT-02191,L4,BNK-L4-3,MB-WH,484
CON-008616,LOT-02191,L4,BNK-L4-4,MB-UV,244
CON-008617,LOT-02192,L4,BNK-L4-1,PET-BR,21240
CON-008618,LOT-02192,L4,BNK-L4-2,PET-CO,3499
CON-008619,LOT-02192,L4,BNK-L4-3,MB-WH,487
CON-008620,LOT-02192,L4,BNK-L4-4,MB-UV,246
CON-008621,LOT-02193,L5,BNK-L5-1,NY6-F,11573
CON-008622,LOT-02193,L5,BNK-L5-2,NY6-H,2741
CON-008623,LOT-02193,L5,BNK-L5-3,MB-NA,219
CON-008624,LOT-02193,L5,BNK-L5-4,MB-NS,221
CON-008625,LOT-02194,L5,BNK-L5-1,NY6-F,11683
CON-008626,LOT-02194,L5,BNK-L5-2,NY6-H,2767
CON-008627,LOT-02194,L5,BNK-L5-3,MB-NA,221
CON-008628,LOT-02194,L5,BNK-L5-4,MB-NS,223
CON-008629,LOT-02195,L6,BNK-L6-1,NY6-F,10496
CON-008630,LOT-02195,L6,BNK-L6-2,NY6-H,2818
CON-008631,LOT-02195,L6,BNK-L6-3,MB-NA,271
CON-008632,LOT-02195,L6,BNK-L6-4,MB-NS,132
CON-008633,LOT-02196,L6,BNK-L6-1,NY6-F,10603
CON-008634,LOT-02196,L6,BNK-L6-2,NY6-H,2846
CON-008635,LOT-02196,L6,BNK-L6-3,MB-NA,274
CON-008636,LOT-02196,L6,BNK-L6-4,MB-NS,133
CON-008637,LOT-02197,L1,BNK-L1-1,PET-BR,25885
CON-008638,LOT-02197,L1,BNK-L1-2,PET-SD,1084
CON-008639,LOT-02197,L1,BNK-L1-3,MB-AB,410
CON-008640,LOT-02197,L1,BNK-L1-4,MB-SL,265
CON-008641,LOT-02198,L1,BNK-L1-1,PET-BR,26029
CON-008642,LOT-02198,L1,BNK-L1-2,PET-SD,1090
CON-008643,LOT-02198,L1,BNK-L1-3,MB-AB,412
CON-008644,LOT-02198,L1,BNK-L1-4,MB-SL,267
CON-008645,LOT-02199,L2,BNK-L2-1,PET-BR,20888
CON-008646,LOT-02199,L2,BNK-L2-2,PET-RC,5405
CON-008647,LOT-02199,L2,BNK-L2-3,MB-AB,384
CON-008648,LOT-02199,L2,BNK-L2-4,MB-WH,258
CON-008649,LOT-02200,L2,BNK-L2-1,PET-BR,21008
CON-008650,LOT-02200,L2,BNK-L2-2,PET-RC,5435
CON-008651,LOT-02200,L2,BNK-L2-3,MB-AB,386
CON-008652,LOT-02200,L2,BNK-L2-4,MB-WH,260
CON-008653,LOT-02201,L3,BNK-L3-1,PET-BR,22320
CON-008654,LOT-02201,L3,BNK-L3-2,PET-SD,3848
CON-008655,LOT-02201,L3,BNK-L3-3,MB-SL,518
CON-008656,LOT-02201,L3,BNK-L3-4,MB-UV,261
CON-008657,LOT-02202,L3,BNK-L3-1,PET-BR,22448
CON-008658,LOT-02202,L3,BNK-L3-2,PET-SD,3870
CON-008659,LOT-02202,L3,BNK-L3-3,MB-SL,521
CON-008660,LOT-02202,L3,BNK-L3-4,MB-UV,263
CON-008661,LOT-02203,L4,BNK-L4-1,PET-BR,19831
CON-008662,LOT-02203,L4,BNK-L4-2,PET-CO,4396
CON-008663,LOT-02203,L4,BNK-L4-3,MB-WH,370
CON-008664,LOT-02203,L4,BNK-L4-4,MB-UV,373
CON-008665,LOT-02204,L4,BNK-L4-1,PET-BR,19950
CON-008666,LOT-02204,L4,BNK-L4-2,PET-CO,4422
CON-008667,LOT-02204,L4,BNK-L4-3,MB-WH,372
CON-008668,LOT-02204,L4,BNK-L4-4,MB-UV,375
CON-008669,LOT-02205,L5,BNK-L5-1,NY6-F,11482
CON-008670,LOT-02205,L5,BNK-L5-2,NY6-H,3082
CON-008671,LOT-02205,L5,BNK-L5-3,MB-NA,296
CON-008672,LOT-02205,L5,BNK-L5-4,MB-NS,144
CON-008673,LOT-02206,L5,BNK-L5-1,NY6-F,11466
CON-008674,LOT-02206,L5,BNK-L5-2,NY6-H,3078
CON-008675,LOT-02206,L5,BNK-L5-3,MB-NA,296
CON-008676,LOT-02206,L5,BNK-L5-4,MB-NS,144
CON-008677,LOT-02207,L6,BNK-L6-1,NY6-F,11114
CON-008678,LOT-02207,L6,BNK-L6-2,NY6-H,2366
CON-008679,LOT-02207,L6,BNK-L6-3,MB-NA,205
CON-008680,LOT-02207,L6,BNK-L6-4,MB-NS,133
CON-008681,LOT-02208,L6,BNK-L6-1,NY6-F,11227
CON-008682,LOT-02208,L6,BNK-L6-2,NY6-H,2390
CON-008683,LOT-02208,L6,BNK-L6-3,MB-NA,207
CON-008684,LOT-02208,L6,BNK-L6-4,MB-NS,134
CON-008685,LOT-02209,L1,BNK-L1-1,PET-BR,26339
CON-008686,LOT-02209,L1,BNK-L1-2,PET-SD,827
CON-008687,LOT-02209,L1,BNK-L1-3,MB-AB,535
CON-008688,LOT-02209,L1,BNK-L1-4,MB-SL,270
CON-008689,LOT-02210,L1,BNK-L1-1,PET-BR,26484
CON-008690,LOT-02210,L1,BNK-L1-2,PET-SD,831
CON-008691,LOT-02210,L1,BNK-L1-3,MB-AB,538
CON-008692,LOT-02210,L1,BNK-L1-4,MB-SL,272
CON-008693,LOT-02211,L2,BNK-L2-1,PET-BR,20726
CON-008694,LOT-02211,L2,BNK-L2-2,PET-RC,5806
CON-008695,LOT-02211,L2,BNK-L2-3,MB-AB,391
CON-008696,LOT-02211,L2,BNK-L2-4,MB-WH,263
CON-008697,LOT-02212,L2,BNK-L2-1,PET-BR,20843
CON-008698,LOT-02212,L2,BNK-L2-2,PET-RC,5839
CON-008699,LOT-02212,L2,BNK-L2-3,MB-AB,393
CON-008700,LOT-02212,L2,BNK-L2-4,MB-WH,264
CON-008701,LOT-02213,L3,BNK-L3-1,PET-BR,23271
CON-008702,LOT-02213,L3,BNK-L3-2,PET-SD,2481
CON-008703,LOT-02213,L3,BNK-L3-3,MB-SL,527
CON-008704,LOT-02213,L3,BNK-L3-4,MB-UV,399
CON-008705,LOT-02214,L3,BNK-L3-1,PET-BR,23404
CON-008706,LOT-02214,L3,BNK-L3-2,PET-SD,2495
CON-008707,LOT-02214,L3,BNK-L3-3,MB-SL,530
CON-008708,LOT-02214,L3,BNK-L3-4,MB-UV,401
CON-008709,LOT-02215,L4,BNK-L4-1,PET-BR,19208
CON-008710,LOT-02215,L4,BNK-L4-2,PET-CO,5470
CON-008711,LOT-02215,L4,BNK-L4-3,MB-WH,502
CON-008712,LOT-02215,L4,BNK-L4-4,MB-UV,244
CON-008713,LOT-02216,L4,BNK-L4-1,PET-BR,19116
CON-008714,LOT-02216,L4,BNK-L4-2,PET-CO,5445
CON-008715,LOT-02216,L4,BNK-L4-3,MB-WH,505
CON-008716,LOT-02216,L4,BNK-L4-4,MB-UV,245
CON-008717,LOT-02217,L5,BNK-L5-1,NY6-F,11877
CON-008718,LOT-02217,L5,BNK-L5-2,NY6-H,2706
CON-008719,LOT-02217,L5,BNK-L5-3,MB-NA,222
CON-008720,LOT-02217,L5,BNK-L5-4,MB-NS,143
CON-008721,LOT-02218,L5,BNK-L5-1,NY6-F,11989
CON-008722,LOT-02218,L5,BNK-L5-2,NY6-H,2731
CON-008723,LOT-02218,L5,BNK-L5-3,MB-NA,224
CON-008724,LOT-02218,L5,BNK-L5-4,MB-NS,145
CON-008725,LOT-02219,L6,BNK-L6-1,NY6-F,10903
CON-008726,LOT-02219,L6,BNK-L6-2,NY6-H,2821
CON-008727,LOT-02219,L6,BNK-L6-3,MB-NA,200
CON-008728,LOT-02219,L6,BNK-L6-4,MB-NS,135
CON-008729,LOT-02220,L6,BNK-L6-1,NY6-F,11012
CON-008730,LOT-02220,L6,BNK-L6-2,NY6-H,2849
CON-008731,LOT-02220,L6,BNK-L6-3,MB-NA,202
CON-008732,LOT-02220,L6,BNK-L6-4,MB-NS,136
CON-008733,LOT-02221,L1,BNK-L1-1,PET-BR,25302
CON-008734,LOT-02221,L1,BNK-L1-2,PET-SD,1286
CON-008735,LOT-02221,L1,BNK-L1-3,MB-AB,389
CON-008736,LOT-02221,L1,BNK-L1-4,MB-SL,262
CON-008737,LOT-02222,L1,BNK-L1-1,PET-BR,25445
CON-008738,LOT-02222,L1,BNK-L1-2,PET-SD,1294
CON-008739,LOT-02222,L1,BNK-L1-3,MB-AB,392
CON-008740,LOT-02222,L1,BNK-L1-4,MB-SL,264
CON-008741,LOT-02223,L2,BNK-L2-1,PET-BR,21425
CON-008742,LOT-02223,L2,BNK-L2-2,PET-RC,3377
CON-008743,LOT-02223,L2,BNK-L2-3,MB-AB,505
CON-008744,LOT-02223,L2,BNK-L2-4,MB-WH,255
CON-008745,LOT-02224,L2,BNK-L2-1,PET-BR,21551
CON-008746,LOT-02224,L2,BNK-L2-2,PET-RC,3397
CON-008747,LOT-02224,L2,BNK-L2-3,MB-AB,508
CON-008748,LOT-02224,L2,BNK-L2-4,MB-WH,256
CON-008749,LOT-02225,L3,BNK-L3-1,PET-BR,10526
CON-008750,LOT-02225,L3,BNK-L3-2,PET-SD,15184
CON-008751,LOT-02226,L3,BNK-L3-1,PET-BR,10588
CON-008752,LOT-02226,L3,BNK-L3-2,PET-SD,15273
CON-008753,LOT-02227,L4,BNK-L4-1,PET-BR,19355
CON-008754,LOT-02227,L4,BNK-L4-2,PET-CO,4121
CON-008755,LOT-02227,L4,BNK-L4-3,MB-WH,360
CON-008756,LOT-02227,L4,BNK-L4-4,MB-UV,233
CON-008757,LOT-02228,L4,BNK-L4-1,PET-BR,19476
CON-008758,LOT-02228,L4,BNK-L4-2,PET-CO,4147
CON-008759,LOT-02228,L4,BNK-L4-3,MB-WH,359
CON-008760,LOT-02228,L4,BNK-L4-4,MB-UV,232
CON-008761,LOT-02229,L5,BNK-L5-1,NY6-F,11058
CON-008762,LOT-02229,L5,BNK-L5-2,NY6-H,3129
CON-008763,LOT-02229,L5,BNK-L5-3,MB-NA,207
CON-008764,LOT-02229,L5,BNK-L5-4,MB-NS,139
CON-008765,LOT-02230,L5,BNK-L5-1,NY6-F,11166
CON-008766,LOT-02230,L5,BNK-L5-2,NY6-H,3160
CON-008767,LOT-02230,L5,BNK-L5-3,MB-NA,209
CON-008768,LOT-02230,L5,BNK-L5-4,MB-NS,141
CON-008769,LOT-02231,L6,BNK-L6-1,NY6-F,11298
CON-008770,LOT-02231,L6,BNK-L6-2,NY6-H,1861
CON-008771,LOT-02231,L6,BNK-L6-3,MB-NA,259
CON-008772,LOT-02231,L6,BNK-L6-4,MB-NS,131
CON-008773,LOT-02232,L6,BNK-L6-1,NY6-F,11415
CON-008774,LOT-02232,L6,BNK-L6-2,NY6-H,1880
CON-008775,LOT-02232,L6,BNK-L6-3,MB-NA,262
CON-008776,LOT-02232,L6,BNK-L6-4,MB-NS,132
CON-008777,LOT-02233,L1,BNK-L1-1,PET-BR,25025
CON-008778,LOT-02233,L1,BNK-L1-2,PET-SD,786
CON-008779,LOT-02233,L1,BNK-L1-3,MB-AB,528
CON-008780,LOT-02233,L1,BNK-L1-4,MB-SL,400
CON-008781,LOT-02234,L1,BNK-L1-1,PET-BR,25166
CON-008782,LOT-02234,L1,BNK-L1-2,PET-SD,790
CON-008783,LOT-02234,L1,BNK-L1-3,MB-AB,531
CON-008784,LOT-02234,L1,BNK-L1-4,MB-SL,402
CON-008785,LOT-02235,L2,BNK-L2-1,PET-BR,20678
CON-008786,LOT-02235,L2,BNK-L2-2,PET-RC,4583
CON-008787,LOT-02235,L2,BNK-L2-3,MB-AB,385
CON-008788,LOT-02235,L2,BNK-L2-4,MB-WH,374
CON-008789,LOT-02236,L2,BNK-L2-1,PET-BR,20799
CON-008790,LOT-02236,L2,BNK-L2-2,PET-RC,4610
CON-008791,LOT-02236,L2,BNK-L2-3,MB-AB,388
CON-008792,LOT-02236,L2,BNK-L2-4,MB-WH,376
CON-008793,LOT-02237,L3,BNK-L3-1,PET-BR,22108
CON-008794,LOT-02237,L3,BNK-L3-2,PET-SD,3062
CON-008795,LOT-02237,L3,BNK-L3-3,MB-SL,515
CON-008796,LOT-02237,L3,BNK-L3-4,MB-UV,250
CON-008797,LOT-02238,L3,BNK-L3-1,PET-BR,21999
CON-008798,LOT-02238,L3,BNK-L3-2,PET-SD,3047
CON-008799,LOT-02238,L3,BNK-L3-3,MB-SL,518
CON-008800,LOT-02238,L3,BNK-L3-4,MB-UV,251
CON-008801,LOT-02239,L4,BNK-L4-1,PET-BR,19002
CON-008802,LOT-02239,L4,BNK-L4-2,PET-CO,4797
CON-008803,LOT-02239,L4,BNK-L4-3,MB-WH,465
CON-008804,LOT-02239,L4,BNK-L4-4,MB-UV,235
CON-008805,LOT-02240,L4,BNK-L4-1,PET-BR,19119
CON-008806,LOT-02240,L4,BNK-L4-2,PET-CO,4826
CON-008807,LOT-02240,L4,BNK-L4-3,MB-WH,468
CON-008808,LOT-02240,L4,BNK-L4-4,MB-UV,236
CON-008809,LOT-02241,L5,BNK-L5-1,NY6-F,12182
CON-008810,LOT-02241,L5,BNK-L5-2,NY6-H,2088
CON-008811,LOT-02241,L5,BNK-L5-3,MB-NA,281
CON-008812,LOT-02241,L5,BNK-L5-4,MB-NS,142
CON-008813,LOT-02242,L5,BNK-L5-1,NY6-F,12299
CON-008814,LOT-02242,L5,BNK-L5-2,NY6-H,2108
CON-008815,LOT-02242,L5,BNK-L5-3,MB-NA,284
CON-008816,LOT-02242,L5,BNK-L5-4,MB-NS,143
CON-008817,LOT-02243,L6,BNK-L6-1,NY6-F,10542
CON-008818,LOT-02243,L6,BNK-L6-2,NY6-H,2417
CON-008819,LOT-02243,L6,BNK-L6-3,MB-NA,198
CON-008820,LOT-02243,L6,BNK-L6-4,MB-NS,200
CON-008821,LOT-02244,L6,BNK-L6-1,NY6-F,10652
CON-008822,LOT-02244,L6,BNK-L6-2,NY6-H,2442
CON-008823,LOT-02244,L6,BNK-L6-3,MB-NA,200
CON-008824,LOT-02244,L6,BNK-L6-4,MB-NS,202
CON-008825,LOT-02245,L1,BNK-L1-1,PET-BR,25205
CON-008826,LOT-02245,L1,BNK-L1-2,PET-SD,1333
CON-008827,LOT-02245,L1,BNK-L1-3,MB-AB,403
CON-008828,LOT-02245,L1,BNK-L1-4,MB-SL,261
CON-008829,LOT-02246,L1,BNK-L1-1,PET-BR,25347
CON-008830,LOT-02246,L1,BNK-L1-2,PET-SD,1340
CON-008831,LOT-02246,L1,BNK-L1-3,MB-AB,406
CON-008832,LOT-02246,L1,BNK-L1-4,MB-SL,263
CON-008833,LOT-02247,L2,BNK-L2-1,PET-BR,21353
CON-008834,LOT-02247,L2,BNK-L2-2,PET-RC,4235
CON-008835,LOT-02247,L2,BNK-L2-3,MB-AB,388
CON-008836,LOT-02247,L2,BNK-L2-4,MB-WH,251
CON-008837,LOT-02248,L2,BNK-L2-1,PET-BR,21478
CON-008838,LOT-02248,L2,BNK-L2-2,PET-RC,4260
CON-008839,LOT-02248,L2,BNK-L2-3,MB-AB,391
CON-008840,LOT-02248,L2,BNK-L2-4,MB-WH,253
CON-008841,LOT-02249,L3,BNK-L3-1,PET-BR,22774
CON-008842,LOT-02249,L3,BNK-L3-2,PET-SD,2569
CON-008843,LOT-02249,L3,BNK-L3-3,MB-SL,504
CON-008844,LOT-02249,L3,BNK-L3-4,MB-UV,254
CON-008845,LOT-02250,L3,BNK-L3-1,PET-BR,22906
CON-008846,LOT-02250,L3,BNK-L3-2,PET-SD,2584
CON-008847,LOT-02250,L3,BNK-L3-3,MB-SL,501
CON-008848,LOT-02250,L3,BNK-L3-4,MB-UV,253
CON-008849,LOT-02251,L4,BNK-L4-1,PET-BR,20681
CON-008850,LOT-02251,L4,BNK-L4-2,PET-CO,3406
CON-008851,LOT-02251,L4,BNK-L4-3,MB-WH,474
CON-008852,LOT-02251,L4,BNK-L4-4,MB-UV,239
CON-008853,LOT-02252,L4,BNK-L4-1,PET-BR,20807
CON-008854,LOT-02252,L4,BNK-L4-2,PET-CO,3427
CON-008855,LOT-02252,L4,BNK-L4-3,MB-WH,477
CON-008856,LOT-02252,L4,BNK-L4-4,MB-UV,241
CON-008857,LOT-02253,L5,BNK-L5-1,NY6-F,11357
CON-008858,LOT-02253,L5,BNK-L5-2,NY6-H,2690
CON-008859,LOT-02253,L5,BNK-L5-3,MB-NA,214
CON-008860,LOT-02253,L5,BNK-L5-4,MB-NS,217
CON-008861,LOT-02254,L5,BNK-L5-1,NY6-F,11467
CON-008862,LOT-02254,L5,BNK-L5-2,NY6-H,2716
CON-008863,LOT-02254,L5,BNK-L5-3,MB-NA,217
CON-008864,LOT-02254,L5,BNK-L5-4,MB-NS,219
CON-008865,LOT-02255,L6,BNK-L6-1,NY6-F,10403
CON-008866,LOT-02255,L6,BNK-L6-2,NY6-H,2792
CON-008867,LOT-02255,L6,BNK-L6-3,MB-NA,269
CON-008868,LOT-02255,L6,BNK-L6-4,MB-NS,130
CON-008869,LOT-02256,L6,BNK-L6-1,NY6-F,10510
CON-008870,LOT-02256,L6,BNK-L6-2,NY6-H,2821
CON-008871,LOT-02256,L6,BNK-L6-3,MB-NA,271
CON-008872,LOT-02256,L6,BNK-L6-4,MB-NS,132
CON-008873,LOT-02257,L2,BNK-L2-1,PET-BR,20660
CON-008874,LOT-02257,L2,BNK-L2-2,PET-RC,5345
CON-008875,LOT-02257,L2,BNK-L2-3,MB-AB,380
CON-008876,LOT-02257,L2,BNK-L2-4,MB-WH,256
CON-008877,LOT-02258,L2,BNK-L2-1,PET-BR,20779
CON-008878,LOT-02258,L2,BNK-L2-2,PET-RC,5376
CON-008879,LOT-02258,L2,BNK-L2-3,MB-AB,382
CON-008880,LOT-02258,L2,BNK-L2-4,MB-WH,257
CON-008881,LOT-02259,L3,BNK-L3-1,PET-BR,22076
CON-008882,LOT-02259,L3,BNK-L3-2,PET-SD,3806
CON-008883,LOT-02259,L3,BNK-L3-3,MB-SL,512
CON-008884,LOT-02259,L3,BNK-L3-4,MB-UV,259
CON-008885,LOT-02260,L3,BNK-L3-1,PET-BR,21969
CON-008886,LOT-02260,L3,BNK-L3-2,PET-SD,3787
CON-008887,LOT-02260,L3,BNK-L3-3,MB-SL,515
CON-008888,LOT-02260,L3,BNK-L3-4,MB-UV,260
CON-008889,LOT-02261,L4,BNK-L4-1,PET-BR,19386
CON-008890,LOT-02261,L4,BNK-L4-2,PET-CO,4298
CON-008891,LOT-02261,L4,BNK-L4-3,MB-WH,361
CON-008892,LOT-02261,L4,BNK-L4-4,MB-UV,365
CON-008893,LOT-02262,L4,BNK-L4-1,PET-BR,19504
CON-008894,LOT-02262,L4,BNK-L4-2,PET-CO,4324
CON-008895,LOT-02262,L4,BNK-L4-3,MB-WH,364
CON-008896,LOT-02262,L4,BNK-L4-4,MB-UV,367
CON-008897,LOT-02263,L5,BNK-L5-1,NY6-F,11248
CON-008898,LOT-02263,L5,BNK-L5-2,NY6-H,3019
CON-008899,LOT-02263,L5,BNK-L5-3,MB-NA,290
CON-008900,LOT-02263,L5,BNK-L5-4,MB-NS,141
CON-008901,LOT-02264,L5,BNK-L5-1,NY6-F,11356
CON-008902,LOT-02264,L5,BNK-L5-2,NY6-H,3048
CON-008903,LOT-02264,L5,BNK-L5-3,MB-NA,293
CON-008904,LOT-02264,L5,BNK-L5-4,MB-NS,142
CON-008905,LOT-02265,L6,BNK-L6-1,NY6-F,10995
CON-008906,LOT-02265,L6,BNK-L6-2,NY6-H,2341
CON-008907,LOT-02265,L6,BNK-L6-3,MB-NA,203
CON-008908,LOT-02265,L6,BNK-L6-4,MB-NS,131
CON-008909,LOT-02266,L6,BNK-L6-1,NY6-F,11107
CON-008910,LOT-02266,L6,BNK-L6-2,NY6-H,2365
CON-008911,LOT-02266,L6,BNK-L6-3,MB-NA,205
CON-008912,LOT-02266,L6,BNK-L6-4,MB-NS,133
CON-008913,LOT-02267,L1,BNK-L1-1,PET-BR,26067
CON-008914,LOT-02267,L1,BNK-L1-2,PET-SD,818
CON-008915,LOT-02267,L1,BNK-L1-3,MB-AB,529
CON-008916,LOT-02267,L1,BNK-L1-4,MB-SL,267
CON-008917,LOT-02268,L1,BNK-L1-1,PET-BR,26212
CON-008918,LOT-02268,L1,BNK-L1-2,PET-SD,823
CON-008919,LOT-02268,L1,BNK-L1-3,MB-AB,532
CON-008920,LOT-02268,L1,BNK-L1-4,MB-SL,269
CON-008921,LOT-02269,L3,BNK-L3-1,PET-BR,22975
CON-008922,LOT-02269,L3,BNK-L3-2,PET-SD,2449
CON-008923,LOT-02269,L3,BNK-L3-3,MB-SL,520
CON-008924,LOT-02269,L3,BNK-L3-4,MB-UV,394
CON-008925,LOT-02270,L3,BNK-L3-1,PET-BR,23107
CON-008926,LOT-02270,L3,BNK-L3-2,PET-SD,2463
CON-008927,LOT-02270,L3,BNK-L3-3,MB-SL,523
CON-008928,LOT-02270,L3,BNK-L3-4,MB-UV,396
CON-008929,LOT-02271,L4,BNK-L4-1,PET-BR,18743
CON-008930,LOT-02271,L4,BNK-L4-2,PET-CO,5339
CON-008931,LOT-02271,L4,BNK-L4-3,MB-WH,495
CON-008932,LOT-02271,L4,BNK-L4-4,MB-UV,240
CON-008933,LOT-02272,L4,BNK-L4-1,PET-BR,18857
CON-008934,LOT-02272,L4,BNK-L4-2,PET-CO,5371
CON-008935,LOT-02272,L4,BNK-L4-3,MB-WH,493
CON-008936,LOT-02272,L4,BNK-L4-4,MB-UV,239
CON-008937,LOT-02273,L5,BNK-L5-1,NY6-F,11739
CON-008938,LOT-02273,L5,BNK-L5-2,NY6-H,2674
CON-008939,LOT-02273,L5,BNK-L5-3,MB-NA,219
CON-008940,LOT-02273,L5,BNK-L5-4,MB-NS,142
CON-008941,LOT-02274,L5,BNK-L5-1,NY6-F,11850
CON-008942,LOT-02274,L5,BNK-L5-2,NY6-H,2700
CON-008943,LOT-02274,L5,BNK-L5-3,MB-NA,221
CON-008944,LOT-02274,L5,BNK-L5-4,MB-NS,143
CON-008945,LOT-02275,L6,BNK-L6-1,NY6-F,10765
CON-008946,LOT-02275,L6,BNK-L6-2,NY6-H,2785
CON-008947,LOT-02275,L6,BNK-L6-3,MB-NA,198
CON-008948,LOT-02275,L6,BNK-L6-4,MB-NS,133
CON-008949,LOT-02276,L6,BNK-L6-1,NY6-F,10874
CON-008950,LOT-02276,L6,BNK-L6-2,NY6-H,2814
CON-008951,LOT-02276,L6,BNK-L6-3,MB-NA,200
CON-008952,LOT-02276,L6,BNK-L6-4,MB-NS,135
CON-008953,LOT-02277,L1,BNK-L1-1,PET-BR,26196
CON-008954,LOT-02277,L1,BNK-L1-2,PET-SD,1332
CON-008955,LOT-02277,L1,BNK-L1-3,MB-AB,403
CON-008956,LOT-02277,L1,BNK-L1-4,MB-SL,271
CON-008957,LOT-02278,L1,BNK-L1-1,PET-BR,26341
CON-008958,LOT-02278,L1,BNK-L1-2,PET-SD,1339
CON-008959,LOT-02278,L1,BNK-L1-3,MB-AB,405
CON-008960,LOT-02278,L1,BNK-L1-4,MB-SL,273
CON-008961,LOT-02279,L2,BNK-L2-1,PET-BR,22213
CON-008962,LOT-02279,L2,BNK-L2-2,PET-RC,3501
CON-008963,LOT-02279,L2,BNK-L2-3,MB-AB,523
CON-008964,LOT-02279,L2,BNK-L2-4,MB-WH,264
CON-008965,LOT-02280,L2,BNK-L2-1,PET-BR,22340
CON-008966,LOT-02280,L2,BNK-L2-2,PET-RC,3521
CON-008967,LOT-02280,L2,BNK-L2-3,MB-AB,526
CON-008968,LOT-02280,L2,BNK-L2-4,MB-WH,266
CON-008969,LOT-02281,L4,BNK-L4-1,PET-BR,20290
CON-008970,LOT-02281,L4,BNK-L4-2,PET-CO,4320
CON-008971,LOT-02281,L4,BNK-L4-3,MB-WH,373
CON-008972,LOT-02281,L4,BNK-L4-4,MB-UV,242
CON-008973,LOT-02282,L4,BNK-L4-1,PET-BR,20194
CON-008974,LOT-02282,L4,BNK-L4-2,PET-CO,4300
CON-008975,LOT-02282,L4,BNK-L4-3,MB-WH,376
CON-008976,LOT-02282,L4,BNK-L4-4,MB-UV,243
CON-008977,LOT-02283,L5,BNK-L5-1,NY6-F,11410
CON-008978,LOT-02283,L5,BNK-L5-2,NY6-H,3229
CON-008979,LOT-02283,L5,BNK-L5-3,MB-NA,214
CON-008980,LOT-02283,L5,BNK-L5-4,MB-NS,144
CON-008981,LOT-02284,L5,BNK-L5-1,NY6-F,11517
CON-008982,LOT-02284,L5,BNK-L5-2,NY6-H,3259
CON-008983,LOT-02284,L5,BNK-L5-3,MB-NA,216
CON-008984,LOT-02284,L5,BNK-L5-4,MB-NS,145
CON-008985,LOT-02285,L6,BNK-L6-1,NY6-F,11686
CON-008986,LOT-02285,L6,BNK-L6-2,NY6-H,1924
CON-008987,LOT-02285,L6,BNK-L6-3,MB-NA,268
CON-008988,LOT-02285,L6,BNK-L6-4,MB-NS,135
CON-008989,LOT-02286,L6,BNK-L6-1,NY6-F,11804
CON-008990,LOT-02286,L6,BNK-L6-2,NY6-H,1944
CON-008991,LOT-02286,L6,BNK-L6-3,MB-NA,271
CON-008992,LOT-02286,L6,BNK-L6-4,MB-NS,137
CON-008993,LOT-02287,L1,BNK-L1-1,PET-BR,25853
CON-008994,LOT-02287,L1,BNK-L1-2,PET-SD,812
CON-008995,LOT-02287,L1,BNK-L1-3,MB-AB,546
CON-008996,LOT-02287,L1,BNK-L1-4,MB-SL,413
CON-008997,LOT-02288,L1,BNK-L1-1,PET-BR,25995
CON-008998,LOT-02288,L1,BNK-L1-2,PET-SD,816
CON-008999,LOT-02288,L1,BNK-L1-3,MB-AB,549
CON-009000,LOT-02288,L1,BNK-L1-4,MB-SL,416
CON-009001,LOT-02289,L2,BNK-L2-1,PET-BR,21391
CON-009002,LOT-02289,L2,BNK-L2-2,PET-RC,4742
CON-009003,LOT-02289,L2,BNK-L2-3,MB-AB,399
CON-009004,LOT-02289,L2,BNK-L2-4,MB-WH,387
CON-009005,LOT-02290,L2,BNK-L2-1,PET-BR,21513
CON-009006,LOT-02290,L2,BNK-L2-2,PET-RC,4768
CON-009007,LOT-02290,L2,BNK-L2-3,MB-AB,401
CON-009008,LOT-02290,L2,BNK-L2-4,MB-WH,389
CON-009009,LOT-02291,L3,BNK-L3-1,PET-BR,22870
CON-009010,LOT-02291,L3,BNK-L3-2,PET-SD,3167
CON-009011,LOT-02291,L3,BNK-L3-3,MB-SL,532
CON-009012,LOT-02291,L3,BNK-L3-4,MB-UV,259
CON-009013,LOT-02292,L3,BNK-L3-1,PET-BR,23000
CON-009014,LOT-02292,L3,BNK-L3-2,PET-SD,3185
CON-009015,LOT-02292,L3,BNK-L3-3,MB-SL,535
CON-009016,LOT-02292,L3,BNK-L3-4,MB-UV,260
CON-009017,LOT-02293,L5,BNK-L5-1,NY6-F,12675
CON-009018,LOT-02293,L5,BNK-L5-2,NY6-H,2173
CON-009019,LOT-02293,L5,BNK-L5-3,MB-NA,293
CON-009020,LOT-02293,L5,BNK-L5-4,MB-NS,148
CON-009021,LOT-02294,L5,BNK-L5-1,NY6-F,12660
CON-009022,LOT-02294,L5,BNK-L5-2,NY6-H,2169
CON-009023,LOT-02294,L5,BNK-L5-3,MB-NA,292
CON-009024,LOT-02294,L5,BNK-L5-4,MB-NS,147
CON-009025,LOT-02295,L6,BNK-L6-1,NY6-F,10880
CON-009026,LOT-02295,L6,BNK-L6-2,NY6-H,2494
CON-009027,LOT-02295,L6,BNK-L6-3,MB-NA,204
CON-009028,LOT-02295,L6,BNK-L6-4,MB-NS,206
CON-009029,LOT-02296,L6,BNK-L6-1,NY6-F,10989
CON-009030,LOT-02296,L6,BNK-L6-2,NY6-H,2519
CON-009031,LOT-02296,L6,BNK-L6-3,MB-NA,206
CON-009032,LOT-02296,L6,BNK-L6-4,MB-NS,208
CON-009033,LOT-02297,L1,BNK-L1-1,PET-BR,24791
CON-009034,LOT-02297,L1,BNK-L1-2,PET-SD,1311
CON-009035,LOT-02297,L1,BNK-L1-3,MB-AB,397
CON-009036,LOT-02297,L1,BNK-L1-4,MB-SL,257
CON-009037,LOT-02298,L1,BNK-L1-1,PET-BR,24932
CON-009038,LOT-02298,L1,BNK-L1-2,PET-SD,1318
CON-009039,LOT-02298,L1,BNK-L1-3,MB-AB,399
CON-009040,LOT-02298,L1,BNK-L1-4,MB-SL,258
CON-009041,LOT-02299,L2,BNK-L2-1,PET-BR,20991
CON-009042,LOT-02299,L2,BNK-L2-2,PET-RC,4164
CON-009043,LOT-02299,L2,BNK-L2-3,MB-AB,382
CON-009044,LOT-02299,L2,BNK-L2-4,MB-WH,247
CON-009045,LOT-02300,L2,BNK-L2-1,PET-BR,21114
CON-009046,LOT-02300,L2,BNK-L2-2,PET-RC,4188
CON-009047,LOT-02300,L2,BNK-L2-3,MB-AB,384
CON-009048,LOT-02300,L2,BNK-L2-4,MB-WH,249
CON-009049,LOT-02301,L3,BNK-L3-1,PET-BR,22628
CON-009050,LOT-02301,L3,BNK-L3-2,PET-SD,2553
CON-009051,LOT-02301,L3,BNK-L3-3,MB-SL,495
CON-009052,LOT-02301,L3,BNK-L3-4,MB-UV,250
CON-009053,LOT-02302,L3,BNK-L3-1,PET-BR,22761
CON-009054,LOT-02302,L3,BNK-L3-2,PET-SD,2568
CON-009055,LOT-02302,L3,BNK-L3-3,MB-SL,498
CON-009056,LOT-02302,L3,BNK-L3-4,MB-UV,252
CON-009057,LOT-02303,L4,BNK-L4-1,PET-BR,20528
CON-009058,LOT-02303,L4,BNK-L4-2,PET-CO,3381
CON-009059,LOT-02303,L4,BNK-L4-3,MB-WH,471
CON-009060,LOT-02303,L4,BNK-L4-4,MB-UV,238
CON-009061,LOT-02304,L4,BNK-L4-1,PET-BR,20437
CON-009062,LOT-02304,L4,BNK-L4-2,PET-CO,3366
CON-009063,LOT-02304,L4,BNK-L4-3,MB-WH,473
CON-009064,LOT-02304,L4,BNK-L4-4,MB-UV,239
CON-009065,LOT-02305,L6,BNK-L6-1,NY6-F,10208
CON-009066,LOT-02305,L6,BNK-L6-2,NY6-H,2740
CON-009067,LOT-02305,L6,BNK-L6-3,MB-NA,264
CON-009068,LOT-02305,L6,BNK-L6-4,MB-NS,128
CON-009069,LOT-02306,L6,BNK-L6-1,NY6-F,10314
CON-009070,LOT-02306,L6,BNK-L6-2,NY6-H,2769
CON-009071,LOT-02306,L6,BNK-L6-3,MB-NA,266
CON-009072,LOT-02306,L6,BNK-L6-4,MB-NS,129
CON-009073,LOT-02307,L1,BNK-L1-1,PET-BR,25198
CON-009074,LOT-02307,L1,BNK-L1-2,PET-SD,1055
CON-009075,LOT-02307,L1,BNK-L1-3,MB-AB,399
CON-009076,LOT-02307,L1,BNK-L1-4,MB-SL,258
CON-009077,LOT-02308,L1,BNK-L1-1,PET-BR,25341
CON-009078,LOT-02308,L1,BNK-L1-2,PET-SD,1061
CON-009079,LOT-02308,L1,BNK-L1-3,MB-AB,401
CON-009080,LOT-02308,L1,BNK-L1-4,MB-SL,260
CON-009081,LOT-02309,L2,BNK-L2-1,PET-BR,20312
CON-009082,LOT-02309,L2,BNK-L2-2,PET-RC,5255
CON-009083,LOT-02309,L2,BNK-L2-3,MB-AB,373
CON-009084,LOT-02309,L2,BNK-L2-4,MB-WH,251
CON-009085,LOT-02310,L2,BNK-L2-1,PET-BR,20430
CON-009086,LOT-02310,L2,BNK-L2-2,PET-RC,5286
CON-009087,LOT-02310,L2,BNK-L2-3,MB-AB,375
CON-009088,LOT-02310,L2,BNK-L2-4,MB-WH,253
CON-009089,LOT-02311,L3,BNK-L3-1,PET-BR,21704
CON-009090,LOT-02311,L3,BNK-L3-2,PET-SD,3742
CON-009091,LOT-02311,L3,BNK-L3-3,MB-SL,503
CON-009092,LOT-02311,L3,BNK-L3-4,MB-UV,254
CON-009093,LOT-02312,L3,BNK-L3-1,PET-BR,21831
CON-009094,LOT-02312,L3,BNK-L3-2,PET-SD,3764
CON-009095,LOT-02312,L3,BNK-L3-3,MB-SL,506
CON-009096,LOT-02312,L3,BNK-L3-4,MB-UV,256
CON-009097,LOT-02313,L4,BNK-L4-1,PET-BR,19249
CON-009098,LOT-02313,L4,BNK-L4-2,PET-CO,4267
CON-009099,LOT-02313,L4,BNK-L4-3,MB-WH,359
CON-009100,LOT-02313,L4,BNK-L4-4,MB-UV,362
CON-009101,LOT-02314,L4,BNK-L4-1,PET-BR,19368
CON-009102,LOT-02314,L4,BNK-L4-2,PET-CO,4293
CON-009103,LOT-02314,L4,BNK-L4-3,MB-WH,361
CON-009104,LOT-02314,L4,BNK-L4-4,MB-UV,364
CON-009105,LOT-02315,L5,BNK-L5-1,NY6-F,11191
CON-009106,LOT-02315,L5,BNK-L5-2,NY6-H,3004
CON-009107,LOT-02315,L5,BNK-L5-3,MB-NA,289
CON-009108,LOT-02315,L5,BNK-L5-4,MB-NS,140
CON-009109,LOT-02316,L5,BNK-L5-1,NY6-F,11178
CON-009110,LOT-02316,L5,BNK-L5-2,NY6-H,3001
CON-009111,LOT-02316,L5,BNK-L5-3,MB-NA,289
CON-009112,LOT-02316,L5,BNK-L5-4,MB-NS,140
CON-009113,LOT-02317,L1,BNK-L1-1,PET-BR,25594
CON-009114,LOT-02317,L1,BNK-L1-2,PET-SD,803
CON-009115,LOT-02317,L1,BNK-L1-3,MB-AB,520
CON-009116,LOT-02317,L1,BNK-L1-4,MB-SL,262
CON-009117,LOT-02318,L1,BNK-L1-1,PET-BR,25738
CON-009118,LOT-02318,L1,BNK-L1-2,PET-SD,808
CON-009119,LOT-02318,L1,BNK-L1-3,MB-AB,523
CON-009120,LOT-02318,L1,BNK-L1-4,MB-SL,264
CON-009121,LOT-02319,L2,BNK-L2-1,PET-BR,20119
CON-009122,LOT-02319,L2,BNK-L2-2,PET-RC,5636
CON-009123,LOT-02319,L2,BNK-L2-3,MB-AB,379
CON-009124,LOT-02319,L2,BNK-L2-4,MB-WH,255
CON-009125,LOT-02320,L2,BNK-L2-1,PET-BR,20235
CON-009126,LOT-02320,L2,BNK-L2-2,PET-RC,5669
CON-009127,LOT-02320,L2,BNK-L2-3,MB-AB,381
CON-009128,LOT-02320,L2,BNK-L2-4,MB-WH,257
CON-009129,LOT-02321,L3,BNK-L3-1,PET-BR,22588
CON-009130,LOT-02321,L3,BNK-L3-2,PET-SD,2408
CON-009131,LOT-02321,L3,BNK-L3-3,MB-SL,511
CON-009132,LOT-02321,L3,BNK-L3-4,MB-UV,387
CON-009133,LOT-02322,L3,BNK-L3-1,PET-BR,22720
CON-009134,LOT-02322,L3,BNK-L3-2,PET-SD,2422
CON-009135,LOT-02322,L3,BNK-L3-3,MB-SL,514
CON-009136,LOT-02322,L3,BNK-L3-4,MB-UV,390
CON-009137,LOT-02323,L4,BNK-L4-1,PET-BR,18612
CON-009138,LOT-02323,L4,BNK-L4-2,PET-CO,5301
CON-009139,LOT-02323,L4,BNK-L4-3,MB-WH,486
CON-009140,LOT-02323,L4,BNK-L4-4,MB-UV,236
CON-009141,LOT-02324,L4,BNK-L4-1,PET-BR,18726
CON-009142,LOT-02324,L4,BNK-L4-2,PET-CO,5333
CON-009143,LOT-02324,L4,BNK-L4-3,MB-WH,489
CON-009144,LOT-02324,L4,BNK-L4-4,MB-UV,237
CON-009145,LOT-02325,L5,BNK-L5-1,NY6-F,11680
CON-009146,LOT-02325,L5,BNK-L5-2,NY6-H,2661
CON-009147,LOT-02325,L5,BNK-L5-3,MB-NA,218
CON-009148,LOT-02325,L5,BNK-L5-4,MB-NS,141
CON-009149,LOT-02326,L5,BNK-L5-1,NY6-F,11792
CON-009150,LOT-02326,L5,BNK-L5-2,NY6-H,2686
CON-009151,LOT-02326,L5,BNK-L5-3,MB-NA,220
CON-009152,LOT-02326,L5,BNK-L5-4,MB-NS,142
CON-009153,LOT-02327,L6,BNK-L6-1,NY6-F,10586
CON-009154,LOT-02327,L6,BNK-L6-2,NY6-H,2739
CON-009155,LOT-02327,L6,BNK-L6-3,MB-NA,195
CON-009156,LOT-02327,L6,BNK-L6-4,MB-NS,131
CON-009157,LOT-02328,L6,BNK-L6-1,NY6-F,10695
CON-009158,LOT-02328,L6,BNK-L6-2,NY6-H,2767
CON-009159,LOT-02328,L6,BNK-L6-3,MB-NA,197
CON-009160,LOT-02328,L6,BNK-L6-4,MB-NS,132
CON-009161,LOT-02329,L1,BNK-L1-1,PET-BR,25774
CON-009162,LOT-02329,L1,BNK-L1-2,PET-SD,1310
CON-009163,LOT-02329,L1,BNK-L1-3,MB-AB,397
CON-009164,LOT-02329,L1,BNK-L1-4,MB-SL,267
CON-009165,LOT-02330,L1,BNK-L1-1,PET-BR,25917
CON-009166,LOT-02330,L1,BNK-L1-2,PET-SD,1318
CON-009167,LOT-02330,L1,BNK-L1-3,MB-AB,399
CON-009168,LOT-02330,L1,BNK-L1-4,MB-SL,269
CON-009169,LOT-02331,L2,BNK-L2-1,PET-BR,21841
CON-009170,LOT-02331,L2,BNK-L2-2,PET-RC,3443
CON-009171,LOT-02331,L2,BNK-L2-3,MB-AB,515
CON-009172,LOT-02331,L2,BNK-L2-4,MB-WH,260
CON-009173,LOT-02332,L2,BNK-L2-1,PET-BR,21968
CON-009174,LOT-02332,L2,BNK-L2-2,PET-RC,3462
CON-009175,LOT-02332,L2,BNK-L2-3,MB-AB,517
CON-009176,LOT-02332,L2,BNK-L2-4,MB-WH,261
CON-009177,LOT-02333,L3,BNK-L3-1,PET-BR,10731
CON-009178,LOT-02333,L3,BNK-L3-2,PET-SD,15480
CON-009179,LOT-02334,L3,BNK-L3-1,PET-BR,10793
CON-009180,LOT-02334,L3,BNK-L3-2,PET-SD,15569
CON-009181,LOT-02335,L4,BNK-L4-1,PET-BR,19973
CON-009182,LOT-02335,L4,BNK-L4-2,PET-CO,4252
CON-009183,LOT-02335,L4,BNK-L4-3,MB-WH,368
CON-009184,LOT-02335,L4,BNK-L4-4,MB-UV,238
CON-009185,LOT-02336,L4,BNK-L4-1,PET-BR,20095
CON-009186,LOT-02336,L4,BNK-L4-2,PET-CO,4278
CON-009187,LOT-02336,L4,BNK-L4-3,MB-WH,370
CON-009188,LOT-02336,L4,BNK-L4-4,MB-UV,240
CON-009189,LOT-02337,L5,BNK-L5-1,NY6-F,11375
CON-009190,LOT-02337,L5,BNK-L5-2,NY6-H,3219
CON-009191,LOT-02337,L5,BNK-L5-3,MB-NA,213
CON-009192,LOT-02337,L5,BNK-L5-4,MB-NS,144
CON-009193,LOT-02338,L5,BNK-L5-1,NY6-F,11361
CON-009194,LOT-02338,L5,BNK-L5-2,NY6-H,3215
CON-009195,LOT-02338,L5,BNK-L5-3,MB-NA,213
CON-009196,LOT-02338,L5,BNK-L5-4,MB-NS,143
CON-009197,LOT-02339,L6,BNK-L6-1,NY6-F,11515
CON-009198,LOT-02339,L6,BNK-L6-2,NY6-H,1896
CON-009199,LOT-02339,L6,BNK-L6-3,MB-NA,264
CON-009200,LOT-02339,L6,BNK-L6-4,MB-NS,133
CON-009201,LOT-02340,L6,BNK-L6-1,NY6-F,11633
CON-009202,LOT-02340,L6,BNK-L6-2,NY6-H,1916
CON-009203,LOT-02340,L6,BNK-L6-3,MB-NA,267
CON-009204,LOT-02340,L6,BNK-L6-4,MB-NS,135
CON-009205,LOT-02341,L1,BNK-L1-1,PET-BR,25486
CON-009206,LOT-02341,L1,BNK-L1-2,PET-SD,800
CON-009207,LOT-02341,L1,BNK-L1-3,MB-AB,538
CON-009208,LOT-02341,L1,BNK-L1-4,MB-SL,408
CON-009209,LOT-02342,L1,BNK-L1-1,PET-BR,25628
CON-009210,LOT-02342,L1,BNK-L1-2,PET-SD,805
CON-009211,LOT-02342,L1,BNK-L1-3,MB-AB,541
CON-009212,LOT-02342,L1,BNK-L1-4,MB-SL,410
CON-009213,LOT-02343,L2,BNK-L2-1,PET-BR,21077
CON-009214,LOT-02343,L2,BNK-L2-2,PET-RC,4672
CON-009215,LOT-02343,L2,BNK-L2-3,MB-AB,393
CON-009216,LOT-02343,L2,BNK-L2-4,MB-WH,381
CON-009217,LOT-02344,L2,BNK-L2-1,PET-BR,21198
CON-009218,LOT-02344,L2,BNK-L2-2,PET-RC,4699
CON-009219,LOT-02344,L2,BNK-L2-3,MB-AB,395
CON-009220,LOT-02344,L2,BNK-L2-4,MB-WH,384
CON-009221,LOT-02345,L3,BNK-L3-1,PET-BR,22535
CON-009222,LOT-02345,L3,BNK-L3-2,PET-SD,3121
CON-009223,LOT-02345,L3,BNK-L3-3,MB-SL,525
CON-009224,LOT-02345,L3,BNK-L3-4,MB-UV,255
CON-009225,LOT-02346,L3,BNK-L3-1,PET-BR,22664
CON-009226,LOT-02346,L3,BNK-L3-2,PET-SD,3139
CON-009227,LOT-02346,L3,BNK-L3-3,MB-SL,528
CON-009228,LOT-02346,L3,BNK-L3-4,MB-UV,256
CON-009229,LOT-02347,L4,BNK-L4-1,PET-BR,19603
CON-009230,LOT-02347,L4,BNK-L4-2,PET-CO,4948
CON-009231,LOT-02347,L4,BNK-L4-3,MB-WH,480
CON-009232,LOT-02347,L4,BNK-L4-4,MB-UV,242
CON-009233,LOT-02348,L4,BNK-L4-1,PET-BR,19512
CON-009234,LOT-02348,L4,BNK-L4-2,PET-CO,4926
CON-009235,LOT-02348,L4,BNK-L4-3,MB-WH,483
CON-009236,LOT-02348,L4,BNK-L4-4,MB-UV,244
CON-009237,LOT-02349,L5,BNK-L5-1,NY6-F,12396
CON-009238,LOT-02349,L5,BNK-L5-2,NY6-H,2124
CON-009239,LOT-02349,L5,BNK-L5-3,MB-NA,286
CON-009240,LOT-02349,L5,BNK-L5-4,MB-NS,144
CON-009241,LOT-02350,L5,BNK-L5-1,NY6-F,12513
CON-009242,LOT-02350,L5,BNK-L5-2,NY6-H,2144
CON-009243,LOT-02350,L5,BNK-L5-3,MB-NA,289
CON-009244,LOT-02350,L5,BNK-L5-4,MB-NS,146
CON-009245,LOT-02351,L6,BNK-L6-1,NY6-F,10743
CON-009246,LOT-02351,L6,BNK-L6-2,NY6-H,2463
CON-009247,LOT-02351,L6,BNK-L6-3,MB-NA,202
CON-009248,LOT-02351,L6,BNK-L6-4,MB-NS,204
CON-009249,LOT-02352,L6,BNK-L6-1,NY6-F,10852
CON-009250,LOT-02352,L6,BNK-L6-2,NY6-H,2488
CON-009251,LOT-02352,L6,BNK-L6-3,MB-NA,204
CON-009252,LOT-02352,L6,BNK-L6-4,MB-NS,206
CON-009253,LOT-02353,L1,BNK-L1-1,PET-BR,25668
CON-009254,LOT-02353,L1,BNK-L1-2,PET-SD,1357
CON-009255,LOT-02353,L1,BNK-L1-3,MB-AB,411
CON-009256,LOT-02353,L1,BNK-L1-4,MB-SL,266
CON-009257,LOT-02354,L1,BNK-L1-1,PET-BR,25810
CON-009258,LOT-02354,L1,BNK-L1-2,PET-SD,1365
CON-009259,LOT-02354,L1,BNK-L1-3,MB-AB,413
CON-009260,LOT-02354,L1,BNK-L1-4,MB-SL,267
CON-009261,LOT-02355,L2,BNK-L2-1,PET-BR,21762
CON-009262,LOT-02355,L2,BNK-L2-2,PET-RC,4317
CON-009263,LOT-02355,L2,BNK-L2-3,MB-AB,396
CON-009264,LOT-02355,L2,BNK-L2-4,MB-WH,256
CON-009265,LOT-02356,L2,BNK-L2-1,PET-BR,21887
CON-009266,LOT-02356,L2,BNK-L2-2,PET-RC,4341
CON-009267,LOT-02356,L2,BNK-L2-3,MB-AB,398
CON-009268,LOT-02356,L2,BNK-L2-4,MB-WH,258
CON-009269,LOT-02357,L3,BNK-L3-1,PET-BR,23460
CON-009270,LOT-02357,L3,BNK-L3-2,PET-SD,2647
CON-009271,LOT-02357,L3,BNK-L3-3,MB-SL,514
CON-009272,LOT-02357,L3,BNK-L3-4,MB-UV,259
CON-009273,LOT-02358,L3,BNK-L3-1,PET-BR,23593
CON-009274,LOT-02358,L3,BNK-L3-2,PET-SD,2662
CON-009275,LOT-02358,L3,BNK-L3-3,MB-SL,517
CON-009276,LOT-02358,L3,BNK-L3-4,MB-UV,261
CON-009277,LOT-02359,L4,BNK-L4-1,PET-BR,21105
CON-009278,LOT-02359,L4,BNK-L4-2,PET-CO,3476
CON-009279,LOT-02359,L4,BNK-L4-3,MB-WH,489
CON-009280,LOT-02359,L4,BNK-L4-4,MB-UV,247
CON-009281,LOT-02360,L4,BNK-L4-1,PET-BR,21232
CON-009282,LOT-02360,L4,BNK-L4-2,PET-CO,3497
CON-009283,LOT-02360,L4,BNK-L4-3,MB-WH,487
CON-009284,LOT-02360,L4,BNK-L4-4,MB-UV,246
CON-009285,LOT-02361,L5,BNK-L5-1,NY6-F,11555
CON-009286,LOT-02361,L5,BNK-L5-2,NY6-H,2737
CON-009287,LOT-02361,L5,BNK-L5-3,MB-NA,218
CON-009288,LOT-02361,L5,BNK-L5-4,MB-NS,220
CON-009289,LOT-02362,L5,BNK-L5-1,NY6-F,11664
CON-009290,LOT-02362,L5,BNK-L5-2,NY6-H,2763
CON-009291,LOT-02362,L5,BNK-L5-3,MB-NA,220
CON-009292,LOT-02362,L5,BNK-L5-4,MB-NS,222
CON-009293,LOT-02363,L6,BNK-L6-1,NY6-F,10600
CON-009294,LOT-02363,L6,BNK-L6-2,NY6-H,2845
CON-009295,LOT-02363,L6,BNK-L6-3,MB-NA,274
CON-009296,LOT-02363,L6,BNK-L6-4,MB-NS,133
CON-009297,LOT-02364,L6,BNK-L6-1,NY6-F,10707
CON-009298,LOT-02364,L6,BNK-L6-2,NY6-H,2874
CON-009299,LOT-02364,L6,BNK-L6-3,MB-NA,276
CON-009300,LOT-02364,L6,BNK-L6-4,MB-NS,134
CON-009301,LOT-02365,L1,BNK-L1-1,PET-BR,26134
CON-009302,LOT-02365,L1,BNK-L1-2,PET-SD,1094
CON-009303,LOT-02365,L1,BNK-L1-3,MB-AB,414
CON-009304,LOT-02365,L1,BNK-L1-4,MB-SL,268
CON-009305,LOT-02366,L1,BNK-L1-1,PET-BR,26278
CON-009306,LOT-02366,L1,BNK-L1-2,PET-SD,1100
CON-009307,LOT-02366,L1,BNK-L1-3,MB-AB,416
CON-009308,LOT-02366,L1,BNK-L1-4,MB-SL,269
CON-009309,LOT-02367,L2,BNK-L2-1,PET-BR,21094
CON-009310,LOT-02367,L2,BNK-L2-2,PET-RC,5458
CON-009311,LOT-02367,L2,BNK-L2-3,MB-AB,387
CON-009312,LOT-02367,L2,BNK-L2-4,MB-WH,261
CON-009313,LOT-02368,L2,BNK-L2-1,PET-BR,21214
CON-009314,LOT-02368,L2,BNK-L2-2,PET-RC,5489
CON-009315,LOT-02368,L2,BNK-L2-3,MB-AB,390
CON-009316,LOT-02368,L2,BNK-L2-4,MB-WH,262
CON-009317,LOT-02369,L3,BNK-L3-1,PET-BR,22539
CON-009318,LOT-02369,L3,BNK-L3-2,PET-SD,3886
CON-009319,LOT-02369,L3,BNK-L3-3,MB-SL,523
CON-009320,LOT-02369,L3,BNK-L3-4,MB-UV,264
CON-009321,LOT-02370,L3,BNK-L3-1,PET-BR,22428
CON-009322,LOT-02370,L3,BNK-L3-2,PET-SD,3866
CON-009323,LOT-02370,L3,BNK-L3-3,MB-SL,526
CON-009324,LOT-02370,L3,BNK-L3-4,MB-UV,265
CON-009325,LOT-02371,L4,BNK-L4-1,PET-BR,19819
CON-009326,LOT-02371,L4,BNK-L4-2,PET-CO,4394
CON-009327,LOT-02371,L4,BNK-L4-3,MB-WH,369
CON-009328,LOT-02371,L4,BNK-L4-4,MB-UV,373
CON-009329,LOT-02372,L4,BNK-L4-1,PET-BR,19937
CON-009330,LOT-02372,L4,BNK-L4-2,PET-CO,4420
CON-009331,LOT-02372,L4,BNK-L4-3,MB-WH,372
CON-009332,LOT-02372,L4,BNK-L4-4,MB-UV,375
CON-009333,LOT-02373,L5,BNK-L5-1,NY6-F,11465
CON-009334,LOT-02373,L5,BNK-L5-2,NY6-H,3078
CON-009335,LOT-02373,L5,BNK-L5-3,MB-NA,296
CON-009336,LOT-02373,L5,BNK-L5-4,MB-NS,144
CON-009337,LOT-02374,L5,BNK-L5-1,NY6-F,11573
CON-009338,LOT-02374,L5,BNK-L5-2,NY6-H,3107
CON-009339,LOT-02374,L5,BNK-L5-3,MB-NA,299
CON-009340,LOT-02374,L5,BNK-L5-4,MB-NS,145
CON-009341,LOT-02375,L6,BNK-L6-1,NY6-F,11223
CON-009342,LOT-02375,L6,BNK-L6-2,NY6-H,2390
CON-009343,LOT-02375,L6,BNK-L6-3,MB-NA,207
CON-009344,LOT-02375,L6,BNK-L6-4,MB-NS,134
CON-009345,LOT-02376,L6,BNK-L6-1,NY6-F,11336
CON-009346,LOT-02376,L6,BNK-L6-2,NY6-H,2414
CON-009347,LOT-02376,L6,BNK-L6-3,MB-NA,209
CON-009348,LOT-02376,L6,BNK-L6-4,MB-NS,135
CON-009349,LOT-02377,L1,BNK-L1-1,PET-BR,25370
CON-009350,LOT-02377,L1,BNK-L1-2,PET-SD,796
CON-009351,LOT-02377,L1,BNK-L1-3,MB-AB,515
CON-009352,LOT-02377,L1,BNK-L1-4,MB-SL,260
CON-009353,LOT-02378,L1,BNK-L1-1,PET-BR,25514
CON-009354,LOT-02378,L1,BNK-L1-2,PET-SD,801
CON-009355,LOT-02378,L1,BNK-L1-3,MB-AB,518
CON-009356,LOT-02378,L1,BNK-L1-4,MB-SL,262
CON-009357,LOT-02379,L2,BNK-L2-1,PET-BR,19930
CON-009358,LOT-02379,L2,BNK-L2-2,PET-RC,5584
CON-009359,LOT-02379,L2,BNK-L2-3,MB-AB,376
CON-009360,LOT-02379,L2,BNK-L2-4,MB-WH,253
CON-009361,LOT-02380,L2,BNK-L2-1,PET-BR,20047
CON-009362,LOT-02380,L2,BNK-L2-2,PET-RC,5617
CON-009363,LOT-02380,L2,BNK-L2-3,MB-AB,378
CON-009364,LOT-02380,L2,BNK-L2-4,MB-WH,254
CON-009365,LOT-02381,L3,BNK-L3-1,PET-BR,22138
CON-009366,LOT-02381,L3,BNK-L3-2,PET-SD,2360
CON-009367,LOT-02381,L3,BNK-L3-3,MB-SL,507
CON-009368,LOT-02381,L3,BNK-L3-4,MB-UV,384
CON-009369,LOT-02382,L3,BNK-L3-1,PET-BR,22268
CON-009370,LOT-02382,L3,BNK-L3-2,PET-SD,2374
CON-009371,LOT-02382,L3,BNK-L3-3,MB-SL,504
CON-009372,LOT-02382,L3,BNK-L3-4,MB-UV,382
CON-009373,LOT-02383,L4,BNK-L4-1,PET-BR,18225
CON-009374,LOT-02383,L4,BNK-L4-2,PET-CO,5191
CON-009375,LOT-02383,L4,BNK-L4-3,MB-WH,476
CON-009376,LOT-02383,L4,BNK-L4-4,MB-UV,231
CON-009377,LOT-02384,L4,BNK-L4-1,PET-BR,18338
CON-009378,LOT-02384,L4,BNK-L4-2,PET-CO,5223
CON-009379,LOT-02384,L4,BNK-L4-3,MB-WH,479
CON-009380,LOT-02384,L4,BNK-L4-4,MB-UV,233
CON-009381,LOT-02385,L5,BNK-L5-1,NY6-F,11461
CON-009382,LOT-02385,L5,BNK-L5-2,NY6-H,2611
CON-009383,LOT-02385,L5,BNK-L5-3,MB-NA,214
CON-009384,LOT-02385,L5,BNK-L5-4,MB-NS,138
CON-009385,LOT-02386,L5,BNK-L5-1,NY6-F,11573
CON-009386,LOT-02386,L5,BNK-L5-2,NY6-H,2637
CON-009387,LOT-02386,L5,BNK-L5-3,MB-NA,216
CON-009388,LOT-02386,L5,BNK-L5-4,MB-NS,140
CON-009389,LOT-02387,L6,BNK-L6-1,NY6-F,10490
CON-009390,LOT-02387,L6,BNK-L6-2,NY6-H,2714
CON-009391,LOT-02387,L6,BNK-L6-3,MB-NA,193
CON-009392,LOT-02387,L6,BNK-L6-4,MB-NS,130
CON-009393,LOT-02388,L6,BNK-L6-1,NY6-F,10599
CON-009394,LOT-02388,L6,BNK-L6-2,NY6-H,2742
CON-009395,LOT-02388,L6,BNK-L6-3,MB-NA,195
CON-009396,LOT-02388,L6,BNK-L6-4,MB-NS,131
CON-009397,LOT-02389,L1,BNK-L1-1,PET-BR,25549
CON-009398,LOT-02389,L1,BNK-L1-2,PET-SD,1299
CON-009399,LOT-02389,L1,BNK-L1-3,MB-AB,393
CON-009400,LOT-02389,L1,BNK-L1-4,MB-SL,265
CON-009401,LOT-02390,L1,BNK-L1-1,PET-BR,25693
CON-009402,LOT-02390,L1,BNK-L1-2,PET-SD,1307
CON-009403,LOT-02390,L1,BNK-L1-3,MB-AB,395
CON-009404,LOT-02390,L1,BNK-L1-4,MB-SL,266
CON-009405,LOT-02391,L2,BNK-L2-1,PET-BR,21642
CON-009406,LOT-02391,L2,BNK-L2-2,PET-RC,3411
CON-009407,LOT-02391,L2,BNK-L2-3,MB-AB,510
CON-009408,LOT-02391,L2,BNK-L2-4,MB-WH,257
CON-009409,LOT-02392,L2,BNK-L2-1,PET-BR,21533
CON-009410,LOT-02392,L2,BNK-L2-2,PET-RC,3394
CON-009411,LOT-02392,L2,BNK-L2-3,MB-AB,513
CON-009412,LOT-02392,L2,BNK-L2-4,MB-WH,259
CON-009413,LOT-02393,L3,BNK-L3-1,PET-BR,10519
CON-009414,LOT-02393,L3,BNK-L3-2,PET-SD,15175
CON-009415,LOT-02394,L3,BNK-L3-1,PET-BR,10580
CON-009416,LOT-02394,L3,BNK-L3-2,PET-SD,15263
CON-009417,LOT-02395,L4,BNK-L4-1,PET-BR,19560
CON-009418,LOT-02395,L4,BNK-L4-2,PET-CO,4165
CON-009419,LOT-02395,L4,BNK-L4-3,MB-WH,360
CON-009420,LOT-02395,L4,BNK-L4-4,MB-UV,233
CON-009421,LOT-02396,L4,BNK-L4-1,PET-BR,19681
CON-009422,LOT-02396,L4,BNK-L4-2,PET-CO,4190
CON-009423,LOT-02396,L4,BNK-L4-3,MB-WH,362
CON-009424,LOT-02396,L4,BNK-L4-4,MB-UV,235
CON-009425,LOT-02397,L5,BNK-L5-1,NY6-F,11163
CON-009426,LOT-02397,L5,BNK-L5-2,NY6-H,3159
CON-009427,LOT-02397,L5,BNK-L5-3,MB-NA,209
CON-009428,LOT-02397,L5,BNK-L5-4,MB-NS,141
CON-009429,LOT-02398,L5,BNK-L5-1,NY6-F,11271
CON-009430,LOT-02398,L5,BNK-L5-2,NY6-H,3189
CON-009431,LOT-02398,L5,BNK-L5-3,MB-NA,211
CON-009432,LOT-02398,L5,BNK-L5-4,MB-NS,142
CON-009433,LOT-02399,L6,BNK-L6-1,NY6-F,11411
CON-009434,LOT-02399,L6,BNK-L6-2,NY6-H,1879
CON-009435,LOT-02399,L6,BNK-L6-3,MB-NA,262
CON-009436,LOT-02399,L6,BNK-L6-4,MB-NS,132
CON-009437,LOT-02400,L6,BNK-L6-1,NY6-F,11528
CON-009438,LOT-02400,L6,BNK-L6-2,NY6-H,1899
CON-009439,LOT-02400,L6,BNK-L6-3,MB-NA,264
CON-009440,LOT-02400,L6,BNK-L6-4,MB-NS,134
CON-009441,LOT-02401,L1,BNK-L1-1,PET-BR,25270
CON-009442,LOT-02401,L1,BNK-L1-2,PET-SD,793
CON-009443,LOT-02401,L1,BNK-L1-3,MB-AB,534
CON-009444,LOT-02401,L1,BNK-L1-4,MB-SL,404
CON-009445,LOT-02402,L1,BNK-L1-1,PET-BR,25412
CON-009446,LOT-02402,L1,BNK-L1-2,PET-SD,798
CON-009447,LOT-02402,L1,BNK-L1-3,MB-AB,537
CON-009448,LOT-02402,L1,BNK-L1-4,MB-SL,406
CON-009449,LOT-02403,L2,BNK-L2-1,PET-BR,20662
CON-009450,LOT-02403,L2,BNK-L2-2,PET-RC,4580
CON-009451,LOT-02403,L2,BNK-L2-3,MB-AB,389
CON-009452,LOT-02403,L2,BNK-L2-4,MB-WH,378
CON-009453,LOT-02404,L2,BNK-L2-1,PET-BR,20782
CON-009454,LOT-02404,L2,BNK-L2-2,PET-RC,4607
CON-009455,LOT-02404,L2,BNK-L2-3,MB-AB,387
CON-009456,LOT-02404,L2,BNK-L2-4,MB-WH,376
CON-009457,LOT-02405,L3,BNK-L3-1,PET-BR,22091
CON-009458,LOT-02405,L3,BNK-L3-2,PET-SD,3059
CON-009459,LOT-02405,L3,BNK-L3-3,MB-SL,514
CON-009460,LOT-02405,L3,BNK-L3-4,MB-UV,250
CON-009461,LOT-02406,L3,BNK-L3-1,PET-BR,22220
CON-009462,LOT-02406,L3,BNK-L3-2,PET-SD,3077
CON-009463,LOT-02406,L3,BNK-L3-3,MB-SL,517
CON-009464,LOT-02406,L3,BNK-L3-4,MB-UV,251
CON-009465,LOT-02407,L4,BNK-L4-1,PET-BR,19201
CON-009466,LOT-02407,L4,BNK-L4-2,PET-CO,4847
CON-009467,LOT-02407,L4,BNK-L4-3,MB-WH,470
CON-009468,LOT-02407,L4,BNK-L4-4,MB-UV,237
CON-009469,LOT-02408,L4,BNK-L4-1,PET-BR,19319
CON-009470,LOT-02408,L4,BNK-L4-2,PET-CO,4877
CON-009471,LOT-02408,L4,BNK-L4-3,MB-WH,473
CON-009472,LOT-02408,L4,BNK-L4-4,MB-UV,239
CON-009473,LOT-02409,L5,BNK-L5-1,NY6-F,12296
CON-009474,LOT-02409,L5,BNK-L5-2,NY6-H,2107
CON-009475,LOT-02409,L5,BNK-L5-3,MB-NA,284
CON-009476,LOT-02409,L5,BNK-L5-4,MB-NS,143
CON-009477,LOT-02410,L5,BNK-L5-1,NY6-F,12414
CON-009478,LOT-02410,L5,BNK-L5-2,NY6-H,2128
CON-009479,LOT-02410,L5,BNK-L5-3,MB-NA,286
CON-009480,LOT-02410,L5,BNK-L5-4,MB-NS,145
CON-009481,LOT-02411,L6,BNK-L6-1,NY6-F,10648
CON-009482,LOT-02411,L6,BNK-L6-2,NY6-H,2441
CON-009483,LOT-02411,L6,BNK-L6-3,MB-NA,200
CON-009484,LOT-02411,L6,BNK-L6-4,MB-NS,202
CON-009485,LOT-02412,L6,BNK-L6-1,NY6-F,10758
CON-009486,LOT-02412,L6,BNK-L6-2,NY6-H,2466
CON-009487,LOT-02412,L6,BNK-L6-3,MB-NA,202
CON-009488,LOT-02412,L6,BNK-L6-4,MB-NS,204
CON-009489,LOT-02413,L1,BNK-L1-1,PET-BR,25451
CON-009490,LOT-02413,L1,BNK-L1-2,PET-SD,1346
CON-009491,LOT-02413,L1,BNK-L1-3,MB-AB,407
CON-009492,LOT-02413,L1,BNK-L1-4,MB-SL,264
CON-009493,LOT-02414,L1,BNK-L1-1,PET-BR,25319
CON-009494,LOT-02414,L1,BNK-L1-2,PET-SD,1339
CON-009495,LOT-02414,L1,BNK-L1-3,MB-AB,409
CON-009496,LOT-02414,L1,BNK-L1-4,MB-SL,265
CON-009497,LOT-02415,L2,BNK-L2-1,PET-BR,21336
CON-009498,LOT-02415,L2,BNK-L2-2,PET-RC,4232
CON-009499,LOT-02415,L2,BNK-L2-3,MB-AB,388
CON-009500,LOT-02415,L2,BNK-L2-4,MB-WH,251
CON-009501,LOT-02416,L2,BNK-L2-1,PET-BR,21460
CON-009502,LOT-02416,L2,BNK-L2-2,PET-RC,4257
CON-009503,LOT-02416,L2,BNK-L2-3,MB-AB,390
CON-009504,LOT-02416,L2,BNK-L2-4,MB-WH,253
CON-009505,LOT-02417,L3,BNK-L3-1,PET-BR,23002
CON-009506,LOT-02417,L3,BNK-L3-2,PET-SD,2595
CON-009507,LOT-02417,L3,BNK-L3-3,MB-SL,504
CON-009508,LOT-02417,L3,BNK-L3-4,MB-UV,254
CON-009509,LOT-02418,L3,BNK-L3-1,PET-BR,23134
CON-009510,LOT-02418,L3,BNK-L3-2,PET-SD,2610
CON-009511,LOT-02418,L3,BNK-L3-3,MB-SL,506
CON-009512,LOT-02418,L3,BNK-L3-4,MB-UV,256
CON-009513,LOT-02419,L4,BNK-L4-1,PET-BR,20896
CON-009514,LOT-02419,L4,BNK-L4-2,PET-CO,3442
CON-009515,LOT-02419,L4,BNK-L4-3,MB-WH,479
CON-009516,LOT-02419,L4,BNK-L4-4,MB-UV,242
CON-009517,LOT-02420,L4,BNK-L4-1,PET-BR,21023
CON-009518,LOT-02420,L4,BNK-L4-2,PET-CO,3463
CON-009519,LOT-02420,L4,BNK-L4-3,MB-WH,482
CON-009520,LOT-02420,L4,BNK-L4-4,MB-UV,243
CON-009521,LOT-02421,L5,BNK-L5-1,NY6-F,11465
CON-009522,LOT-02421,L5,BNK-L5-2,NY6-H,2716
CON-009523,LOT-02421,L5,BNK-L5-3,MB-NA,217
CON-009524,LOT-02421,L5,BNK-L5-4,MB-NS,219
CON-009525,LOT-02422,L5,BNK-L5-1,NY6-F,11574
CON-009526,LOT-02422,L5,BNK-L5-2,NY6-H,2742
CON-009527,LOT-02422,L5,BNK-L5-3,MB-NA,219
CON-009528,LOT-02422,L5,BNK-L5-4,MB-NS,221
CON-009529,LOT-02423,L6,BNK-L6-1,NY6-F,10506
CON-009530,LOT-02423,L6,BNK-L6-2,NY6-H,2820
CON-009531,LOT-02423,L6,BNK-L6-3,MB-NA,271
CON-009532,LOT-02423,L6,BNK-L6-4,MB-NS,132
CON-009533,LOT-02424,L6,BNK-L6-1,NY6-F,10614
CON-009534,LOT-02424,L6,BNK-L6-2,NY6-H,2849
CON-009535,LOT-02424,L6,BNK-L6-3,MB-NA,274
CON-009536,LOT-02424,L6,BNK-L6-4,MB-NS,133
CON-009537,LOT-02425,L1,BNK-L1-1,PET-BR,25638
CON-009538,LOT-02425,L1,BNK-L1-2,PET-SD,1073
CON-009539,LOT-02425,L1,BNK-L1-3,MB-AB,410
CON-009540,LOT-02425,L1,BNK-L1-4,MB-SL,266
CON-009541,LOT-02426,L1,BNK-L1-1,PET-BR,25781
CON-009542,LOT-02426,L1,BNK-L1-2,PET-SD,1079
CON-009543,LOT-02426,L1,BNK-L1-3,MB-AB,408
CON-009544,LOT-02426,L1,BNK-L1-4,MB-SL,264
CON-009545,LOT-02427,L2,BNK-L2-1,PET-BR,20684
CON-009546,LOT-02427,L2,BNK-L2-2,PET-RC,5352
CON-009547,LOT-02427,L2,BNK-L2-3,MB-AB,380
CON-009548,LOT-02427,L2,BNK-L2-4,MB-WH,256
CON-009549,LOT-02428,L2,BNK-L2-1,PET-BR,20803
CON-009550,LOT-02428,L2,BNK-L2-2,PET-RC,5383
CON-009551,LOT-02428,L2,BNK-L2-3,MB-AB,382
CON-009552,LOT-02428,L2,BNK-L2-4,MB-WH,257
CON-009553,LOT-02429,L3,BNK-L3-1,PET-BR,22103
CON-009554,LOT-02429,L3,BNK-L3-2,PET-SD,3810
CON-009555,LOT-02429,L3,BNK-L3-3,MB-SL,513
CON-009556,LOT-02429,L3,BNK-L3-4,MB-UV,259
CON-009557,LOT-02430,L3,BNK-L3-1,PET-BR,22229
CON-009558,LOT-02430,L3,BNK-L3-2,PET-SD,3832
CON-009559,LOT-02430,L3,BNK-L3-3,MB-SL,516
CON-009560,LOT-02430,L3,BNK-L3-4,MB-UV,260
CON-009561,LOT-02431,L4,BNK-L4-1,PET-BR,19627
CON-009562,LOT-02431,L4,BNK-L4-2,PET-CO,4351
CON-009563,LOT-02431,L4,BNK-L4-3,MB-WH,366
CON-009564,LOT-02431,L4,BNK-L4-4,MB-UV,369
CON-009565,LOT-02432,L4,BNK-L4-1,PET-BR,19746
CON-009566,LOT-02432,L4,BNK-L4-2,PET-CO,4377
CON-009567,LOT-02432,L4,BNK-L4-3,MB-WH,368
CON-009568,LOT-02432,L4,BNK-L4-4,MB-UV,372
CON-009569,LOT-02433,L5,BNK-L5-1,NY6-F,11376
CON-009570,LOT-02433,L5,BNK-L5-2,NY6-H,3054
CON-009571,LOT-02433,L5,BNK-L5-3,MB-NA,294
CON-009572,LOT-02433,L5,BNK-L5-4,MB-NS,143
CON-009573,LOT-02434,L5,BNK-L5-1,NY6-F,11484
CON-009574,LOT-02434,L5,BNK-L5-2,NY6-H,3083
CON-009575,LOT-02434,L5,BNK-L5-3,MB-NA,296
CON-009576,LOT-02434,L5,BNK-L5-4,MB-NS,144
CON-009577,LOT-02435,L6,BNK-L6-1,NY6-F,11125
CON-009578,LOT-02435,L6,BNK-L6-2,NY6-H,2369
CON-009579,LOT-02435,L6,BNK-L6-3,MB-NA,205
CON-009580,LOT-02435,L6,BNK-L6-4,MB-NS,133
CON-009581,LOT-02436,L6,BNK-L6-1,NY6-F,11238
CON-009582,LOT-02436,L6,BNK-L6-2,NY6-H,2393
CON-009583,LOT-02436,L6,BNK-L6-3,MB-NA,207
CON-009584,LOT-02436,L6,BNK-L6-4,MB-NS,134
CON-009585,LOT-02437,L1,BNK-L1-1,PET-BR,26089
CON-009586,LOT-02437,L1,BNK-L1-2,PET-SD,819
CON-009587,LOT-02437,L1,BNK-L1-3,MB-AB,530
CON-009588,LOT-02437,L1,BNK-L1-4,MB-SL,267
CON-009589,LOT-02438,L1,BNK-L1-1,PET-BR,26233
CON-009590,LOT-02438,L1,BNK-L1-2,PET-SD,823
CON-009591,LOT-02438,L1,BNK-L1-3,MB-AB,533
CON-009592,LOT-02438,L1,BNK-L1-4,MB-SL,269
CON-009593,LOT-02439,L2,BNK-L2-1,PET-BR,20524
CON-009594,LOT-02439,L2,BNK-L2-2,PET-RC,5749
CON-009595,LOT-02439,L2,BNK-L2-3,MB-AB,387
CON-009596,LOT-02439,L2,BNK-L2-4,MB-WH,260
CON-009597,LOT-02440,L2,BNK-L2-1,PET-BR,20641
CON-009598,LOT-02440,L2,BNK-L2-2,PET-RC,5782
CON-009599,LOT-02440,L2,BNK-L2-3,MB-AB,389
CON-009600,LOT-02440,L2,BNK-L2-4,MB-WH,262
CON-009601,LOT-02441,L3,BNK-L3-1,PET-BR,23043
CON-009602,LOT-02441,L3,BNK-L3-2,PET-SD,2456
CON-009603,LOT-02441,L3,BNK-L3-3,MB-SL,522
CON-009604,LOT-02441,L3,BNK-L3-4,MB-UV,395
CON-009605,LOT-02442,L3,BNK-L3-1,PET-BR,23175
CON-009606,LOT-02442,L3,BNK-L3-2,PET-SD,2470
CON-009607,LOT-02442,L3,BNK-L3-3,MB-SL,525
CON-009608,LOT-02442,L3,BNK-L3-4,MB-UV,397
CON-009609,LOT-02443,L4,BNK-L4-1,PET-BR,19012
CON-009610,LOT-02443,L4,BNK-L4-2,PET-CO,5415
CON-009611,LOT-02443,L4,BNK-L4-3,MB-WH,497
CON-009612,LOT-02443,L4,BNK-L4-4,MB-UV,241
CON-009613,LOT-02444,L4,BNK-L4-1,PET-BR,19127
CON-009614,LOT-02444,L4,BNK-L4-2,PET-CO,5447
CON-009615,LOT-02444,L4,BNK-L4-3,MB-WH,500
CON-009616,LOT-02444,L4,BNK-L4-4,MB-UV,243
CON-009617,LOT-02445,L5,BNK-L5-1,NY6-F,11895
CON-009618,LOT-02445,L5,BNK-L5-2,NY6-H,2710
CON-009619,LOT-02445,L5,BNK-L5-3,MB-NA,222
CON-009620,LOT-02445,L5,BNK-L5-4,MB-NS,144
CON-009621,LOT-02446,L5,BNK-L5-1,NY6-F,12007
CON-009622,LOT-02446,L5,BNK-L5-2,NY6-H,2735
CON-009623,LOT-02446,L5,BNK-L5-3,MB-NA,224
CON-009624,LOT-02446,L5,BNK-L5-4,MB-NS,145
CON-009625,LOT-02447,L6,BNK-L6-1,NY6-F,10913
CON-009626,LOT-02447,L6,BNK-L6-2,NY6-H,2823
CON-009627,LOT-02447,L6,BNK-L6-3,MB-NA,201
CON-009628,LOT-02447,L6,BNK-L6-4,MB-NS,135
CON-009629,LOT-02448,L6,BNK-L6-1,NY6-F,10906
CON-009630,LOT-02448,L6,BNK-L6-2,NY6-H,2822
CON-009631,LOT-02448,L6,BNK-L6-3,MB-NA,200
CON-009632,LOT-02448,L6,BNK-L6-4,MB-NS,135
CON-009633,LOT-02449,L1,BNK-L1-1,PET-BR,26269
CON-009634,LOT-02449,L1,BNK-L1-2,PET-SD,1336
CON-009635,LOT-02449,L1,BNK-L1-3,MB-AB,404
CON-009636,LOT-02449,L1,BNK-L1-4,MB-SL,272
CON-009637,LOT-02450,L1,BNK-L1-1,PET-BR,26413
CON-009638,LOT-02450,L1,BNK-L1-2,PET-SD,1343
CON-009639,LOT-02450,L1,BNK-L1-3,MB-AB,406
CON-009640,LOT-02450,L1,BNK-L1-4,MB-SL,274
CON-009641,LOT-02451,L2,BNK-L2-1,PET-BR,22278
CON-009642,LOT-02451,L2,BNK-L2-2,PET-RC,3511
CON-009643,LOT-02451,L2,BNK-L2-3,MB-AB,525
CON-009644,LOT-02451,L2,BNK-L2-4,MB-WH,265
CON-009645,LOT-02452,L2,BNK-L2-1,PET-BR,22405
CON-009646,LOT-02452,L2,BNK-L2-2,PET-RC,3531
CON-009647,LOT-02452,L2,BNK-L2-3,MB-AB,528
CON-009648,LOT-02452,L2,BNK-L2-4,MB-WH,266
CON-009649,LOT-02453,L3,BNK-L3-1,PET-BR,10946
CON-009650,LOT-02453,L3,BNK-L3-2,PET-SD,15790
CON-009651,LOT-02454,L3,BNK-L3-1,PET-BR,11008
CON-009652,LOT-02454,L3,BNK-L3-2,PET-SD,15879
CON-009653,LOT-02455,L4,BNK-L4-1,PET-BR,20399
CON-009654,LOT-02455,L4,BNK-L4-2,PET-CO,4343
CON-009655,LOT-02455,L4,BNK-L4-3,MB-WH,376
CON-009656,LOT-02455,L4,BNK-L4-4,MB-UV,243
CON-009657,LOT-02456,L4,BNK-L4-1,PET-BR,20521
CON-009658,LOT-02456,L4,BNK-L4-2,PET-CO,4369
CON-009659,LOT-02456,L4,BNK-L4-3,MB-WH,378
CON-009660,LOT-02456,L4,BNK-L4-4,MB-UV,245
CON-009661,LOT-02457,L5,BNK-L5-1,NY6-F,11583
CON-009662,LOT-02457,L5,BNK-L5-2,NY6-H,3278
CON-009663,LOT-02457,L5,BNK-L5-3,MB-NA,217
CON-009664,LOT-02457,L5,BNK-L5-4,MB-NS,146
CON-009665,LOT-02458,L5,BNK-L5-1,NY6-F,11692
CON-009666,LOT-02458,L5,BNK-L5-2,NY6-H,3308
CON-009667,LOT-02458,L5,BNK-L5-3,MB-NA,219
CON-009668,LOT-02458,L5,BNK-L5-4,MB-NS,147
CON-009669,LOT-02459,L6,BNK-L6-1,NY6-F,11743
CON-009670,LOT-02459,L6,BNK-L6-2,NY6-H,1934
CON-009671,LOT-02459,L6,BNK-L6-3,MB-NA,269
CON-009672,LOT-02459,L6,BNK-L6-4,MB-NS,136
CON-009673,LOT-02460,L6,BNK-L6-1,NY6-F,11861
CON-009674,LOT-02460,L6,BNK-L6-2,NY6-H,1953
CON-009675,LOT-02460,L6,BNK-L6-3,MB-NA,272
CON-009676,LOT-02460,L6,BNK-L6-4,MB-NS,137
CON-009677,LOT-02461,L2,BNK-L2-1,PET-BR,20431
CON-009678,LOT-02461,L2,BNK-L2-2,PET-RC,4529
CON-009679,LOT-02461,L2,BNK-L2-3,MB-AB,381
CON-009680,LOT-02461,L2,BNK-L2-4,MB-WH,370
CON-009681,LOT-02462,L2,BNK-L2-1,PET-BR,20551
CON-009682,LOT-02462,L2,BNK-L2-2,PET-RC,4555
CON-009683,LOT-02462,L2,BNK-L2-3,MB-AB,383
CON-009684,LOT-02462,L2,BNK-L2-4,MB-WH,372
CON-009685,LOT-02463,L3,BNK-L3-1,PET-BR,21844
CON-009686,LOT-02463,L3,BNK-L3-2,PET-SD,3025
CON-009687,LOT-02463,L3,BNK-L3-3,MB-SL,509
CON-009688,LOT-02463,L3,BNK-L3-4,MB-UV,247
CON-009689,LOT-02464,L3,BNK-L3-1,PET-BR,21973
CON-009690,LOT-02464,L3,BNK-L3-2,PET-SD,3043
CON-009691,LOT-02464,L3,BNK-L3-3,MB-SL,512
CON-009692,LOT-02464,L3,BNK-L3-4,MB-UV,248
CON-009693,LOT-02465,L4,BNK-L4-1,PET-BR,18968
CON-009694,LOT-02465,L4,BNK-L4-2,PET-CO,4788
CON-009695,LOT-02465,L4,BNK-L4-3,MB-WH,465
CON-009696,LOT-02465,L4,BNK-L4-4,MB-UV,235
CON-009697,LOT-02466,L4,BNK-L4-1,PET-BR,19086
CON-009698,LOT-02466,L4,BNK-L4-2,PET-CO,4818
CON-009699,LOT-02466,L4,BNK-L4-3,MB-WH,467
CON-009700,LOT-02466,L4,BNK-L4-4,MB-UV,236
CON-009701,LOT-02467,L5,BNK-L5-1,NY6-F,12172
CON-009702,LOT-02467,L5,BNK-L5-2,NY6-H,2086
CON-009703,LOT-02467,L5,BNK-L5-3,MB-NA,281
CON-009704,LOT-02467,L5,BNK-L5-4,MB-NS,142
CON-009705,LOT-02468,L5,BNK-L5-1,NY6-F,12290
CON-009706,LOT-02468,L5,BNK-L5-2,NY6-H,2107
CON-009707,LOT-02468,L5,BNK-L5-3,MB-NA,284
CON-009708,LOT-02468,L5,BNK-L5-4,MB-NS,143
CON-009709,LOT-02469,L6,BNK-L6-1,NY6-F,10531
CON-009710,LOT-02469,L6,BNK-L6-2,NY6-H,2414
CON-009711,LOT-02469,L6,BNK-L6-3,MB-NA,198
CON-009712,LOT-02469,L6,BNK-L6-4,MB-NS,200
CON-009713,LOT-02470,L6,BNK-L6-1,NY6-F,10525
CON-009714,LOT-02470,L6,BNK-L6-2,NY6-H,2413
CON-009715,LOT-02470,L6,BNK-L6-3,MB-NA,198
CON-009716,LOT-02470,L6,BNK-L6-4,MB-NS,199
CON-009717,LOT-02471,L1,BNK-L1-1,PET-BR,24912
CON-009718,LOT-02471,L1,BNK-L1-2,PET-SD,1317
CON-009719,LOT-02471,L1,BNK-L1-3,MB-AB,399
CON-009720,LOT-02471,L1,BNK-L1-4,MB-SL,258
CON-009721,LOT-02472,L1,BNK-L1-1,PET-BR,25053
CON-009722,LOT-02472,L1,BNK-L1-2,PET-SD,1325
CON-009723,LOT-02472,L1,BNK-L1-3,MB-AB,401
CON-009724,LOT-02472,L1,BNK-L1-4,MB-SL,260
CON-009725,LOT-02473,L3,BNK-L3-1,PET-BR,22702
CON-009726,LOT-02473,L3,BNK-L3-2,PET-SD,2561
CON-009727,LOT-02473,L3,BNK-L3-3,MB-SL,497
CON-009728,LOT-02473,L3,BNK-L3-4,MB-UV,251
CON-009729,LOT-02474,L3,BNK-L3-1,PET-BR,22834
CON-009730,LOT-02474,L3,BNK-L3-2,PET-SD,2576
CON-009731,LOT-02474,L3,BNK-L3-3,MB-SL,500
CON-009732,LOT-02474,L3,BNK-L3-4,MB-UV,252
CON-009733,LOT-02475,L4,BNK-L4-1,PET-BR,20605
CON-009734,LOT-02475,L4,BNK-L4-2,PET-CO,3394
CON-009735,LOT-02475,L4,BNK-L4-3,MB-WH,472
CON-009736,LOT-02475,L4,BNK-L4-4,MB-UV,238
CON-009737,LOT-02476,L4,BNK-L4-1,PET-BR,20731
CON-009738,LOT-02476,L4,BNK-L4-2,PET-CO,3415
CON-009739,LOT-02476,L4,BNK-L4-3,MB-WH,475
CON-009740,LOT-02476,L4,BNK-L4-4,MB-UV,240
CON-009741,LOT-02477,L5,BNK-L5-1,NY6-F,11329
CON-009742,LOT-02477,L5,BNK-L5-2,NY6-H,2684
CON-009743,LOT-02477,L5,BNK-L5-3,MB-NA,214
CON-009744,LOT-02477,L5,BNK-L5-4,MB-NS,216
CON-009745,LOT-02478,L5,BNK-L5-1,NY6-F,11438
CON-009746,LOT-02478,L5,BNK-L5-2,NY6-H,2710
CON-009747,LOT-02478,L5,BNK-L5-3,MB-NA,216
CON-009748,LOT-02478,L5,BNK-L5-4,MB-NS,218
CON-009749,LOT-02479,L6,BNK-L6-1,NY6-F,10371
CON-009750,LOT-02479,L6,BNK-L6-2,NY6-H,2784
CON-009751,LOT-02479,L6,BNK-L6-3,MB-NA,268
CON-009752,LOT-02479,L6,BNK-L6-4,MB-NS,130
CON-009753,LOT-02480,L6,BNK-L6-1,NY6-F,10478
CON-009754,LOT-02480,L6,BNK-L6-2,NY6-H,2813
CON-009755,LOT-02480,L6,BNK-L6-3,MB-NA,270
CON-009756,LOT-02480,L6,BNK-L6-4,MB-NS,131
CON-009757,LOT-02481,L1,BNK-L1-1,PET-BR,25320
CON-009758,LOT-02481,L1,BNK-L1-2,PET-SD,1060
CON-009759,LOT-02481,L1,BNK-L1-3,MB-AB,401
CON-009760,LOT-02481,L1,BNK-L1-4,MB-SL,260
CON-009761,LOT-02482,L1,BNK-L1-1,PET-BR,25463
CON-009762,LOT-02482,L1,BNK-L1-2,PET-SD,1066
CON-009763,LOT-02482,L1,BNK-L1-3,MB-AB,403
CON-009764,LOT-02482,L1,BNK-L1-4,MB-SL,261
CON-009765,LOT-02483,L2,BNK-L2-1,PET-BR,20416
CON-009766,LOT-02483,L2,BNK-L2-2,PET-RC,5283
CON-009767,LOT-02483,L2,BNK-L2-3,MB-AB,375
CON-009768,LOT-02483,L2,BNK-L2-4,MB-WH,252
CON-009769,LOT-02484,L2,BNK-L2-1,PET-BR,20535
CON-009770,LOT-02484,L2,BNK-L2-2,PET-RC,5313
CON-009771,LOT-02484,L2,BNK-L2-3,MB-AB,377
CON-009772,LOT-02484,L2,BNK-L2-4,MB-WH,254
CON-009773,LOT-02485,L4,BNK-L4-1,PET-BR,19318
CON-009774,LOT-02485,L4,BNK-L4-2,PET-CO,4282
CON-009775,LOT-02485,L4,BNK-L4-3,MB-WH,360
CON-009776,LOT-02485,L4,BNK-L4-4,MB-UV,364
CON-009777,LOT-02486,L4,BNK-L4-1,PET-BR,19436
CON-009778,LOT-02486,L4,BNK-L4-2,PET-CO,4309
CON-009779,LOT-02486,L4,BNK-L4-3,MB-WH,362
CON-009780,LOT-02486,L4,BNK-L4-4,MB-UV,366
CON-009781,LOT-02487,L5,BNK-L5-1,NY6-F,11220
CON-009782,LOT-02487,L5,BNK-L5-2,NY6-H,3012
CON-009783,LOT-02487,L5,BNK-L5-3,MB-NA,290
CON-009784,LOT-02487,L5,BNK-L5-4,MB-NS,141
CON-009785,LOT-02488,L5,BNK-L5-1,NY6-F,11328
CON-009786,LOT-02488,L5,BNK-L5-2,NY6-H,3041
CON-009787,LOT-02488,L5,BNK-L5-3,MB-NA,292
CON-009788,LOT-02488,L5,BNK-L5-4,MB-NS,142
CON-009789,LOT-02489,L6,BNK-L6-1,NY6-F,10962
CON-009790,LOT-02489,L6,BNK-L6-2,NY6-H,2334
CON-009791,LOT-02489,L6,BNK-L6-3,MB-NA,202
CON-009792,LOT-02489,L6,BNK-L6-4,MB-NS,131
CON-009793,LOT-02490,L6,BNK-L6-1,NY6-F,11074
CON-009794,LOT-02490,L6,BNK-L6-2,NY6-H,2358
CON-009795,LOT-02490,L6,BNK-L6-3,MB-NA,204
CON-009796,LOT-02490,L6,BNK-L6-4,MB-NS,132
CON-009797,LOT-02491,L1,BNK-L1-1,PET-BR,25717
CON-009798,LOT-02491,L1,BNK-L1-2,PET-SD,807
CON-009799,LOT-02491,L1,BNK-L1-3,MB-AB,528
CON-009800,LOT-02491,L1,BNK-L1-4,MB-SL,267
CON-009801,LOT-02492,L1,BNK-L1-1,PET-BR,25861
CON-009802,LOT-02492,L1,BNK-L1-2,PET-SD,812
CON-009803,LOT-02492,L1,BNK-L1-3,MB-AB,525
CON-009804,LOT-02492,L1,BNK-L1-4,MB-SL,265
CON-009805,LOT-02493,L2,BNK-L2-1,PET-BR,20222
CON-009806,LOT-02493,L2,BNK-L2-2,PET-RC,5664
CON-009807,LOT-02493,L2,BNK-L2-3,MB-AB,381
CON-009808,LOT-02493,L2,BNK-L2-4,MB-WH,257
CON-009809,LOT-02494,L2,BNK-L2-1,PET-BR,20338
CON-009810,LOT-02494,L2,BNK-L2-2,PET-RC,5697
CON-009811,LOT-02494,L2,BNK-L2-3,MB-AB,383
CON-009812,LOT-02494,L2,BNK-L2-4,MB-WH,258
CON-009813,LOT-02495,L3,BNK-L3-1,PET-BR,22703
CON-009814,LOT-02495,L3,BNK-L3-2,PET-SD,2420
CON-009815,LOT-02495,L3,BNK-L3-3,MB-SL,514
CON-009816,LOT-02495,L3,BNK-L3-4,MB-UV,389
CON-009817,LOT-02496,L3,BNK-L3-1,PET-BR,22834
CON-009818,LOT-02496,L3,BNK-L3-2,PET-SD,2434
CON-009819,LOT-02496,L3,BNK-L3-3,MB-SL,517
CON-009820,LOT-02496,L3,BNK-L3-4,MB-UV,391
CON-009821,LOT-02497,L5,BNK-L5-1,NY6-F,11710
CON-009822,LOT-02497,L5,BNK-L5-2,NY6-H,2668
CON-009823,LOT-02497,L5,BNK-L5-3,MB-NA,218
CON-009824,LOT-02497,L5,BNK-L5-4,MB-NS,141
CON-009825,LOT-02498,L5,BNK-L5-1,NY6-F,11822
CON-009826,LOT-02498,L5,BNK-L5-2,NY6-H,2693
CON-009827,LOT-02498,L5,BNK-L5-3,MB-NA,220
CON-009828,LOT-02498,L5,BNK-L5-4,MB-NS,143
CON-009829,LOT-02499,L6,BNK-L6-1,NY6-F,10733
CON-009830,LOT-02499,L6,BNK-L6-2,NY6-H,2777
CON-009831,LOT-02499,L6,BNK-L6-3,MB-NA,197
CON-009832,LOT-02499,L6,BNK-L6-4,MB-NS,133
CON-009833,LOT-02500,L6,BNK-L6-1,NY6-F,10842
CON-009834,LOT-02500,L6,BNK-L6-2,NY6-H,2805
CON-009835,LOT-02500,L6,BNK-L6-3,MB-NA,199
CON-009836,LOT-02500,L6,BNK-L6-4,MB-NS,134
CON-009837,LOT-02501,L1,BNK-L1-1,PET-BR,26122
CON-009838,LOT-02501,L1,BNK-L1-2,PET-SD,1328
CON-009839,LOT-02501,L1,BNK-L1-3,MB-AB,402
CON-009840,LOT-02501,L1,BNK-L1-4,MB-SL,271
CON-009841,LOT-02502,L1,BNK-L1-1,PET-BR,25991
CON-009842,LOT-02502,L1,BNK-L1-2,PET-SD,1321
CON-009843,LOT-02502,L1,BNK-L1-3,MB-AB,404
CON-009844,LOT-02502,L1,BNK-L1-4,MB-SL,272
CON-009845,LOT-02503,L2,BNK-L2-1,PET-BR,21907
CON-009846,LOT-02503,L2,BNK-L2-2,PET-RC,3453
CON-009847,LOT-02503,L2,BNK-L2-3,MB-AB,516
CON-009848,LOT-02503,L2,BNK-L2-4,MB-WH,261
CON-009849,LOT-02504,L2,BNK-L2-1,PET-BR,22033
CON-009850,LOT-02504,L2,BNK-L2-2,PET-RC,3473
CON-009851,LOT-02504,L2,BNK-L2-3,MB-AB,519
CON-009852,LOT-02504,L2,BNK-L2-4,MB-WH,262
CON-009853,LOT-02505,L3,BNK-L3-1,PET-BR,10764
CON-009854,LOT-02505,L3,BNK-L3-2,PET-SD,15528
CON-009855,LOT-02506,L3,BNK-L3-1,PET-BR,10826
CON-009856,LOT-02506,L3,BNK-L3-2,PET-SD,15617
CON-009857,LOT-02507,L4,BNK-L4-1,PET-BR,20043
CON-009858,LOT-02507,L4,BNK-L4-2,PET-CO,4267
CON-009859,LOT-02507,L4,BNK-L4-3,MB-WH,369
CON-009860,LOT-02507,L4,BNK-L4-4,MB-UV,239
CON-009861,LOT-02508,L4,BNK-L4-1,PET-BR,20165
CON-009862,LOT-02508,L4,BNK-L4-2,PET-CO,4293
CON-009863,LOT-02508,L4,BNK-L4-3,MB-WH,371
CON-009864,LOT-02508,L4,BNK-L4-4,MB-UV,240
CON-009865,LOT-02509,L6,BNK-L6-1,NY6-F,11651
CON-009866,LOT-02509,L6,BNK-L6-2,NY6-H,1919
CON-009867,LOT-02509,L6,BNK-L6-3,MB-NA,267
CON-009868,LOT-02509,L6,BNK-L6-4,MB-NS,135
CON-009869,LOT-02510,L6,BNK-L6-1,NY6-F,11769
CON-009870,LOT-02510,L6,BNK-L6-2,NY6-H,1938
CON-009871,LOT-02510,L6,BNK-L6-3,MB-NA,270
CON-009872,LOT-02510,L6,BNK-L6-4,MB-NS,136
CON-009873,LOT-02511,L1,BNK-L1-1,PET-BR,25784
CON-009874,LOT-02511,L1,BNK-L1-2,PET-SD,809
CON-009875,LOT-02511,L1,BNK-L1-3,MB-AB,544
CON-009876,LOT-02511,L1,BNK-L1-4,MB-SL,412
CON-009877,LOT-02512,L1,BNK-L1-1,PET-BR,25927
CON-009878,LOT-02512,L1,BNK-L1-2,PET-SD,814
CON-009879,LOT-02512,L1,BNK-L1-3,MB-AB,547
CON-009880,LOT-02512,L1,BNK-L1-4,MB-SL,415
CON-009881,LOT-02513,L2,BNK-L2-1,PET-BR,21099
CON-009882,LOT-02513,L2,BNK-L2-2,PET-RC,4677
CON-009883,LOT-02513,L2,BNK-L2-3,MB-AB,397
CON-009884,LOT-02513,L2,BNK-L2-4,MB-WH,386
CON-009885,LOT-02514,L2,BNK-L2-1,PET-BR,21220
CON-009886,LOT-02514,L2,BNK-L2-2,PET-RC,4704
CON-009887,LOT-02514,L2,BNK-L2-3,MB-AB,395
CON-009888,LOT-02514,L2,BNK-L2-4,MB-WH,384
CON-009889,LOT-02515,L3,BNK-L3-1,PET-BR,22558
CON-009890,LOT-02515,L3,BNK-L3-2,PET-SD,3124
CON-009891,LOT-02515,L3,BNK-L3-3,MB-SL,525
CON-009892,LOT-02515,L3,BNK-L3-4,MB-UV,255
CON-009893,LOT-02516,L3,BNK-L3-1,PET-BR,22687
CON-009894,LOT-02516,L3,BNK-L3-2,PET-SD,3142
CON-009895,LOT-02516,L3,BNK-L3-3,MB-SL,528
CON-009896,LOT-02516,L3,BNK-L3-4,MB-UV,256
CON-009897,LOT-02517,L4,BNK-L4-1,PET-BR,19633
CON-009898,LOT-02517,L4,BNK-L4-2,PET-CO,4956
CON-009899,LOT-02517,L4,BNK-L4-3,MB-WH,481
CON-009900,LOT-02517,L4,BNK-L4-4,MB-UV,243
CON-009901,LOT-02518,L4,BNK-L4-1,PET-BR,19751
CON-009902,LOT-02518,L4,BNK-L4-2,PET-CO,4986
CON-009903,LOT-02518,L4,BNK-L4-3,MB-WH,484
CON-009904,LOT-02518,L4,BNK-L4-4,MB-UV,244
CON-009905,LOT-02519,L5,BNK-L5-1,NY6-F,12535
CON-009906,LOT-02519,L5,BNK-L5-2,NY6-H,2148
CON-009907,LOT-02519,L5,BNK-L5-3,MB-NA,289
CON-009908,LOT-02519,L5,BNK-L5-4,MB-NS,146
CON-009909,LOT-02520,L5,BNK-L5-1,NY6-F,12653
CON-009910,LOT-02520,L5,BNK-L5-2,NY6-H,2169
CON-009911,LOT-02520,L5,BNK-L5-3,MB-NA,292
CON-009912,LOT-02520,L5,BNK-L5-4,MB-NS,147
CON-009913,LOT-02521,L1,BNK-L1-1,PET-BR,25914
CON-009914,LOT-02521,L1,BNK-L1-2,PET-SD,1370
CON-009915,LOT-02521,L1,BNK-L1-3,MB-AB,415
CON-009916,LOT-02521,L1,BNK-L1-4,MB-SL,268
CON-009917,LOT-02522,L1,BNK-L1-1,PET-BR,26057
CON-009918,LOT-02522,L1,BNK-L1-2,PET-SD,1378
CON-009919,LOT-02522,L1,BNK-L1-3,MB-AB,417
CON-009920,LOT-02522,L1,BNK-L1-4,MB-SL,270
CON-009921,LOT-02523,L2,BNK-L2-1,PET-BR,21977
CON-009922,LOT-02523,L2,BNK-L2-2,PET-RC,4359
CON-009923,LOT-02523,L2,BNK-L2-3,MB-AB,400
CON-009924,LOT-02523,L2,BNK-L2-4,MB-WH,259
CON-009925,LOT-02524,L2,BNK-L2-1,PET-BR,21865
CON-009926,LOT-02524,L2,BNK-L2-2,PET-RC,4337
CON-009927,LOT-02524,L2,BNK-L2-3,MB-AB,402
CON-009928,LOT-02524,L2,BNK-L2-4,MB-WH,260
CON-009929,LOT-02525,L3,BNK-L3-1,PET-BR,23439
CON-009930,LOT-02525,L3,BNK-L3-2,PET-SD,2644
CON-009931,LOT-02525,L3,BNK-L3-3,MB-SL,513
CON-009932,LOT-02525,L3,BNK-L3-4,MB-UV,259
CON-009933,LOT-02526,L3,BNK-L3-1,PET-BR,23572
CON-009934,LOT-02526,L3,BNK-L3-2,PET-SD,2659
CON-009935,LOT-02526,L3,BNK-L3-3,MB-SL,516
CON-009936,LOT-02526,L3,BNK-L3-4,MB-UV,261
CON-009937,LOT-02527,L4,BNK-L4-1,PET-BR,21322
CON-009938,LOT-02527,L4,BNK-L4-2,PET-CO,3511
CON-009939,LOT-02527,L4,BNK-L4-3,MB-WH,489
CON-009940,LOT-02527,L4,BNK-L4-4,MB-UV,247
CON-009941,LOT-02528,L4,BNK-L4-1,PET-BR,21449
CON-009942,LOT-02528,L4,BNK-L4-2,PET-CO,3533
CON-009943,LOT-02528,L4,BNK-L4-3,MB-WH,492
CON-009944,LOT-02528,L4,BNK-L4-4,MB-UV,248
CON-009945,LOT-02529,L5,BNK-L5-1,NY6-F,11663
CON-009946,LOT-02529,L5,BNK-L5-2,NY6-H,2763
CON-009947,LOT-02529,L5,BNK-L5-3,MB-NA,220
CON-009948,LOT-02529,L5,BNK-L5-4,MB-NS,222
CON-009949,LOT-02530,L5,BNK-L5-1,NY6-F,11772
CON-009950,LOT-02530,L5,BNK-L5-2,NY6-H,2789
CON-009951,LOT-02530,L5,BNK-L5-3,MB-NA,222
CON-009952,LOT-02530,L5,BNK-L5-4,MB-NS,224
CON-009953,LOT-02531,L6,BNK-L6-1,NY6-F,10703
CON-009954,LOT-02531,L6,BNK-L6-2,NY6-H,2873
CON-009955,LOT-02531,L6,BNK-L6-3,MB-NA,276
CON-009956,LOT-02531,L6,BNK-L6-4,MB-NS,134
CON-009957,LOT-02532,L6,BNK-L6-1,NY6-F,10811
CON-009958,LOT-02532,L6,BNK-L6-2,NY6-H,2902
CON-009959,LOT-02532,L6,BNK-L6-3,MB-NA,279
CON-009960,LOT-02532,L6,BNK-L6-4,MB-NS,136
CON-009961,LOT-02533,L1,BNK-L1-1,PET-BR,25173
CON-009962,LOT-02533,L1,BNK-L1-2,PET-SD,1054
CON-009963,LOT-02533,L1,BNK-L1-3,MB-AB,399
CON-009964,LOT-02533,L1,BNK-L1-4,MB-SL,258
CON-009965,LOT-02534,L1,BNK-L1-1,PET-BR,25317
CON-009966,LOT-02534,L1,BNK-L1-2,PET-SD,1060
CON-009967,LOT-02534,L1,BNK-L1-3,MB-AB,401
CON-009968,LOT-02534,L1,BNK-L1-4,MB-SL,260
CON-009969,LOT-02535,L2,BNK-L2-1,PET-BR,20070
CON-009970,LOT-02535,L2,BNK-L2-2,PET-RC,5193
CON-009971,LOT-02535,L2,BNK-L2-3,MB-AB,373
CON-009972,LOT-02535,L2,BNK-L2-4,MB-WH,251
CON-009973,LOT-02536,L2,BNK-L2-1,PET-BR,20188
CON-009974,LOT-02536,L2,BNK-L2-2,PET-RC,5223
CON-009975,LOT-02536,L2,BNK-L2-3,MB-AB,371
CON-009976,LOT-02536,L2,BNK-L2-4,MB-WH,250
CON-009977,LOT-02537,L3,BNK-L3-1,PET-BR,21447
CON-009978,LOT-02537,L3,BNK-L3-2,PET-SD,3697
CON-009979,LOT-02537,L3,BNK-L3-3,MB-SL,497
CON-009980,LOT-02537,L3,BNK-L3-4,MB-UV,251
CON-009981,LOT-02538,L3,BNK-L3-1,PET-BR,21573
CON-009982,LOT-02538,L3,BNK-L3-2,PET-SD,3719
CON-009983,LOT-02538,L3,BNK-L3-3,MB-SL,500
CON-009984,LOT-02538,L3,BNK-L3-4,MB-UV,253
CON-009985,LOT-02539,L4,BNK-L4-1,PET-BR,19009
CON-009986,LOT-02539,L4,BNK-L4-2,PET-CO,4214
CON-009987,LOT-02539,L4,BNK-L4-3,MB-WH,354
CON-009988,LOT-02539,L4,BNK-L4-4,MB-UV,358
CON-009989,LOT-02540,L4,BNK-L4-1,PET-BR,19127
CON-009990,LOT-02540,L4,BNK-L4-2,PET-CO,4240
CON-009991,LOT-02540,L4,BNK-L4-3,MB-WH,356
CON-009992,LOT-02540,L4,BNK-L4-4,MB-UV,360
CON-009993,LOT-02541,L5,BNK-L5-1,NY6-F,11064
CON-009994,LOT-02541,L5,BNK-L5-2,NY6-H,2970
CON-009995,LOT-02541,L5,BNK-L5-3,MB-NA,286
CON-009996,LOT-02541,L5,BNK-L5-4,MB-NS,139
CON-009997,LOT-02542,L5,BNK-L5-1,NY6-F,11171
CON-009998,LOT-02542,L5,BNK-L5-2,NY6-H,2999
CON-009999,LOT-02542,L5,BNK-L5-3,MB-NA,288
CON-010000,LOT-02542,L5,BNK-L5-4,MB-NS,140
CON-010001,LOT-02543,L6,BNK-L6-1,NY6-F,10798
CON-010002,LOT-02543,L6,BNK-L6-2,NY6-H,2299
CON-010003,LOT-02543,L6,BNK-L6-3,MB-NA,199
CON-010004,LOT-02543,L6,BNK-L6-4,MB-NS,129
CON-010005,LOT-02544,L6,BNK-L6-1,NY6-F,10911
CON-010006,LOT-02544,L6,BNK-L6-2,NY6-H,2323
CON-010007,LOT-02544,L6,BNK-L6-3,MB-NA,201
CON-010008,LOT-02544,L6,BNK-L6-4,MB-NS,130
CON-010009,LOT-02545,L1,BNK-L1-1,PET-BR,25619
CON-010010,LOT-02545,L1,BNK-L1-2,PET-SD,804
CON-010011,LOT-02545,L1,BNK-L1-3,MB-AB,520
CON-010012,LOT-02545,L1,BNK-L1-4,MB-SL,263
CON-010013,LOT-02546,L1,BNK-L1-1,PET-BR,25490
CON-010014,LOT-02546,L1,BNK-L1-2,PET-SD,800
CON-010015,LOT-02546,L1,BNK-L1-3,MB-AB,523
CON-010016,LOT-02546,L1,BNK-L1-4,MB-SL,264
CON-010017,LOT-02547,L2,BNK-L2-1,PET-BR,19919
CON-010018,LOT-02547,L2,BNK-L2-2,PET-RC,5580
CON-010019,LOT-02547,L2,BNK-L2-3,MB-AB,375
CON-010020,LOT-02547,L2,BNK-L2-4,MB-WH,253
CON-010021,LOT-02548,L2,BNK-L2-1,PET-BR,20035
CON-010022,LOT-02548,L2,BNK-L2-2,PET-RC,5612
CON-010023,LOT-02548,L2,BNK-L2-3,MB-AB,377
CON-010024,LOT-02548,L2,BNK-L2-4,MB-WH,254
CON-010025,LOT-02549,L3,BNK-L3-1,PET-BR,22362
CON-010026,LOT-02549,L3,BNK-L3-2,PET-SD,2384
CON-010027,LOT-02549,L3,BNK-L3-3,MB-SL,506
CON-010028,LOT-02549,L3,BNK-L3-4,MB-UV,383
CON-010029,LOT-02550,L3,BNK-L3-1,PET-BR,22494
CON-010030,LOT-02550,L3,BNK-L3-2,PET-SD,2398
CON-010031,LOT-02550,L3,BNK-L3-3,MB-SL,509
CON-010032,LOT-02550,L3,BNK-L3-4,MB-UV,386
CON-010033,LOT-02551,L4,BNK-L4-1,PET-BR,18418
CON-010034,LOT-02551,L4,BNK-L4-2,PET-CO,5246
CON-010035,LOT-02551,L4,BNK-L4-3,MB-WH,481
CON-010036,LOT-02551,L4,BNK-L4-4,MB-UV,234
CON-010037,LOT-02552,L4,BNK-L4-1,PET-BR,18532
CON-010038,LOT-02552,L4,BNK-L4-2,PET-CO,5278
CON-010039,LOT-02552,L4,BNK-L4-3,MB-WH,484
CON-010040,LOT-02552,L4,BNK-L4-4,MB-UV,235
CON-010041,LOT-02553,L5,BNK-L5-1,NY6-F,11570
CON-010042,LOT-02553,L5,BNK-L5-2,NY6-H,2636
CON-010043,LOT-02553,L5,BNK-L5-3,MB-NA,216
CON-010044,LOT-02553,L5,BNK-L5-4,MB-NS,140
CON-010045,LOT-02554,L5,BNK-L5-1,NY6-F,11682
CON-010046,LOT-02554,L5,BNK-L5-2,NY6-H,2661
CON-010047,LOT-02554,L5,BNK-L5-3,MB-NA,218
CON-010048,LOT-02554,L5,BNK-L5-4,MB-NS,141
CON-010049,LOT-02555,L6,BNK-L6-1,NY6-F,10594
CON-010050,LOT-02555,L6,BNK-L6-2,NY6-H,2741
CON-010051,LOT-02555,L6,BNK-L6-3,MB-NA,195
CON-010052,LOT-02555,L6,BNK-L6-4,MB-NS,131
CON-010053,LOT-02556,L6,BNK-L6-1,NY6-F,10704
CON-010054,LOT-02556,L6,BNK-L6-2,NY6-H,2769
CON-010055,LOT-02556,L6,BNK-L6-3,MB-NA,197
CON-010056,LOT-02556,L6,BNK-L6-4,MB-NS,133
CON-010057,LOT-02557,L1,BNK-L1-1,PET-BR,25526
CON-010058,LOT-02557,L1,BNK-L1-2,PET-SD,1298
CON-010059,LOT-02557,L1,BNK-L1-3,MB-AB,397
CON-010060,LOT-02557,L1,BNK-L1-4,MB-SL,267
CON-010061,LOT-02558,L1,BNK-L1-1,PET-BR,25669
CON-010062,LOT-02558,L1,BNK-L1-2,PET-SD,1305
CON-010063,LOT-02558,L1,BNK-L1-3,MB-AB,395
CON-010064,LOT-02558,L1,BNK-L1-4,MB-SL,266
CON-010065,LOT-02559,L2,BNK-L2-1,PET-BR,21624
CON-010066,LOT-02559,L2,BNK-L2-2,PET-RC,3408
CON-010067,LOT-02559,L2,BNK-L2-3,MB-AB,509
CON-010068,LOT-02559,L2,BNK-L2-4,MB-WH,257
CON-010069,LOT-02560,L2,BNK-L2-1,PET-BR,21750
CON-010070,LOT-02560,L2,BNK-L2-2,PET-RC,3428
CON-010071,LOT-02560,L2,BNK-L2-3,MB-AB,512
CON-010072,LOT-02560,L2,BNK-L2-4,MB-WH,259
CON-010073,LOT-02561,L3,BNK-L3-1,PET-BR,10625
CON-010074,LOT-02561,L3,BNK-L3-2,PET-SD,15327
CON-010075,LOT-02562,L3,BNK-L3-1,PET-BR,10686
CON-010076,LOT-02562,L3,BNK-L3-2,PET-SD,15416
CON-010077,LOT-02563,L4,BNK-L4-1,PET-BR,19766
CON-010078,LOT-02563,L4,BNK-L4-2,PET-CO,4208
CON-010079,LOT-02563,L4,BNK-L4-3,MB-WH,364
CON-010080,LOT-02563,L4,BNK-L4-4,MB-UV,236
CON-010081,LOT-02564,L4,BNK-L4-1,PET-BR,19887
CON-010082,LOT-02564,L4,BNK-L4-2,PET-CO,4234
CON-010083,LOT-02564,L4,BNK-L4-3,MB-WH,366
CON-010084,LOT-02564,L4,BNK-L4-4,MB-UV,237
CON-010085,LOT-02565,L5,BNK-L5-1,NY6-F,11269
CON-010086,LOT-02565,L5,BNK-L5-2,NY6-H,3189
CON-010087,LOT-02565,L5,BNK-L5-3,MB-NA,211
CON-010088,LOT-02565,L5,BNK-L5-4,MB-NS,142
CON-010089,LOT-02566,L5,BNK-L5-1,NY6-F,11377
CON-010090,LOT-02566,L5,BNK-L5-2,NY6-H,3219
CON-010091,LOT-02566,L5,BNK-L5-3,MB-NA,213
CON-010092,LOT-02566,L5,BNK-L5-4,MB-NS,144
CON-010093,LOT-02567,L6,BNK-L6-1,NY6-F,11524
CON-010094,LOT-02567,L6,BNK-L6-2,NY6-H,1898
CON-010095,LOT-02567,L6,BNK-L6-3,MB-NA,264
CON-010096,LOT-02567,L6,BNK-L6-4,MB-NS,133
CON-010097,LOT-02568,L6,BNK-L6-1,NY6-F,11642
CON-010098,LOT-02568,L6,BNK-L6-2,NY6-H,1918
CON-010099,LOT-02568,L6,BNK-L6-3,MB-NA,267
CON-010100,LOT-02568,L6,BNK-L6-4,MB-NS,135
CON-010101,LOT-02569,L1,BNK-L1-1,PET-BR,25241
CON-010102,LOT-02569,L1,BNK-L1-2,PET-SD,792
CON-010103,LOT-02569,L1,BNK-L1-3,MB-AB,533
CON-010104,LOT-02569,L1,BNK-L1-4,MB-SL,404
CON-010105,LOT-02570,L1,BNK-L1-1,PET-BR,25382
CON-010106,LOT-02570,L1,BNK-L1-2,PET-SD,797
CON-010107,LOT-02570,L1,BNK-L1-3,MB-AB,536
CON-010108,LOT-02570,L1,BNK-L1-4,MB-SL,406
CON-010109,LOT-02571,L2,BNK-L2-1,PET-BR,20869
CON-010110,LOT-02571,L2,BNK-L2-2,PET-RC,4626
CON-010111,LOT-02571,L2,BNK-L2-3,MB-AB,389
CON-010112,LOT-02571,L2,BNK-L2-4,MB-WH,378
CON-010113,LOT-02572,L2,BNK-L2-1,PET-BR,20990
CON-010114,LOT-02572,L2,BNK-L2-2,PET-RC,4653
CON-010115,LOT-02572,L2,BNK-L2-3,MB-AB,391
CON-010116,LOT-02572,L2,BNK-L2-4,MB-WH,380
CON-010117,LOT-02573,L3,BNK-L3-1,PET-BR,22313
CON-010118,LOT-02573,L3,BNK-L3-2,PET-SD,3090
CON-010119,LOT-02573,L3,BNK-L3-3,MB-SL,520
CON-010120,LOT-02573,L3,BNK-L3-4,MB-UV,252
CON-010121,LOT-02574,L3,BNK-L3-1,PET-BR,22442
CON-010122,LOT-02574,L3,BNK-L3-2,PET-SD,3108
CON-010123,LOT-02574,L3,BNK-L3-3,MB-SL,522
CON-010124,LOT-02574,L3,BNK-L3-4,MB-UV,254
CON-010125,LOT-02575,L4,BNK-L4-1,PET-BR,19402
CON-010126,LOT-02575,L4,BNK-L4-2,PET-CO,4897
CON-010127,LOT-02575,L4,BNK-L4-3,MB-WH,475
CON-010128,LOT-02575,L4,BNK-L4-4,MB-UV,240
CON-010129,LOT-02576,L4,BNK-L4-1,PET-BR,19520
CON-010130,LOT-02576,L4,BNK-L4-2,PET-CO,4927
CON-010131,LOT-02576,L4,BNK-L4-3,MB-WH,478
CON-010132,LOT-02576,L4,BNK-L4-4,MB-UV,241
CON-010133,LOT-02577,L5,BNK-L5-1,NY6-F,12412
CON-010134,LOT-02577,L5,BNK-L5-2,NY6-H,2127
CON-010135,LOT-02577,L5,BNK-L5-3,MB-NA,286
CON-010136,LOT-02577,L5,BNK-L5-4,MB-NS,145
CON-010137,LOT-02578,L5,BNK-L5-1,NY6-F,12530
CON-010138,LOT-02578,L5,BNK-L5-2,NY6-H,2148
CON-010139,LOT-02578,L5,BNK-L5-3,MB-NA,289
CON-010140,LOT-02578,L5,BNK-L5-4,MB-NS,146
CON-010141,LOT-02579,L6,BNK-L6-1,NY6-F,10754
CON-010142,LOT-02579,L6,BNK-L6-2,NY6-H,2465
CON-010143,LOT-02579,L6,BNK-L6-3,MB-NA,202
CON-010144,LOT-02579,L6,BNK-L6-4,MB-NS,204
CON-010145,LOT-02580,L6,BNK-L6-1,NY6-F,10746
CON-010146,LOT-02580,L6,BNK-L6-2,NY6-H,2464
CON-010147,LOT-02580,L6,BNK-L6-3,MB-NA,202
CON-010148,LOT-02580,L6,BNK-L6-4,MB-NS,204
CON-010149,LOT-02581,L1,BNK-L1-1,PET-BR,25422
CON-010150,LOT-02581,L1,BNK-L1-2,PET-SD,1344
CON-010151,LOT-02581,L1,BNK-L1-3,MB-AB,407
CON-010152,LOT-02581,L1,BNK-L1-4,MB-SL,263
CON-010153,LOT-02582,L1,BNK-L1-1,PET-BR,25564
CON-010154,LOT-02582,L1,BNK-L1-2,PET-SD,1352
CON-010155,LOT-02582,L1,BNK-L1-3,MB-AB,409
CON-010156,LOT-02582,L1,BNK-L1-4,MB-SL,265
CON-010157,LOT-02583,L2,BNK-L2-1,PET-BR,21549
CON-010158,LOT-02583,L2,BNK-L2-2,PET-RC,4274
CON-010159,LOT-02583,L2,BNK-L2-3,MB-AB,392
CON-010160,LOT-02583,L2,BNK-L2-4,MB-WH,254
CON-010161,LOT-02584,L2,BNK-L2-1,PET-BR,21673
CON-010162,LOT-02584,L2,BNK-L2-2,PET-RC,4299
CON-010163,LOT-02584,L2,BNK-L2-3,MB-AB,394
CON-010164,LOT-02584,L2,BNK-L2-4,MB-WH,255
CON-010165,LOT-02585,L3,BNK-L3-1,PET-BR,23230
CON-010166,LOT-02585,L3,BNK-L3-2,PET-SD,2621
CON-010167,LOT-02585,L3,BNK-L3-3,MB-SL,509
CON-010168,LOT-02585,L3,BNK-L3-4,MB-UV,257
CON-010169,LOT-02586,L3,BNK-L3-1,PET-BR,23363
CON-010170,LOT-02586,L3,BNK-L3-2,PET-SD,2636
CON-010171,LOT-02586,L3,BNK-L3-3,MB-SL,511
CON-010172,LOT-02586,L3,BNK-L3-4,MB-UV,258
CON-010173,LOT-02587,L4,BNK-L4-1,PET-BR,21113
CON-010174,LOT-02587,L4,BNK-L4-2,PET-CO,3478
CON-010175,LOT-02587,L4,BNK-L4-3,MB-WH,484
CON-010176,LOT-02587,L4,BNK-L4-4,MB-UV,244
CON-010177,LOT-02588,L4,BNK-L4-1,PET-BR,21240
CON-010178,LOT-02588,L4,BNK-L4-2,PET-CO,3499
CON-010179,LOT-02588,L4,BNK-L4-3,MB-WH,487
CON-010180,LOT-02588,L4,BNK-L4-4,MB-UV,246
CON-010181,LOT-02589,L5,BNK-L5-1,NY6-F,11573
CON-010182,LOT-02589,L5,BNK-L5-2,NY6-H,2741
CON-010183,LOT-02589,L5,BNK-L5-3,MB-NA,219
CON-010184,LOT-02589,L5,BNK-L5-4,MB-NS,221
CON-010185,LOT-02590,L5,BNK-L5-1,NY6-F,11683
CON-010186,LOT-02590,L5,BNK-L5-2,NY6-H,2767
CON-010187,LOT-02590,L5,BNK-L5-3,MB-NA,221
CON-010188,LOT-02590,L5,BNK-L5-4,MB-NS,223
CON-010189,LOT-02591,L6,BNK-L6-1,NY6-F,10496
CON-010190,LOT-02591,L6,BNK-L6-2,NY6-H,2818
CON-010191,LOT-02591,L6,BNK-L6-3,MB-NA,271
CON-010192,LOT-02591,L6,BNK-L6-4,MB-NS,132
CON-010193,LOT-02592,L6,BNK-L6-1,NY6-F,10603
CON-010194,LOT-02592,L6,BNK-L6-2,NY6-H,2846
CON-010195,LOT-02592,L6,BNK-L6-3,MB-NA,274
CON-010196,LOT-02592,L6,BNK-L6-4,MB-NS,133
CON-010197,LOT-02593,L1,BNK-L1-1,PET-BR,25885
CON-010198,LOT-02593,L1,BNK-L1-2,PET-SD,1084
CON-010199,LOT-02593,L1,BNK-L1-3,MB-AB,410
CON-010200,LOT-02593,L1,BNK-L1-4,MB-SL,265
CON-010201,LOT-02594,L1,BNK-L1-1,PET-BR,26029
CON-010202,LOT-02594,L1,BNK-L1-2,PET-SD,1090
CON-010203,LOT-02594,L1,BNK-L1-3,MB-AB,412
CON-010204,LOT-02594,L1,BNK-L1-4,MB-SL,267
CON-010205,LOT-02595,L2,BNK-L2-1,PET-BR,20888
CON-010206,LOT-02595,L2,BNK-L2-2,PET-RC,5405
CON-010207,LOT-02595,L2,BNK-L2-3,MB-AB,384
CON-010208,LOT-02595,L2,BNK-L2-4,MB-WH,258
CON-010209,LOT-02596,L2,BNK-L2-1,PET-BR,21008
CON-010210,LOT-02596,L2,BNK-L2-2,PET-RC,5435
CON-010211,LOT-02596,L2,BNK-L2-3,MB-AB,386
CON-010212,LOT-02596,L2,BNK-L2-4,MB-WH,260
CON-010213,LOT-02597,L3,BNK-L3-1,PET-BR,22320
CON-010214,LOT-02597,L3,BNK-L3-2,PET-SD,3848
CON-010215,LOT-02597,L3,BNK-L3-3,MB-SL,518
CON-010216,LOT-02597,L3,BNK-L3-4,MB-UV,261
CON-010217,LOT-02598,L3,BNK-L3-1,PET-BR,22448
CON-010218,LOT-02598,L3,BNK-L3-2,PET-SD,3870
CON-010219,LOT-02598,L3,BNK-L3-3,MB-SL,521
CON-010220,LOT-02598,L3,BNK-L3-4,MB-UV,263
CON-010221,LOT-02599,L4,BNK-L4-1,PET-BR,19831
CON-010222,LOT-02599,L4,BNK-L4-2,PET-CO,4396
CON-010223,LOT-02599,L4,BNK-L4-3,MB-WH,370
CON-010224,LOT-02599,L4,BNK-L4-4,MB-UV,373
CON-010225,LOT-02600,L4,BNK-L4-1,PET-BR,19950
CON-010226,LOT-02600,L4,BNK-L4-2,PET-CO,4422
CON-010227,LOT-02600,L4,BNK-L4-3,MB-WH,372
CON-010228,LOT-02600,L4,BNK-L4-4,MB-UV,375
CON-010229,LOT-02601,L5,BNK-L5-1,NY6-F,11482
CON-010230,LOT-02601,L5,BNK-L5-2,NY6-H,3082
CON-010231,LOT-02601,L5,BNK-L5-3,MB-NA,296
CON-010232,LOT-02601,L5,BNK-L5-4,MB-NS,144
CON-010233,LOT-02602,L5,BNK-L5-1,NY6-F,11466
CON-010234,LOT-02602,L5,BNK-L5-2,NY6-H,3078
CON-010235,LOT-02602,L5,BNK-L5-3,MB-NA,296
CON-010236,LOT-02602,L5,BNK-L5-4,MB-NS,144
CON-010237,LOT-02603,L6,BNK-L6-1,NY6-F,11114
CON-010238,LOT-02603,L6,BNK-L6-2,NY6-H,2366
CON-010239,LOT-02603,L6,BNK-L6-3,MB-NA,205
CON-010240,LOT-02603,L6,BNK-L6-4,MB-NS,133
CON-010241,LOT-02604,L6,BNK-L6-1,NY6-F,11227
CON-010242,LOT-02604,L6,BNK-L6-2,NY6-H,2390
CON-010243,LOT-02604,L6,BNK-L6-3,MB-NA,207
CON-010244,LOT-02604,L6,BNK-L6-4,MB-NS,134
CON-010245,LOT-02605,L1,BNK-L1-1,PET-BR,26339
CON-010246,LOT-02605,L1,BNK-L1-2,PET-SD,827
CON-010247,LOT-02605,L1,BNK-L1-3,MB-AB,535
CON-010248,LOT-02605,L1,BNK-L1-4,MB-SL,270
CON-010249,LOT-02606,L1,BNK-L1-1,PET-BR,26484
CON-010250,LOT-02606,L1,BNK-L1-2,PET-SD,831
CON-010251,LOT-02606,L1,BNK-L1-3,MB-AB,538
CON-010252,LOT-02606,L1,BNK-L1-4,MB-SL,272
CON-010253,LOT-02607,L2,BNK-L2-1,PET-BR,20726
CON-010254,LOT-02607,L2,BNK-L2-2,PET-RC,5806
CON-010255,LOT-02607,L2,BNK-L2-3,MB-AB,391
CON-010256,LOT-02607,L2,BNK-L2-4,MB-WH,263
CON-010257,LOT-02608,L2,BNK-L2-1,PET-BR,20843
CON-010258,LOT-02608,L2,BNK-L2-2,PET-RC,5839
CON-010259,LOT-02608,L2,BNK-L2-3,MB-AB,393
CON-010260,LOT-02608,L2,BNK-L2-4,MB-WH,264
CON-010261,LOT-02609,L3,BNK-L3-1,PET-BR,23271
CON-010262,LOT-02609,L3,BNK-L3-2,PET-SD,2481
CON-010263,LOT-02609,L3,BNK-L3-3,MB-SL,527
CON-010264,LOT-02609,L3,BNK-L3-4,MB-UV,399
CON-010265,LOT-02610,L3,BNK-L3-1,PET-BR,23404
CON-010266,LOT-02610,L3,BNK-L3-2,PET-SD,2495
CON-010267,LOT-02610,L3,BNK-L3-3,MB-SL,530
CON-010268,LOT-02610,L3,BNK-L3-4,MB-UV,401
CON-010269,LOT-02611,L4,BNK-L4-1,PET-BR,19208
CON-010270,LOT-02611,L4,BNK-L4-2,PET-CO,5470
CON-010271,LOT-02611,L4,BNK-L4-3,MB-WH,502
CON-010272,LOT-02611,L4,BNK-L4-4,MB-UV,244
CON-010273,LOT-02612,L4,BNK-L4-1,PET-BR,19116
CON-010274,LOT-02612,L4,BNK-L4-2,PET-CO,5445
CON-010275,LOT-02612,L4,BNK-L4-3,MB-WH,505
CON-010276,LOT-02612,L4,BNK-L4-4,MB-UV,245
CON-010277,LOT-02613,L5,BNK-L5-1,NY6-F,11877
CON-010278,LOT-02613,L5,BNK-L5-2,NY6-H,2706
CON-010279,LOT-02613,L5,BNK-L5-3,MB-NA,222
CON-010280,LOT-02613,L5,BNK-L5-4,MB-NS,143
CON-010281,LOT-02614,L5,BNK-L5-1,NY6-F,11989
CON-010282,LOT-02614,L5,BNK-L5-2,NY6-H,2731
CON-010283,LOT-02614,L5,BNK-L5-3,MB-NA,224
CON-010284,LOT-02614,L5,BNK-L5-4,MB-NS,145
CON-010285,LOT-02615,L6,BNK-L6-1,NY6-F,10903
CON-010286,LOT-02615,L6,BNK-L6-2,NY6-H,2821
CON-010287,LOT-02615,L6,BNK-L6-3,MB-NA,200
CON-010288,LOT-02615,L6,BNK-L6-4,MB-NS,135
CON-010289,LOT-02616,L6,BNK-L6-1,NY6-F,11012
CON-010290,LOT-02616,L6,BNK-L6-2,NY6-H,2849
CON-010291,LOT-02616,L6,BNK-L6-3,MB-NA,202
CON-010292,LOT-02616,L6,BNK-L6-4,MB-NS,136
CON-010293,LOT-02617,L1,BNK-L1-1,PET-BR,25302
CON-010294,LOT-02617,L1,BNK-L1-2,PET-SD,1286
CON-010295,LOT-02617,L1,BNK-L1-3,MB-AB,389
CON-010296,LOT-02617,L1,BNK-L1-4,MB-SL,262
CON-010297,LOT-02618,L1,BNK-L1-1,PET-BR,25445
CON-010298,LOT-02618,L1,BNK-L1-2,PET-SD,1294
CON-010299,LOT-02618,L1,BNK-L1-3,MB-AB,392
CON-010300,LOT-02618,L1,BNK-L1-4,MB-SL,264
CON-010301,LOT-02619,L2,BNK-L2-1,PET-BR,21425
CON-010302,LOT-02619,L2,BNK-L2-2,PET-RC,3377
CON-010303,LOT-02619,L2,BNK-L2-3,MB-AB,505
CON-010304,LOT-02619,L2,BNK-L2-4,MB-WH,255
CON-010305,LOT-02620,L2,BNK-L2-1,PET-BR,21551
CON-010306,LOT-02620,L2,BNK-L2-2,PET-RC,3397
CON-010307,LOT-02620,L2,BNK-L2-3,MB-AB,508
CON-010308,LOT-02620,L2,BNK-L2-4,MB-WH,256
CON-010309,LOT-02621,L3,BNK-L3-1,PET-BR,10526
CON-010310,LOT-02621,L3,BNK-L3-2,PET-SD,15184
CON-010311,LOT-02622,L3,BNK-L3-1,PET-BR,10588
CON-010312,LOT-02622,L3,BNK-L3-2,PET-SD,15273
CON-010313,LOT-02623,L4,BNK-L4-1,PET-BR,19355
CON-010314,LOT-02623,L4,BNK-L4-2,PET-CO,4121
CON-010315,LOT-02623,L4,BNK-L4-3,MB-WH,360
CON-010316,LOT-02623,L4,BNK-L4-4,MB-UV,233
CON-010317,LOT-02624,L4,BNK-L4-1,PET-BR,19476
CON-010318,LOT-02624,L4,BNK-L4-2,PET-CO,4147
CON-010319,LOT-02624,L4,BNK-L4-3,MB-WH,359
CON-010320,LOT-02624,L4,BNK-L4-4,MB-UV,232
CON-010321,LOT-02625,L5,BNK-L5-1,NY6-F,11058
CON-010322,LOT-02625,L5,BNK-L5-2,NY6-H,3129
CON-010323,LOT-02625,L5,BNK-L5-3,MB-NA,207
CON-010324,LOT-02625,L5,BNK-L5-4,MB-NS,139
CON-010325,LOT-02626,L5,BNK-L5-1,NY6-F,11166
CON-010326,LOT-02626,L5,BNK-L5-2,NY6-H,3160
CON-010327,LOT-02626,L5,BNK-L5-3,MB-NA,209
CON-010328,LOT-02626,L5,BNK-L5-4,MB-NS,141
CON-010329,LOT-02627,L6,BNK-L6-1,NY6-F,11298
CON-010330,LOT-02627,L6,BNK-L6-2,NY6-H,1861
CON-010331,LOT-02627,L6,BNK-L6-3,MB-NA,259
CON-010332,LOT-02627,L6,BNK-L6-4,MB-NS,131
CON-010333,LOT-02628,L6,BNK-L6-1,NY6-F,11415
CON-010334,LOT-02628,L6,BNK-L6-2,NY6-H,1880
CON-010335,LOT-02628,L6,BNK-L6-3,MB-NA,262
CON-010336,LOT-02628,L6,BNK-L6-4,MB-NS,132
CON-010337,LOT-02629,L1,BNK-L1-1,PET-BR,25025
CON-010338,LOT-02629,L1,BNK-L1-2,PET-SD,786
CON-010339,LOT-02629,L1,BNK-L1-3,MB-AB,528
CON-010340,LOT-02629,L1,BNK-L1-4,MB-SL,400
CON-010341,LOT-02630,L1,BNK-L1-1,PET-BR,25166
CON-010342,LOT-02630,L1,BNK-L1-2,PET-SD,790
CON-010343,LOT-02630,L1,BNK-L1-3,MB-AB,531
CON-010344,LOT-02630,L1,BNK-L1-4,MB-SL,402
CON-010345,LOT-02631,L2,BNK-L2-1,PET-BR,20678
CON-010346,LOT-02631,L2,BNK-L2-2,PET-RC,4583
CON-010347,LOT-02631,L2,BNK-L2-3,MB-AB,385
CON-010348,LOT-02631,L2,BNK-L2-4,MB-WH,374
CON-010349,LOT-02632,L2,BNK-L2-1,PET-BR,20799
CON-010350,LOT-02632,L2,BNK-L2-2,PET-RC,4610
CON-010351,LOT-02632,L2,BNK-L2-3,MB-AB,388
CON-010352,LOT-02632,L2,BNK-L2-4,MB-WH,376
CON-010353,LOT-02633,L3,BNK-L3-1,PET-BR,22108
CON-010354,LOT-02633,L3,BNK-L3-2,PET-SD,3062
CON-010355,LOT-02633,L3,BNK-L3-3,MB-SL,515
CON-010356,LOT-02633,L3,BNK-L3-4,MB-UV,250
CON-010357,LOT-02634,L3,BNK-L3-1,PET-BR,21999
CON-010358,LOT-02634,L3,BNK-L3-2,PET-SD,3047
CON-010359,LOT-02634,L3,BNK-L3-3,MB-SL,518
CON-010360,LOT-02634,L3,BNK-L3-4,MB-UV,251
CON-010361,LOT-02635,L4,BNK-L4-1,PET-BR,19002
CON-010362,LOT-02635,L4,BNK-L4-2,PET-CO,4797
CON-010363,LOT-02635,L4,BNK-L4-3,MB-WH,465
CON-010364,LOT-02635,L4,BNK-L4-4,MB-UV,235
CON-010365,LOT-02636,L4,BNK-L4-1,PET-BR,19119
CON-010366,LOT-02636,L4,BNK-L4-2,PET-CO,4826
CON-010367,LOT-02636,L4,BNK-L4-3,MB-WH,468
CON-010368,LOT-02636,L4,BNK-L4-4,MB-UV,236
CON-010369,LOT-02637,L5,BNK-L5-1,NY6-F,12182
CON-010370,LOT-02637,L5,BNK-L5-2,NY6-H,2088
CON-010371,LOT-02637,L5,BNK-L5-3,MB-NA,281
CON-010372,LOT-02637,L5,BNK-L5-4,MB-NS,142
CON-010373,LOT-02638,L5,BNK-L5-1,NY6-F,12299
CON-010374,LOT-02638,L5,BNK-L5-2,NY6-H,2108
CON-010375,LOT-02638,L5,BNK-L5-3,MB-NA,284
CON-010376,LOT-02638,L5,BNK-L5-4,MB-NS,143
CON-010377,LOT-02639,L6,BNK-L6-1,NY6-F,10542
CON-010378,LOT-02639,L6,BNK-L6-2,NY6-H,2417
CON-010379,LOT-02639,L6,BNK-L6-3,MB-NA,198
CON-010380,LOT-02639,L6,BNK-L6-4,MB-NS,200
CON-010381,LOT-02640,L6,BNK-L6-1,NY6-F,10652
CON-010382,LOT-02640,L6,BNK-L6-2,NY6-H,2442
CON-010383,LOT-02640,L6,BNK-L6-3,MB-NA,200
CON-010384,LOT-02640,L6,BNK-L6-4,MB-NS,202
CON-010385,LOT-02641,L1,BNK-L1-1,PET-BR,25205
CON-010386,LOT-02641,L1,BNK-L1-2,PET-SD,1333
CON-010387,LOT-02641,L1,BNK-L1-3,MB-AB,403
CON-010388,LOT-02641,L1,BNK-L1-4,MB-SL,261
CON-010389,LOT-02642,L1,BNK-L1-1,PET-BR,25347
CON-010390,LOT-02642,L1,BNK-L1-2,PET-SD,1340
CON-010391,LOT-02642,L1,BNK-L1-3,MB-AB,406
CON-010392,LOT-02642,L1,BNK-L1-4,MB-SL,263
CON-010393,LOT-02643,L2,BNK-L2-1,PET-BR,21353
CON-010394,LOT-02643,L2,BNK-L2-2,PET-RC,4235
CON-010395,LOT-02643,L2,BNK-L2-3,MB-AB,388
CON-010396,LOT-02643,L2,BNK-L2-4,MB-WH,251
CON-010397,LOT-02644,L2,BNK-L2-1,PET-BR,21478
CON-010398,LOT-02644,L2,BNK-L2-2,PET-RC,4260
CON-010399,LOT-02644,L2,BNK-L2-3,MB-AB,391
CON-010400,LOT-02644,L2,BNK-L2-4,MB-WH,253
CON-010401,LOT-02645,L3,BNK-L3-1,PET-BR,22774
CON-010402,LOT-02645,L3,BNK-L3-2,PET-SD,2569
CON-010403,LOT-02645,L3,BNK-L3-3,MB-SL,504
CON-010404,LOT-02645,L3,BNK-L3-4,MB-UV,254
CON-010405,LOT-02646,L3,BNK-L3-1,PET-BR,22906
CON-010406,LOT-02646,L3,BNK-L3-2,PET-SD,2584
CON-010407,LOT-02646,L3,BNK-L3-3,MB-SL,501
CON-010408,LOT-02646,L3,BNK-L3-4,MB-UV,253
CON-010409,LOT-02647,L4,BNK-L4-1,PET-BR,20681
CON-010410,LOT-02647,L4,BNK-L4-2,PET-CO,3406
CON-010411,LOT-02647,L4,BNK-L4-3,MB-WH,474
CON-010412,LOT-02647,L4,BNK-L4-4,MB-UV,239
CON-010413,LOT-02648,L4,BNK-L4-1,PET-BR,20807
CON-010414,LOT-02648,L4,BNK-L4-2,PET-CO,3427
CON-010415,LOT-02648,L4,BNK-L4-3,MB-WH,477
CON-010416,LOT-02648,L4,BNK-L4-4,MB-UV,241
CON-010417,LOT-02649,L5,BNK-L5-1,NY6-F,11357
CON-010418,LOT-02649,L5,BNK-L5-2,NY6-H,2690
CON-010419,LOT-02649,L5,BNK-L5-3,MB-NA,214
CON-010420,LOT-02649,L5,BNK-L5-4,MB-NS,217
CON-010421,LOT-02650,L5,BNK-L5-1,NY6-F,11467
CON-010422,LOT-02650,L5,BNK-L5-2,NY6-H,2716
CON-010423,LOT-02650,L5,BNK-L5-3,MB-NA,217
CON-010424,LOT-02650,L5,BNK-L5-4,MB-NS,219
CON-010425,LOT-02651,L6,BNK-L6-1,NY6-F,10403
CON-010426,LOT-02651,L6,BNK-L6-2,NY6-H,2792
CON-010427,LOT-02651,L6,BNK-L6-3,MB-NA,269
CON-010428,LOT-02651,L6,BNK-L6-4,MB-NS,130
CON-010429,LOT-02652,L6,BNK-L6-1,NY6-F,10510
CON-010430,LOT-02652,L6,BNK-L6-2,NY6-H,2821
CON-010431,LOT-02652,L6,BNK-L6-3,MB-NA,271
CON-010432,LOT-02652,L6,BNK-L6-4,MB-NS,132
CON-010433,LOT-02653,L1,BNK-L1-1,PET-BR,25667
CON-010434,LOT-02653,L1,BNK-L1-2,PET-SD,1074
CON-010435,LOT-02653,L1,BNK-L1-3,MB-AB,406
CON-010436,LOT-02653,L1,BNK-L1-4,MB-SL,263
CON-010437,LOT-02654,L1,BNK-L1-1,PET-BR,25811
CON-010438,LOT-02654,L1,BNK-L1-2,PET-SD,1080
CON-010439,LOT-02654,L1,BNK-L1-3,MB-AB,409
CON-010440,LOT-02654,L1,BNK-L1-4,MB-SL,265
CON-010441,LOT-02655,L2,BNK-L2-1,PET-BR,20700
CON-010442,LOT-02655,L2,BNK-L2-2,PET-RC,5356
CON-010443,LOT-02655,L2,BNK-L2-3,MB-AB,380
CON-010444,LOT-02655,L2,BNK-L2-4,MB-WH,256
CON-010445,LOT-02656,L2,BNK-L2-1,PET-BR,20598
CON-010446,LOT-02656,L2,BNK-L2-2,PET-RC,5330
CON-010447,LOT-02656,L2,BNK-L2-3,MB-AB,382
CON-010448,LOT-02656,L2,BNK-L2-4,MB-WH,257
CON-010449,LOT-02657,L3,BNK-L3-1,PET-BR,21886
CON-010450,LOT-02657,L3,BNK-L3-2,PET-SD,3773
CON-010451,LOT-02657,L3,BNK-L3-3,MB-SL,508
CON-010452,LOT-02657,L3,BNK-L3-4,MB-UV,256
CON-010453,LOT-02658,L3,BNK-L3-1,PET-BR,22012
CON-010454,LOT-02658,L3,BNK-L3-2,PET-SD,3794
CON-010455,LOT-02658,L3,BNK-L3-3,MB-SL,510
CON-010456,LOT-02658,L3,BNK-L3-4,MB-UV,258
CON-010457,LOT-02659,L4,BNK-L4-1,PET-BR,19424
CON-010458,LOT-02659,L4,BNK-L4-2,PET-CO,4306
CON-010459,LOT-02659,L4,BNK-L4-3,MB-WH,362
CON-010460,LOT-02659,L4,BNK-L4-4,MB-UV,366
CON-010461,LOT-02660,L4,BNK-L4-1,PET-BR,19543
CON-010462,LOT-02660,L4,BNK-L4-2,PET-CO,4332
CON-010463,LOT-02660,L4,BNK-L4-3,MB-WH,364
CON-010464,LOT-02660,L4,BNK-L4-4,MB-UV,368
CON-010465,LOT-02661,L5,BNK-L5-1,NY6-F,11270
CON-010466,LOT-02661,L5,BNK-L5-2,NY6-H,3025
CON-010467,LOT-02661,L5,BNK-L5-3,MB-NA,291
CON-010468,LOT-02661,L5,BNK-L5-4,MB-NS,141
CON-010469,LOT-02662,L5,BNK-L5-1,NY6-F,11378
CON-010470,LOT-02662,L5,BNK-L5-2,NY6-H,3054
CON-010471,LOT-02662,L5,BNK-L5-3,MB-NA,294
CON-010472,LOT-02662,L5,BNK-L5-4,MB-NS,143
CON-010473,LOT-02663,L6,BNK-L6-1,NY6-F,11017
CON-010474,LOT-02663,L6,BNK-L6-2,NY6-H,2346
CON-010475,LOT-02663,L6,BNK-L6-3,MB-NA,203
CON-010476,LOT-02663,L6,BNK-L6-4,MB-NS,131
CON-010477,LOT-02664,L6,BNK-L6-1,NY6-F,11129
CON-010478,LOT-02664,L6,BNK-L6-2,NY6-H,2369
CON-010479,LOT-02664,L6,BNK-L6-3,MB-NA,205
CON-010480,LOT-02664,L6,BNK-L6-4,MB-NS,133
CON-010481,LOT-02665,L2,BNK-L2-1,PET-BR,20501
CON-010482,LOT-02665,L2,BNK-L2-2,PET-RC,5744
CON-010483,LOT-02665,L2,BNK-L2-3,MB-AB,386
CON-010484,LOT-02665,L2,BNK-L2-4,MB-WH,260
CON-010485,LOT-02666,L2,BNK-L2-1,PET-BR,20618
CON-010486,LOT-02666,L2,BNK-L2-2,PET-RC,5777
CON-010487,LOT-02666,L2,BNK-L2-3,MB-AB,389
CON-010488,LOT-02666,L2,BNK-L2-4,MB-WH,262
CON-010489,LOT-02667,L3,BNK-L3-1,PET-BR,22771
CON-010490,LOT-02667,L3,BNK-L3-2,PET-SD,2427
CON-010491,LOT-02667,L3,BNK-L3-3,MB-SL,521
CON-010492,LOT-02667,L3,BNK-L3-4,MB-UV,395
CON-010493,LOT-02668,L3,BNK-L3-1,PET-BR,22902
CON-010494,LOT-02668,L3,BNK-L3-2,PET-SD,2441
CON-010495,LOT-02668,L3,BNK-L3-3,MB-SL,519
CON-010496,LOT-02668,L3,BNK-L3-4,MB-UV,393
CON-010497,LOT-02669,L4,BNK-L4-1,PET-BR,18780
CON-010498,LOT-02669,L4,BNK-L4-2,PET-CO,5349
CON-010499,LOT-02669,L4,BNK-L4-3,MB-WH,491
CON-010500,LOT-02669,L4,BNK-L4-4,MB-UV,238
CON-010501,LOT-02670,L4,BNK-L4-1,PET-BR,18894
CON-010502,LOT-02670,L4,BNK-L4-2,PET-CO,5381
CON-010503,LOT-02670,L4,BNK-L4-3,MB-WH,494
CON-010504,LOT-02670,L4,BNK-L4-4,MB-UV,240
CON-010505,LOT-02671,L5,BNK-L5-1,NY6-F,11762
CON-010506,LOT-02671,L5,BNK-L5-2,NY6-H,2680
CON-010507,LOT-02671,L5,BNK-L5-3,MB-NA,219
CON-010508,LOT-02671,L5,BNK-L5-4,MB-NS,142
CON-010509,LOT-02672,L5,BNK-L5-1,NY6-F,11874
CON-010510,LOT-02672,L5,BNK-L5-2,NY6-H,2705
CON-010511,LOT-02672,L5,BNK-L5-3,MB-NA,221
CON-010512,LOT-02672,L5,BNK-L5-4,MB-NS,143
CON-010513,LOT-02673,L6,BNK-L6-1,NY6-F,10786
CON-010514,LOT-02673,L6,BNK-L6-2,NY6-H,2791
CON-010515,LOT-02673,L6,BNK-L6-3,MB-NA,198
CON-010516,LOT-02673,L6,BNK-L6-4,MB-NS,134
CON-010517,LOT-02674,L6,BNK-L6-1,NY6-F,10896
CON-010518,LOT-02674,L6,BNK-L6-2,NY6-H,2819
CON-010519,LOT-02674,L6,BNK-L6-3,MB-NA,200
CON-010520,LOT-02674,L6,BNK-L6-4,MB-NS,135
CON-010521,LOT-02675,L1,BNK-L1-1,PET-BR,26246
CON-010522,LOT-02675,L1,BNK-L1-2,PET-SD,1335
CON-010523,LOT-02675,L1,BNK-L1-3,MB-AB,404
CON-010524,LOT-02675,L1,BNK-L1-4,MB-SL,272
CON-010525,LOT-02676,L1,BNK-L1-1,PET-BR,26391
CON-010526,LOT-02676,L1,BNK-L1-2,PET-SD,1342
CON-010527,LOT-02676,L1,BNK-L1-3,MB-AB,406
CON-010528,LOT-02676,L1,BNK-L1-4,MB-SL,273
CON-010529,LOT-02677,L3,BNK-L3-1,PET-BR,10913
CON-010530,LOT-02677,L3,BNK-L3-2,PET-SD,15742
CON-010531,LOT-02678,L3,BNK-L3-1,PET-BR,10858
CON-010532,LOT-02678,L3,BNK-L3-2,PET-SD,15664
CON-010533,LOT-02679,L4,BNK-L4-1,PET-BR,20112
CON-010534,LOT-02679,L4,BNK-L4-2,PET-CO,4282
CON-010535,LOT-02679,L4,BNK-L4-3,MB-WH,370
CON-010536,LOT-02679,L4,BNK-L4-4,MB-UV,240
CON-010537,LOT-02680,L4,BNK-L4-1,PET-BR,20233
CON-010538,LOT-02680,L4,BNK-L4-2,PET-CO,4308
CON-010539,LOT-02680,L4,BNK-L4-3,MB-WH,372
CON-010540,LOT-02680,L4,BNK-L4-4,MB-UV,241
CON-010541,LOT-02681,L5,BNK-L5-1,NY6-F,11432
CON-010542,LOT-02681,L5,BNK-L5-2,NY6-H,3235
CON-010543,LOT-02681,L5,BNK-L5-3,MB-NA,214
CON-010544,LOT-02681,L5,BNK-L5-4,MB-NS,144
CON-010545,LOT-02682,L5,BNK-L5-1,NY6-F,11540
CON-010546,LOT-02682,L5,BNK-L5-2,NY6-H,3266
CON-010547,LOT-02682,L5,BNK-L5-3,MB-NA,216
CON-010548,LOT-02682,L5,BNK-L5-4,MB-NS,146
CON-010549,LOT-02683,L6,BNK-L6-1,NY6-F,11708
CON-010550,LOT-02683,L6,BNK-L6-2,NY6-H,1928
CON-010551,LOT-02683,L6,BNK-L6-3,MB-NA,269
CON-010552,LOT-02683,L6,BNK-L6-4,MB-NS,136
CON-010553,LOT-02684,L6,BNK-L6-1,NY6-F,11826
CON-010554,LOT-02684,L6,BNK-L6-2,NY6-H,1948
CON-010555,LOT-02684,L6,BNK-L6-3,MB-NA,271
CON-010556,LOT-02684,L6,BNK-L6-4,MB-NS,137
CON-010557,LOT-02685,L1,BNK-L1-1,PET-BR,25904
CON-010558,LOT-02685,L1,BNK-L1-2,PET-SD,813
CON-010559,LOT-02685,L1,BNK-L1-3,MB-AB,547
CON-010560,LOT-02685,L1,BNK-L1-4,MB-SL,414
CON-010561,LOT-02686,L1,BNK-L1-1,PET-BR,26047
CON-010562,LOT-02686,L1,BNK-L1-2,PET-SD,818
CON-010563,LOT-02686,L1,BNK-L1-3,MB-AB,550
CON-010564,LOT-02686,L1,BNK-L1-4,MB-SL,416
CON-010565,LOT-02687,L2,BNK-L2-1,PET-BR,21433
CON-010566,LOT-02687,L2,BNK-L2-2,PET-RC,4751
CON-010567,LOT-02687,L2,BNK-L2-3,MB-AB,399
CON-010568,LOT-02687,L2,BNK-L2-4,MB-WH,388
CON-010569,LOT-02688,L2,BNK-L2-1,PET-BR,21555
CON-010570,LOT-02688,L2,BNK-L2-2,PET-RC,4778
CON-010571,LOT-02688,L2,BNK-L2-3,MB-AB,402
CON-010572,LOT-02688,L2,BNK-L2-4,MB-WH,390
CON-010573,LOT-02689,L4,BNK-L4-1,PET-BR,19701
CON-010574,LOT-02689,L4,BNK-L4-2,PET-CO,4973
CON-010575,LOT-02689,L4,BNK-L4-3,MB-WH,488
CON-010576,LOT-02689,L4,BNK-L4-4,MB-UV,246
CON-010577,LOT-02690,L4,BNK-L4-1,PET-BR,19818
CON-010578,LOT-02690,L4,BNK-L4-2,PET-CO,5003
CON-010579,LOT-02690,L4,BNK-L4-3,MB-WH,485
CON-010580,LOT-02690,L4,BNK-L4-4,MB-UV,245
CON-010581,LOT-02691,L5,BNK-L5-1,NY6-F,12566
CON-010582,LOT-02691,L5,BNK-L5-2,NY6-H,2153
CON-010583,LOT-02691,L5,BNK-L5-3,MB-NA,290
CON-010584,LOT-02691,L5,BNK-L5-4,MB-NS,146
CON-010585,LOT-02692,L5,BNK-L5-1,NY6-F,12684
CON-010586,LOT-02692,L5,BNK-L5-2,NY6-H,2174
CON-010587,LOT-02692,L5,BNK-L5-3,MB-NA,293
CON-010588,LOT-02692,L5,BNK-L5-4,MB-NS,148
CON-010589,LOT-02693,L6,BNK-L6-1,NY6-F,10902
CON-010590,LOT-02693,L6,BNK-L6-2,NY6-H,2499
CON-010591,LOT-02693,L6,BNK-L6-3,MB-NA,205
CON-010592,LOT-02693,L6,BNK-L6-4,MB-NS,207
CON-010593,LOT-02694,L6,BNK-L6-1,NY6-F,11011
CON-010594,LOT-02694,L6,BNK-L6-2,NY6-H,2524
CON-010595,LOT-02694,L6,BNK-L6-3,MB-NA,207
CON-010596,LOT-02694,L6,BNK-L6-4,MB-NS,209
CON-010597,LOT-02695,L1,BNK-L1-1,PET-BR,24840
CON-010598,LOT-02695,L1,BNK-L1-2,PET-SD,1313
CON-010599,LOT-02695,L1,BNK-L1-3,MB-AB,397
CON-010600,LOT-02695,L1,BNK-L1-4,MB-SL,257
CON-010601,LOT-02696,L1,BNK-L1-1,PET-BR,24981
CON-010602,LOT-02696,L1,BNK-L1-2,PET-SD,1321
CON-010603,LOT-02696,L1,BNK-L1-3,MB-AB,400
CON-010604,LOT-02696,L1,BNK-L1-4,MB-SL,259
CON-010605,LOT-02697,L2,BNK-L2-1,PET-BR,21032
CON-010606,LOT-02697,L2,BNK-L2-2,PET-RC,4172
CON-010607,LOT-02697,L2,BNK-L2-3,MB-AB,383
CON-010608,LOT-02697,L2,BNK-L2-4,MB-WH,248
CON-010609,LOT-02698,L2,BNK-L2-1,PET-BR,21156
CON-010610,LOT-02698,L2,BNK-L2-2,PET-RC,4196
CON-010611,LOT-02698,L2,BNK-L2-3,MB-AB,385
CON-010612,LOT-02698,L2,BNK-L2-4,MB-WH,249
CON-010613,LOT-02699,L3,BNK-L3-1,PET-BR,22672
CON-010614,LOT-02699,L3,BNK-L3-2,PET-SD,2558
CON-010615,LOT-02699,L3,BNK-L3-3,MB-SL,496
CON-010616,LOT-02699,L3,BNK-L3-4,MB-UV,251
CON-010617,LOT-02700,L3,BNK-L3-1,PET-BR,22563
CON-010618,LOT-02700,L3,BNK-L3-2,PET-SD,2546
CON-010619,LOT-02700,L3,BNK-L3-3,MB-SL,499
CON-010620,LOT-02700,L3,BNK-L3-4,MB-UV,252
CON-010621,LOT-02701,L5,BNK-L5-1,NY6-F,11177
CON-010622,LOT-02701,L5,BNK-L5-2,NY6-H,2648
CON-010623,LOT-02701,L5,BNK-L5-3,MB-NA,211
CON-010624,LOT-02701,L5,BNK-L5-4,MB-NS,213
CON-010625,LOT-02702,L5,BNK-L5-1,NY6-F,11286
CON-010626,LOT-02702,L5,BNK-L5-2,NY6-H,2674
CON-010627,LOT-02702,L5,BNK-L5-3,MB-NA,213
CON-010628,LOT-02702,L5,BNK-L5-4,MB-NS,215
CON-010629,LOT-02703,L6,BNK-L6-1,NY6-F,10228
CON-010630,LOT-02703,L6,BNK-L6-2,NY6-H,2745
CON-010631,LOT-02703,L6,BNK-L6-3,MB-NA,264
CON-010632,LOT-02703,L6,BNK-L6-4,MB-NS,128
CON-010633,LOT-02704,L6,BNK-L6-1,NY6-F,10334
CON-010634,LOT-02704,L6,BNK-L6-2,NY6-H,2774
CON-010635,LOT-02704,L6,BNK-L6-3,MB-NA,267
CON-010636,LOT-02704,L6,BNK-L6-4,MB-NS,130
CON-010637,LOT-02705,L1,BNK-L1-1,PET-BR,25247
CON-010638,LOT-02705,L1,BNK-L1-2,PET-SD,1057
CON-010639,LOT-02705,L1,BNK-L1-3,MB-AB,400
CON-010640,LOT-02705,L1,BNK-L1-4,MB-SL,259
CON-010641,LOT-02706,L1,BNK-L1-1,PET-BR,25390
CON-010642,LOT-02706,L1,BNK-L1-2,PET-SD,1063
CON-010643,LOT-02706,L1,BNK-L1-3,MB-AB,402
CON-010644,LOT-02706,L1,BNK-L1-4,MB-SL,260
CON-010645,LOT-02707,L2,BNK-L2-1,PET-BR,20351
CON-010646,LOT-02707,L2,BNK-L2-2,PET-RC,5265
CON-010647,LOT-02707,L2,BNK-L2-3,MB-AB,374
CON-010648,LOT-02707,L2,BNK-L2-4,MB-WH,252
CON-010649,LOT-02708,L2,BNK-L2-1,PET-BR,20470
CON-010650,LOT-02708,L2,BNK-L2-2,PET-RC,5296
CON-010651,LOT-02708,L2,BNK-L2-3,MB-AB,376
CON-010652,LOT-02708,L2,BNK-L2-4,MB-WH,253
CON-010653,LOT-02709,L3,BNK-L3-1,PET-BR,21746
CON-010654,LOT-02709,L3,BNK-L3-2,PET-SD,3749
CON-010655,LOT-02709,L3,BNK-L3-3,MB-SL,504
CON-010656,LOT-02709,L3,BNK-L3-4,MB-UV,255
CON-010657,LOT-02710,L3,BNK-L3-1,PET-BR,21873
CON-010658,LOT-02710,L3,BNK-L3-2,PET-SD,3771
CON-010659,LOT-02710,L3,BNK-L3-3,MB-SL,507
CON-010660,LOT-02710,L3,BNK-L3-4,MB-UV,256
CON-010661,LOT-02711,L4,BNK-L4-1,PET-BR,19078
CON-010662,LOT-02711,L4,BNK-L4-2,PET-CO,4230
CON-010663,LOT-02711,L4,BNK-L4-3,MB-WH,359
CON-010664,LOT-02711,L4,BNK-L4-4,MB-UV,363
CON-010665,LOT-02712,L4,BNK-L4-1,PET-BR,19196
CON-010666,LOT-02712,L4,BNK-L4-2,PET-CO,4256
CON-010667,LOT-02712,L4,BNK-L4-3,MB-WH,358
CON-010668,LOT-02712,L4,BNK-L4-4,MB-UV,361
CON-010669,LOT-02713,L6,BNK-L6-1,NY6-F,10811
CON-010670,LOT-02713,L6,BNK-L6-2,NY6-H,2302
CON-010671,LOT-02713,L6,BNK-L6-3,MB-NA,199
CON-010672,LOT-02713,L6,BNK-L6-4,MB-NS,129
CON-010673,LOT-02714,L6,BNK-L6-1,NY6-F,10923
CON-010674,LOT-02714,L6,BNK-L6-2,NY6-H,2326
CON-010675,LOT-02714,L6,BNK-L6-3,MB-NA,201
CON-010676,LOT-02714,L6,BNK-L6-4,MB-NS,130
CON-010677,LOT-02715,L1,BNK-L1-1,PET-BR,25644
CON-010678,LOT-02715,L1,BNK-L1-2,PET-SD,805
CON-010679,LOT-02715,L1,BNK-L1-3,MB-AB,521
CON-010680,LOT-02715,L1,BNK-L1-4,MB-SL,263
CON-010681,LOT-02716,L1,BNK-L1-1,PET-BR,25788
CON-010682,LOT-02716,L1,BNK-L1-2,PET-SD,809
CON-010683,LOT-02716,L1,BNK-L1-3,MB-AB,524
CON-010684,LOT-02716,L1,BNK-L1-4,MB-SL,264
CON-010685,LOT-02717,L2,BNK-L2-1,PET-BR,20157
CON-010686,LOT-02717,L2,BNK-L2-2,PET-RC,5647
CON-010687,LOT-02717,L2,BNK-L2-3,MB-AB,380
CON-010688,LOT-02717,L2,BNK-L2-4,MB-WH,256
CON-010689,LOT-02718,L2,BNK-L2-1,PET-BR,20274
CON-010690,LOT-02718,L2,BNK-L2-2,PET-RC,5680
CON-010691,LOT-02718,L2,BNK-L2-3,MB-AB,382
CON-010692,LOT-02718,L2,BNK-L2-4,MB-WH,257
CON-010693,LOT-02719,L3,BNK-L3-1,PET-BR,22633
CON-010694,LOT-02719,L3,BNK-L3-2,PET-SD,2413
CON-010695,LOT-02719,L3,BNK-L3-3,MB-SL,512
CON-010696,LOT-02719,L3,BNK-L3-4,MB-UV,388
CON-010697,LOT-02720,L3,BNK-L3-1,PET-BR,22765
CON-010698,LOT-02720,L3,BNK-L3-2,PET-SD,2427
CON-010699,LOT-02720,L3,BNK-L3-3,MB-SL,515
CON-010700,LOT-02720,L3,BNK-L3-4,MB-UV,390
CON-010701,LOT-02721,L4,BNK-L4-1,PET-BR,18648
CON-010702,LOT-02721,L4,BNK-L4-2,PET-CO,5311
CON-010703,LOT-02721,L4,BNK-L4-3,MB-WH,487
CON-010704,LOT-02721,L4,BNK-L4-4,MB-UV,237
CON-010705,LOT-02722,L4,BNK-L4-1,PET-BR,18561
CON-010706,LOT-02722,L4,BNK-L4-2,PET-CO,5287
CON-010707,LOT-02722,L4,BNK-L4-3,MB-WH,490
CON-010708,LOT-02722,L4,BNK-L4-4,MB-UV,238
CON-010709,LOT-02723,L5,BNK-L5-1,NY6-F,11577
CON-010710,LOT-02723,L5,BNK-L5-2,NY6-H,2638
CON-010711,LOT-02723,L5,BNK-L5-3,MB-NA,216
CON-010712,LOT-02723,L5,BNK-L5-4,MB-NS,140
CON-010713,LOT-02724,L5,BNK-L5-1,NY6-F,11689
CON-010714,LOT-02724,L5,BNK-L5-2,NY6-H,2663
CON-010715,LOT-02724,L5,BNK-L5-3,MB-NA,218
CON-010716,LOT-02724,L5,BNK-L5-4,MB-NS,141
CON-010717,LOT-02725,L1,BNK-L1-1,PET-BR,25774
CON-010718,LOT-02725,L1,BNK-L1-2,PET-SD,1310
CON-010719,LOT-02725,L1,BNK-L1-3,MB-AB,397
CON-010720,LOT-02725,L1,BNK-L1-4,MB-SL,267
CON-010721,LOT-02726,L1,BNK-L1-1,PET-BR,25917
CON-010722,LOT-02726,L1,BNK-L1-2,PET-SD,1318
CON-010723,LOT-02726,L1,BNK-L1-3,MB-AB,399
CON-010724,LOT-02726,L1,BNK-L1-4,MB-SL,269
CON-010725,LOT-02727,L2,BNK-L2-1,PET-BR,21841
CON-010726,LOT-02727,L2,BNK-L2-2,PET-RC,3443
CON-010727,LOT-02727,L2,BNK-L2-3,MB-AB,515
CON-010728,LOT-02727,L2,BNK-L2-4,MB-WH,260
CON-010729,LOT-02728,L2,BNK-L2-1,PET-BR,21968
CON-010730,LOT-02728,L2,BNK-L2-2,PET-RC,3462
CON-010731,LOT-02728,L2,BNK-L2-3,MB-AB,517
CON-010732,LOT-02728,L2,BNK-L2-4,MB-WH,261
CON-010733,LOT-02729,L3,BNK-L3-1,PET-BR,10731
CON-010734,LOT-02729,L3,BNK-L3-2,PET-SD,15480
CON-010735,LOT-02730,L3,BNK-L3-1,PET-BR,10793
CON-010736,LOT-02730,L3,BNK-L3-2,PET-SD,15569
CON-010737,LOT-02731,L4,BNK-L4-1,PET-BR,19973
CON-010738,LOT-02731,L4,BNK-L4-2,PET-CO,4252
CON-010739,LOT-02731,L4,BNK-L4-3,MB-WH,368
CON-010740,LOT-02731,L4,BNK-L4-4,MB-UV,238
CON-010741,LOT-02732,L4,BNK-L4-1,PET-BR,20095
CON-010742,LOT-02732,L4,BNK-L4-2,PET-CO,4278
CON-010743,LOT-02732,L4,BNK-L4-3,MB-WH,370
CON-010744,LOT-02732,L4,BNK-L4-4,MB-UV,240
CON-010745,LOT-02733,L5,BNK-L5-1,NY6-F,11375
CON-010746,LOT-02733,L5,BNK-L5-2,NY6-H,3219
CON-010747,LOT-02733,L5,BNK-L5-3,MB-NA,213
CON-010748,LOT-02733,L5,BNK-L5-4,MB-NS,144
CON-010749,LOT-02734,L5,BNK-L5-1,NY6-F,11361
CON-010750,LOT-02734,L5,BNK-L5-2,NY6-H,3215
CON-010751,LOT-02734,L5,BNK-L5-3,MB-NA,213
CON-010752,LOT-02734,L5,BNK-L5-4,MB-NS,143
CON-010753,LOT-02735,L6,BNK-L6-1,NY6-F,11515
CON-010754,LOT-02735,L6,BNK-L6-2,NY6-H,1896
CON-010755,LOT-02735,L6,BNK-L6-3,MB-NA,264
CON-010756,LOT-02735,L6,BNK-L6-4,MB-NS,133
CON-010757,LOT-02736,L6,BNK-L6-1,NY6-F,11633
CON-010758,LOT-02736,L6,BNK-L6-2,NY6-H,1916
CON-010759,LOT-02736,L6,BNK-L6-3,MB-NA,267
CON-010760,LOT-02736,L6,BNK-L6-4,MB-NS,135
CON-010761,LOT-02737,L1,BNK-L1-1,PET-BR,25486
CON-010762,LOT-02737,L1,BNK-L1-2,PET-SD,800
CON-010763,LOT-02737,L1,BNK-L1-3,MB-AB,538
CON-010764,LOT-02737,L1,BNK-L1-4,MB-SL,408
CON-010765,LOT-02738,L1,BNK-L1-1,PET-BR,25628
CON-010766,LOT-02738,L1,BNK-L1-2,PET-SD,805
CON-010767,LOT-02738,L1,BNK-L1-3,MB-AB,541
CON-010768,LOT-02738,L1,BNK-L1-4,MB-SL,410
CON-010769,LOT-02739,L2,BNK-L2-1,PET-BR,21077
CON-010770,LOT-02739,L2,BNK-L2-2,PET-RC,4672
CON-010771,LOT-02739,L2,BNK-L2-3,MB-AB,393
CON-010772,LOT-02739,L2,BNK-L2-4,MB-WH,381
CON-010773,LOT-02740,L2,BNK-L2-1,PET-BR,21198
CON-010774,LOT-02740,L2,BNK-L2-2,PET-RC,4699
CON-010775,LOT-02740,L2,BNK-L2-3,MB-AB,395
CON-010776,LOT-02740,L2,BNK-L2-4,MB-WH,384
CON-010777,LOT-02741,L3,BNK-L3-1,PET-BR,22535
CON-010778,LOT-02741,L3,BNK-L3-2,PET-SD,3121
CON-010779,LOT-02741,L3,BNK-L3-3,MB-SL,525
CON-010780,LOT-02741,L3,BNK-L3-4,MB-UV,255
CON-010781,LOT-02742,L3,BNK-L3-1,PET-BR,22664
CON-010782,LOT-02742,L3,BNK-L3-2,PET-SD,3139
CON-010783,LOT-02742,L3,BNK-L3-3,MB-SL,528
CON-010784,LOT-02742,L3,BNK-L3-4,MB-UV,256
CON-010785,LOT-02743,L4,BNK-L4-1,PET-BR,19603
CON-010786,LOT-02743,L4,BNK-L4-2,PET-CO,4948
CON-010787,LOT-02743,L4,BNK-L4-3,MB-WH,480
CON-010788,LOT-02743,L4,BNK-L4-4,MB-UV,242
CON-010789,LOT-02744,L4,BNK-L4-1,PET-BR,19512
CON-010790,LOT-02744,L4,BNK-L4-2,PET-CO,4926
CON-010791,LOT-02744,L4,BNK-L4-3,MB-WH,483
CON-010792,LOT-02744,L4,BNK-L4-4,MB-UV,244
CON-010793,LOT-02745,L5,BNK-L5-1,NY6-F,12396
CON-010794,LOT-02745,L5,BNK-L5-2,NY6-H,2124
CON-010795,LOT-02745,L5,BNK-L5-3,MB-NA,286
CON-010796,LOT-02745,L5,BNK-L5-4,MB-NS,144
CON-010797,LOT-02746,L5,BNK-L5-1,NY6-F,12513
CON-010798,LOT-02746,L5,BNK-L5-2,NY6-H,2144
CON-010799,LOT-02746,L5,BNK-L5-3,MB-NA,289
CON-010800,LOT-02746,L5,BNK-L5-4,MB-NS,146
CON-010801,LOT-02747,L6,BNK-L6-1,NY6-F,10743
CON-010802,LOT-02747,L6,BNK-L6-2,NY6-H,2463
CON-010803,LOT-02747,L6,BNK-L6-3,MB-NA,202
CON-010804,LOT-02747,L6,BNK-L6-4,MB-NS,204
CON-010805,LOT-02748,L6,BNK-L6-1,NY6-F,10852
CON-010806,LOT-02748,L6,BNK-L6-2,NY6-H,2488
CON-010807,LOT-02748,L6,BNK-L6-3,MB-NA,204
CON-010808,LOT-02748,L6,BNK-L6-4,MB-NS,206
CON-010809,LOT-02749,L1,BNK-L1-1,PET-BR,25668
CON-010810,LOT-02749,L1,BNK-L1-2,PET-SD,1357
CON-010811,LOT-02749,L1,BNK-L1-3,MB-AB,411
CON-010812,LOT-02749,L1,BNK-L1-4,MB-SL,266
CON-010813,LOT-02750,L1,BNK-L1-1,PET-BR,25810
CON-010814,LOT-02750,L1,BNK-L1-2,PET-SD,1365
CON-010815,LOT-02750,L1,BNK-L1-3,MB-AB,413
CON-010816,LOT-02750,L1,BNK-L1-4,MB-SL,267
CON-010817,LOT-02751,L2,BNK-L2-1,PET-BR,21762
CON-010818,LOT-02751,L2,BNK-L2-2,PET-RC,4317
CON-010819,LOT-02751,L2,BNK-L2-3,MB-AB,396
CON-010820,LOT-02751,L2,BNK-L2-4,MB-WH,256
CON-010821,LOT-02752,L2,BNK-L2-1,PET-BR,21887
CON-010822,LOT-02752,L2,BNK-L2-2,PET-RC,4341
CON-010823,LOT-02752,L2,BNK-L2-3,MB-AB,398
CON-010824,LOT-02752,L2,BNK-L2-4,MB-WH,258
CON-010825,LOT-02753,L3,BNK-L3-1,PET-BR,23460
CON-010826,LOT-02753,L3,BNK-L3-2,PET-SD,2647
CON-010827,LOT-02753,L3,BNK-L3-3,MB-SL,514
CON-010828,LOT-02753,L3,BNK-L3-4,MB-UV,259
CON-010829,LOT-02754,L3,BNK-L3-1,PET-BR,23593
CON-010830,LOT-02754,L3,BNK-L3-2,PET-SD,2662
CON-010831,LOT-02754,L3,BNK-L3-3,MB-SL,517
CON-010832,LOT-02754,L3,BNK-L3-4,MB-UV,261
CON-010833,LOT-02755,L4,BNK-L4-1,PET-BR,21105
CON-010834,LOT-02755,L4,BNK-L4-2,PET-CO,3476
CON-010835,LOT-02755,L4,BNK-L4-3,MB-WH,489
CON-010836,LOT-02755,L4,BNK-L4-4,MB-UV,247
CON-010837,LOT-02756,L4,BNK-L4-1,PET-BR,21232
CON-010838,LOT-02756,L4,BNK-L4-2,PET-CO,3497
CON-010839,LOT-02756,L4,BNK-L4-3,MB-WH,487
CON-010840,LOT-02756,L4,BNK-L4-4,MB-UV,246
CON-010841,LOT-02757,L5,BNK-L5-1,NY6-F,11555
CON-010842,LOT-02757,L5,BNK-L5-2,NY6-H,2737
CON-010843,LOT-02757,L5,BNK-L5-3,MB-NA,218
CON-010844,LOT-02757,L5,BNK-L5-4,MB-NS,220
CON-010845,LOT-02758,L5,BNK-L5-1,NY6-F,11664
CON-010846,LOT-02758,L5,BNK-L5-2,NY6-H,2763
CON-010847,LOT-02758,L5,BNK-L5-3,MB-NA,220
CON-010848,LOT-02758,L5,BNK-L5-4,MB-NS,222
CON-010849,LOT-02759,L6,BNK-L6-1,NY6-F,10600
CON-010850,LOT-02759,L6,BNK-L6-2,NY6-H,2845
CON-010851,LOT-02759,L6,BNK-L6-3,MB-NA,274
CON-010852,LOT-02759,L6,BNK-L6-4,MB-NS,133
CON-010853,LOT-02760,L6,BNK-L6-1,NY6-F,10707
CON-010854,LOT-02760,L6,BNK-L6-2,NY6-H,2874
CON-010855,LOT-02760,L6,BNK-L6-3,MB-NA,276
CON-010856,LOT-02760,L6,BNK-L6-4,MB-NS,134
CON-010857,LOT-02761,L1,BNK-L1-1,PET-BR,26134
CON-010858,LOT-02761,L1,BNK-L1-2,PET-SD,1094
CON-010859,LOT-02761,L1,BNK-L1-3,MB-AB,414
CON-010860,LOT-02761,L1,BNK-L1-4,MB-SL,268
CON-010861,LOT-02762,L1,BNK-L1-1,PET-BR,26278
CON-010862,LOT-02762,L1,BNK-L1-2,PET-SD,1100
CON-010863,LOT-02762,L1,BNK-L1-3,MB-AB,416
CON-010864,LOT-02762,L1,BNK-L1-4,MB-SL,269
CON-010865,LOT-02763,L2,BNK-L2-1,PET-BR,21094
CON-010866,LOT-02763,L2,BNK-L2-2,PET-RC,5458
CON-010867,LOT-02763,L2,BNK-L2-3,MB-AB,387
CON-010868,LOT-02763,L2,BNK-L2-4,MB-WH,261
CON-010869,LOT-02764,L2,BNK-L2-1,PET-BR,21214
CON-010870,LOT-02764,L2,BNK-L2-2,PET-RC,5489
CON-010871,LOT-02764,L2,BNK-L2-3,MB-AB,390
CON-010872,LOT-02764,L2,BNK-L2-4,MB-WH,262
CON-010873,LOT-02765,L3,BNK-L3-1,PET-BR,22539
CON-010874,LOT-02765,L3,BNK-L3-2,PET-SD,3886
CON-010875,LOT-02765,L3,BNK-L3-3,MB-SL,523
CON-010876,LOT-02765,L3,BNK-L3-4,MB-UV,264
CON-010877,LOT-02766,L3,BNK-L3-1,PET-BR,22428
CON-010878,LOT-02766,L3,BNK-L3-2,PET-SD,3866
CON-010879,LOT-02766,L3,BNK-L3-3,MB-SL,526
CON-010880,LOT-02766,L3,BNK-L3-4,MB-UV,265
CON-010881,LOT-02767,L4,BNK-L4-1,PET-BR,19819
CON-010882,LOT-02767,L4,BNK-L4-2,PET-CO,4394
CON-010883,LOT-02767,L4,BNK-L4-3,MB-WH,369
CON-010884,LOT-02767,L4,BNK-L4-4,MB-UV,373
CON-010885,LOT-02768,L4,BNK-L4-1,PET-BR,19937
CON-010886,LOT-02768,L4,BNK-L4-2,PET-CO,4420
CON-010887,LOT-02768,L4,BNK-L4-3,MB-WH,372
CON-010888,LOT-02768,L4,BNK-L4-4,MB-UV,375
CON-010889,LOT-02769,L5,BNK-L5-1,NY6-F,11465
CON-010890,LOT-02769,L5,BNK-L5-2,NY6-H,3078
CON-010891,LOT-02769,L5,BNK-L5-3,MB-NA,296
CON-010892,LOT-02769,L5,BNK-L5-4,MB-NS,144
CON-010893,LOT-02770,L5,BNK-L5-1,NY6-F,11573
CON-010894,LOT-02770,L5,BNK-L5-2,NY6-H,3107
CON-010895,LOT-02770,L5,BNK-L5-3,MB-NA,299
CON-010896,LOT-02770,L5,BNK-L5-4,MB-NS,145
CON-010897,LOT-02771,L6,BNK-L6-1,NY6-F,11223
CON-010898,LOT-02771,L6,BNK-L6-2,NY6-H,2390
CON-010899,LOT-02771,L6,BNK-L6-3,MB-NA,207
CON-010900,LOT-02771,L6,BNK-L6-4,MB-NS,134
CON-010901,LOT-02772,L6,BNK-L6-1,NY6-F,11336
CON-010902,LOT-02772,L6,BNK-L6-2,NY6-H,2414
CON-010903,LOT-02772,L6,BNK-L6-3,MB-NA,209
CON-010904,LOT-02772,L6,BNK-L6-4,MB-NS,135
CON-010905,LOT-02773,L1,BNK-L1-1,PET-BR,25370
CON-010906,LOT-02773,L1,BNK-L1-2,PET-SD,796
CON-010907,LOT-02773,L1,BNK-L1-3,MB-AB,515
CON-010908,LOT-02773,L1,BNK-L1-4,MB-SL,260
CON-010909,LOT-02774,L1,BNK-L1-1,PET-BR,25514
CON-010910,LOT-02774,L1,BNK-L1-2,PET-SD,801
CON-010911,LOT-02774,L1,BNK-L1-3,MB-AB,518
CON-010912,LOT-02774,L1,BNK-L1-4,MB-SL,262
CON-010913,LOT-02775,L2,BNK-L2-1,PET-BR,19930
CON-010914,LOT-02775,L2,BNK-L2-2,PET-RC,5584
CON-010915,LOT-02775,L2,BNK-L2-3,MB-AB,376
CON-010916,LOT-02775,L2,BNK-L2-4,MB-WH,253
CON-010917,LOT-02776,L2,BNK-L2-1,PET-BR,20047
CON-010918,LOT-02776,L2,BNK-L2-2,PET-RC,5617
CON-010919,LOT-02776,L2,BNK-L2-3,MB-AB,378
CON-010920,LOT-02776,L2,BNK-L2-4,MB-WH,254
CON-010921,LOT-02777,L3,BNK-L3-1,PET-BR,22138
CON-010922,LOT-02777,L3,BNK-L3-2,PET-SD,2360
CON-010923,LOT-02777,L3,BNK-L3-3,MB-SL,507
CON-010924,LOT-02777,L3,BNK-L3-4,MB-UV,384
CON-010925,LOT-02778,L3,BNK-L3-1,PET-BR,22268
CON-010926,LOT-02778,L3,BNK-L3-2,PET-SD,2374
CON-010927,LOT-02778,L3,BNK-L3-3,MB-SL,504
CON-010928,LOT-02778,L3,BNK-L3-4,MB-UV,382
CON-010929,LOT-02779,L4,BNK-L4-1,PET-BR,18225
CON-010930,LOT-02779,L4,BNK-L4-2,PET-CO,5191
CON-010931,LOT-02779,L4,BNK-L4-3,MB-WH,476
CON-010932,LOT-02779,L4,BNK-L4-4,MB-UV,231
CON-010933,LOT-02780,L4,BNK-L4-1,PET-BR,18338
CON-010934,LOT-02780,L4,BNK-L4-2,PET-CO,5223
CON-010935,LOT-02780,L4,BNK-L4-3,MB-WH,479
CON-010936,LOT-02780,L4,BNK-L4-4,MB-UV,233
CON-010937,LOT-02781,L5,BNK-L5-1,NY6-F,11461
CON-010938,LOT-02781,L5,BNK-L5-2,NY6-H,2611
CON-010939,LOT-02781,L5,BNK-L5-3,MB-NA,214
CON-010940,LOT-02781,L5,BNK-L5-4,MB-NS,138
CON-010941,LOT-02782,L5,BNK-L5-1,NY6-F,11573
CON-010942,LOT-02782,L5,BNK-L5-2,NY6-H,2637
CON-010943,LOT-02782,L5,BNK-L5-3,MB-NA,216
CON-010944,LOT-02782,L5,BNK-L5-4,MB-NS,140
CON-010945,LOT-02783,L6,BNK-L6-1,NY6-F,10490
CON-010946,LOT-02783,L6,BNK-L6-2,NY6-H,2714
CON-010947,LOT-02783,L6,BNK-L6-3,MB-NA,193
CON-010948,LOT-02783,L6,BNK-L6-4,MB-NS,130
CON-010949,LOT-02784,L6,BNK-L6-1,NY6-F,10599
CON-010950,LOT-02784,L6,BNK-L6-2,NY6-H,2742
CON-010951,LOT-02784,L6,BNK-L6-3,MB-NA,195
CON-010952,LOT-02784,L6,BNK-L6-4,MB-NS,131
CON-010953,LOT-02785,L1,BNK-L1-1,PET-BR,25549
CON-010954,LOT-02785,L1,BNK-L1-2,PET-SD,1299
CON-010955,LOT-02785,L1,BNK-L1-3,MB-AB,393
CON-010956,LOT-02785,L1,BNK-L1-4,MB-SL,265
CON-010957,LOT-02786,L1,BNK-L1-1,PET-BR,25693
CON-010958,LOT-02786,L1,BNK-L1-2,PET-SD,1307
CON-010959,LOT-02786,L1,BNK-L1-3,MB-AB,395
CON-010960,LOT-02786,L1,BNK-L1-4,MB-SL,266
CON-010961,LOT-02787,L2,BNK-L2-1,PET-BR,21642
CON-010962,LOT-02787,L2,BNK-L2-2,PET-RC,3411
CON-010963,LOT-02787,L2,BNK-L2-3,MB-AB,510
CON-010964,LOT-02787,L2,BNK-L2-4,MB-WH,257
CON-010965,LOT-02788,L2,BNK-L2-1,PET-BR,21533
CON-010966,LOT-02788,L2,BNK-L2-2,PET-RC,3394
CON-010967,LOT-02788,L2,BNK-L2-3,MB-AB,513
CON-010968,LOT-02788,L2,BNK-L2-4,MB-WH,259
CON-010969,LOT-02789,L3,BNK-L3-1,PET-BR,10519
CON-010970,LOT-02789,L3,BNK-L3-2,PET-SD,15175
CON-010971,LOT-02790,L3,BNK-L3-1,PET-BR,10580
CON-010972,LOT-02790,L3,BNK-L3-2,PET-SD,15263
CON-010973,LOT-02791,L4,BNK-L4-1,PET-BR,19560
CON-010974,LOT-02791,L4,BNK-L4-2,PET-CO,4165
CON-010975,LOT-02791,L4,BNK-L4-3,MB-WH,360
CON-010976,LOT-02791,L4,BNK-L4-4,MB-UV,233
CON-010977,LOT-02792,L4,BNK-L4-1,PET-BR,19681
CON-010978,LOT-02792,L4,BNK-L4-2,PET-CO,4190
CON-010979,LOT-02792,L4,BNK-L4-3,MB-WH,362
CON-010980,LOT-02792,L4,BNK-L4-4,MB-UV,235
CON-010981,LOT-02793,L5,BNK-L5-1,NY6-F,11163
CON-010982,LOT-02793,L5,BNK-L5-2,NY6-H,3159
CON-010983,LOT-02793,L5,BNK-L5-3,MB-NA,209
CON-010984,LOT-02793,L5,BNK-L5-4,MB-NS,141
CON-010985,LOT-02794,L5,BNK-L5-1,NY6-F,11271
CON-010986,LOT-02794,L5,BNK-L5-2,NY6-H,3189
CON-010987,LOT-02794,L5,BNK-L5-3,MB-NA,211
CON-010988,LOT-02794,L5,BNK-L5-4,MB-NS,142
CON-010989,LOT-02795,L6,BNK-L6-1,NY6-F,11411
CON-010990,LOT-02795,L6,BNK-L6-2,NY6-H,1879
CON-010991,LOT-02795,L6,BNK-L6-3,MB-NA,262
CON-010992,LOT-02795,L6,BNK-L6-4,MB-NS,132
CON-010993,LOT-02796,L6,BNK-L6-1,NY6-F,11528
CON-010994,LOT-02796,L6,BNK-L6-2,NY6-H,1899
CON-010995,LOT-02796,L6,BNK-L6-3,MB-NA,264
CON-010996,LOT-02796,L6,BNK-L6-4,MB-NS,134
CON-010997,LOT-02797,L1,BNK-L1-1,PET-BR,25270
CON-010998,LOT-02797,L1,BNK-L1-2,PET-SD,793
CON-010999,LOT-02797,L1,BNK-L1-3,MB-AB,534
CON-011000,LOT-02797,L1,BNK-L1-4,MB-SL,404
CON-011001,LOT-02798,L1,BNK-L1-1,PET-BR,25412
CON-011002,LOT-02798,L1,BNK-L1-2,PET-SD,798
CON-011003,LOT-02798,L1,BNK-L1-3,MB-AB,537
CON-011004,LOT-02798,L1,BNK-L1-4,MB-SL,406
CON-011005,LOT-02799,L2,BNK-L2-1,PET-BR,20662
CON-011006,LOT-02799,L2,BNK-L2-2,PET-RC,4580
CON-011007,LOT-02799,L2,BNK-L2-3,MB-AB,389
CON-011008,LOT-02799,L2,BNK-L2-4,MB-WH,378
CON-011009,LOT-02800,L2,BNK-L2-1,PET-BR,20782
CON-011010,LOT-02800,L2,BNK-L2-2,PET-RC,4607
CON-011011,LOT-02800,L2,BNK-L2-3,MB-AB,387
CON-011012,LOT-02800,L2,BNK-L2-4,MB-WH,376
CON-011013,LOT-02801,L3,BNK-L3-1,PET-BR,22091
CON-011014,LOT-02801,L3,BNK-L3-2,PET-SD,3059
CON-011015,LOT-02801,L3,BNK-L3-3,MB-SL,514
CON-011016,LOT-02801,L3,BNK-L3-4,MB-UV,250
CON-011017,LOT-02802,L3,BNK-L3-1,PET-BR,22220
CON-011018,LOT-02802,L3,BNK-L3-2,PET-SD,3077
CON-011019,LOT-02802,L3,BNK-L3-3,MB-SL,517
CON-011020,LOT-02802,L3,BNK-L3-4,MB-UV,251
CON-011021,LOT-02803,L4,BNK-L4-1,PET-BR,19201
CON-011022,LOT-02803,L4,BNK-L4-2,PET-CO,4847
CON-011023,LOT-02803,L4,BNK-L4-3,MB-WH,470
CON-011024,LOT-02803,L4,BNK-L4-4,MB-UV,237
CON-011025,LOT-02804,L4,BNK-L4-1,PET-BR,19319
CON-011026,LOT-02804,L4,BNK-L4-2,PET-CO,4877
CON-011027,LOT-02804,L4,BNK-L4-3,MB-WH,473
CON-011028,LOT-02804,L4,BNK-L4-4,MB-UV,239
CON-011029,LOT-02805,L5,BNK-L5-1,NY6-F,12296
CON-011030,LOT-02805,L5,BNK-L5-2,NY6-H,2107
CON-011031,LOT-02805,L5,BNK-L5-3,MB-NA,284
CON-011032,LOT-02805,L5,BNK-L5-4,MB-NS,143
CON-011033,LOT-02806,L5,BNK-L5-1,NY6-F,12414
CON-011034,LOT-02806,L5,BNK-L5-2,NY6-H,2128
CON-011035,LOT-02806,L5,BNK-L5-3,MB-NA,286
CON-011036,LOT-02806,L5,BNK-L5-4,MB-NS,145
CON-011037,LOT-02807,L6,BNK-L6-1,NY6-F,10648
CON-011038,LOT-02807,L6,BNK-L6-2,NY6-H,2441
CON-011039,LOT-02807,L6,BNK-L6-3,MB-NA,200
CON-011040,LOT-02807,L6,BNK-L6-4,MB-NS,202
CON-011041,LOT-02808,L6,BNK-L6-1,NY6-F,10758
CON-011042,LOT-02808,L6,BNK-L6-2,NY6-H,2466
CON-011043,LOT-02808,L6,BNK-L6-3,MB-NA,202
CON-011044,LOT-02808,L6,BNK-L6-4,MB-NS,204
CON-011045,LOT-02809,L1,BNK-L1-1,PET-BR,25451
CON-011046,LOT-02809,L1,BNK-L1-2,PET-SD,1346
CON-011047,LOT-02809,L1,BNK-L1-3,MB-AB,407
CON-011048,LOT-02809,L1,BNK-L1-4,MB-SL,264
CON-011049,LOT-02810,L1,BNK-L1-1,PET-BR,25319
CON-011050,LOT-02810,L1,BNK-L1-2,PET-SD,1339
CON-011051,LOT-02810,L1,BNK-L1-3,MB-AB,409
CON-011052,LOT-02810,L1,BNK-L1-4,MB-SL,265
CON-011053,LOT-02811,L2,BNK-L2-1,PET-BR,21336
CON-011054,LOT-02811,L2,BNK-L2-2,PET-RC,4232
CON-011055,LOT-02811,L2,BNK-L2-3,MB-AB,388
CON-011056,LOT-02811,L2,BNK-L2-4,MB-WH,251
CON-011057,LOT-02812,L2,BNK-L2-1,PET-BR,21460
CON-011058,LOT-02812,L2,BNK-L2-2,PET-RC,4257
CON-011059,LOT-02812,L2,BNK-L2-3,MB-AB,390
CON-011060,LOT-02812,L2,BNK-L2-4,MB-WH,253
CON-011061,LOT-02813,L3,BNK-L3-1,PET-BR,23002
CON-011062,LOT-02813,L3,BNK-L3-2,PET-SD,2595
CON-011063,LOT-02813,L3,BNK-L3-3,MB-SL,504
CON-011064,LOT-02813,L3,BNK-L3-4,MB-UV,254
CON-011065,LOT-02814,L3,BNK-L3-1,PET-BR,23134
CON-011066,LOT-02814,L3,BNK-L3-2,PET-SD,2610
CON-011067,LOT-02814,L3,BNK-L3-3,MB-SL,506
CON-011068,LOT-02814,L3,BNK-L3-4,MB-UV,256
CON-011069,LOT-02815,L4,BNK-L4-1,PET-BR,20896
CON-011070,LOT-02815,L4,BNK-L4-2,PET-CO,3442
CON-011071,LOT-02815,L4,BNK-L4-3,MB-WH,479
CON-011072,LOT-02815,L4,BNK-L4-4,MB-UV,242
CON-011073,LOT-02816,L4,BNK-L4-1,PET-BR,21023
CON-011074,LOT-02816,L4,BNK-L4-2,PET-CO,3463
CON-011075,LOT-02816,L4,BNK-L4-3,MB-WH,482
CON-011076,LOT-02816,L4,BNK-L4-4,MB-UV,243
CON-011077,LOT-02817,L5,BNK-L5-1,NY6-F,11465
CON-011078,LOT-02817,L5,BNK-L5-2,NY6-H,2716
CON-011079,LOT-02817,L5,BNK-L5-3,MB-NA,217
CON-011080,LOT-02817,L5,BNK-L5-4,MB-NS,219
CON-011081,LOT-02818,L5,BNK-L5-1,NY6-F,11574
CON-011082,LOT-02818,L5,BNK-L5-2,NY6-H,2742
CON-011083,LOT-02818,L5,BNK-L5-3,MB-NA,219
CON-011084,LOT-02818,L5,BNK-L5-4,MB-NS,221
CON-011085,LOT-02819,L6,BNK-L6-1,NY6-F,10506
CON-011086,LOT-02819,L6,BNK-L6-2,NY6-H,2820
CON-011087,LOT-02819,L6,BNK-L6-3,MB-NA,271
CON-011088,LOT-02819,L6,BNK-L6-4,MB-NS,132
CON-011089,LOT-02820,L6,BNK-L6-1,NY6-F,10614
CON-011090,LOT-02820,L6,BNK-L6-2,NY6-H,2849
CON-011091,LOT-02820,L6,BNK-L6-3,MB-NA,274
CON-011092,LOT-02820,L6,BNK-L6-4,MB-NS,133
CON-011093,LOT-02821,L1,BNK-L1-1,PET-BR,25638
CON-011094,LOT-02821,L1,BNK-L1-2,PET-SD,1073
CON-011095,LOT-02821,L1,BNK-L1-3,MB-AB,410
CON-011096,LOT-02821,L1,BNK-L1-4,MB-SL,266
CON-011097,LOT-02822,L1,BNK-L1-1,PET-BR,25781
CON-011098,LOT-02822,L1,BNK-L1-2,PET-SD,1079
CON-011099,LOT-02822,L1,BNK-L1-3,MB-AB,408
CON-011100,LOT-02822,L1,BNK-L1-4,MB-SL,264
CON-011101,LOT-02823,L2,BNK-L2-1,PET-BR,20684
CON-011102,LOT-02823,L2,BNK-L2-2,PET-RC,5352
CON-011103,LOT-02823,L2,BNK-L2-3,MB-AB,380
CON-011104,LOT-02823,L2,BNK-L2-4,MB-WH,256
CON-011105,LOT-02824,L2,BNK-L2-1,PET-BR,20803
CON-011106,LOT-02824,L2,BNK-L2-2,PET-RC,5383
CON-011107,LOT-02824,L2,BNK-L2-3,MB-AB,382
CON-011108,LOT-02824,L2,BNK-L2-4,MB-WH,257
CON-011109,LOT-02825,L3,BNK-L3-1,PET-BR,22103
CON-011110,LOT-02825,L3,BNK-L3-2,PET-SD,3810
CON-011111,LOT-02825,L3,BNK-L3-3,MB-SL,513
CON-011112,LOT-02825,L3,BNK-L3-4,MB-UV,259
CON-011113,LOT-02826,L3,BNK-L3-1,PET-BR,22229
CON-011114,LOT-02826,L3,BNK-L3-2,PET-SD,3832
CON-011115,LOT-02826,L3,BNK-L3-3,MB-SL,516
CON-011116,LOT-02826,L3,BNK-L3-4,MB-UV,260
CON-011117,LOT-02827,L4,BNK-L4-1,PET-BR,19627
CON-011118,LOT-02827,L4,BNK-L4-2,PET-CO,4351
CON-011119,LOT-02827,L4,BNK-L4-3,MB-WH,366
CON-011120,LOT-02827,L4,BNK-L4-4,MB-UV,369
CON-011121,LOT-02828,L4,BNK-L4-1,PET-BR,19746
CON-011122,LOT-02828,L4,BNK-L4-2,PET-CO,4377
CON-011123,LOT-02828,L4,BNK-L4-3,MB-WH,368
CON-011124,LOT-02828,L4,BNK-L4-4,MB-UV,372
CON-011125,LOT-02829,L5,BNK-L5-1,NY6-F,11376
CON-011126,LOT-02829,L5,BNK-L5-2,NY6-H,3054
CON-011127,LOT-02829,L5,BNK-L5-3,MB-NA,294
CON-011128,LOT-02829,L5,BNK-L5-4,MB-NS,143
CON-011129,LOT-02830,L5,BNK-L5-1,NY6-F,11484
CON-011130,LOT-02830,L5,BNK-L5-2,NY6-H,3083
CON-011131,LOT-02830,L5,BNK-L5-3,MB-NA,296
CON-011132,LOT-02830,L5,BNK-L5-4,MB-NS,144
CON-011133,LOT-02831,L6,BNK-L6-1,NY6-F,11125
CON-011134,LOT-02831,L6,BNK-L6-2,NY6-H,2369
CON-011135,LOT-02831,L6,BNK-L6-3,MB-NA,205
CON-011136,LOT-02831,L6,BNK-L6-4,MB-NS,133
CON-011137,LOT-02832,L6,BNK-L6-1,NY6-F,11238
CON-011138,LOT-02832,L6,BNK-L6-2,NY6-H,2393
CON-011139,LOT-02832,L6,BNK-L6-3,MB-NA,207
CON-011140,LOT-02832,L6,BNK-L6-4,MB-NS,134
CON-011141,LOT-02833,L1,BNK-L1-1,PET-BR,26089
CON-011142,LOT-02833,L1,BNK-L1-2,PET-SD,819
CON-011143,LOT-02833,L1,BNK-L1-3,MB-AB,530
CON-011144,LOT-02833,L1,BNK-L1-4,MB-SL,267
CON-011145,LOT-02834,L1,BNK-L1-1,PET-BR,26233
CON-011146,LOT-02834,L1,BNK-L1-2,PET-SD,823
CON-011147,LOT-02834,L1,BNK-L1-3,MB-AB,533
CON-011148,LOT-02834,L1,BNK-L1-4,MB-SL,269
CON-011149,LOT-02835,L2,BNK-L2-1,PET-BR,20524
CON-011150,LOT-02835,L2,BNK-L2-2,PET-RC,5749
CON-011151,LOT-02835,L2,BNK-L2-3,MB-AB,387
CON-011152,LOT-02835,L2,BNK-L2-4,MB-WH,260
CON-011153,LOT-02836,L2,BNK-L2-1,PET-BR,20641
CON-011154,LOT-02836,L2,BNK-L2-2,PET-RC,5782
CON-011155,LOT-02836,L2,BNK-L2-3,MB-AB,389
CON-011156,LOT-02836,L2,BNK-L2-4,MB-WH,262
CON-011157,LOT-02837,L3,BNK-L3-1,PET-BR,23043
CON-011158,LOT-02837,L3,BNK-L3-2,PET-SD,2456
CON-011159,LOT-02837,L3,BNK-L3-3,MB-SL,522
CON-011160,LOT-02837,L3,BNK-L3-4,MB-UV,395
CON-011161,LOT-02838,L3,BNK-L3-1,PET-BR,23175
CON-011162,LOT-02838,L3,BNK-L3-2,PET-SD,2470
CON-011163,LOT-02838,L3,BNK-L3-3,MB-SL,525
CON-011164,LOT-02838,L3,BNK-L3-4,MB-UV,397
CON-011165,LOT-02839,L4,BNK-L4-1,PET-BR,19012
CON-011166,LOT-02839,L4,BNK-L4-2,PET-CO,5415
CON-011167,LOT-02839,L4,BNK-L4-3,MB-WH,497
CON-011168,LOT-02839,L4,BNK-L4-4,MB-UV,241
CON-011169,LOT-02840,L4,BNK-L4-1,PET-BR,19127
CON-011170,LOT-02840,L4,BNK-L4-2,PET-CO,5447
CON-011171,LOT-02840,L4,BNK-L4-3,MB-WH,500
CON-011172,LOT-02840,L4,BNK-L4-4,MB-UV,243
CON-011173,LOT-02841,L5,BNK-L5-1,NY6-F,11895
CON-011174,LOT-02841,L5,BNK-L5-2,NY6-H,2710
CON-011175,LOT-02841,L5,BNK-L5-3,MB-NA,222
CON-011176,LOT-02841,L5,BNK-L5-4,MB-NS,144
CON-011177,LOT-02842,L5,BNK-L5-1,NY6-F,12007
CON-011178,LOT-02842,L5,BNK-L5-2,NY6-H,2735
CON-011179,LOT-02842,L5,BNK-L5-3,MB-NA,224
CON-011180,LOT-02842,L5,BNK-L5-4,MB-NS,145
CON-011181,LOT-02843,L6,BNK-L6-1,NY6-F,10913
CON-011182,LOT-02843,L6,BNK-L6-2,NY6-H,2823
CON-011183,LOT-02843,L6,BNK-L6-3,MB-NA,201
CON-011184,LOT-02843,L6,BNK-L6-4,MB-NS,135
CON-011185,LOT-02844,L6,BNK-L6-1,NY6-F,10906
CON-011186,LOT-02844,L6,BNK-L6-2,NY6-H,2822
CON-011187,LOT-02844,L6,BNK-L6-3,MB-NA,200
CON-011188,LOT-02844,L6,BNK-L6-4,MB-NS,135
CON-011189,LOT-02845,L1,BNK-L1-1,PET-BR,26269
CON-011190,LOT-02845,L1,BNK-L1-2,PET-SD,1336
CON-011191,LOT-02845,L1,BNK-L1-3,MB-AB,404
CON-011192,LOT-02845,L1,BNK-L1-4,MB-SL,272
CON-011193,LOT-02846,L1,BNK-L1-1,PET-BR,26413
CON-011194,LOT-02846,L1,BNK-L1-2,PET-SD,1343
CON-011195,LOT-02846,L1,BNK-L1-3,MB-AB,406
CON-011196,LOT-02846,L1,BNK-L1-4,MB-SL,274
CON-011197,LOT-02847,L2,BNK-L2-1,PET-BR,22278
CON-011198,LOT-02847,L2,BNK-L2-2,PET-RC,3511
CON-011199,LOT-02847,L2,BNK-L2-3,MB-AB,525
CON-011200,LOT-02847,L2,BNK-L2-4,MB-WH,265
CON-011201,LOT-02848,L2,BNK-L2-1,PET-BR,22405
CON-011202,LOT-02848,L2,BNK-L2-2,PET-RC,3531
CON-011203,LOT-02848,L2,BNK-L2-3,MB-AB,528
CON-011204,LOT-02848,L2,BNK-L2-4,MB-WH,266
CON-011205,LOT-02849,L3,BNK-L3-1,PET-BR,10946
CON-011206,LOT-02849,L3,BNK-L3-2,PET-SD,15790
CON-011207,LOT-02850,L3,BNK-L3-1,PET-BR,11008
CON-011208,LOT-02850,L3,BNK-L3-2,PET-SD,15879
CON-011209,LOT-02851,L4,BNK-L4-1,PET-BR,20399
CON-011210,LOT-02851,L4,BNK-L4-2,PET-CO,4343
CON-011211,LOT-02851,L4,BNK-L4-3,MB-WH,376
CON-011212,LOT-02851,L4,BNK-L4-4,MB-UV,243
CON-011213,LOT-02852,L4,BNK-L4-1,PET-BR,20521
CON-011214,LOT-02852,L4,BNK-L4-2,PET-CO,4369
CON-011215,LOT-02852,L4,BNK-L4-3,MB-WH,378
CON-011216,LOT-02852,L4,BNK-L4-4,MB-UV,245
CON-011217,LOT-02853,L5,BNK-L5-1,NY6-F,11583
CON-011218,LOT-02853,L5,BNK-L5-2,NY6-H,3278
CON-011219,LOT-02853,L5,BNK-L5-3,MB-NA,217
CON-011220,LOT-02853,L5,BNK-L5-4,MB-NS,146
CON-011221,LOT-02854,L5,BNK-L5-1,NY6-F,11692
CON-011222,LOT-02854,L5,BNK-L5-2,NY6-H,3308
CON-011223,LOT-02854,L5,BNK-L5-3,MB-NA,219
CON-011224,LOT-02854,L5,BNK-L5-4,MB-NS,147
CON-011225,LOT-02855,L6,BNK-L6-1,NY6-F,11743
CON-011226,LOT-02855,L6,BNK-L6-2,NY6-H,1934
CON-011227,LOT-02855,L6,BNK-L6-3,MB-NA,269
CON-011228,LOT-02855,L6,BNK-L6-4,MB-NS,136
CON-011229,LOT-02856,L6,BNK-L6-1,NY6-F,11861
CON-011230,LOT-02856,L6,BNK-L6-2,NY6-H,1953
CON-011231,LOT-02856,L6,BNK-L6-3,MB-NA,272
CON-011232,LOT-02856,L6,BNK-L6-4,MB-NS,137
CON-011233,LOT-02857,L1,BNK-L1-1,PET-BR,24780
CON-011234,LOT-02857,L1,BNK-L1-2,PET-SD,778
CON-011235,LOT-02857,L1,BNK-L1-3,MB-AB,523
CON-011236,LOT-02857,L1,BNK-L1-4,MB-SL,396
CON-011237,LOT-02858,L1,BNK-L1-1,PET-BR,24921
CON-011238,LOT-02858,L1,BNK-L1-2,PET-SD,782
CON-011239,LOT-02858,L1,BNK-L1-3,MB-AB,526
CON-011240,LOT-02858,L1,BNK-L1-4,MB-SL,399
CON-011241,LOT-02859,L2,BNK-L2-1,PET-BR,20471
CON-011242,LOT-02859,L2,BNK-L2-2,PET-RC,4538
CON-011243,LOT-02859,L2,BNK-L2-3,MB-AB,381
CON-011244,LOT-02859,L2,BNK-L2-4,MB-WH,370
CON-011245,LOT-02860,L2,BNK-L2-1,PET-BR,20591
CON-011246,LOT-02860,L2,BNK-L2-2,PET-RC,4564
CON-011247,LOT-02860,L2,BNK-L2-3,MB-AB,384
CON-011248,LOT-02860,L2,BNK-L2-4,MB-WH,373
CON-011249,LOT-02861,L3,BNK-L3-1,PET-BR,21887
CON-011250,LOT-02861,L3,BNK-L3-2,PET-SD,3031
CON-011251,LOT-02861,L3,BNK-L3-3,MB-SL,510
CON-011252,LOT-02861,L3,BNK-L3-4,MB-UV,247
CON-011253,LOT-02862,L3,BNK-L3-1,PET-BR,22016
CON-011254,LOT-02862,L3,BNK-L3-2,PET-SD,3049
CON-011255,LOT-02862,L3,BNK-L3-3,MB-SL,513
CON-011256,LOT-02862,L3,BNK-L3-4,MB-UV,249
CON-011257,LOT-02863,L4,BNK-L4-1,PET-BR,19005
CON-011258,LOT-02863,L4,BNK-L4-2,PET-CO,4797
CON-011259,LOT-02863,L4,BNK-L4-3,MB-WH,465
CON-011260,LOT-02863,L4,BNK-L4-4,MB-UV,235
CON-011261,LOT-02864,L4,BNK-L4-1,PET-BR,19123
CON-011262,LOT-02864,L4,BNK-L4-2,PET-CO,4827
CON-011263,LOT-02864,L4,BNK-L4-3,MB-WH,468
CON-011264,LOT-02864,L4,BNK-L4-4,MB-UV,236
CON-011265,LOT-02865,L5,BNK-L5-1,NY6-F,12196
CON-011266,LOT-02865,L5,BNK-L5-2,NY6-H,2090
CON-011267,LOT-02865,L5,BNK-L5-3,MB-NA,281
CON-011268,LOT-02865,L5,BNK-L5-4,MB-NS,142
CON-011269,LOT-02866,L5,BNK-L5-1,NY6-F,12185
CON-011270,LOT-02866,L5,BNK-L5-2,NY6-H,2088
CON-011271,LOT-02866,L5,BNK-L5-3,MB-NA,281
CON-011272,LOT-02866,L5,BNK-L5-4,MB-NS,142
CON-011273,LOT-02867,L6,BNK-L6-1,NY6-F,10437
CON-011274,LOT-02867,L6,BNK-L6-2,NY6-H,2393
CON-011275,LOT-02867,L6,BNK-L6-3,MB-NA,196
CON-011276,LOT-02867,L6,BNK-L6-4,MB-NS,198
CON-011277,LOT-02868,L6,BNK-L6-1,NY6-F,10546
CON-011278,LOT-02868,L6,BNK-L6-2,NY6-H,2418
CON-011279,LOT-02868,L6,BNK-L6-3,MB-NA,198
CON-011280,LOT-02868,L6,BNK-L6-4,MB-NS,200
CON-011281,LOT-02869,L2,BNK-L2-1,PET-BR,21099
CON-011282,LOT-02869,L2,BNK-L2-2,PET-RC,4185
CON-011283,LOT-02869,L2,BNK-L2-3,MB-AB,384
CON-011284,LOT-02869,L2,BNK-L2-4,MB-WH,248
CON-011285,LOT-02870,L2,BNK-L2-1,PET-BR,21223
CON-011286,LOT-02870,L2,BNK-L2-2,PET-RC,4210
CON-011287,LOT-02870,L2,BNK-L2-3,MB-AB,386
CON-011288,LOT-02870,L2,BNK-L2-4,MB-WH,250
CON-011289,LOT-02871,L3,BNK-L3-1,PET-BR,22746
CON-011290,LOT-02871,L3,BNK-L3-2,PET-SD,2566
CON-011291,LOT-02871,L3,BNK-L3-3,MB-SL,498
CON-011292,LOT-02871,L3,BNK-L3-4,MB-UV,251
CON-011293,LOT-02872,L3,BNK-L3-1,PET-BR,22879
CON-011294,LOT-02872,L3,BNK-L3-2,PET-SD,2581
CON-011295,LOT-02872,L3,BNK-L3-3,MB-SL,501
CON-011296,LOT-02872,L3,BNK-L3-4,MB-UV,253
CON-011297,LOT-02873,L4,BNK-L4-1,PET-BR,20644
CON-011298,LOT-02873,L4,BNK-L4-2,PET-CO,3400
CON-011299,LOT-02873,L4,BNK-L4-3,MB-WH,473
CON-011300,LOT-02873,L4,BNK-L4-4,MB-UV,239
CON-011301,LOT-02874,L4,BNK-L4-1,PET-BR,20771
CON-011302,LOT-02874,L4,BNK-L4-2,PET-CO,3421
CON-011303,LOT-02874,L4,BNK-L4-3,MB-WH,476
CON-011304,LOT-02874,L4,BNK-L4-4,MB-UV,240
CON-011305,LOT-02875,L5,BNK-L5-1,NY6-F,11351
CON-011306,LOT-02875,L5,BNK-L5-2,NY6-H,2689
CON-011307,LOT-02875,L5,BNK-L5-3,MB-NA,214
CON-011308,LOT-02875,L5,BNK-L5-4,MB-NS,216
CON-011309,LOT-02876,L5,BNK-L5-1,NY6-F,11461
CON-011310,LOT-02876,L5,BNK-L5-2,NY6-H,2715
CON-011311,LOT-02876,L5,BNK-L5-3,MB-NA,216
CON-011312,LOT-02876,L5,BNK-L5-4,MB-NS,219
CON-011313,LOT-02877,L6,BNK-L6-1,NY6-F,10280
CON-011314,LOT-02877,L6,BNK-L6-2,NY6-H,2760
CON-011315,LOT-02877,L6,BNK-L6-3,MB-NA,265
CON-011316,LOT-02877,L6,BNK-L6-4,MB-NS,129
CON-011317,LOT-02878,L6,BNK-L6-1,NY6-F,10386
CON-011318,LOT-02878,L6,BNK-L6-2,NY6-H,2788
CON-011319,LOT-02878,L6,BNK-L6-3,MB-NA,268
CON-011320,LOT-02878,L6,BNK-L6-4,MB-NS,130
CON-011321,LOT-02879,L1,BNK-L1-1,PET-BR,25370
CON-011322,LOT-02879,L1,BNK-L1-2,PET-SD,1062
CON-011323,LOT-02879,L1,BNK-L1-3,MB-AB,402
CON-011324,LOT-02879,L1,BNK-L1-4,MB-SL,260
CON-011325,LOT-02880,L1,BNK-L1-1,PET-BR,25513
CON-011326,LOT-02880,L1,BNK-L1-2,PET-SD,1068
CON-011327,LOT-02880,L1,BNK-L1-3,MB-AB,404
CON-011328,LOT-02880,L1,BNK-L1-4,MB-SL,262
CON-011329,LOT-02881,L3,BNK-L3-1,PET-BR,21816
CON-011330,LOT-02881,L3,BNK-L3-2,PET-SD,3761
CON-011331,LOT-02881,L3,BNK-L3-3,MB-SL,506
CON-011332,LOT-02881,L3,BNK-L3-4,MB-UV,255
CON-011333,LOT-02882,L3,BNK-L3-1,PET-BR,21943
CON-011334,LOT-02882,L3,BNK-L3-2,PET-SD,3783
CON-011335,LOT-02882,L3,BNK-L3-3,MB-SL,509
CON-011336,LOT-02882,L3,BNK-L3-4,MB-UV,257
CON-011337,LOT-02883,L4,BNK-L4-1,PET-BR,19356
CON-011338,LOT-02883,L4,BNK-L4-2,PET-CO,4291
CON-011339,LOT-02883,L4,BNK-L4-3,MB-WH,361
CON-011340,LOT-02883,L4,BNK-L4-4,MB-UV,364
CON-011341,LOT-02884,L4,BNK-L4-1,PET-BR,19475
CON-011342,LOT-02884,L4,BNK-L4-2,PET-CO,4317
CON-011343,LOT-02884,L4,BNK-L4-3,MB-WH,363
CON-011344,LOT-02884,L4,BNK-L4-4,MB-UV,366
CON-011345,LOT-02885,L5,BNK-L5-1,NY6-F,11242
CON-011346,LOT-02885,L5,BNK-L5-2,NY6-H,3017
CON-011347,LOT-02885,L5,BNK-L5-3,MB-NA,290
CON-011348,LOT-02885,L5,BNK-L5-4,MB-NS,141
CON-011349,LOT-02886,L5,BNK-L5-1,NY6-F,11350
CON-011350,LOT-02886,L5,BNK-L5-2,NY6-H,3046
CON-011351,LOT-02886,L5,BNK-L5-3,MB-NA,293
CON-011352,LOT-02886,L5,BNK-L5-4,MB-NS,142
CON-011353,LOT-02887,L6,BNK-L6-1,NY6-F,10983
CON-011354,LOT-02887,L6,BNK-L6-2,NY6-H,2338
CON-011355,LOT-02887,L6,BNK-L6-3,MB-NA,202
CON-011356,LOT-02887,L6,BNK-L6-4,MB-NS,131
CON-011357,LOT-02888,L6,BNK-L6-1,NY6-F,10977
CON-011358,LOT-02888,L6,BNK-L6-2,NY6-H,2337
CON-011359,LOT-02888,L6,BNK-L6-3,MB-NA,202
CON-011360,LOT-02888,L6,BNK-L6-4,MB-NS,131
CON-011361,LOT-02889,L1,BNK-L1-1,PET-BR,25767
CON-011362,LOT-02889,L1,BNK-L1-2,PET-SD,809
CON-011363,LOT-02889,L1,BNK-L1-3,MB-AB,523
CON-011364,LOT-02889,L1,BNK-L1-4,MB-SL,264
CON-011365,LOT-02890,L1,BNK-L1-1,PET-BR,25912
CON-011366,LOT-02890,L1,BNK-L1-2,PET-SD,813
CON-011367,LOT-02890,L1,BNK-L1-3,MB-AB,526
CON-011368,LOT-02890,L1,BNK-L1-4,MB-SL,266
CON-011369,LOT-02891,L2,BNK-L2-1,PET-BR,20261
CON-011370,LOT-02891,L2,BNK-L2-2,PET-RC,5676
CON-011371,LOT-02891,L2,BNK-L2-3,MB-AB,382
CON-011372,LOT-02891,L2,BNK-L2-4,MB-WH,257
CON-011373,LOT-02892,L2,BNK-L2-1,PET-BR,20377
CON-011374,LOT-02892,L2,BNK-L2-2,PET-RC,5709
CON-011375,LOT-02892,L2,BNK-L2-3,MB-AB,384
CON-011376,LOT-02892,L2,BNK-L2-4,MB-WH,258
CON-011377,LOT-02893,L4,BNK-L4-1,PET-BR,18715
CON-011378,LOT-02893,L4,BNK-L4-2,PET-CO,5330
CON-011379,LOT-02893,L4,BNK-L4-3,MB-WH,489
CON-011380,LOT-02893,L4,BNK-L4-4,MB-UV,237
CON-011381,LOT-02894,L4,BNK-L4-1,PET-BR,18829
CON-011382,LOT-02894,L4,BNK-L4-2,PET-CO,5363
CON-011383,LOT-02894,L4,BNK-L4-3,MB-WH,492
CON-011384,LOT-02894,L4,BNK-L4-4,MB-UV,239
CON-011385,LOT-02895,L5,BNK-L5-1,NY6-F,11733
CON-011386,LOT-02895,L5,BNK-L5-2,NY6-H,2673
CON-011387,LOT-02895,L5,BNK-L5-3,MB-NA,219
CON-011388,LOT-02895,L5,BNK-L5-4,MB-NS,142
CON-011389,LOT-02896,L5,BNK-L5-1,NY6-F,11845
CON-011390,LOT-02896,L5,BNK-L5-2,NY6-H,2698
CON-011391,LOT-02896,L5,BNK-L5-3,MB-NA,221
CON-011392,LOT-02896,L5,BNK-L5-4,MB-NS,143
CON-011393,LOT-02897,L6,BNK-L6-1,NY6-F,10754
CON-011394,LOT-02897,L6,BNK-L6-2,NY6-H,2782
CON-011395,LOT-02897,L6,BNK-L6-3,MB-NA,198
CON-011396,LOT-02897,L6,BNK-L6-4,MB-NS,133
CON-011397,LOT-02898,L6,BNK-L6-1,NY6-F,10863
CON-011398,LOT-02898,L6,BNK-L6-2,NY6-H,2811
CON-011399,LOT-02898,L6,BNK-L6-3,MB-NA,200
CON-011400,LOT-02898,L6,BNK-L6-4,MB-NS,134
CON-011401,LOT-02899,L1,BNK-L1-1,PET-BR,25897
CON-011402,LOT-02899,L1,BNK-L1-2,PET-SD,1317
CON-011403,LOT-02899,L1,BNK-L1-3,MB-AB,399
CON-011404,LOT-02899,L1,BNK-L1-4,MB-SL,268
CON-011405,LOT-02900,L1,BNK-L1-1,PET-BR,26041
CON-011406,LOT-02900,L1,BNK-L1-2,PET-SD,1324
CON-011407,LOT-02900,L1,BNK-L1-3,MB-AB,401
CON-011408,LOT-02900,L1,BNK-L1-4,MB-SL,270
CON-011409,LOT-02901,L2,BNK-L2-1,PET-BR,21951
CON-011410,LOT-02901,L2,BNK-L2-2,PET-RC,3460
CON-011411,LOT-02901,L2,BNK-L2-3,MB-AB,517
CON-011412,LOT-02901,L2,BNK-L2-4,MB-WH,261
CON-011413,LOT-02902,L2,BNK-L2-1,PET-BR,22077
CON-011414,LOT-02902,L2,BNK-L2-2,PET-RC,3480
CON-011415,LOT-02902,L2,BNK-L2-3,MB-AB,520
CON-011416,LOT-02902,L2,BNK-L2-4,MB-WH,263
CON-011417,LOT-02903,L3,BNK-L3-1,PET-BR,10785
CON-011418,LOT-02903,L3,BNK-L3-2,PET-SD,15558
CON-011419,LOT-02904,L3,BNK-L3-1,PET-BR,10847
CON-011420,LOT-02904,L3,BNK-L3-2,PET-SD,15647
CON-011421,LOT-02905,L5,BNK-L5-1,NY6-F,11404
CON-011422,LOT-02905,L5,BNK-L5-2,NY6-H,3227
CON-011423,LOT-02905,L5,BNK-L5-3,MB-NA,214
CON-011424,LOT-02905,L5,BNK-L5-4,MB-NS,144
CON-011425,LOT-02906,L5,BNK-L5-1,NY6-F,11512
CON-011426,LOT-02906,L5,BNK-L5-2,NY6-H,3258
CON-011427,LOT-02906,L5,BNK-L5-3,MB-NA,216
CON-011428,LOT-02906,L5,BNK-L5-4,MB-NS,145
CON-011429,LOT-02907,L6,BNK-L6-1,NY6-F,11673
CON-011430,LOT-02907,L6,BNK-L6-2,NY6-H,1923
CON-011431,LOT-02907,L6,BNK-L6-3,MB-NA,268
CON-011432,LOT-02907,L6,BNK-L6-4,MB-NS,135
CON-011433,LOT-02908,L6,BNK-L6-1,NY6-F,11792
CON-011434,LOT-02908,L6,BNK-L6-2,NY6-H,1942
CON-011435,LOT-02908,L6,BNK-L6-3,MB-NA,271
CON-011436,LOT-02908,L6,BNK-L6-4,MB-NS,137
CON-011437,LOT-02909,L1,BNK-L1-1,PET-BR,25555
CON-011438,LOT-02909,L1,BNK-L1-2,PET-SD,802
CON-011439,LOT-02909,L1,BNK-L1-3,MB-AB,545
CON-011440,LOT-02909,L1,BNK-L1-4,MB-SL,413
CON-011441,LOT-02910,L1,BNK-L1-1,PET-BR,25697
CON-011442,LOT-02910,L1,BNK-L1-2,PET-SD,807
CON-011443,LOT-02910,L1,BNK-L1-3,MB-AB,543
CON-011444,LOT-02910,L1,BNK-L1-4,MB-SL,411
CON-011445,LOT-02911,L2,BNK-L2-1,PET-BR,21140
CON-011446,LOT-02911,L2,BNK-L2-2,PET-RC,4686
CON-011447,LOT-02911,L2,BNK-L2-3,MB-AB,394
CON-011448,LOT-02911,L2,BNK-L2-4,MB-WH,383
CON-011449,LOT-02912,L2,BNK-L2-1,PET-BR,21261
CON-011450,LOT-02912,L2,BNK-L2-2,PET-RC,4713
CON-011451,LOT-02912,L2,BNK-L2-3,MB-AB,396
CON-011452,LOT-02912,L2,BNK-L2-4,MB-WH,385
CON-011453,LOT-02913,L3,BNK-L3-1,PET-BR,22603
CON-011454,LOT-02913,L3,BNK-L3-2,PET-SD,3130
CON-011455,LOT-02913,L3,BNK-L3-3,MB-SL,526
CON-011456,LOT-02913,L3,BNK-L3-4,MB-UV,256
CON-011457,LOT-02914,L3,BNK-L3-1,PET-BR,22732
CON-011458,LOT-02914,L3,BNK-L3-2,PET-SD,3148
CON-011459,LOT-02914,L3,BNK-L3-3,MB-SL,529
CON-011460,LOT-02914,L3,BNK-L3-4,MB-UV,257
CON-011461,LOT-02915,L4,BNK-L4-1,PET-BR,19671
CON-011462,LOT-02915,L4,BNK-L4-2,PET-CO,4966
CON-011463,LOT-02915,L4,BNK-L4-3,MB-WH,482
CON-011464,LOT-02915,L4,BNK-L4-4,MB-UV,243
CON-011465,LOT-02916,L4,BNK-L4-1,PET-BR,19790
CON-011466,LOT-02916,L4,BNK-L4-2,PET-CO,4995
CON-011467,LOT-02916,L4,BNK-L4-3,MB-WH,485
CON-011468,LOT-02916,L4,BNK-L4-4,MB-UV,245
CON-011469,LOT-02917,L6,BNK-L6-1,NY6-F,10871
CON-011470,LOT-02917,L6,BNK-L6-2,NY6-H,2492
CON-011471,LOT-02917,L6,BNK-L6-3,MB-NA,204
CON-011472,LOT-02917,L6,BNK-L6-4,MB-NS,206
CON-011473,LOT-02918,L6,BNK-L6-1,NY6-F,10980
CON-011474,LOT-02918,L6,BNK-L6-2,NY6-H,2517
CON-011475,LOT-02918,L6,BNK-L6-3,MB-NA,206
CON-011476,LOT-02918,L6,BNK-L6-4,MB-NS,208
CON-011477,LOT-02919,L1,BNK-L1-1,PET-BR,25965
CON-011478,LOT-02919,L1,BNK-L1-2,PET-SD,1373
CON-011479,LOT-02919,L1,BNK-L1-3,MB-AB,415
CON-011480,LOT-02919,L1,BNK-L1-4,MB-SL,269
CON-011481,LOT-02920,L1,BNK-L1-1,PET-BR,25828
CON-011482,LOT-02920,L1,BNK-L1-2,PET-SD,1366
CON-011483,LOT-02920,L1,BNK-L1-3,MB-AB,418
CON-011484,LOT-02920,L1,BNK-L1-4,MB-SL,270
CON-011485,LOT-02921,L2,BNK-L2-1,PET-BR,21784
CON-011486,LOT-02921,L2,BNK-L2-2,PET-RC,4321
CON-011487,LOT-02921,L2,BNK-L2-3,MB-AB,396
CON-011488,LOT-02921,L2,BNK-L2-4,MB-WH,257
CON-011489,LOT-02922,L2,BNK-L2-1,PET-BR,21908
CON-011490,LOT-02922,L2,BNK-L2-2,PET-RC,4346
CON-011491,LOT-02922,L2,BNK-L2-3,MB-AB,399
CON-011492,LOT-02922,L2,BNK-L2-4,MB-WH,258
CON-011493,LOT-02923,L3,BNK-L3-1,PET-BR,23485
CON-011494,LOT-02923,L3,BNK-L3-2,PET-SD,2649
CON-011495,LOT-02923,L3,BNK-L3-3,MB-SL,514
CON-011496,LOT-02923,L3,BNK-L3-4,MB-UV,260
CON-011497,LOT-02924,L3,BNK-L3-1,PET-BR,23618
CON-011498,LOT-02924,L3,BNK-L3-2,PET-SD,2665
CON-011499,LOT-02924,L3,BNK-L3-3,MB-SL,517
CON-011500,LOT-02924,L3,BNK-L3-4,MB-UV,261
CON-011501,LOT-02925,L4,BNK-L4-1,PET-BR,21363
CON-011502,LOT-02925,L4,BNK-L4-2,PET-CO,3518
CON-011503,LOT-02925,L4,BNK-L4-3,MB-WH,490
CON-011504,LOT-02925,L4,BNK-L4-4,MB-UV,247
CON-011505,LOT-02926,L4,BNK-L4-1,PET-BR,21490
CON-011506,LOT-02926,L4,BNK-L4-2,PET-CO,3540
CON-011507,LOT-02926,L4,BNK-L4-3,MB-WH,493
CON-011508,LOT-02926,L4,BNK-L4-4,MB-UV,249
CON-011509,LOT-02927,L5,BNK-L5-1,NY6-F,11686
CON-011510,LOT-02927,L5,BNK-L5-2,NY6-H,2768
CON-011511,LOT-02927,L5,BNK-L5-3,MB-NA,221
CON-011512,LOT-02927,L5,BNK-L5-4,MB-NS,223
CON-011513,LOT-02928,L5,BNK-L5-1,NY6-F,11796
CON-011514,LOT-02928,L5,BNK-L5-2,NY6-H,2794
CON-011515,LOT-02928,L5,BNK-L5-3,MB-NA,223
CON-011516,LOT-02928,L5,BNK-L5-4,MB-NS,225
CON-011517,LOT-02929,L1,BNK-L1-1,PET-BR,25173
CON-011518,LOT-02929,L1,BNK-L1-2,PET-SD,1054
CON-011519,LOT-02929,L1,BNK-L1-3,MB-AB,399
CON-011520,LOT-02929,L1,BNK-L1-4,MB-SL,258
CON-011521,LOT-02930,L1,BNK-L1-1,PET-BR,25317
CON-011522,LOT-02930,L1,BNK-L1-2,PET-SD,1060
CON-011523,LOT-02930,L1,BNK-L1-3,MB-AB,401
CON-011524,LOT-02930,L1,BNK-L1-4,MB-SL,260
CON-011525,LOT-02931,L2,BNK-L2-1,PET-BR,20070
CON-011526,LOT-02931,L2,BNK-L2-2,PET-RC,5193
CON-011527,LOT-02931,L2,BNK-L2-3,MB-AB,373
CON-011528,LOT-02931,L2,BNK-L2-4,MB-WH,251
CON-011529,LOT-02932,L2,BNK-L2-1,PET-BR,20188
CON-011530,LOT-02932,L2,BNK-L2-2,PET-RC,5223
CON-011531,LOT-02932,L2,BNK-L2-3,MB-AB,371
CON-011532,LOT-02932,L2,BNK-L2-4,MB-WH,250
CON-011533,LOT-02933,L3,BNK-L3-1,PET-BR,21447
CON-011534,LOT-02933,L3,BNK-L3-2,PET-SD,3697
CON-011535,LOT-02933,L3,BNK-L3-3,MB-SL,497
CON-011536,LOT-02933,L3,BNK-L3-4,MB-UV,251
CON-011537,LOT-02934,L3,BNK-L3-1,PET-BR,21573
CON-011538,LOT-02934,L3,BNK-L3-2,PET-SD,3719
CON-011539,LOT-02934,L3,BNK-L3-3,MB-SL,500
CON-011540,LOT-02934,L3,BNK-L3-4,MB-UV,253
CON-011541,LOT-02935,L4,BNK-L4-1,PET-BR,19009
CON-011542,LOT-02935,L4,BNK-L4-2,PET-CO,4214
CON-011543,LOT-02935,L4,BNK-L4-3,MB-WH,354
CON-011544,LOT-02935,L4,BNK-L4-4,MB-UV,358
CON-011545,LOT-02936,L4,BNK-L4-1,PET-BR,19127
CON-011546,LOT-02936,L4,BNK-L4-2,PET-CO,4240
CON-011547,LOT-02936,L4,BNK-L4-3,MB-WH,356
CON-011548,LOT-02936,L4,BNK-L4-4,MB-UV,360
CON-011549,LOT-02937,L5,BNK-L5-1,NY6-F,11064
CON-011550,LOT-02937,L5,BNK-L5-2,NY6-H,2970
CON-011551,LOT-02937,L5,BNK-L5-3,MB-NA,286
CON-011552,LOT-02937,L5,BNK-L5-4,MB-NS,139
CON-011553,LOT-02938,L5,BNK-L5-1,NY6-F,11171
CON-011554,LOT-02938,L5,BNK-L5-2,NY6-H,2999
CON-011555,LOT-02938,L5,BNK-L5-3,MB-NA,288
CON-011556,LOT-02938,L5,BNK-L5-4,MB-NS,140
CON-011557,LOT-02939,L6,BNK-L6-1,NY6-F,10798
CON-011558,LOT-02939,L6,BNK-L6-2,NY6-H,2299
CON-011559,LOT-02939,L6,BNK-L6-3,MB-NA,199
CON-011560,LOT-02939,L6,BNK-L6-4,MB-NS,129
CON-011561,LOT-02940,L6,BNK-L6-1,NY6-F,10911
CON-011562,LOT-02940,L6,BNK-L6-2,NY6-H,2323
CON-011563,LOT-02940,L6,BNK-L6-3,MB-NA,201
CON-011564,LOT-02940,L6,BNK-L6-4,MB-NS,130
CON-011565,LOT-02941,L1,BNK-L1-1,PET-BR,25619
CON-011566,LOT-02941,L1,BNK-L1-2,PET-SD,804
CON-011567,LOT-02941,L1,BNK-L1-3,MB-AB,520
CON-011568,LOT-02941,L1,BNK-L1-4,MB-SL,263
CON-011569,LOT-02942,L1,BNK-L1-1,PET-BR,25490
CON-011570,LOT-02942,L1,BNK-L1-2,PET-SD,800
CON-011571,LOT-02942,L1,BNK-L1-3,MB-AB,523
CON-011572,LOT-02942,L1,BNK-L1-4,MB-SL,264
CON-011573,LOT-02943,L2,BNK-L2-1,PET-BR,19919
CON-011574,LOT-02943,L2,BNK-L2-2,PET-RC,5580
CON-011575,LOT-02943,L2,BNK-L2-3,MB-AB,375
CON-011576,LOT-02943,L2,BNK-L2-4,MB-WH,253
CON-011577,LOT-02944,L2,BNK-L2-1,PET-BR,20035
CON-011578,LOT-02944,L2,BNK-L2-2,PET-RC,5612
CON-011579,LOT-02944,L2,BNK-L2-3,MB-AB,377
CON-011580,LOT-02944,L2,BNK-L2-4,MB-WH,254
CON-011581,LOT-02945,L3,BNK-L3-1,PET-BR,22362
CON-011582,LOT-02945,L3,BNK-L3-2,PET-SD,2384
CON-011583,LOT-02945,L3,BNK-L3-3,MB-SL,506
CON-011584,LOT-02945,L3,BNK-L3-4,MB-UV,383
CON-011585,LOT-02946,L3,BNK-L3-1,PET-BR,22494
CON-011586,LOT-02946,L3,BNK-L3-2,PET-SD,2398
CON-011587,LOT-02946,L3,BNK-L3-3,MB-SL,509
CON-011588,LOT-02946,L3,BNK-L3-4,MB-UV,386
CON-011589,LOT-02947,L4,BNK-L4-1,PET-BR,18418
CON-011590,LOT-02947,L4,BNK-L4-2,PET-CO,5246
CON-011591,LOT-02947,L4,BNK-L4-3,MB-WH,481
CON-011592,LOT-02947,L4,BNK-L4-4,MB-UV,234
CON-011593,LOT-02948,L4,BNK-L4-1,PET-BR,18532
CON-011594,LOT-02948,L4,BNK-L4-2,PET-CO,5278
CON-011595,LOT-02948,L4,BNK-L4-3,MB-WH,484
CON-011596,LOT-02948,L4,BNK-L4-4,MB-UV,235
CON-011597,LOT-02949,L5,BNK-L5-1,NY6-F,11570
CON-011598,LOT-02949,L5,BNK-L5-2,NY6-H,2636
CON-011599,LOT-02949,L5,BNK-L5-3,MB-NA,216
CON-011600,LOT-02949,L5,BNK-L5-4,MB-NS,140
CON-011601,LOT-02950,L5,BNK-L5-1,NY6-F,11682
CON-011602,LOT-02950,L5,BNK-L5-2,NY6-H,2661
CON-011603,LOT-02950,L5,BNK-L5-3,MB-NA,218
CON-011604,LOT-02950,L5,BNK-L5-4,MB-NS,141
CON-011605,LOT-02951,L6,BNK-L6-1,NY6-F,10594
CON-011606,LOT-02951,L6,BNK-L6-2,NY6-H,2741
CON-011607,LOT-02951,L6,BNK-L6-3,MB-NA,195
CON-011608,LOT-02951,L6,BNK-L6-4,MB-NS,131
CON-011609,LOT-02952,L6,BNK-L6-1,NY6-F,10704
CON-011610,LOT-02952,L6,BNK-L6-2,NY6-H,2769
CON-011611,LOT-02952,L6,BNK-L6-3,MB-NA,197
CON-011612,LOT-02952,L6,BNK-L6-4,MB-NS,133
CON-011613,LOT-02953,L1,BNK-L1-1,PET-BR,25526
CON-011614,LOT-02953,L1,BNK-L1-2,PET-SD,1298
CON-011615,LOT-02953,L1,BNK-L1-3,MB-AB,397
CON-011616,LOT-02953,L1,BNK-L1-4,MB-SL,267
CON-011617,LOT-02954,L1,BNK-L1-1,PET-BR,25669
CON-011618,LOT-02954,L1,BNK-L1-2,PET-SD,1305
CON-011619,LOT-02954,L1,BNK-L1-3,MB-AB,395
CON-011620,LOT-02954,L1,BNK-L1-4,MB-SL,266
CON-011621,LOT-02955,L2,BNK-L2-1,PET-BR,21624
CON-011622,LOT-02955,L2,BNK-L2-2,PET-RC,3408
CON-011623,LOT-02955,L2,BNK-L2-3,MB-AB,509
CON-011624,LOT-02955,L2,BNK-L2-4,MB-WH,257
CON-011625,LOT-02956,L2,BNK-L2-1,PET-BR,21750
CON-011626,LOT-02956,L2,BNK-L2-2,PET-RC,3428
CON-011627,LOT-02956,L2,BNK-L2-3,MB-AB,512
CON-011628,LOT-02956,L2,BNK-L2-4,MB-WH,259
CON-011629,LOT-02957,L3,BNK-L3-1,PET-BR,10625
CON-011630,LOT-02957,L3,BNK-L3-2,PET-SD,15327
CON-011631,LOT-02958,L3,BNK-L3-1,PET-BR,10686
CON-011632,LOT-02958,L3,BNK-L3-2,PET-SD,15416
CON-011633,LOT-02959,L4,BNK-L4-1,PET-BR,19766
CON-011634,LOT-02959,L4,BNK-L4-2,PET-CO,4208
CON-011635,LOT-02959,L4,BNK-L4-3,MB-WH,364
CON-011636,LOT-02959,L4,BNK-L4-4,MB-UV,236
CON-011637,LOT-02960,L4,BNK-L4-1,PET-BR,19887
CON-011638,LOT-02960,L4,BNK-L4-2,PET-CO,4234
CON-011639,LOT-02960,L4,BNK-L4-3,MB-WH,366
CON-011640,LOT-02960,L4,BNK-L4-4,MB-UV,237
CON-011641,LOT-02961,L5,BNK-L5-1,NY6-F,11269
CON-011642,LOT-02961,L5,BNK-L5-2,NY6-H,3189
CON-011643,LOT-02961,L5,BNK-L5-3,MB-NA,211
CON-011644,LOT-02961,L5,BNK-L5-4,MB-NS,142
CON-011645,LOT-02962,L5,BNK-L5-1,NY6-F,11377
CON-011646,LOT-02962,L5,BNK-L5-2,NY6-H,3219
CON-011647,LOT-02962,L5,BNK-L5-3,MB-NA,213
CON-011648,LOT-02962,L5,BNK-L5-4,MB-NS,144
CON-011649,LOT-02963,L6,BNK-L6-1,NY6-F,11524
CON-011650,LOT-02963,L6,BNK-L6-2,NY6-H,1898
CON-011651,LOT-02963,L6,BNK-L6-3,MB-NA,264
CON-011652,LOT-02963,L6,BNK-L6-4,MB-NS,133
CON-011653,LOT-02964,L6,BNK-L6-1,NY6-F,11642
CON-011654,LOT-02964,L6,BNK-L6-2,NY6-H,1918
CON-011655,LOT-02964,L6,BNK-L6-3,MB-NA,267
CON-011656,LOT-02964,L6,BNK-L6-4,MB-NS,135
CON-011657,LOT-02965,L1,BNK-L1-1,PET-BR,25241
CON-011658,LOT-02965,L1,BNK-L1-2,PET-SD,792
CON-011659,LOT-02965,L1,BNK-L1-3,MB-AB,533
CON-011660,LOT-02965,L1,BNK-L1-4,MB-SL,404
CON-011661,LOT-02966,L1,BNK-L1-1,PET-BR,25382
CON-011662,LOT-02966,L1,BNK-L1-2,PET-SD,797
CON-011663,LOT-02966,L1,BNK-L1-3,MB-AB,536
CON-011664,LOT-02966,L1,BNK-L1-4,MB-SL,406
CON-011665,LOT-02967,L2,BNK-L2-1,PET-BR,20869
CON-011666,LOT-02967,L2,BNK-L2-2,PET-RC,4626
CON-011667,LOT-02967,L2,BNK-L2-3,MB-AB,389
CON-011668,LOT-02967,L2,BNK-L2-4,MB-WH,378
CON-011669,LOT-02968,L2,BNK-L2-1,PET-BR,20990
CON-011670,LOT-02968,L2,BNK-L2-2,PET-RC,4653
CON-011671,LOT-02968,L2,BNK-L2-3,MB-AB,391
CON-011672,LOT-02968,L2,BNK-L2-4,MB-WH,380
CON-011673,LOT-02969,L3,BNK-L3-1,PET-BR,22313
CON-011674,LOT-02969,L3,BNK-L3-2,PET-SD,3090
CON-011675,LOT-02969,L3,BNK-L3-3,MB-SL,520
CON-011676,LOT-02969,L3,BNK-L3-4,MB-UV,252
CON-011677,LOT-02970,L3,BNK-L3-1,PET-BR,22442
CON-011678,LOT-02970,L3,BNK-L3-2,PET-SD,3108
CON-011679,LOT-02970,L3,BNK-L3-3,MB-SL,522
CON-011680,LOT-02970,L3,BNK-L3-4,MB-UV,254
CON-011681,LOT-02971,L4,BNK-L4-1,PET-BR,19402
CON-011682,LOT-02971,L4,BNK-L4-2,PET-CO,4897
CON-011683,LOT-02971,L4,BNK-L4-3,MB-WH,475
CON-011684,LOT-02971,L4,BNK-L4-4,MB-UV,240
CON-011685,LOT-02972,L4,BNK-L4-1,PET-BR,19520
CON-011686,LOT-02972,L4,BNK-L4-2,PET-CO,4927
CON-011687,LOT-02972,L4,BNK-L4-3,MB-WH,478
CON-011688,LOT-02972,L4,BNK-L4-4,MB-UV,241
CON-011689,LOT-02973,L5,BNK-L5-1,NY6-F,12412
CON-011690,LOT-02973,L5,BNK-L5-2,NY6-H,2127
CON-011691,LOT-02973,L5,BNK-L5-3,MB-NA,286
CON-011692,LOT-02973,L5,BNK-L5-4,MB-NS,145
CON-011693,LOT-02974,L5,BNK-L5-1,NY6-F,12530
CON-011694,LOT-02974,L5,BNK-L5-2,NY6-H,2148
CON-011695,LOT-02974,L5,BNK-L5-3,MB-NA,289
CON-011696,LOT-02974,L5,BNK-L5-4,MB-NS,146
CON-011697,LOT-02975,L6,BNK-L6-1,NY6-F,10754
CON-011698,LOT-02975,L6,BNK-L6-2,NY6-H,2465
CON-011699,LOT-02975,L6,BNK-L6-3,MB-NA,202
CON-011700,LOT-02975,L6,BNK-L6-4,MB-NS,204
CON-011701,LOT-02976,L6,BNK-L6-1,NY6-F,10746
CON-011702,LOT-02976,L6,BNK-L6-2,NY6-H,2464
CON-011703,LOT-02976,L6,BNK-L6-3,MB-NA,202
CON-011704,LOT-02976,L6,BNK-L6-4,MB-NS,204
CON-011705,LOT-02977,L1,BNK-L1-1,PET-BR,25422
CON-011706,LOT-02977,L1,BNK-L1-2,PET-SD,1344
CON-011707,LOT-02977,L1,BNK-L1-3,MB-AB,407
CON-011708,LOT-02977,L1,BNK-L1-4,MB-SL,263
CON-011709,LOT-02978,L1,BNK-L1-1,PET-BR,25564
CON-011710,LOT-02978,L1,BNK-L1-2,PET-SD,1352
CON-011711,LOT-02978,L1,BNK-L1-3,MB-AB,409
CON-011712,LOT-02978,L1,BNK-L1-4,MB-SL,265
CON-011713,LOT-02979,L2,BNK-L2-1,PET-BR,21549
CON-011714,LOT-02979,L2,BNK-L2-2,PET-RC,4274
CON-011715,LOT-02979,L2,BNK-L2-3,MB-AB,392
CON-011716,LOT-02979,L2,BNK-L2-4,MB-WH,254
CON-011717,LOT-02980,L2,BNK-L2-1,PET-BR,21673
CON-011718,LOT-02980,L2,BNK-L2-2,PET-RC,4299
CON-011719,LOT-02980,L2,BNK-L2-3,MB-AB,394
CON-011720,LOT-02980,L2,BNK-L2-4,MB-WH,255
CON-011721,LOT-02981,L3,BNK-L3-1,PET-BR,23230
CON-011722,LOT-02981,L3,BNK-L3-2,PET-SD,2621
CON-011723,LOT-02981,L3,BNK-L3-3,MB-SL,509
CON-011724,LOT-02981,L3,BNK-L3-4,MB-UV,257
CON-011725,LOT-02982,L3,BNK-L3-1,PET-BR,23363
CON-011726,LOT-02982,L3,BNK-L3-2,PET-SD,2636
CON-011727,LOT-02982,L3,BNK-L3-3,MB-SL,511
CON-011728,LOT-02982,L3,BNK-L3-4,MB-UV,258
CON-011729,LOT-02983,L4,BNK-L4-1,PET-BR,21113
CON-011730,LOT-02983,L4,BNK-L4-2,PET-CO,3478
CON-011731,LOT-02983,L4,BNK-L4-3,MB-WH,484
CON-011732,LOT-02983,L4,BNK-L4-4,MB-UV,244
CON-011733,LOT-02984,L4,BNK-L4-1,PET-BR,21240
CON-011734,LOT-02984,L4,BNK-L4-2,PET-CO,3499
CON-011735,LOT-02984,L4,BNK-L4-3,MB-WH,487
CON-011736,LOT-02984,L4,BNK-L4-4,MB-UV,246
CON-011737,LOT-02985,L5,BNK-L5-1,NY6-F,11573
CON-011738,LOT-02985,L5,BNK-L5-2,NY6-H,2741
CON-011739,LOT-02985,L5,BNK-L5-3,MB-NA,219
CON-011740,LOT-02985,L5,BNK-L5-4,MB-NS,221
CON-011741,LOT-02986,L5,BNK-L5-1,NY6-F,11683
CON-011742,LOT-02986,L5,BNK-L5-2,NY6-H,2767
CON-011743,LOT-02986,L5,BNK-L5-3,MB-NA,221
CON-011744,LOT-02986,L5,BNK-L5-4,MB-NS,223
CON-011745,LOT-02987,L6,BNK-L6-1,NY6-F,10496
CON-011746,LOT-02987,L6,BNK-L6-2,NY6-H,2818
CON-011747,LOT-02987,L6,BNK-L6-3,MB-NA,271
CON-011748,LOT-02987,L6,BNK-L6-4,MB-NS,132
CON-011749,LOT-02988,L6,BNK-L6-1,NY6-F,10603
CON-011750,LOT-02988,L6,BNK-L6-2,NY6-H,2846
CON-011751,LOT-02988,L6,BNK-L6-3,MB-NA,274
CON-011752,LOT-02988,L6,BNK-L6-4,MB-NS,133
CON-011753,LOT-02989,L1,BNK-L1-1,PET-BR,25885
CON-011754,LOT-02989,L1,BNK-L1-2,PET-SD,1084
CON-011755,LOT-02989,L1,BNK-L1-3,MB-AB,410
CON-011756,LOT-02989,L1,BNK-L1-4,MB-SL,265
CON-011757,LOT-02990,L1,BNK-L1-1,PET-BR,26029
CON-011758,LOT-02990,L1,BNK-L1-2,PET-SD,1090
CON-011759,LOT-02990,L1,BNK-L1-3,MB-AB,412
CON-011760,LOT-02990,L1,BNK-L1-4,MB-SL,267
CON-011761,LOT-02991,L2,BNK-L2-1,PET-BR,20888
CON-011762,LOT-02991,L2,BNK-L2-2,PET-RC,5405
CON-011763,LOT-02991,L2,BNK-L2-3,MB-AB,384
CON-011764,LOT-02991,L2,BNK-L2-4,MB-WH,258
CON-011765,LOT-02992,L2,BNK-L2-1,PET-BR,21008
CON-011766,LOT-02992,L2,BNK-L2-2,PET-RC,5435
CON-011767,LOT-02992,L2,BNK-L2-3,MB-AB,386
CON-011768,LOT-02992,L2,BNK-L2-4,MB-WH,260
CON-011769,LOT-02993,L3,BNK-L3-1,PET-BR,22320
CON-011770,LOT-02993,L3,BNK-L3-2,PET-SD,3848
CON-011771,LOT-02993,L3,BNK-L3-3,MB-SL,518
CON-011772,LOT-02993,L3,BNK-L3-4,MB-UV,261
CON-011773,LOT-02994,L3,BNK-L3-1,PET-BR,22448
CON-011774,LOT-02994,L3,BNK-L3-2,PET-SD,3870
CON-011775,LOT-02994,L3,BNK-L3-3,MB-SL,521
CON-011776,LOT-02994,L3,BNK-L3-4,MB-UV,263
CON-011777,LOT-02995,L4,BNK-L4-1,PET-BR,19831
CON-011778,LOT-02995,L4,BNK-L4-2,PET-CO,4396
CON-011779,LOT-02995,L4,BNK-L4-3,MB-WH,370
CON-011780,LOT-02995,L4,BNK-L4-4,MB-UV,373
CON-011781,LOT-02996,L4,BNK-L4-1,PET-BR,19950
CON-011782,LOT-02996,L4,BNK-L4-2,PET-CO,4422
CON-011783,LOT-02996,L4,BNK-L4-3,MB-WH,372
CON-011784,LOT-02996,L4,BNK-L4-4,MB-UV,375
CON-011785,LOT-02997,L5,BNK-L5-1,NY6-F,11482
CON-011786,LOT-02997,L5,BNK-L5-2,NY6-H,3082
CON-011787,LOT-02997,L5,BNK-L5-3,MB-NA,296
CON-011788,LOT-02997,L5,BNK-L5-4,MB-NS,144
CON-011789,LOT-02998,L5,BNK-L5-1,NY6-F,11466
CON-011790,LOT-02998,L5,BNK-L5-2,NY6-H,3078
CON-011791,LOT-02998,L5,BNK-L5-3,MB-NA,296
CON-011792,LOT-02998,L5,BNK-L5-4,MB-NS,144
CON-011793,LOT-02999,L6,BNK-L6-1,NY6-F,11114
CON-011794,LOT-02999,L6,BNK-L6-2,NY6-H,2366
CON-011795,LOT-02999,L6,BNK-L6-3,MB-NA,205
CON-011796,LOT-02999,L6,BNK-L6-4,MB-NS,133
CON-011797,LOT-03000,L6,BNK-L6-1,NY6-F,11227
CON-011798,LOT-03000,L6,BNK-L6-2,NY6-H,2390
CON-011799,LOT-03000,L6,BNK-L6-3,MB-NA,207
CON-011800,LOT-03000,L6,BNK-L6-4,MB-NS,134
CON-011801,LOT-03001,L1,BNK-L1-1,PET-BR,26339
CON-011802,LOT-03001,L1,BNK-L1-2,PET-SD,827
CON-011803,LOT-03001,L1,BNK-L1-3,MB-AB,535
CON-011804,LOT-03001,L1,BNK-L1-4,MB-SL,270
CON-011805,LOT-03002,L1,BNK-L1-1,PET-BR,26484
CON-011806,LOT-03002,L1,BNK-L1-2,PET-SD,831
CON-011807,LOT-03002,L1,BNK-L1-3,MB-AB,538
CON-011808,LOT-03002,L1,BNK-L1-4,MB-SL,272
CON-011809,LOT-03003,L2,BNK-L2-1,PET-BR,20726
CON-011810,LOT-03003,L2,BNK-L2-2,PET-RC,5806
CON-011811,LOT-03003,L2,BNK-L2-3,MB-AB,391
CON-011812,LOT-03003,L2,BNK-L2-4,MB-WH,263
CON-011813,LOT-03004,L2,BNK-L2-1,PET-BR,20843
CON-011814,LOT-03004,L2,BNK-L2-2,PET-RC,5839
CON-011815,LOT-03004,L2,BNK-L2-3,MB-AB,393
CON-011816,LOT-03004,L2,BNK-L2-4,MB-WH,264
CON-011817,LOT-03005,L3,BNK-L3-1,PET-BR,23271
CON-011818,LOT-03005,L3,BNK-L3-2,PET-SD,2481
CON-011819,LOT-03005,L3,BNK-L3-3,MB-SL,527
CON-011820,LOT-03005,L3,BNK-L3-4,MB-UV,399
CON-011821,LOT-03006,L3,BNK-L3-1,PET-BR,23404
CON-011822,LOT-03006,L3,BNK-L3-2,PET-SD,2495
CON-011823,LOT-03006,L3,BNK-L3-3,MB-SL,530
CON-011824,LOT-03006,L3,BNK-L3-4,MB-UV,401
CON-011825,LOT-03007,L4,BNK-L4-1,PET-BR,19208
CON-011826,LOT-03007,L4,BNK-L4-2,PET-CO,5470
CON-011827,LOT-03007,L4,BNK-L4-3,MB-WH,502
CON-011828,LOT-03007,L4,BNK-L4-4,MB-UV,244
CON-011829,LOT-03008,L4,BNK-L4-1,PET-BR,19116
CON-011830,LOT-03008,L4,BNK-L4-2,PET-CO,5445
CON-011831,LOT-03008,L4,BNK-L4-3,MB-WH,505
CON-011832,LOT-03008,L4,BNK-L4-4,MB-UV,245
CON-011833,LOT-03009,L5,BNK-L5-1,NY6-F,11877
CON-011834,LOT-03009,L5,BNK-L5-2,NY6-H,2706
CON-011835,LOT-03009,L5,BNK-L5-3,MB-NA,222
CON-011836,LOT-03009,L5,BNK-L5-4,MB-NS,143
CON-011837,LOT-03010,L5,BNK-L5-1,NY6-F,11989
CON-011838,LOT-03010,L5,BNK-L5-2,NY6-H,2731
CON-011839,LOT-03010,L5,BNK-L5-3,MB-NA,224
CON-011840,LOT-03010,L5,BNK-L5-4,MB-NS,145
CON-011841,LOT-03011,L6,BNK-L6-1,NY6-F,10903
CON-011842,LOT-03011,L6,BNK-L6-2,NY6-H,2821
CON-011843,LOT-03011,L6,BNK-L6-3,MB-NA,200
CON-011844,LOT-03011,L6,BNK-L6-4,MB-NS,135
CON-011845,LOT-03012,L6,BNK-L6-1,NY6-F,11012
CON-011846,LOT-03012,L6,BNK-L6-2,NY6-H,2849
CON-011847,LOT-03012,L6,BNK-L6-3,MB-NA,202
CON-011848,LOT-03012,L6,BNK-L6-4,MB-NS,136
CON-011849,LOT-03013,L1,BNK-L1-1,PET-BR,25302
CON-011850,LOT-03013,L1,BNK-L1-2,PET-SD,1286
CON-011851,LOT-03013,L1,BNK-L1-3,MB-AB,389
CON-011852,LOT-03013,L1,BNK-L1-4,MB-SL,262
CON-011853,LOT-03014,L1,BNK-L1-1,PET-BR,25445
CON-011854,LOT-03014,L1,BNK-L1-2,PET-SD,1294
CON-011855,LOT-03014,L1,BNK-L1-3,MB-AB,392
CON-011856,LOT-03014,L1,BNK-L1-4,MB-SL,264
CON-011857,LOT-03015,L2,BNK-L2-1,PET-BR,21425
CON-011858,LOT-03015,L2,BNK-L2-2,PET-RC,3377
CON-011859,LOT-03015,L2,BNK-L2-3,MB-AB,505
CON-011860,LOT-03015,L2,BNK-L2-4,MB-WH,255
CON-011861,LOT-03016,L2,BNK-L2-1,PET-BR,21551
CON-011862,LOT-03016,L2,BNK-L2-2,PET-RC,3397
CON-011863,LOT-03016,L2,BNK-L2-3,MB-AB,508
CON-011864,LOT-03016,L2,BNK-L2-4,MB-WH,256
CON-011865,LOT-03017,L3,BNK-L3-1,PET-BR,10526
CON-011866,LOT-03017,L3,BNK-L3-2,PET-SD,15184
CON-011867,LOT-03018,L3,BNK-L3-1,PET-BR,10588
CON-011868,LOT-03018,L3,BNK-L3-2,PET-SD,15273
CON-011869,LOT-03019,L4,BNK-L4-1,PET-BR,19355
CON-011870,LOT-03019,L4,BNK-L4-2,PET-CO,4121
CON-011871,LOT-03019,L4,BNK-L4-3,MB-WH,360
CON-011872,LOT-03019,L4,BNK-L4-4,MB-UV,233
CON-011873,LOT-03020,L4,BNK-L4-1,PET-BR,19476
CON-011874,LOT-03020,L4,BNK-L4-2,PET-CO,4147
CON-011875,LOT-03020,L4,BNK-L4-3,MB-WH,359
CON-011876,LOT-03020,L4,BNK-L4-4,MB-UV,232
CON-011877,LOT-03021,L5,BNK-L5-1,NY6-F,11058
CON-011878,LOT-03021,L5,BNK-L5-2,NY6-H,3129
CON-011879,LOT-03021,L5,BNK-L5-3,MB-NA,207
CON-011880,LOT-03021,L5,BNK-L5-4,MB-NS,139
CON-011881,LOT-03022,L5,BNK-L5-1,NY6-F,11166
CON-011882,LOT-03022,L5,BNK-L5-2,NY6-H,3160
CON-011883,LOT-03022,L5,BNK-L5-3,MB-NA,209
CON-011884,LOT-03022,L5,BNK-L5-4,MB-NS,141
CON-011885,LOT-03023,L6,BNK-L6-1,NY6-F,11298
CON-011886,LOT-03023,L6,BNK-L6-2,NY6-H,1861
CON-011887,LOT-03023,L6,BNK-L6-3,MB-NA,259
CON-011888,LOT-03023,L6,BNK-L6-4,MB-NS,131
CON-011889,LOT-03024,L6,BNK-L6-1,NY6-F,11415
CON-011890,LOT-03024,L6,BNK-L6-2,NY6-H,1880
CON-011891,LOT-03024,L6,BNK-L6-3,MB-NA,262
CON-011892,LOT-03024,L6,BNK-L6-4,MB-NS,132
CON-011893,LOT-03025,L1,BNK-L1-1,PET-BR,25025
CON-011894,LOT-03025,L1,BNK-L1-2,PET-SD,786
CON-011895,LOT-03025,L1,BNK-L1-3,MB-AB,528
CON-011896,LOT-03025,L1,BNK-L1-4,MB-SL,400
CON-011897,LOT-03026,L1,BNK-L1-1,PET-BR,25166
CON-011898,LOT-03026,L1,BNK-L1-2,PET-SD,790
CON-011899,LOT-03026,L1,BNK-L1-3,MB-AB,531
CON-011900,LOT-03026,L1,BNK-L1-4,MB-SL,402
CON-011901,LOT-03027,L2,BNK-L2-1,PET-BR,20678
CON-011902,LOT-03027,L2,BNK-L2-2,PET-RC,4583
CON-011903,LOT-03027,L2,BNK-L2-3,MB-AB,385
CON-011904,LOT-03027,L2,BNK-L2-4,MB-WH,374
CON-011905,LOT-03028,L2,BNK-L2-1,PET-BR,20799
CON-011906,LOT-03028,L2,BNK-L2-2,PET-RC,4610
CON-011907,LOT-03028,L2,BNK-L2-3,MB-AB,388
CON-011908,LOT-03028,L2,BNK-L2-4,MB-WH,376
CON-011909,LOT-03029,L3,BNK-L3-1,PET-BR,22108
CON-011910,LOT-03029,L3,BNK-L3-2,PET-SD,3062
CON-011911,LOT-03029,L3,BNK-L3-3,MB-SL,515
CON-011912,LOT-03029,L3,BNK-L3-4,MB-UV,250
CON-011913,LOT-03030,L3,BNK-L3-1,PET-BR,21999
CON-011914,LOT-03030,L3,BNK-L3-2,PET-SD,3047
CON-011915,LOT-03030,L3,BNK-L3-3,MB-SL,518
CON-011916,LOT-03030,L3,BNK-L3-4,MB-UV,251
CON-011917,LOT-03031,L4,BNK-L4-1,PET-BR,19002
CON-011918,LOT-03031,L4,BNK-L4-2,PET-CO,4797
CON-011919,LOT-03031,L4,BNK-L4-3,MB-WH,465
CON-011920,LOT-03031,L4,BNK-L4-4,MB-UV,235
CON-011921,LOT-03032,L4,BNK-L4-1,PET-BR,19119
CON-011922,LOT-03032,L4,BNK-L4-2,PET-CO,4826
CON-011923,LOT-03032,L4,BNK-L4-3,MB-WH,468
CON-011924,LOT-03032,L4,BNK-L4-4,MB-UV,236
CON-011925,LOT-03033,L5,BNK-L5-1,NY6-F,12182
CON-011926,LOT-03033,L5,BNK-L5-2,NY6-H,2088
CON-011927,LOT-03033,L5,BNK-L5-3,MB-NA,281
CON-011928,LOT-03033,L5,BNK-L5-4,MB-NS,142
CON-011929,LOT-03034,L5,BNK-L5-1,NY6-F,12299
CON-011930,LOT-03034,L5,BNK-L5-2,NY6-H,2108
CON-011931,LOT-03034,L5,BNK-L5-3,MB-NA,284
CON-011932,LOT-03034,L5,BNK-L5-4,MB-NS,143
CON-011933,LOT-03035,L6,BNK-L6-1,NY6-F,10542
CON-011934,LOT-03035,L6,BNK-L6-2,NY6-H,2417
CON-011935,LOT-03035,L6,BNK-L6-3,MB-NA,198
CON-011936,LOT-03035,L6,BNK-L6-4,MB-NS,200
CON-011937,LOT-03036,L6,BNK-L6-1,NY6-F,10652
CON-011938,LOT-03036,L6,BNK-L6-2,NY6-H,2442
CON-011939,LOT-03036,L6,BNK-L6-3,MB-NA,200
CON-011940,LOT-03036,L6,BNK-L6-4,MB-NS,202
CON-011941,LOT-03037,L1,BNK-L1-1,PET-BR,25205
CON-011942,LOT-03037,L1,BNK-L1-2,PET-SD,1333
CON-011943,LOT-03037,L1,BNK-L1-3,MB-AB,403
CON-011944,LOT-03037,L1,BNK-L1-4,MB-SL,261
CON-011945,LOT-03038,L1,BNK-L1-1,PET-BR,25347
CON-011946,LOT-03038,L1,BNK-L1-2,PET-SD,1340
CON-011947,LOT-03038,L1,BNK-L1-3,MB-AB,406
CON-011948,LOT-03038,L1,BNK-L1-4,MB-SL,263
CON-011949,LOT-03039,L2,BNK-L2-1,PET-BR,21353
CON-011950,LOT-03039,L2,BNK-L2-2,PET-RC,4235
CON-011951,LOT-03039,L2,BNK-L2-3,MB-AB,388
CON-011952,LOT-03039,L2,BNK-L2-4,MB-WH,251
CON-011953,LOT-03040,L2,BNK-L2-1,PET-BR,21478
CON-011954,LOT-03040,L2,BNK-L2-2,PET-RC,4260
CON-011955,LOT-03040,L2,BNK-L2-3,MB-AB,391
CON-011956,LOT-03040,L2,BNK-L2-4,MB-WH,253
CON-011957,LOT-03041,L3,BNK-L3-1,PET-BR,22774
CON-011958,LOT-03041,L3,BNK-L3-2,PET-SD,2569
CON-011959,LOT-03041,L3,BNK-L3-3,MB-SL,504
CON-011960,LOT-03041,L3,BNK-L3-4,MB-UV,254
CON-011961,LOT-03042,L3,BNK-L3-1,PET-BR,22906
CON-011962,LOT-03042,L3,BNK-L3-2,PET-SD,2584
CON-011963,LOT-03042,L3,BNK-L3-3,MB-SL,501
CON-011964,LOT-03042,L3,BNK-L3-4,MB-UV,253
CON-011965,LOT-03043,L4,BNK-L4-1,PET-BR,20681
CON-011966,LOT-03043,L4,BNK-L4-2,PET-CO,3406
CON-011967,LOT-03043,L4,BNK-L4-3,MB-WH,474
CON-011968,LOT-03043,L4,BNK-L4-4,MB-UV,239
CON-011969,LOT-03044,L4,BNK-L4-1,PET-BR,20807
CON-011970,LOT-03044,L4,BNK-L4-2,PET-CO,3427
CON-011971,LOT-03044,L4,BNK-L4-3,MB-WH,477
CON-011972,LOT-03044,L4,BNK-L4-4,MB-UV,241
CON-011973,LOT-03045,L5,BNK-L5-1,NY6-F,11357
CON-011974,LOT-03045,L5,BNK-L5-2,NY6-H,2690
CON-011975,LOT-03045,L5,BNK-L5-3,MB-NA,214
CON-011976,LOT-03045,L5,BNK-L5-4,MB-NS,217
CON-011977,LOT-03046,L5,BNK-L5-1,NY6-F,11467
CON-011978,LOT-03046,L5,BNK-L5-2,NY6-H,2716
CON-011979,LOT-03046,L5,BNK-L5-3,MB-NA,217
CON-011980,LOT-03046,L5,BNK-L5-4,MB-NS,219
CON-011981,LOT-03047,L6,BNK-L6-1,NY6-F,10403
CON-011982,LOT-03047,L6,BNK-L6-2,NY6-H,2792
CON-011983,LOT-03047,L6,BNK-L6-3,MB-NA,269
CON-011984,LOT-03047,L6,BNK-L6-4,MB-NS,130
CON-011985,LOT-03048,L6,BNK-L6-1,NY6-F,10510
CON-011986,LOT-03048,L6,BNK-L6-2,NY6-H,2821
CON-011987,LOT-03048,L6,BNK-L6-3,MB-NA,271
CON-011988,LOT-03048,L6,BNK-L6-4,MB-NS,132
CON-011989,LOT-03049,L1,BNK-L1-1,PET-BR,25667
CON-011990,LOT-03049,L1,BNK-L1-2,PET-SD,1074
CON-011991,LOT-03049,L1,BNK-L1-3,MB-AB,406
CON-011992,LOT-03049,L1,BNK-L1-4,MB-SL,263
CON-011993,LOT-03050,L1,BNK-L1-1,PET-BR,25811
CON-011994,LOT-03050,L1,BNK-L1-2,PET-SD,1080
CON-011995,LOT-03050,L1,BNK-L1-3,MB-AB,409
CON-011996,LOT-03050,L1,BNK-L1-4,MB-SL,265
CON-011997,LOT-03051,L2,BNK-L2-1,PET-BR,20700
CON-011998,LOT-03051,L2,BNK-L2-2,PET-RC,5356
CON-011999,LOT-03051,L2,BNK-L2-3,MB-AB,380
CON-012000,LOT-03051,L2,BNK-L2-4,MB-WH,256
CON-012001,LOT-03052,L2,BNK-L2-1,PET-BR,20598
CON-012002,LOT-03052,L2,BNK-L2-2,PET-RC,5330
CON-012003,LOT-03052,L2,BNK-L2-3,MB-AB,382
CON-012004,LOT-03052,L2,BNK-L2-4,MB-WH,257
CON-012005,LOT-03053,L3,BNK-L3-1,PET-BR,21886
CON-012006,LOT-03053,L3,BNK-L3-2,PET-SD,3773
CON-012007,LOT-03053,L3,BNK-L3-3,MB-SL,508
CON-012008,LOT-03053,L3,BNK-L3-4,MB-UV,256
CON-012009,LOT-03054,L3,BNK-L3-1,PET-BR,22012
CON-012010,LOT-03054,L3,BNK-L3-2,PET-SD,3794
CON-012011,LOT-03054,L3,BNK-L3-3,MB-SL,510
CON-012012,LOT-03054,L3,BNK-L3-4,MB-UV,258
CON-012013,LOT-03055,L4,BNK-L4-1,PET-BR,19424
CON-012014,LOT-03055,L4,BNK-L4-2,PET-CO,4306
CON-012015,LOT-03055,L4,BNK-L4-3,MB-WH,362
CON-012016,LOT-03055,L4,BNK-L4-4,MB-UV,366
CON-012017,LOT-03056,L4,BNK-L4-1,PET-BR,19543
CON-012018,LOT-03056,L4,BNK-L4-2,PET-CO,4332
CON-012019,LOT-03056,L4,BNK-L4-3,MB-WH,364
CON-012020,LOT-03056,L4,BNK-L4-4,MB-UV,368
CON-012021,LOT-03057,L5,BNK-L5-1,NY6-F,11270
CON-012022,LOT-03057,L5,BNK-L5-2,NY6-H,3025
CON-012023,LOT-03057,L5,BNK-L5-3,MB-NA,291
CON-012024,LOT-03057,L5,BNK-L5-4,MB-NS,141
CON-012025,LOT-03058,L5,BNK-L5-1,NY6-F,11378
CON-012026,LOT-03058,L5,BNK-L5-2,NY6-H,3054
CON-012027,LOT-03058,L5,BNK-L5-3,MB-NA,294
CON-012028,LOT-03058,L5,BNK-L5-4,MB-NS,143
CON-012029,LOT-03059,L6,BNK-L6-1,NY6-F,11017
CON-012030,LOT-03059,L6,BNK-L6-2,NY6-H,2346
CON-012031,LOT-03059,L6,BNK-L6-3,MB-NA,203
CON-012032,LOT-03059,L6,BNK-L6-4,MB-NS,131
CON-012033,LOT-03060,L6,BNK-L6-1,NY6-F,11129
CON-012034,LOT-03060,L6,BNK-L6-2,NY6-H,2369
CON-012035,LOT-03060,L6,BNK-L6-3,MB-NA,205
CON-012036,LOT-03060,L6,BNK-L6-4,MB-NS,133
CON-012037,LOT-03061,L1,BNK-L1-1,PET-BR,26118
CON-012038,LOT-03061,L1,BNK-L1-2,PET-SD,820
CON-012039,LOT-03061,L1,BNK-L1-3,MB-AB,530
CON-012040,LOT-03061,L1,BNK-L1-4,MB-SL,268
CON-012041,LOT-03062,L1,BNK-L1-1,PET-BR,26263
CON-012042,LOT-03062,L1,BNK-L1-2,PET-SD,824
CON-012043,LOT-03062,L1,BNK-L1-3,MB-AB,533
CON-012044,LOT-03062,L1,BNK-L1-4,MB-SL,269
CON-012045,LOT-03063,L2,BNK-L2-1,PET-BR,20324
CON-012046,LOT-03063,L2,BNK-L2-2,PET-RC,5693
CON-012047,LOT-03063,L2,BNK-L2-3,MB-AB,387
CON-012048,LOT-03063,L2,BNK-L2-4,MB-WH,261
CON-012049,LOT-03064,L2,BNK-L2-1,PET-BR,20440
CON-012050,LOT-03064,L2,BNK-L2-2,PET-RC,5726
CON-012051,LOT-03064,L2,BNK-L2-3,MB-AB,385
CON-012052,LOT-03064,L2,BNK-L2-4,MB-WH,259
CON-012053,LOT-03065,L3,BNK-L3-1,PET-BR,22816
CON-012054,LOT-03065,L3,BNK-L3-2,PET-SD,2432
CON-012055,LOT-03065,L3,BNK-L3-3,MB-SL,517
CON-012056,LOT-03065,L3,BNK-L3-4,MB-UV,391
CON-012057,LOT-03066,L3,BNK-L3-1,PET-BR,22948
CON-012058,LOT-03066,L3,BNK-L3-2,PET-SD,2446
CON-012059,LOT-03066,L3,BNK-L3-3,MB-SL,520
CON-012060,LOT-03066,L3,BNK-L3-4,MB-UV,393
CON-012061,LOT-03067,L4,BNK-L4-1,PET-BR,18817
CON-012062,LOT-03067,L4,BNK-L4-2,PET-CO,5360
CON-012063,LOT-03067,L4,BNK-L4-3,MB-WH,491
CON-012064,LOT-03067,L4,BNK-L4-4,MB-UV,239
CON-012065,LOT-03068,L4,BNK-L4-1,PET-BR,18931
CON-012066,LOT-03068,L4,BNK-L4-2,PET-CO,5392
CON-012067,LOT-03068,L4,BNK-L4-3,MB-WH,494
CON-012068,LOT-03068,L4,BNK-L4-4,MB-UV,240
CON-012069,LOT-03069,L5,BNK-L5-1,NY6-F,11785
CON-012070,LOT-03069,L5,BNK-L5-2,NY6-H,2685
CON-012071,LOT-03069,L5,BNK-L5-3,MB-NA,220
CON-012072,LOT-03069,L5,BNK-L5-4,MB-NS,142
CON-012073,LOT-03070,L5,BNK-L5-1,NY6-F,11897
CON-012074,LOT-03070,L5,BNK-L5-2,NY6-H,2710
CON-012075,LOT-03070,L5,BNK-L5-3,MB-NA,222
CON-012076,LOT-03070,L5,BNK-L5-4,MB-NS,144
CON-012077,LOT-03071,L6,BNK-L6-1,NY6-F,10807
CON-012078,LOT-03071,L6,BNK-L6-2,NY6-H,2796
CON-012079,LOT-03071,L6,BNK-L6-3,MB-NA,199
CON-012080,LOT-03071,L6,BNK-L6-4,MB-NS,134
CON-012081,LOT-03072,L6,BNK-L6-1,NY6-F,10917
CON-012082,LOT-03072,L6,BNK-L6-2,NY6-H,2824
CON-012083,LOT-03072,L6,BNK-L6-3,MB-NA,201
CON-012084,LOT-03072,L6,BNK-L6-4,MB-NS,135
CON-012085,LOT-03073,L2,BNK-L2-1,PET-BR,22257
CON-012086,LOT-03073,L2,BNK-L2-2,PET-RC,3508
CON-012087,LOT-03073,L2,BNK-L2-3,MB-AB,524
CON-012088,LOT-03073,L2,BNK-L2-4,MB-WH,265
CON-012089,LOT-03074,L2,BNK-L2-1,PET-BR,22142
CON-012090,LOT-03074,L2,BNK-L2-2,PET-RC,3490
CON-012091,LOT-03074,L2,BNK-L2-3,MB-AB,527
CON-012092,LOT-03074,L2,BNK-L2-4,MB-WH,266
CON-012093,LOT-03075,L3,BNK-L3-1,PET-BR,10817
CON-012094,LOT-03075,L3,BNK-L3-2,PET-SD,15605
CON-012095,LOT-03076,L3,BNK-L3-1,PET-BR,10879
CON-012096,LOT-03076,L3,BNK-L3-2,PET-SD,15695
CON-012097,LOT-03077,L4,BNK-L4-1,PET-BR,20152
CON-012098,LOT-03077,L4,BNK-L4-2,PET-CO,4291
CON-012099,LOT-03077,L4,BNK-L4-3,MB-WH,371
CON-012100,LOT-03077,L4,BNK-L4-4,MB-UV,240
CON-012101,LOT-03078,L4,BNK-L4-1,PET-BR,20273
CON-012102,LOT-03078,L4,BNK-L4-2,PET-CO,4316
CON-012103,LOT-03078,L4,BNK-L4-3,MB-WH,373
CON-012104,LOT-03078,L4,BNK-L4-4,MB-UV,242
CON-012105,LOT-03079,L5,BNK-L5-1,NY6-F,11454
CON-012106,LOT-03079,L5,BNK-L5-2,NY6-H,3241
CON-012107,LOT-03079,L5,BNK-L5-3,MB-NA,215
CON-012108,LOT-03079,L5,BNK-L5-4,MB-NS,144
CON-012109,LOT-03080,L5,BNK-L5-1,NY6-F,11562
CON-012110,LOT-03080,L5,BNK-L5-2,NY6-H,3272
CON-012111,LOT-03080,L5,BNK-L5-3,MB-NA,217
CON-012112,LOT-03080,L5,BNK-L5-4,MB-NS,146
CON-012113,LOT-03081,L6,BNK-L6-1,NY6-F,11731
CON-012114,LOT-03081,L6,BNK-L6-2,NY6-H,1932
CON-012115,LOT-03081,L6,BNK-L6-3,MB-NA,269
CON-012116,LOT-03081,L6,BNK-L6-4,MB-NS,136
CON-012117,LOT-03082,L6,BNK-L6-1,NY6-F,11849
CON-012118,LOT-03082,L6,BNK-L6-2,NY6-H,1952
CON-012119,LOT-03082,L6,BNK-L6-3,MB-NA,272
CON-012120,LOT-03082,L6,BNK-L6-4,MB-NS,137
CON-012121,LOT-03083,L1,BNK-L1-1,PET-BR,25955
CON-012122,LOT-03083,L1,BNK-L1-2,PET-SD,815
CON-012123,LOT-03083,L1,BNK-L1-3,MB-AB,548
CON-012124,LOT-03083,L1,BNK-L1-4,MB-SL,415
CON-012125,LOT-03084,L1,BNK-L1-1,PET-BR,26098
CON-012126,LOT-03084,L1,BNK-L1-2,PET-SD,819
CON-012127,LOT-03084,L1,BNK-L1-3,MB-AB,551
CON-012128,LOT-03084,L1,BNK-L1-4,MB-SL,417
CON-012129,LOT-03085,L3,BNK-L3-1,PET-BR,22669
CON-012130,LOT-03085,L3,BNK-L3-2,PET-SD,3140
CON-012131,LOT-03085,L3,BNK-L3-3,MB-SL,533
CON-012132,LOT-03085,L3,BNK-L3-4,MB-UV,259
CON-012133,LOT-03086,L3,BNK-L3-1,PET-BR,22798
CON-012134,LOT-03086,L3,BNK-L3-2,PET-SD,3157
CON-012135,LOT-03086,L3,BNK-L3-3,MB-SL,531
CON-012136,LOT-03086,L3,BNK-L3-4,MB-UV,258
CON-012137,LOT-03087,L4,BNK-L4-1,PET-BR,19739
CON-012138,LOT-03087,L4,BNK-L4-2,PET-CO,4983
CON-012139,LOT-03087,L4,BNK-L4-3,MB-WH,483
CON-012140,LOT-03087,L4,BNK-L4-4,MB-UV,244
CON-012141,LOT-03088,L4,BNK-L4-1,PET-BR,19857
CON-012142,LOT-03088,L4,BNK-L4-2,PET-CO,5013
CON-012143,LOT-03088,L4,BNK-L4-3,MB-WH,486
CON-012144,LOT-03088,L4,BNK-L4-4,MB-UV,246
CON-012145,LOT-03089,L5,BNK-L5-1,NY6-F,12590
CON-012146,LOT-03089,L5,BNK-L5-2,NY6-H,2158
CON-012147,LOT-03089,L5,BNK-L5-3,MB-NA,291
CON-012148,LOT-03089,L5,BNK-L5-4,MB-NS,147
CON-012149,LOT-03090,L5,BNK-L5-1,NY6-F,12709
CON-012150,LOT-03090,L5,BNK-L5-2,NY6-H,2178
CON-012151,LOT-03090,L5,BNK-L5-3,MB-NA,293
CON-012152,LOT-03090,L5,BNK-L5-4,MB-NS,148
CON-012153,LOT-03091,L6,BNK-L6-1,NY6-F,10923
CON-012154,LOT-03091,L6,BNK-L6-2,NY6-H,2504
CON-012155,LOT-03091,L6,BNK-L6-3,MB-NA,205
CON-012156,LOT-03091,L6,BNK-L6-4,MB-NS,207
CON-012157,LOT-03092,L6,BNK-L6-1,NY6-F,11033
CON-012158,LOT-03092,L6,BNK-L6-2,NY6-H,2529
CON-012159,LOT-03092,L6,BNK-L6-3,MB-NA,207
CON-012160,LOT-03092,L6,BNK-L6-4,MB-NS,209
CON-012161,LOT-03093,L1,BNK-L1-1,PET-BR,24888
CON-012162,LOT-03093,L1,BNK-L1-2,PET-SD,1316
CON-012163,LOT-03093,L1,BNK-L1-3,MB-AB,398
CON-012164,LOT-03093,L1,BNK-L1-4,MB-SL,258
CON-012165,LOT-03094,L1,BNK-L1-1,PET-BR,25030
CON-012166,LOT-03094,L1,BNK-L1-2,PET-SD,1323
CON-012167,LOT-03094,L1,BNK-L1-3,MB-AB,400
CON-012168,LOT-03094,L1,BNK-L1-4,MB-SL,259
CON-012169,LOT-03095,L2,BNK-L2-1,PET-BR,21073
CON-012170,LOT-03095,L2,BNK-L2-2,PET-RC,4180
CON-012171,LOT-03095,L2,BNK-L2-3,MB-AB,383
CON-012172,LOT-03095,L2,BNK-L2-4,MB-WH,248
CON-012173,LOT-03096,L2,BNK-L2-1,PET-BR,20970
CON-012174,LOT-03096,L2,BNK-L2-2,PET-RC,4160
CON-012175,LOT-03096,L2,BNK-L2-3,MB-AB,386
CON-012176,LOT-03096,L2,BNK-L2-4,MB-WH,250
CON-012177,LOT-03097,L4,BNK-L4-1,PET-BR,20351
CON-012178,LOT-03097,L4,BNK-L4-2,PET-CO,3351
CON-012179,LOT-03097,L4,BNK-L4-3,MB-WH,466
CON-012180,LOT-03097,L4,BNK-L4-4,MB-UV,235
CON-012181,LOT-03098,L4,BNK-L4-1,PET-BR,20477
CON-012182,LOT-03098,L4,BNK-L4-2,PET-CO,3372
CON-012183,LOT-03098,L4,BNK-L4-3,MB-WH,469
CON-012184,LOT-03098,L4,BNK-L4-4,MB-UV,237
CON-012185,LOT-03099,L5,BNK-L5-1,NY6-F,11199
CON-012186,LOT-03099,L5,BNK-L5-2,NY6-H,2653
CON-012187,LOT-03099,L5,BNK-L5-3,MB-NA,212
CON-012188,LOT-03099,L5,BNK-L5-4,MB-NS,214
CON-012189,LOT-03100,L5,BNK-L5-1,NY6-F,11308
CON-012190,LOT-03100,L5,BNK-L5-2,NY6-H,2679
CON-012191,LOT-03100,L5,BNK-L5-3,MB-NA,214
CON-012192,LOT-03100,L5,BNK-L5-4,MB-NS,216
CON-012193,LOT-03101,L6,BNK-L6-1,NY6-F,10248
CON-012194,LOT-03101,L6,BNK-L6-2,NY6-H,2751
CON-012195,LOT-03101,L6,BNK-L6-3,MB-NA,265
CON-012196,LOT-03101,L6,BNK-L6-4,MB-NS,128
CON-012197,LOT-03102,L6,BNK-L6-1,NY6-F,10355
CON-012198,LOT-03102,L6,BNK-L6-2,NY6-H,2779
CON-012199,LOT-03102,L6,BNK-L6-3,MB-NA,267
CON-012200,LOT-03102,L6,BNK-L6-4,MB-NS,130
CON-012201,LOT-03103,L1,BNK-L1-1,PET-BR,25297
CON-012202,LOT-03103,L1,BNK-L1-2,PET-SD,1059
CON-012203,LOT-03103,L1,BNK-L1-3,MB-AB,401
CON-012204,LOT-03103,L1,BNK-L1-4,MB-SL,259
CON-012205,LOT-03104,L1,BNK-L1-1,PET-BR,25440
CON-012206,LOT-03104,L1,BNK-L1-2,PET-SD,1065
CON-012207,LOT-03104,L1,BNK-L1-3,MB-AB,403
CON-012208,LOT-03104,L1,BNK-L1-4,MB-SL,261
CON-012209,LOT-03105,L2,BNK-L2-1,PET-BR,20390
CON-012210,LOT-03105,L2,BNK-L2-2,PET-RC,5276
CON-012211,LOT-03105,L2,BNK-L2-3,MB-AB,375
CON-012212,LOT-03105,L2,BNK-L2-4,MB-WH,252
CON-012213,LOT-03106,L2,BNK-L2-1,PET-BR,20510
CON-012214,LOT-03106,L2,BNK-L2-2,PET-RC,5306
CON-012215,LOT-03106,L2,BNK-L2-3,MB-AB,377
CON-012216,LOT-03106,L2,BNK-L2-4,MB-WH,254
CON-012217,LOT-03107,L3,BNK-L3-1,PET-BR,21558
CON-012218,LOT-03107,L3,BNK-L3-2,PET-SD,3716
CON-012219,LOT-03107,L3,BNK-L3-3,MB-SL,505
CON-012220,LOT-03107,L3,BNK-L3-4,MB-UV,255
CON-012221,LOT-03108,L3,BNK-L3-1,PET-BR,21684
CON-012222,LOT-03108,L3,BNK-L3-2,PET-SD,3738
CON-012223,LOT-03108,L3,BNK-L3-3,MB-SL,503
CON-012224,LOT-03108,L3,BNK-L3-4,MB-UV,254
CON-012225,LOT-03109,L5,BNK-L5-1,NY6-F,11092
CON-012226,LOT-03109,L5,BNK-L5-2,NY6-H,2978
CON-012227,LOT-03109,L5,BNK-L5-3,MB-NA,286
CON-012228,LOT-03109,L5,BNK-L5-4,MB-NS,139
CON-012229,LOT-03110,L5,BNK-L5-1,NY6-F,11200
CON-012230,LOT-03110,L5,BNK-L5-2,NY6-H,3006
CON-012231,LOT-03110,L5,BNK-L5-3,MB-NA,289
CON-012232,LOT-03110,L5,BNK-L5-4,MB-NS,140
CON-012233,LOT-03111,L6,BNK-L6-1,NY6-F,10832
CON-012234,LOT-03111,L6,BNK-L6-2,NY6-H,2306
CON-012235,LOT-03111,L6,BNK-L6-3,MB-NA,200
CON-012236,LOT-03111,L6,BNK-L6-4,MB-NS,129
CON-012237,LOT-03112,L6,BNK-L6-1,NY6-F,10944
CON-012238,LOT-03112,L6,BNK-L6-2,NY6-H,2330
CON-012239,LOT-03112,L6,BNK-L6-3,MB-NA,202
CON-012240,LOT-03112,L6,BNK-L6-4,MB-NS,131
CON-012241,LOT-03113,L1,BNK-L1-1,PET-BR,25694
CON-012242,LOT-03113,L1,BNK-L1-2,PET-SD,807
CON-012243,LOT-03113,L1,BNK-L1-3,MB-AB,522
CON-012244,LOT-03113,L1,BNK-L1-4,MB-SL,263
CON-012245,LOT-03114,L1,BNK-L1-1,PET-BR,25838
CON-012246,LOT-03114,L1,BNK-L1-2,PET-SD,811
CON-012247,LOT-03114,L1,BNK-L1-3,MB-AB,525
CON-012248,LOT-03114,L1,BNK-L1-4,MB-SL,265
CON-012249,LOT-03115,L2,BNK-L2-1,PET-BR,20196
CON-012250,LOT-03115,L2,BNK-L2-2,PET-RC,5658
CON-012251,LOT-03115,L2,BNK-L2-3,MB-AB,381
CON-012252,LOT-03115,L2,BNK-L2-4,MB-WH,256
CON-012253,LOT-03116,L2,BNK-L2-1,PET-BR,20313
CON-012254,LOT-03116,L2,BNK-L2-2,PET-RC,5691
CON-012255,LOT-03116,L2,BNK-L2-3,MB-AB,383
CON-012256,LOT-03116,L2,BNK-L2-4,MB-WH,258
CON-012257,LOT-03117,L3,BNK-L3-1,PET-BR,22678
CON-012258,LOT-03117,L3,BNK-L3-2,PET-SD,2417
CON-012259,LOT-03117,L3,BNK-L3-3,MB-SL,513
CON-012260,LOT-03117,L3,BNK-L3-4,MB-UV,389
CON-012261,LOT-03118,L3,BNK-L3-1,PET-BR,22563
CON-012262,LOT-03118,L3,BNK-L3-2,PET-SD,2405
CON-012263,LOT-03118,L3,BNK-L3-3,MB-SL,516
CON-012264,LOT-03118,L3,BNK-L3-4,MB-UV,391
CON-012265,LOT-03119,L4,BNK-L4-1,PET-BR,18485
CON-012266,LOT-03119,L4,BNK-L4-2,PET-CO,5265
CON-012267,LOT-03119,L4,BNK-L4-3,MB-WH,483
CON-012268,LOT-03119,L4,BNK-L4-4,MB-UV,234
CON-012269,LOT-03120,L4,BNK-L4-1,PET-BR,18598
CON-012270,LOT-03120,L4,BNK-L4-2,PET-CO,5297
CON-012271,LOT-03120,L4,BNK-L4-3,MB-WH,486
CON-012272,LOT-03120,L4,BNK-L4-4,MB-UV,236
CON-012273,LOT-03121,L6,BNK-L6-1,NY6-F,10607
CON-012274,LOT-03121,L6,BNK-L6-2,NY6-H,2744
CON-012275,LOT-03121,L6,BNK-L6-3,MB-NA,195
CON-012276,LOT-03121,L6,BNK-L6-4,MB-NS,131
CON-012277,LOT-03122,L6,BNK-L6-1,NY6-F,10716
CON-012278,LOT-03122,L6,BNK-L6-2,NY6-H,2773
CON-012279,LOT-03122,L6,BNK-L6-3,MB-NA,197
CON-012280,LOT-03122,L6,BNK-L6-4,MB-NS,133
CON-012281,LOT-03123,L1,BNK-L1-1,PET-BR,25823
CON-012282,LOT-03123,L1,BNK-L1-2,PET-SD,1313
CON-012283,LOT-03123,L1,BNK-L1-3,MB-AB,397
CON-012284,LOT-03123,L1,BNK-L1-4,MB-SL,268
CON-012285,LOT-03124,L1,BNK-L1-1,PET-BR,25967
CON-012286,LOT-03124,L1,BNK-L1-2,PET-SD,1320
CON-012287,LOT-03124,L1,BNK-L1-3,MB-AB,400
CON-012288,LOT-03124,L1,BNK-L1-4,MB-SL,269
CON-012289,LOT-03125,L2,BNK-L2-1,PET-BR,21885
CON-012290,LOT-03125,L2,BNK-L2-2,PET-RC,3449
CON-012291,LOT-03125,L2,BNK-L2-3,MB-AB,516
CON-012292,LOT-03125,L2,BNK-L2-4,MB-WH,260
CON-012293,LOT-03126,L2,BNK-L2-1,PET-BR,22011
CON-012294,LOT-03126,L2,BNK-L2-2,PET-RC,3469
CON-012295,LOT-03126,L2,BNK-L2-3,MB-AB,518
CON-012296,LOT-03126,L2,BNK-L2-4,MB-WH,262
CON-012297,LOT-03127,L3,BNK-L3-1,PET-BR,10752
CON-012298,LOT-03127,L3,BNK-L3-2,PET-SD,15510
CON-012299,LOT-03128,L3,BNK-L3-1,PET-BR,10814
CON-012300,LOT-03128,L3,BNK-L3-2,PET-SD,15600
CON-012301,LOT-03129,L4,BNK-L4-1,PET-BR,19798
CON-012302,LOT-03129,L4,BNK-L4-2,PET-CO,4215
CON-012303,LOT-03129,L4,BNK-L4-3,MB-WH,368
CON-012304,LOT-03129,L4,BNK-L4-4,MB-UV,239
CON-012305,LOT-03130,L4,BNK-L4-1,PET-BR,19918
CON-012306,LOT-03130,L4,BNK-L4-2,PET-CO,4241
CON-012307,LOT-03130,L4,BNK-L4-3,MB-WH,367
CON-012308,LOT-03130,L4,BNK-L4-4,MB-UV,237
CON-012309,LOT-03131,L5,BNK-L5-1,NY6-F,11276
CON-012310,LOT-03131,L5,BNK-L5-2,NY6-H,3191
CON-012311,LOT-03131,L5,BNK-L5-3,MB-NA,211
CON-012312,LOT-03131,L5,BNK-L5-4,MB-NS,142
CON-012313,LOT-03132,L5,BNK-L5-1,NY6-F,11383
CON-012314,LOT-03132,L5,BNK-L5-2,NY6-H,3221
CON-012315,LOT-03132,L5,BNK-L5-3,MB-NA,213
CON-012316,LOT-03132,L5,BNK-L5-4,MB-NS,144
CON-012317,LOT-03133,L1,BNK-L1-1,PET-BR,25486
CON-012318,LOT-03133,L1,BNK-L1-2,PET-SD,800
CON-012319,LOT-03133,L1,BNK-L1-3,MB-AB,538
CON-012320,LOT-03133,L1,BNK-L1-4,MB-SL,408
CON-012321,LOT-03134,L1,BNK-L1-1,PET-BR,25628
CON-012322,LOT-03134,L1,BNK-L1-2,PET-SD,805
CON-012323,LOT-03134,L1,BNK-L1-3,MB-AB,541
CON-012324,LOT-03134,L1,BNK-L1-4,MB-SL,410
CON-012325,LOT-03135,L2,BNK-L2-1,PET-BR,21077
CON-012326,LOT-03135,L2,BNK-L2-2,PET-RC,4672
CON-012327,LOT-03135,L2,BNK-L2-3,MB-AB,393
CON-012328,LOT-03135,L2,BNK-L2-4,MB-WH,381
CON-012329,LOT-03136,L2,BNK-L2-1,PET-BR,21198
CON-012330,LOT-03136,L2,BNK-L2-2,PET-RC,4699
CON-012331,LOT-03136,L2,BNK-L2-3,MB-AB,395
CON-012332,LOT-03136,L2,BNK-L2-4,MB-WH,384
CON-012333,LOT-03137,L3,BNK-L3-1,PET-BR,22535
CON-012334,LOT-03137,L3,BNK-L3-2,PET-SD,3121
CON-012335,LOT-03137,L3,BNK-L3-3,MB-SL,525
CON-012336,LOT-03137,L3,BNK-L3-4,MB-UV,255
CON-012337,LOT-03138,L3,BNK-L3-1,PET-BR,22664
CON-012338,LOT-03138,L3,BNK-L3-2,PET-SD,3139
CON-012339,LOT-03138,L3,BNK-L3-3,MB-SL,528
CON-012340,LOT-03138,L3,BNK-L3-4,MB-UV,256
CON-012341,LOT-03139,L4,BNK-L4-1,PET-BR,19603
CON-012342,LOT-03139,L4,BNK-L4-2,PET-CO,4948
CON-012343,LOT-03139,L4,BNK-L4-3,MB-WH,480
CON-012344,LOT-03139,L4,BNK-L4-4,MB-UV,242
CON-012345,LOT-03140,L4,BNK-L4-1,PET-BR,19512
CON-012346,LOT-03140,L4,BNK-L4-2,PET-CO,4926
CON-012347,LOT-03140,L4,BNK-L4-3,MB-WH,483
CON-012348,LOT-03140,L4,BNK-L4-4,MB-UV,244
CON-012349,LOT-03141,L5,BNK-L5-1,NY6-F,12396
CON-012350,LOT-03141,L5,BNK-L5-2,NY6-H,2124
CON-012351,LOT-03141,L5,BNK-L5-3,MB-NA,286
CON-012352,LOT-03141,L5,BNK-L5-4,MB-NS,144
CON-012353,LOT-03142,L5,BNK-L5-1,NY6-F,12513
CON-012354,LOT-03142,L5,BNK-L5-2,NY6-H,2144
CON-012355,LOT-03142,L5,BNK-L5-3,MB-NA,289
CON-012356,LOT-03142,L5,BNK-L5-4,MB-NS,146
CON-012357,LOT-03143,L6,BNK-L6-1,NY6-F,10743
CON-012358,LOT-03143,L6,BNK-L6-2,NY6-H,2463
CON-012359,LOT-03143,L6,BNK-L6-3,MB-NA,202
CON-012360,LOT-03143,L6,BNK-L6-4,MB-NS,204
CON-012361,LOT-03144,L6,BNK-L6-1,NY6-F,10852
CON-012362,LOT-03144,L6,BNK-L6-2,NY6-H,2488
CON-012363,LOT-03144,L6,BNK-L6-3,MB-NA,204
CON-012364,LOT-03144,L6,BNK-L6-4,MB-NS,206
CON-012365,LOT-03145,L1,BNK-L1-1,PET-BR,25668
CON-012366,LOT-03145,L1,BNK-L1-2,PET-SD,1357
CON-012367,LOT-03145,L1,BNK-L1-3,MB-AB,411
CON-012368,LOT-03145,L1,BNK-L1-4,MB-SL,266
CON-012369,LOT-03146,L1,BNK-L1-1,PET-BR,25810
CON-012370,LOT-03146,L1,BNK-L1-2,PET-SD,1365
CON-012371,LOT-03146,L1,BNK-L1-3,MB-AB,413
CON-012372,LOT-03146,L1,BNK-L1-4,MB-SL,267
CON-012373,LOT-03147,L2,BNK-L2-1,PET-BR,21762
CON-012374,LOT-03147,L2,BNK-L2-2,PET-RC,4317
CON-012375,LOT-03147,L2,BNK-L2-3,MB-AB,396
CON-012376,LOT-03147,L2,BNK-L2-4,MB-WH,256
CON-012377,LOT-03148,L2,BNK-L2-1,PET-BR,21887
CON-012378,LOT-03148,L2,BNK-L2-2,PET-RC,4341
CON-012379,LOT-03148,L2,BNK-L2-3,MB-AB,398
CON-012380,LOT-03148,L2,BNK-L2-4,MB-WH,258
CON-012381,LOT-03149,L3,BNK-L3-1,PET-BR,23460
CON-012382,LOT-03149,L3,BNK-L3-2,PET-SD,2647
CON-012383,LOT-03149,L3,BNK-L3-3,MB-SL,514
CON-012384,LOT-03149,L3,BNK-L3-4,MB-UV,259
CON-012385,LOT-03150,L3,BNK-L3-1,PET-BR,23593
CON-012386,LOT-03150,L3,BNK-L3-2,PET-SD,2662
CON-012387,LOT-03150,L3,BNK-L3-3,MB-SL,517
CON-012388,LOT-03150,L3,BNK-L3-4,MB-UV,261
CON-012389,LOT-03151,L4,BNK-L4-1,PET-BR,21105
CON-012390,LOT-03151,L4,BNK-L4-2,PET-CO,3476
CON-012391,LOT-03151,L4,BNK-L4-3,MB-WH,489
CON-012392,LOT-03151,L4,BNK-L4-4,MB-UV,247
CON-012393,LOT-03152,L4,BNK-L4-1,PET-BR,21232
CON-012394,LOT-03152,L4,BNK-L4-2,PET-CO,3497
CON-012395,LOT-03152,L4,BNK-L4-3,MB-WH,487
CON-012396,LOT-03152,L4,BNK-L4-4,MB-UV,246
CON-012397,LOT-03153,L5,BNK-L5-1,NY6-F,11555
CON-012398,LOT-03153,L5,BNK-L5-2,NY6-H,2737
CON-012399,LOT-03153,L5,BNK-L5-3,MB-NA,218
CON-012400,LOT-03153,L5,BNK-L5-4,MB-NS,220
CON-012401,LOT-03154,L5,BNK-L5-1,NY6-F,11664
CON-012402,LOT-03154,L5,BNK-L5-2,NY6-H,2763
CON-012403,LOT-03154,L5,BNK-L5-3,MB-NA,220
CON-012404,LOT-03154,L5,BNK-L5-4,MB-NS,222
CON-012405,LOT-03155,L6,BNK-L6-1,NY6-F,10600
CON-012406,LOT-03155,L6,BNK-L6-2,NY6-H,2845
CON-012407,LOT-03155,L6,BNK-L6-3,MB-NA,274
CON-012408,LOT-03155,L6,BNK-L6-4,MB-NS,133
CON-012409,LOT-03156,L6,BNK-L6-1,NY6-F,10707
CON-012410,LOT-03156,L6,BNK-L6-2,NY6-H,2874
CON-012411,LOT-03156,L6,BNK-L6-3,MB-NA,276
CON-012412,LOT-03156,L6,BNK-L6-4,MB-NS,134
CON-012413,LOT-03157,L1,BNK-L1-1,PET-BR,26134
CON-012414,LOT-03157,L1,BNK-L1-2,PET-SD,1094
CON-012415,LOT-03157,L1,BNK-L1-3,MB-AB,414
CON-012416,LOT-03157,L1,BNK-L1-4,MB-SL,268
CON-012417,LOT-03158,L1,BNK-L1-1,PET-BR,26278
CON-012418,LOT-03158,L1,BNK-L1-2,PET-SD,1100
CON-012419,LOT-03158,L1,BNK-L1-3,MB-AB,416
CON-012420,LOT-03158,L1,BNK-L1-4,MB-SL,269
CON-012421,LOT-03159,L2,BNK-L2-1,PET-BR,21094
CON-012422,LOT-03159,L2,BNK-L2-2,PET-RC,5458
CON-012423,LOT-03159,L2,BNK-L2-3,MB-AB,387
CON-012424,LOT-03159,L2,BNK-L2-4,MB-WH,261
CON-012425,LOT-03160,L2,BNK-L2-1,PET-BR,21214
CON-012426,LOT-03160,L2,BNK-L2-2,PET-RC,5489
CON-012427,LOT-03160,L2,BNK-L2-3,MB-AB,390
CON-012428,LOT-03160,L2,BNK-L2-4,MB-WH,262
CON-012429,LOT-03161,L3,BNK-L3-1,PET-BR,22539
CON-012430,LOT-03161,L3,BNK-L3-2,PET-SD,3886
CON-012431,LOT-03161,L3,BNK-L3-3,MB-SL,523
CON-012432,LOT-03161,L3,BNK-L3-4,MB-UV,264
CON-012433,LOT-03162,L3,BNK-L3-1,PET-BR,22428
CON-012434,LOT-03162,L3,BNK-L3-2,PET-SD,3866
CON-012435,LOT-03162,L3,BNK-L3-3,MB-SL,526
CON-012436,LOT-03162,L3,BNK-L3-4,MB-UV,265
CON-012437,LOT-03163,L4,BNK-L4-1,PET-BR,19819
CON-012438,LOT-03163,L4,BNK-L4-2,PET-CO,4394
CON-012439,LOT-03163,L4,BNK-L4-3,MB-WH,369
CON-012440,LOT-03163,L4,BNK-L4-4,MB-UV,373
CON-012441,LOT-03164,L4,BNK-L4-1,PET-BR,19937
CON-012442,LOT-03164,L4,BNK-L4-2,PET-CO,4420
CON-012443,LOT-03164,L4,BNK-L4-3,MB-WH,372
CON-012444,LOT-03164,L4,BNK-L4-4,MB-UV,375
CON-012445,LOT-03165,L5,BNK-L5-1,NY6-F,11465
CON-012446,LOT-03165,L5,BNK-L5-2,NY6-H,3078
CON-012447,LOT-03165,L5,BNK-L5-3,MB-NA,296
CON-012448,LOT-03165,L5,BNK-L5-4,MB-NS,144
CON-012449,LOT-03166,L5,BNK-L5-1,NY6-F,11573
CON-012450,LOT-03166,L5,BNK-L5-2,NY6-H,3107
CON-012451,LOT-03166,L5,BNK-L5-3,MB-NA,299
CON-012452,LOT-03166,L5,BNK-L5-4,MB-NS,145
CON-012453,LOT-03167,L6,BNK-L6-1,NY6-F,11223
CON-012454,LOT-03167,L6,BNK-L6-2,NY6-H,2390
CON-012455,LOT-03167,L6,BNK-L6-3,MB-NA,207
CON-012456,LOT-03167,L6,BNK-L6-4,MB-NS,134
CON-012457,LOT-03168,L6,BNK-L6-1,NY6-F,11336
CON-012458,LOT-03168,L6,BNK-L6-2,NY6-H,2414
CON-012459,LOT-03168,L6,BNK-L6-3,MB-NA,209
CON-012460,LOT-03168,L6,BNK-L6-4,MB-NS,135
CON-012461,LOT-03169,L1,BNK-L1-1,PET-BR,25370
CON-012462,LOT-03169,L1,BNK-L1-2,PET-SD,796
CON-012463,LOT-03169,L1,BNK-L1-3,MB-AB,515
CON-012464,LOT-03169,L1,BNK-L1-4,MB-SL,260
CON-012465,LOT-03170,L1,BNK-L1-1,PET-BR,25514
CON-012466,LOT-03170,L1,BNK-L1-2,PET-SD,801
CON-012467,LOT-03170,L1,BNK-L1-3,MB-AB,518
CON-012468,LOT-03170,L1,BNK-L1-4,MB-SL,262
CON-012469,LOT-03171,L2,BNK-L2-1,PET-BR,19930
CON-012470,LOT-03171,L2,BNK-L2-2,PET-RC,5584
CON-012471,LOT-03171,L2,BNK-L2-3,MB-AB,376
CON-012472,LOT-03171,L2,BNK-L2-4,MB-WH,253
CON-012473,LOT-03172,L2,BNK-L2-1,PET-BR,20047
CON-012474,LOT-03172,L2,BNK-L2-2,PET-RC,5617
CON-012475,LOT-03172,L2,BNK-L2-3,MB-AB,378
CON-012476,LOT-03172,L2,BNK-L2-4,MB-WH,254
CON-012477,LOT-03173,L3,BNK-L3-1,PET-BR,22138
CON-012478,LOT-03173,L3,BNK-L3-2,PET-SD,2360
CON-012479,LOT-03173,L3,BNK-L3-3,MB-SL,507
CON-012480,LOT-03173,L3,BNK-L3-4,MB-UV,384
CON-012481,LOT-03174,L3,BNK-L3-1,PET-BR,22268
CON-012482,LOT-03174,L3,BNK-L3-2,PET-SD,2374
CON-012483,LOT-03174,L3,BNK-L3-3,MB-SL,504
CON-012484,LOT-03174,L3,BNK-L3-4,MB-UV,382
CON-012485,LOT-03175,L4,BNK-L4-1,PET-BR,18225
CON-012486,LOT-03175,L4,BNK-L4-2,PET-CO,5191
CON-012487,LOT-03175,L4,BNK-L4-3,MB-WH,476
CON-012488,LOT-03175,L4,BNK-L4-4,MB-UV,231
CON-012489,LOT-03176,L4,BNK-L4-1,PET-BR,18338
CON-012490,LOT-03176,L4,BNK-L4-2,PET-CO,5223
CON-012491,LOT-03176,L4,BNK-L4-3,MB-WH,479
CON-012492,LOT-03176,L4,BNK-L4-4,MB-UV,233
CON-012493,LOT-03177,L5,BNK-L5-1,NY6-F,11461
CON-012494,LOT-03177,L5,BNK-L5-2,NY6-H,2611
CON-012495,LOT-03177,L5,BNK-L5-3,MB-NA,214
CON-012496,LOT-03177,L5,BNK-L5-4,MB-NS,138
CON-012497,LOT-03178,L5,BNK-L5-1,NY6-F,11573
CON-012498,LOT-03178,L5,BNK-L5-2,NY6-H,2637
CON-012499,LOT-03178,L5,BNK-L5-3,MB-NA,216
CON-012500,LOT-03178,L5,BNK-L5-4,MB-NS,140
CON-012501,LOT-03179,L6,BNK-L6-1,NY6-F,10490
CON-012502,LOT-03179,L6,BNK-L6-2,NY6-H,2714
CON-012503,LOT-03179,L6,BNK-L6-3,MB-NA,193
CON-012504,LOT-03179,L6,BNK-L6-4,MB-NS,130
CON-012505,LOT-03180,L6,BNK-L6-1,NY6-F,10599
CON-012506,LOT-03180,L6,BNK-L6-2,NY6-H,2742
CON-012507,LOT-03180,L6,BNK-L6-3,MB-NA,195
CON-012508,LOT-03180,L6,BNK-L6-4,MB-NS,131
CON-012509,LOT-03181,L1,BNK-L1-1,PET-BR,25549
CON-012510,LOT-03181,L1,BNK-L1-2,PET-SD,1299
CON-012511,LOT-03181,L1,BNK-L1-3,MB-AB,393
CON-012512,LOT-03181,L1,BNK-L1-4,MB-SL,265
CON-012513,LOT-03182,L1,BNK-L1-1,PET-BR,25693
CON-012514,LOT-03182,L1,BNK-L1-2,PET-SD,1307
CON-012515,LOT-03182,L1,BNK-L1-3,MB-AB,395
CON-012516,LOT-03182,L1,BNK-L1-4,MB-SL,266
CON-012517,LOT-03183,L2,BNK-L2-1,PET-BR,21642
CON-012518,LOT-03183,L2,BNK-L2-2,PET-RC,3411
CON-012519,LOT-03183,L2,BNK-L2-3,MB-AB,510
CON-012520,LOT-03183,L2,BNK-L2-4,MB-WH,257
CON-012521,LOT-03184,L2,BNK-L2-1,PET-BR,21533
CON-012522,LOT-03184,L2,BNK-L2-2,PET-RC,3394
CON-012523,LOT-03184,L2,BNK-L2-3,MB-AB,513
CON-012524,LOT-03184,L2,BNK-L2-4,MB-WH,259
CON-012525,LOT-03185,L3,BNK-L3-1,PET-BR,10519
CON-012526,LOT-03185,L3,BNK-L3-2,PET-SD,15175
CON-012527,LOT-03186,L3,BNK-L3-1,PET-BR,10580
CON-012528,LOT-03186,L3,BNK-L3-2,PET-SD,15263
CON-012529,LOT-03187,L4,BNK-L4-1,PET-BR,19560
CON-012530,LOT-03187,L4,BNK-L4-2,PET-CO,4165
CON-012531,LOT-03187,L4,BNK-L4-3,MB-WH,360
CON-012532,LOT-03187,L4,BNK-L4-4,MB-UV,233
CON-012533,LOT-03188,L4,BNK-L4-1,PET-BR,19681
CON-012534,LOT-03188,L4,BNK-L4-2,PET-CO,4190
CON-012535,LOT-03188,L4,BNK-L4-3,MB-WH,362
CON-012536,LOT-03188,L4,BNK-L4-4,MB-UV,235
CON-012537,LOT-03189,L5,BNK-L5-1,NY6-F,11163
CON-012538,LOT-03189,L5,BNK-L5-2,NY6-H,3159
CON-012539,LOT-03189,L5,BNK-L5-3,MB-NA,209
CON-012540,LOT-03189,L5,BNK-L5-4,MB-NS,141
CON-012541,LOT-03190,L5,BNK-L5-1,NY6-F,11271
CON-012542,LOT-03190,L5,BNK-L5-2,NY6-H,3189
CON-012543,LOT-03190,L5,BNK-L5-3,MB-NA,211
CON-012544,LOT-03190,L5,BNK-L5-4,MB-NS,142
CON-012545,LOT-03191,L6,BNK-L6-1,NY6-F,11411
CON-012546,LOT-03191,L6,BNK-L6-2,NY6-H,1879
CON-012547,LOT-03191,L6,BNK-L6-3,MB-NA,262
CON-012548,LOT-03191,L6,BNK-L6-4,MB-NS,132
CON-012549,LOT-03192,L6,BNK-L6-1,NY6-F,11528
CON-012550,LOT-03192,L6,BNK-L6-2,NY6-H,1899
CON-012551,LOT-03192,L6,BNK-L6-3,MB-NA,264
CON-012552,LOT-03192,L6,BNK-L6-4,MB-NS,134
CON-012553,LOT-03193,L1,BNK-L1-1,PET-BR,25270
CON-012554,LOT-03193,L1,BNK-L1-2,PET-SD,793
CON-012555,LOT-03193,L1,BNK-L1-3,MB-AB,534
CON-012556,LOT-03193,L1,BNK-L1-4,MB-SL,404
CON-012557,LOT-03194,L1,BNK-L1-1,PET-BR,25412
CON-012558,LOT-03194,L1,BNK-L1-2,PET-SD,798
CON-012559,LOT-03194,L1,BNK-L1-3,MB-AB,537
CON-012560,LOT-03194,L1,BNK-L1-4,MB-SL,406
CON-012561,LOT-03195,L2,BNK-L2-1,PET-BR,20662
CON-012562,LOT-03195,L2,BNK-L2-2,PET-RC,4580
CON-012563,LOT-03195,L2,BNK-L2-3,MB-AB,389
CON-012564,LOT-03195,L2,BNK-L2-4,MB-WH,378
CON-012565,LOT-03196,L2,BNK-L2-1,PET-BR,20782
CON-012566,LOT-03196,L2,BNK-L2-2,PET-RC,4607
CON-012567,LOT-03196,L2,BNK-L2-3,MB-AB,387
CON-012568,LOT-03196,L2,BNK-L2-4,MB-WH,376
CON-012569,LOT-03197,L3,BNK-L3-1,PET-BR,22091
CON-012570,LOT-03197,L3,BNK-L3-2,PET-SD,3059
CON-012571,LOT-03197,L3,BNK-L3-3,MB-SL,514
CON-012572,LOT-03197,L3,BNK-L3-4,MB-UV,250
CON-012573,LOT-03198,L3,BNK-L3-1,PET-BR,22220
CON-012574,LOT-03198,L3,BNK-L3-2,PET-SD,3077
CON-012575,LOT-03198,L3,BNK-L3-3,MB-SL,517
CON-012576,LOT-03198,L3,BNK-L3-4,MB-UV,251
CON-012577,LOT-03199,L4,BNK-L4-1,PET-BR,19201
CON-012578,LOT-03199,L4,BNK-L4-2,PET-CO,4847
CON-012579,LOT-03199,L4,BNK-L4-3,MB-WH,470
CON-012580,LOT-03199,L4,BNK-L4-4,MB-UV,237
CON-012581,LOT-03200,L4,BNK-L4-1,PET-BR,19319
CON-012582,LOT-03200,L4,BNK-L4-2,PET-CO,4877
CON-012583,LOT-03200,L4,BNK-L4-3,MB-WH,473
CON-012584,LOT-03200,L4,BNK-L4-4,MB-UV,239
CON-012585,LOT-03201,L5,BNK-L5-1,NY6-F,12296
CON-012586,LOT-03201,L5,BNK-L5-2,NY6-H,2107
CON-012587,LOT-03201,L5,BNK-L5-3,MB-NA,284
CON-012588,LOT-03201,L5,BNK-L5-4,MB-NS,143
CON-012589,LOT-03202,L5,BNK-L5-1,NY6-F,12414
CON-012590,LOT-03202,L5,BNK-L5-2,NY6-H,2128
CON-012591,LOT-03202,L5,BNK-L5-3,MB-NA,286
CON-012592,LOT-03202,L5,BNK-L5-4,MB-NS,145
CON-012593,LOT-03203,L6,BNK-L6-1,NY6-F,10648
CON-012594,LOT-03203,L6,BNK-L6-2,NY6-H,2441
CON-012595,LOT-03203,L6,BNK-L6-3,MB-NA,200
CON-012596,LOT-03203,L6,BNK-L6-4,MB-NS,202
CON-012597,LOT-03204,L6,BNK-L6-1,NY6-F,10758
CON-012598,LOT-03204,L6,BNK-L6-2,NY6-H,2466
CON-012599,LOT-03204,L6,BNK-L6-3,MB-NA,202
CON-012600,LOT-03204,L6,BNK-L6-4,MB-NS,204
CON-012601,LOT-03205,L1,BNK-L1-1,PET-BR,25451
CON-012602,LOT-03205,L1,BNK-L1-2,PET-SD,1346
CON-012603,LOT-03205,L1,BNK-L1-3,MB-AB,407
CON-012604,LOT-03205,L1,BNK-L1-4,MB-SL,264
CON-012605,LOT-03206,L1,BNK-L1-1,PET-BR,25319
CON-012606,LOT-03206,L1,BNK-L1-2,PET-SD,1339
CON-012607,LOT-03206,L1,BNK-L1-3,MB-AB,409
CON-012608,LOT-03206,L1,BNK-L1-4,MB-SL,265
CON-012609,LOT-03207,L2,BNK-L2-1,PET-BR,21336
CON-012610,LOT-03207,L2,BNK-L2-2,PET-RC,4232
CON-012611,LOT-03207,L2,BNK-L2-3,MB-AB,388
CON-012612,LOT-03207,L2,BNK-L2-4,MB-WH,251
CON-012613,LOT-03208,L2,BNK-L2-1,PET-BR,21460
CON-012614,LOT-03208,L2,BNK-L2-2,PET-RC,4257
CON-012615,LOT-03208,L2,BNK-L2-3,MB-AB,390
CON-012616,LOT-03208,L2,BNK-L2-4,MB-WH,253
CON-012617,LOT-03209,L3,BNK-L3-1,PET-BR,23002
CON-012618,LOT-03209,L3,BNK-L3-2,PET-SD,2595
CON-012619,LOT-03209,L3,BNK-L3-3,MB-SL,504
CON-012620,LOT-03209,L3,BNK-L3-4,MB-UV,254
CON-012621,LOT-03210,L3,BNK-L3-1,PET-BR,23134
CON-012622,LOT-03210,L3,BNK-L3-2,PET-SD,2610
CON-012623,LOT-03210,L3,BNK-L3-3,MB-SL,506
CON-012624,LOT-03210,L3,BNK-L3-4,MB-UV,256
CON-012625,LOT-03211,L4,BNK-L4-1,PET-BR,20896
CON-012626,LOT-03211,L4,BNK-L4-2,PET-CO,3442
CON-012627,LOT-03211,L4,BNK-L4-3,MB-WH,479
CON-012628,LOT-03211,L4,BNK-L4-4,MB-UV,242
CON-012629,LOT-03212,L4,BNK-L4-1,PET-BR,21023
CON-012630,LOT-03212,L4,BNK-L4-2,PET-CO,3463
CON-012631,LOT-03212,L4,BNK-L4-3,MB-WH,482
CON-012632,LOT-03212,L4,BNK-L4-4,MB-UV,243
CON-012633,LOT-03213,L5,BNK-L5-1,NY6-F,11465
CON-012634,LOT-03213,L5,BNK-L5-2,NY6-H,2716
CON-012635,LOT-03213,L5,BNK-L5-3,MB-NA,217
CON-012636,LOT-03213,L5,BNK-L5-4,MB-NS,219
CON-012637,LOT-03214,L5,BNK-L5-1,NY6-F,11574
CON-012638,LOT-03214,L5,BNK-L5-2,NY6-H,2742
CON-012639,LOT-03214,L5,BNK-L5-3,MB-NA,219
CON-012640,LOT-03214,L5,BNK-L5-4,MB-NS,221
CON-012641,LOT-03215,L6,BNK-L6-1,NY6-F,10506
CON-012642,LOT-03215,L6,BNK-L6-2,NY6-H,2820
CON-012643,LOT-03215,L6,BNK-L6-3,MB-NA,271
CON-012644,LOT-03215,L6,BNK-L6-4,MB-NS,132
CON-012645,LOT-03216,L6,BNK-L6-1,NY6-F,10614
CON-012646,LOT-03216,L6,BNK-L6-2,NY6-H,2849
CON-012647,LOT-03216,L6,BNK-L6-3,MB-NA,274
CON-012648,LOT-03216,L6,BNK-L6-4,MB-NS,133
CON-012649,LOT-03217,L1,BNK-L1-1,PET-BR,25638
CON-012650,LOT-03217,L1,BNK-L1-2,PET-SD,1073
CON-012651,LOT-03217,L1,BNK-L1-3,MB-AB,410
CON-012652,LOT-03217,L1,BNK-L1-4,MB-SL,266
CON-012653,LOT-03218,L1,BNK-L1-1,PET-BR,25781
CON-012654,LOT-03218,L1,BNK-L1-2,PET-SD,1079
CON-012655,LOT-03218,L1,BNK-L1-3,MB-AB,408
CON-012656,LOT-03218,L1,BNK-L1-4,MB-SL,264
CON-012657,LOT-03219,L2,BNK-L2-1,PET-BR,20684
CON-012658,LOT-03219,L2,BNK-L2-2,PET-RC,5352
CON-012659,LOT-03219,L2,BNK-L2-3,MB-AB,380
CON-012660,LOT-03219,L2,BNK-L2-4,MB-WH,256
CON-012661,LOT-03220,L2,BNK-L2-1,PET-BR,20803
CON-012662,LOT-03220,L2,BNK-L2-2,PET-RC,5383
CON-012663,LOT-03220,L2,BNK-L2-3,MB-AB,382
CON-012664,LOT-03220,L2,BNK-L2-4,MB-WH,257
CON-012665,LOT-03221,L3,BNK-L3-1,PET-BR,22103
CON-012666,LOT-03221,L3,BNK-L3-2,PET-SD,3810
CON-012667,LOT-03221,L3,BNK-L3-3,MB-SL,513
CON-012668,LOT-03221,L3,BNK-L3-4,MB-UV,259
CON-012669,LOT-03222,L3,BNK-L3-1,PET-BR,22229
CON-012670,LOT-03222,L3,BNK-L3-2,PET-SD,3832
CON-012671,LOT-03222,L3,BNK-L3-3,MB-SL,516
CON-012672,LOT-03222,L3,BNK-L3-4,MB-UV,260
CON-012673,LOT-03223,L4,BNK-L4-1,PET-BR,19627
CON-012674,LOT-03223,L4,BNK-L4-2,PET-CO,4351
CON-012675,LOT-03223,L4,BNK-L4-3,MB-WH,366
CON-012676,LOT-03223,L4,BNK-L4-4,MB-UV,369
CON-012677,LOT-03224,L4,BNK-L4-1,PET-BR,19746
CON-012678,LOT-03224,L4,BNK-L4-2,PET-CO,4377
CON-012679,LOT-03224,L4,BNK-L4-3,MB-WH,368
CON-012680,LOT-03224,L4,BNK-L4-4,MB-UV,372
CON-012681,LOT-03225,L5,BNK-L5-1,NY6-F,11376
CON-012682,LOT-03225,L5,BNK-L5-2,NY6-H,3054
CON-012683,LOT-03225,L5,BNK-L5-3,MB-NA,294
CON-012684,LOT-03225,L5,BNK-L5-4,MB-NS,143
CON-012685,LOT-03226,L5,BNK-L5-1,NY6-F,11484
CON-012686,LOT-03226,L5,BNK-L5-2,NY6-H,3083
CON-012687,LOT-03226,L5,BNK-L5-3,MB-NA,296
CON-012688,LOT-03226,L5,BNK-L5-4,MB-NS,144
CON-012689,LOT-03227,L6,BNK-L6-1,NY6-F,11125
CON-012690,LOT-03227,L6,BNK-L6-2,NY6-H,2369
CON-012691,LOT-03227,L6,BNK-L6-3,MB-NA,205
CON-012692,LOT-03227,L6,BNK-L6-4,MB-NS,133
CON-012693,LOT-03228,L6,BNK-L6-1,NY6-F,11238
CON-012694,LOT-03228,L6,BNK-L6-2,NY6-H,2393
CON-012695,LOT-03228,L6,BNK-L6-3,MB-NA,207
CON-012696,LOT-03228,L6,BNK-L6-4,MB-NS,134
CON-012697,LOT-03229,L1,BNK-L1-1,PET-BR,26089
CON-012698,LOT-03229,L1,BNK-L1-2,PET-SD,819
CON-012699,LOT-03229,L1,BNK-L1-3,MB-AB,530
CON-012700,LOT-03229,L1,BNK-L1-4,MB-SL,267
CON-012701,LOT-03230,L1,BNK-L1-1,PET-BR,26233
CON-012702,LOT-03230,L1,BNK-L1-2,PET-SD,823
CON-012703,LOT-03230,L1,BNK-L1-3,MB-AB,533
CON-012704,LOT-03230,L1,BNK-L1-4,MB-SL,269
CON-012705,LOT-03231,L2,BNK-L2-1,PET-BR,20524
CON-012706,LOT-03231,L2,BNK-L2-2,PET-RC,5749
CON-012707,LOT-03231,L2,BNK-L2-3,MB-AB,387
CON-012708,LOT-03231,L2,BNK-L2-4,MB-WH,260
CON-012709,LOT-03232,L2,BNK-L2-1,PET-BR,20641
CON-012710,LOT-03232,L2,BNK-L2-2,PET-RC,5782
CON-012711,LOT-03232,L2,BNK-L2-3,MB-AB,389
CON-012712,LOT-03232,L2,BNK-L2-4,MB-WH,262
CON-012713,LOT-03233,L3,BNK-L3-1,PET-BR,23043
CON-012714,LOT-03233,L3,BNK-L3-2,PET-SD,2456
CON-012715,LOT-03233,L3,BNK-L3-3,MB-SL,522
CON-012716,LOT-03233,L3,BNK-L3-4,MB-UV,395
CON-012717,LOT-03234,L3,BNK-L3-1,PET-BR,23175
CON-012718,LOT-03234,L3,BNK-L3-2,PET-SD,2470
CON-012719,LOT-03234,L3,BNK-L3-3,MB-SL,525
CON-012720,LOT-03234,L3,BNK-L3-4,MB-UV,397
CON-012721,LOT-03235,L4,BNK-L4-1,PET-BR,19012
CON-012722,LOT-03235,L4,BNK-L4-2,PET-CO,5415
CON-012723,LOT-03235,L4,BNK-L4-3,MB-WH,497
CON-012724,LOT-03235,L4,BNK-L4-4,MB-UV,241
CON-012725,LOT-03236,L4,BNK-L4-1,PET-BR,19127
CON-012726,LOT-03236,L4,BNK-L4-2,PET-CO,5447
CON-012727,LOT-03236,L4,BNK-L4-3,MB-WH,500
CON-012728,LOT-03236,L4,BNK-L4-4,MB-UV,243
CON-012729,LOT-03237,L5,BNK-L5-1,NY6-F,11895
CON-012730,LOT-03237,L5,BNK-L5-2,NY6-H,2710
CON-012731,LOT-03237,L5,BNK-L5-3,MB-NA,222
CON-012732,LOT-03237,L5,BNK-L5-4,MB-NS,144
CON-012733,LOT-03238,L5,BNK-L5-1,NY6-F,12007
CON-012734,LOT-03238,L5,BNK-L5-2,NY6-H,2735
CON-012735,LOT-03238,L5,BNK-L5-3,MB-NA,224
CON-012736,LOT-03238,L5,BNK-L5-4,MB-NS,145
CON-012737,LOT-03239,L6,BNK-L6-1,NY6-F,10913
CON-012738,LOT-03239,L6,BNK-L6-2,NY6-H,2823
CON-012739,LOT-03239,L6,BNK-L6-3,MB-NA,201
CON-012740,LOT-03239,L6,BNK-L6-4,MB-NS,135
CON-012741,LOT-03240,L6,BNK-L6-1,NY6-F,10906
CON-012742,LOT-03240,L6,BNK-L6-2,NY6-H,2822
CON-012743,LOT-03240,L6,BNK-L6-3,MB-NA,200
CON-012744,LOT-03240,L6,BNK-L6-4,MB-NS,135
CON-012745,LOT-03241,L1,BNK-L1-1,PET-BR,26269
CON-012746,LOT-03241,L1,BNK-L1-2,PET-SD,1336
CON-012747,LOT-03241,L1,BNK-L1-3,MB-AB,404
CON-012748,LOT-03241,L1,BNK-L1-4,MB-SL,272
CON-012749,LOT-03242,L1,BNK-L1-1,PET-BR,26413
CON-012750,LOT-03242,L1,BNK-L1-2,PET-SD,1343
CON-012751,LOT-03242,L1,BNK-L1-3,MB-AB,406
CON-012752,LOT-03242,L1,BNK-L1-4,MB-SL,274
CON-012753,LOT-03243,L2,BNK-L2-1,PET-BR,22278
CON-012754,LOT-03243,L2,BNK-L2-2,PET-RC,3511
CON-012755,LOT-03243,L2,BNK-L2-3,MB-AB,525
CON-012756,LOT-03243,L2,BNK-L2-4,MB-WH,265
CON-012757,LOT-03244,L2,BNK-L2-1,PET-BR,22405
CON-012758,LOT-03244,L2,BNK-L2-2,PET-RC,3531
CON-012759,LOT-03244,L2,BNK-L2-3,MB-AB,528
CON-012760,LOT-03244,L2,BNK-L2-4,MB-WH,266
CON-012761,LOT-03245,L3,BNK-L3-1,PET-BR,10946
CON-012762,LOT-03245,L3,BNK-L3-2,PET-SD,15790
CON-012763,LOT-03246,L3,BNK-L3-1,PET-BR,11008
CON-012764,LOT-03246,L3,BNK-L3-2,PET-SD,15879
CON-012765,LOT-03247,L4,BNK-L4-1,PET-BR,20399
CON-012766,LOT-03247,L4,BNK-L4-2,PET-CO,4343
CON-012767,LOT-03247,L4,BNK-L4-3,MB-WH,376
CON-012768,LOT-03247,L4,BNK-L4-4,MB-UV,243
CON-012769,LOT-03248,L4,BNK-L4-1,PET-BR,20521
CON-012770,LOT-03248,L4,BNK-L4-2,PET-CO,4369
CON-012771,LOT-03248,L4,BNK-L4-3,MB-WH,378
CON-012772,LOT-03248,L4,BNK-L4-4,MB-UV,245
CON-012773,LOT-03249,L5,BNK-L5-1,NY6-F,11583
CON-012774,LOT-03249,L5,BNK-L5-2,NY6-H,3278
CON-012775,LOT-03249,L5,BNK-L5-3,MB-NA,217
CON-012776,LOT-03249,L5,BNK-L5-4,MB-NS,146
CON-012777,LOT-03250,L5,BNK-L5-1,NY6-F,11692
CON-012778,LOT-03250,L5,BNK-L5-2,NY6-H,3308
CON-012779,LOT-03250,L5,BNK-L5-3,MB-NA,219
CON-012780,LOT-03250,L5,BNK-L5-4,MB-NS,147
CON-012781,LOT-03251,L6,BNK-L6-1,NY6-F,11743
CON-012782,LOT-03251,L6,BNK-L6-2,NY6-H,1934
CON-012783,LOT-03251,L6,BNK-L6-3,MB-NA,269
CON-012784,LOT-03251,L6,BNK-L6-4,MB-NS,136
CON-012785,LOT-03252,L6,BNK-L6-1,NY6-F,11861
CON-012786,LOT-03252,L6,BNK-L6-2,NY6-H,1953
CON-012787,LOT-03252,L6,BNK-L6-3,MB-NA,272
CON-012788,LOT-03252,L6,BNK-L6-4,MB-NS,137
CON-012789,LOT-03253,L1,BNK-L1-1,PET-BR,24780
CON-012790,LOT-03253,L1,BNK-L1-2,PET-SD,778
CON-012791,LOT-03253,L1,BNK-L1-3,MB-AB,523
CON-012792,LOT-03253,L1,BNK-L1-4,MB-SL,396
CON-012793,LOT-03254,L1,BNK-L1-1,PET-BR,24921
CON-012794,LOT-03254,L1,BNK-L1-2,PET-SD,782
CON-012795,LOT-03254,L1,BNK-L1-3,MB-AB,526
CON-012796,LOT-03254,L1,BNK-L1-4,MB-SL,399
CON-012797,LOT-03255,L2,BNK-L2-1,PET-BR,20471
CON-012798,LOT-03255,L2,BNK-L2-2,PET-RC,4538
CON-012799,LOT-03255,L2,BNK-L2-3,MB-AB,381
CON-012800,LOT-03255,L2,BNK-L2-4,MB-WH,370
CON-012801,LOT-03256,L2,BNK-L2-1,PET-BR,20591
CON-012802,LOT-03256,L2,BNK-L2-2,PET-RC,4564
CON-012803,LOT-03256,L2,BNK-L2-3,MB-AB,384
CON-012804,LOT-03256,L2,BNK-L2-4,MB-WH,373
CON-012805,LOT-03257,L3,BNK-L3-1,PET-BR,21887
CON-012806,LOT-03257,L3,BNK-L3-2,PET-SD,3031
CON-012807,LOT-03257,L3,BNK-L3-3,MB-SL,510
CON-012808,LOT-03257,L3,BNK-L3-4,MB-UV,247
CON-012809,LOT-03258,L3,BNK-L3-1,PET-BR,22016
CON-012810,LOT-03258,L3,BNK-L3-2,PET-SD,3049
CON-012811,LOT-03258,L3,BNK-L3-3,MB-SL,513
CON-012812,LOT-03258,L3,BNK-L3-4,MB-UV,249
CON-012813,LOT-03259,L4,BNK-L4-1,PET-BR,19005
CON-012814,LOT-03259,L4,BNK-L4-2,PET-CO,4797
CON-012815,LOT-03259,L4,BNK-L4-3,MB-WH,465
CON-012816,LOT-03259,L4,BNK-L4-4,MB-UV,235
CON-012817,LOT-03260,L4,BNK-L4-1,PET-BR,19123
CON-012818,LOT-03260,L4,BNK-L4-2,PET-CO,4827
CON-012819,LOT-03260,L4,BNK-L4-3,MB-WH,468
CON-012820,LOT-03260,L4,BNK-L4-4,MB-UV,236
CON-012821,LOT-03261,L5,BNK-L5-1,NY6-F,12196
CON-012822,LOT-03261,L5,BNK-L5-2,NY6-H,2090
CON-012823,LOT-03261,L5,BNK-L5-3,MB-NA,281
CON-012824,LOT-03261,L5,BNK-L5-4,MB-NS,142
CON-012825,LOT-03262,L5,BNK-L5-1,NY6-F,12185
CON-012826,LOT-03262,L5,BNK-L5-2,NY6-H,2088
CON-012827,LOT-03262,L5,BNK-L5-3,MB-NA,281
CON-012828,LOT-03262,L5,BNK-L5-4,MB-NS,142
CON-012829,LOT-03263,L6,BNK-L6-1,NY6-F,10437
CON-012830,LOT-03263,L6,BNK-L6-2,NY6-H,2393
CON-012831,LOT-03263,L6,BNK-L6-3,MB-NA,196
CON-012832,LOT-03263,L6,BNK-L6-4,MB-NS,198
CON-012833,LOT-03264,L6,BNK-L6-1,NY6-F,10546
CON-012834,LOT-03264,L6,BNK-L6-2,NY6-H,2418
CON-012835,LOT-03264,L6,BNK-L6-3,MB-NA,198
CON-012836,LOT-03264,L6,BNK-L6-4,MB-NS,200
CON-012837,LOT-03265,L1,BNK-L1-1,PET-BR,24961
CON-012838,LOT-03265,L1,BNK-L1-2,PET-SD,1320
CON-012839,LOT-03265,L1,BNK-L1-3,MB-AB,399
CON-012840,LOT-03265,L1,BNK-L1-4,MB-SL,259
CON-012841,LOT-03266,L1,BNK-L1-1,PET-BR,25103
CON-012842,LOT-03266,L1,BNK-L1-2,PET-SD,1327
CON-012843,LOT-03266,L1,BNK-L1-3,MB-AB,402
CON-012844,LOT-03266,L1,BNK-L1-4,MB-SL,260
CON-012845,LOT-03267,L2,BNK-L2-1,PET-BR,21141
CON-012846,LOT-03267,L2,BNK-L2-2,PET-RC,4193
CON-012847,LOT-03267,L2,BNK-L2-3,MB-AB,385
CON-012848,LOT-03267,L2,BNK-L2-4,MB-WH,249
CON-012849,LOT-03268,L2,BNK-L2-1,PET-BR,21265
CON-012850,LOT-03268,L2,BNK-L2-2,PET-RC,4218
CON-012851,LOT-03268,L2,BNK-L2-3,MB-AB,387
CON-012852,LOT-03268,L2,BNK-L2-4,MB-WH,250
CON-012853,LOT-03269,L3,BNK-L3-1,PET-BR,22790
CON-012854,LOT-03269,L3,BNK-L3-2,PET-SD,2571
CON-012855,LOT-03269,L3,BNK-L3-3,MB-SL,499
CON-012856,LOT-03269,L3,BNK-L3-4,MB-UV,252
CON-012857,LOT-03270,L3,BNK-L3-1,PET-BR,22923
CON-012858,LOT-03270,L3,BNK-L3-2,PET-SD,2586
CON-012859,LOT-03270,L3,BNK-L3-3,MB-SL,502
CON-012860,LOT-03270,L3,BNK-L3-4,MB-UV,253
CON-012861,LOT-03271,L4,BNK-L4-1,PET-BR,20684
CON-012862,LOT-03271,L4,BNK-L4-2,PET-CO,3407
CON-012863,LOT-03271,L4,BNK-L4-3,MB-WH,474
CON-012864,LOT-03271,L4,BNK-L4-4,MB-UV,239
CON-012865,LOT-03272,L4,BNK-L4-1,PET-BR,20592
CON-012866,LOT-03272,L4,BNK-L4-2,PET-CO,3391
CON-012867,LOT-03272,L4,BNK-L4-3,MB-WH,477
CON-012868,LOT-03272,L4,BNK-L4-4,MB-UV,241
CON-012869,LOT-03273,L5,BNK-L5-1,NY6-F,11250
CON-012870,LOT-03273,L5,BNK-L5-2,NY6-H,2665
CON-012871,LOT-03273,L5,BNK-L5-3,MB-NA,212
CON-012872,LOT-03273,L5,BNK-L5-4,MB-NS,215
CON-012873,LOT-03274,L5,BNK-L5-1,NY6-F,11359
CON-012874,LOT-03274,L5,BNK-L5-2,NY6-H,2691
CON-012875,LOT-03274,L5,BNK-L5-3,MB-NA,215
CON-012876,LOT-03274,L5,BNK-L5-4,MB-NS,217
CON-012877,LOT-03275,L6,BNK-L6-1,NY6-F,10300
CON-012878,LOT-03275,L6,BNK-L6-2,NY6-H,2765
CON-012879,LOT-03275,L6,BNK-L6-3,MB-NA,266
CON-012880,LOT-03275,L6,BNK-L6-4,MB-NS,129
CON-012881,LOT-03276,L6,BNK-L6-1,NY6-F,10407
CON-012882,LOT-03276,L6,BNK-L6-2,NY6-H,2793
CON-012883,LOT-03276,L6,BNK-L6-3,MB-NA,269
CON-012884,LOT-03276,L6,BNK-L6-4,MB-NS,130
CON-012885,LOT-03277,L2,BNK-L2-1,PET-BR,20456
CON-012886,LOT-03277,L2,BNK-L2-2,PET-RC,5293
CON-012887,LOT-03277,L2,BNK-L2-3,MB-AB,376
CON-012888,LOT-03277,L2,BNK-L2-4,MB-WH,253
CON-012889,LOT-03278,L2,BNK-L2-1,PET-BR,20575
CON-012890,LOT-03278,L2,BNK-L2-2,PET-RC,5323
CON-012891,LOT-03278,L2,BNK-L2-3,MB-AB,378
CON-012892,LOT-03278,L2,BNK-L2-4,MB-WH,254
CON-012893,LOT-03279,L3,BNK-L3-1,PET-BR,21858
CON-012894,LOT-03279,L3,BNK-L3-2,PET-SD,3768
CON-012895,LOT-03279,L3,BNK-L3-3,MB-SL,507
CON-012896,LOT-03279,L3,BNK-L3-4,MB-UV,256
CON-012897,LOT-03280,L3,BNK-L3-1,PET-BR,21985
CON-012898,LOT-03280,L3,BNK-L3-2,PET-SD,3790
CON-012899,LOT-03280,L3,BNK-L3-3,MB-SL,510
CON-012900,LOT-03280,L3,BNK-L3-4,MB-UV,257
CON-012901,LOT-03281,L4,BNK-L4-1,PET-BR,19394
CON-012902,LOT-03281,L4,BNK-L4-2,PET-CO,4299
CON-012903,LOT-03281,L4,BNK-L4-3,MB-WH,361
CON-012904,LOT-03281,L4,BNK-L4-4,MB-UV,365
CON-012905,LOT-03282,L4,BNK-L4-1,PET-BR,19513
CON-012906,LOT-03282,L4,BNK-L4-2,PET-CO,4326
CON-012907,LOT-03282,L4,BNK-L4-3,MB-WH,364
CON-012908,LOT-03282,L4,BNK-L4-4,MB-UV,367
CON-012909,LOT-03283,L5,BNK-L5-1,NY6-F,11264
CON-012910,LOT-03283,L5,BNK-L5-2,NY6-H,3023
CON-012911,LOT-03283,L5,BNK-L5-3,MB-NA,291
CON-012912,LOT-03283,L5,BNK-L5-4,MB-NS,141
CON-012913,LOT-03284,L5,BNK-L5-1,NY6-F,11250
CON-012914,LOT-03284,L5,BNK-L5-2,NY6-H,3020
CON-012915,LOT-03284,L5,BNK-L5-3,MB-NA,290
CON-012916,LOT-03284,L5,BNK-L5-4,MB-NS,141
CON-012917,LOT-03285,L6,BNK-L6-1,NY6-F,10887
CON-012918,LOT-03285,L6,BNK-L6-2,NY6-H,2318
CON-012919,LOT-03285,L6,BNK-L6-3,MB-NA,201
CON-012920,LOT-03285,L6,BNK-L6-4,MB-NS,130
CON-012921,LOT-03286,L6,BNK-L6-1,NY6-F,10999
CON-012922,LOT-03286,L6,BNK-L6-2,NY6-H,2342
CON-012923,LOT-03286,L6,BNK-L6-3,MB-NA,203
CON-012924,LOT-03286,L6,BNK-L6-4,MB-NS,131
CON-012925,LOT-03287,L1,BNK-L1-1,PET-BR,25818
CON-012926,LOT-03287,L1,BNK-L1-2,PET-SD,810
CON-012927,LOT-03287,L1,BNK-L1-3,MB-AB,524
CON-012928,LOT-03287,L1,BNK-L1-4,MB-SL,265
CON-012929,LOT-03288,L1,BNK-L1-1,PET-BR,25962
CON-012930,LOT-03288,L1,BNK-L1-2,PET-SD,815
CON-012931,LOT-03288,L1,BNK-L1-3,MB-AB,527
CON-012932,LOT-03288,L1,BNK-L1-4,MB-SL,266
CON-012933,LOT-03289,L3,BNK-L3-1,PET-BR,22748
CON-012934,LOT-03289,L3,BNK-L3-2,PET-SD,2425
CON-012935,LOT-03289,L3,BNK-L3-3,MB-SL,515
CON-012936,LOT-03289,L3,BNK-L3-4,MB-UV,390
CON-012937,LOT-03290,L3,BNK-L3-1,PET-BR,22879
CON-012938,LOT-03290,L3,BNK-L3-2,PET-SD,2439
CON-012939,LOT-03290,L3,BNK-L3-3,MB-SL,518
CON-012940,LOT-03290,L3,BNK-L3-4,MB-UV,392
CON-012941,LOT-03291,L4,BNK-L4-1,PET-BR,18752
CON-012942,LOT-03291,L4,BNK-L4-2,PET-CO,5341
CON-012943,LOT-03291,L4,BNK-L4-3,MB-WH,490
CON-012944,LOT-03291,L4,BNK-L4-4,MB-UV,238
CON-012945,LOT-03292,L4,BNK-L4-1,PET-BR,18866
CON-012946,LOT-03292,L4,BNK-L4-2,PET-CO,5373
CON-012947,LOT-03292,L4,BNK-L4-3,MB-WH,493
CON-012948,LOT-03292,L4,BNK-L4-4,MB-UV,239
CON-012949,LOT-03293,L5,BNK-L5-1,NY6-F,11756
CON-012950,LOT-03293,L5,BNK-L5-2,NY6-H,2678
CON-012951,LOT-03293,L5,BNK-L5-3,MB-NA,219
CON-012952,LOT-03293,L5,BNK-L5-4,MB-NS,142
CON-012953,LOT-03294,L5,BNK-L5-1,NY6-F,11868
CON-012954,LOT-03294,L5,BNK-L5-2,NY6-H,2704
CON-012955,LOT-03294,L5,BNK-L5-3,MB-NA,221
CON-012956,LOT-03294,L5,BNK-L5-4,MB-NS,143
CON-012957,LOT-03295,L6,BNK-L6-1,NY6-F,10660
CON-012958,LOT-03295,L6,BNK-L6-2,NY6-H,2758
CON-012959,LOT-03295,L6,BNK-L6-3,MB-NA,196
CON-012960,LOT-03295,L6,BNK-L6-4,MB-NS,132
CON-012961,LOT-03296,L6,BNK-L6-1,NY6-F,10769
CON-012962,LOT-03296,L6,BNK-L6-2,NY6-H,2786
CON-012963,LOT-03296,L6,BNK-L6-3,MB-NA,198
CON-012964,LOT-03296,L6,BNK-L6-4,MB-NS,133
CON-012965,LOT-03297,L1,BNK-L1-1,PET-BR,25947
CON-012966,LOT-03297,L1,BNK-L1-2,PET-SD,1319
CON-012967,LOT-03297,L1,BNK-L1-3,MB-AB,399
CON-012968,LOT-03297,L1,BNK-L1-4,MB-SL,269
CON-012969,LOT-03298,L1,BNK-L1-1,PET-BR,26091
CON-012970,LOT-03298,L1,BNK-L1-2,PET-SD,1327
CON-012971,LOT-03298,L1,BNK-L1-3,MB-AB,402
CON-012972,LOT-03298,L1,BNK-L1-4,MB-SL,270
CON-012973,LOT-03299,L2,BNK-L2-1,PET-BR,21994
CON-012974,LOT-03299,L2,BNK-L2-2,PET-RC,3467
CON-012975,LOT-03299,L2,BNK-L2-3,MB-AB,518
CON-012976,LOT-03299,L2,BNK-L2-4,MB-WH,262
CON-012977,LOT-03300,L2,BNK-L2-1,PET-BR,22121
CON-012978,LOT-03300,L2,BNK-L2-2,PET-RC,3487
CON-012979,LOT-03300,L2,BNK-L2-3,MB-AB,521
CON-012980,LOT-03300,L2,BNK-L2-4,MB-WH,263
CON-012981,LOT-03301,L4,BNK-L4-1,PET-BR,20083
CON-012982,LOT-03301,L4,BNK-L4-2,PET-CO,4276
CON-012983,LOT-03301,L4,BNK-L4-3,MB-WH,370
CON-012984,LOT-03301,L4,BNK-L4-4,MB-UV,239
CON-012985,LOT-03302,L4,BNK-L4-1,PET-BR,20204
CON-012986,LOT-03302,L4,BNK-L4-2,PET-CO,4302
CON-012987,LOT-03302,L4,BNK-L4-3,MB-WH,372
CON-012988,LOT-03302,L4,BNK-L4-4,MB-UV,241
CON-012989,LOT-03303,L5,BNK-L5-1,NY6-F,11426
CON-012990,LOT-03303,L5,BNK-L5-2,NY6-H,3233
CON-012991,LOT-03303,L5,BNK-L5-3,MB-NA,214
CON-012992,LOT-03303,L5,BNK-L5-4,MB-NS,144
CON-012993,LOT-03304,L5,BNK-L5-1,NY6-F,11534
CON-012994,LOT-03304,L5,BNK-L5-2,NY6-H,3264
CON-012995,LOT-03304,L5,BNK-L5-3,MB-NA,216
CON-012996,LOT-03304,L5,BNK-L5-4,MB-NS,146
CON-012997,LOT-03305,L6,BNK-L6-1,NY6-F,11696
CON-012998,LOT-03305,L6,BNK-L6-2,NY6-H,1927
CON-012999,LOT-03305,L6,BNK-L6-3,MB-NA,268
CON-013000,LOT-03305,L6,BNK-L6-4,MB-NS,135
CON-013001,LOT-03306,L6,BNK-L6-1,NY6-F,11690
CON-013002,LOT-03306,L6,BNK-L6-2,NY6-H,1925
CON-013003,LOT-03306,L6,BNK-L6-3,MB-NA,268
CON-013004,LOT-03306,L6,BNK-L6-4,MB-NS,135
CON-013005,LOT-03307,L1,BNK-L1-1,PET-BR,25606
CON-013006,LOT-03307,L1,BNK-L1-2,PET-SD,804
CON-013007,LOT-03307,L1,BNK-L1-3,MB-AB,541
CON-013008,LOT-03307,L1,BNK-L1-4,MB-SL,409
CON-013009,LOT-03308,L1,BNK-L1-1,PET-BR,25748
CON-013010,LOT-03308,L1,BNK-L1-2,PET-SD,808
CON-013011,LOT-03308,L1,BNK-L1-3,MB-AB,544
CON-013012,LOT-03308,L1,BNK-L1-4,MB-SL,412
CON-013013,LOT-03309,L2,BNK-L2-1,PET-BR,21182
CON-013014,LOT-03309,L2,BNK-L2-2,PET-RC,4695
CON-013015,LOT-03309,L2,BNK-L2-3,MB-AB,395
CON-013016,LOT-03309,L2,BNK-L2-4,MB-WH,383
CON-013017,LOT-03310,L2,BNK-L2-1,PET-BR,21303
CON-013018,LOT-03310,L2,BNK-L2-2,PET-RC,4722
CON-013019,LOT-03310,L2,BNK-L2-3,MB-AB,397
CON-013020,LOT-03310,L2,BNK-L2-4,MB-WH,385
CON-013021,LOT-03311,L3,BNK-L3-1,PET-BR,22647
CON-013022,LOT-03311,L3,BNK-L3-2,PET-SD,3136
CON-013023,LOT-03311,L3,BNK-L3-3,MB-SL,527
CON-013024,LOT-03311,L3,BNK-L3-4,MB-UV,256
CON-013025,LOT-03312,L3,BNK-L3-1,PET-BR,22777
CON-013026,LOT-03312,L3,BNK-L3-2,PET-SD,3154
CON-013027,LOT-03312,L3,BNK-L3-3,MB-SL,530
CON-013028,LOT-03312,L3,BNK-L3-4,MB-UV,258
CON-013029,LOT-03313,L5,BNK-L5-1,NY6-F,12559
CON-013030,LOT-03313,L5,BNK-L5-2,NY6-H,2153
CON-013031,LOT-03313,L5,BNK-L5-3,MB-NA,290
CON-013032,LOT-03313,L5,BNK-L5-4,MB-NS,146
CON-013033,LOT-03314,L5,BNK-L5-1,NY6-F,12678
CON-013034,LOT-03314,L5,BNK-L5-2,NY6-H,2173
CON-013035,LOT-03314,L5,BNK-L5-3,MB-NA,293
CON-013036,LOT-03314,L5,BNK-L5-4,MB-NS,148
CON-013037,LOT-03315,L6,BNK-L6-1,NY6-F,10892
CON-013038,LOT-03315,L6,BNK-L6-2,NY6-H,2497
CON-013039,LOT-03315,L6,BNK-L6-3,MB-NA,204
CON-013040,LOT-03315,L6,BNK-L6-4,MB-NS,206
CON-013041,LOT-03316,L6,BNK-L6-1,NY6-F,11002
CON-013042,LOT-03316,L6,BNK-L6-2,NY6-H,2522
CON-013043,LOT-03316,L6,BNK-L6-3,MB-NA,206
CON-013044,LOT-03316,L6,BNK-L6-4,MB-NS,208
CON-013045,LOT-03317,L1,BNK-L1-1,PET-BR,25737
CON-013046,LOT-03317,L1,BNK-L1-2,PET-SD,1361
CON-013047,LOT-03317,L1,BNK-L1-3,MB-AB,412
CON-013048,LOT-03317,L1,BNK-L1-4,MB-SL,267
CON-013049,LOT-03318,L1,BNK-L1-1,PET-BR,25879
CON-013050,LOT-03318,L1,BNK-L1-2,PET-SD,1368
CON-013051,LOT-03318,L1,BNK-L1-3,MB-AB,414
CON-013052,LOT-03318,L1,BNK-L1-4,MB-SL,268
CON-013053,LOT-03319,L2,BNK-L2-1,PET-BR,21827
CON-013054,LOT-03319,L2,BNK-L2-2,PET-RC,4330
CON-013055,LOT-03319,L2,BNK-L2-3,MB-AB,397
CON-013056,LOT-03319,L2,BNK-L2-4,MB-WH,257
CON-013057,LOT-03320,L2,BNK-L2-1,PET-BR,21951
CON-013058,LOT-03320,L2,BNK-L2-2,PET-RC,4354
CON-013059,LOT-03320,L2,BNK-L2-3,MB-AB,399
CON-013060,LOT-03320,L2,BNK-L2-4,MB-WH,259
CON-013061,LOT-03321,L3,BNK-L3-1,PET-BR,23530
CON-013062,LOT-03321,L3,BNK-L3-2,PET-SD,2655
CON-013063,LOT-03321,L3,BNK-L3-3,MB-SL,515
CON-013064,LOT-03321,L3,BNK-L3-4,MB-UV,260
CON-013065,LOT-03322,L3,BNK-L3-1,PET-BR,23664
CON-013066,LOT-03322,L3,BNK-L3-2,PET-SD,2670
CON-013067,LOT-03322,L3,BNK-L3-3,MB-SL,518
CON-013068,LOT-03322,L3,BNK-L3-4,MB-UV,262
CON-013069,LOT-03323,L4,BNK-L4-1,PET-BR,21404
CON-013070,LOT-03323,L4,BNK-L4-2,PET-CO,3525
CON-013071,LOT-03323,L4,BNK-L4-3,MB-WH,491
CON-013072,LOT-03323,L4,BNK-L4-4,MB-UV,248
CON-013073,LOT-03324,L4,BNK-L4-1,PET-BR,21532
CON-013074,LOT-03324,L4,BNK-L4-2,PET-CO,3547
CON-013075,LOT-03324,L4,BNK-L4-3,MB-WH,494
CON-013076,LOT-03324,L4,BNK-L4-4,MB-UV,249
CON-013077,LOT-03325,L6,BNK-L6-1,NY6-F,10724
CON-013078,LOT-03325,L6,BNK-L6-2,NY6-H,2879
CON-013079,LOT-03325,L6,BNK-L6-3,MB-NA,277
CON-013080,LOT-03325,L6,BNK-L6-4,MB-NS,134
CON-013081,LOT-03326,L6,BNK-L6-1,NY6-F,10832
CON-013082,LOT-03326,L6,BNK-L6-2,NY6-H,2908
CON-013083,LOT-03326,L6,BNK-L6-3,MB-NA,280
CON-013084,LOT-03326,L6,BNK-L6-4,MB-NS,136
CON-013085,LOT-03327,L1,BNK-L1-1,PET-BR,24952
CON-013086,LOT-03327,L1,BNK-L1-2,PET-SD,1044
CON-013087,LOT-03327,L1,BNK-L1-3,MB-AB,399
CON-013088,LOT-03327,L1,BNK-L1-4,MB-SL,259
CON-013089,LOT-03328,L1,BNK-L1-1,PET-BR,25094
CON-013090,LOT-03328,L1,BNK-L1-2,PET-SD,1050
CON-013091,LOT-03328,L1,BNK-L1-3,MB-AB,397
CON-013092,LOT-03328,L1,BNK-L1-4,MB-SL,257
CON-013093,LOT-03329,L2,BNK-L2-1,PET-BR,20109
CON-013094,LOT-03329,L2,BNK-L2-2,PET-RC,5203
CON-013095,LOT-03329,L2,BNK-L2-3,MB-AB,369
CON-013096,LOT-03329,L2,BNK-L2-4,MB-WH,249
CON-013097,LOT-03330,L2,BNK-L2-1,PET-BR,20227
CON-013098,LOT-03330,L2,BNK-L2-2,PET-RC,5234
CON-013099,LOT-03330,L2,BNK-L2-3,MB-AB,372
CON-013100,LOT-03330,L2,BNK-L2-4,MB-WH,250
CON-013101,LOT-03331,L3,BNK-L3-1,PET-BR,21488
CON-013102,LOT-03331,L3,BNK-L3-2,PET-SD,3704
CON-013103,LOT-03331,L3,BNK-L3-3,MB-SL,498
CON-013104,LOT-03331,L3,BNK-L3-4,MB-UV,252
CON-013105,LOT-03332,L3,BNK-L3-1,PET-BR,21614
CON-013106,LOT-03332,L3,BNK-L3-2,PET-SD,3726
CON-013107,LOT-03332,L3,BNK-L3-3,MB-SL,501
CON-013108,LOT-03332,L3,BNK-L3-4,MB-UV,253
CON-013109,LOT-03333,L4,BNK-L4-1,PET-BR,19047
CON-013110,LOT-03333,L4,BNK-L4-2,PET-CO,4222
CON-013111,LOT-03333,L4,BNK-L4-3,MB-WH,355
CON-013112,LOT-03333,L4,BNK-L4-4,MB-UV,358
CON-013113,LOT-03334,L4,BNK-L4-1,PET-BR,19165
CON-013114,LOT-03334,L4,BNK-L4-2,PET-CO,4249
CON-013115,LOT-03334,L4,BNK-L4-3,MB-WH,357
CON-013116,LOT-03334,L4,BNK-L4-4,MB-UV,361
CON-013117,LOT-03335,L5,BNK-L5-1,NY6-F,11085
CON-013118,LOT-03335,L5,BNK-L5-2,NY6-H,2976
CON-013119,LOT-03335,L5,BNK-L5-3,MB-NA,286
CON-013120,LOT-03335,L5,BNK-L5-4,MB-NS,139
CON-013121,LOT-03336,L5,BNK-L5-1,NY6-F,11193
CON-013122,LOT-03336,L5,BNK-L5-2,NY6-H,3004
CON-013123,LOT-03336,L5,BNK-L5-3,MB-NA,289
CON-013124,LOT-03336,L5,BNK-L5-4,MB-NS,140
CON-013125,LOT-03337,L1,BNK-L1-1,PET-BR,25619
CON-013126,LOT-03337,L1,BNK-L1-2,PET-SD,804
CON-013127,LOT-03337,L1,BNK-L1-3,MB-AB,520
CON-013128,LOT-03337,L1,BNK-L1-4,MB-SL,263
CON-013129,LOT-03338,L1,BNK-L1-1,PET-BR,25490
CON-013130,LOT-03338,L1,BNK-L1-2,PET-SD,800
CON-013131,LOT-03338,L1,BNK-L1-3,MB-AB,523
CON-013132,LOT-03338,L1,BNK-L1-4,MB-SL,264
CON-013133,LOT-03339,L2,BNK-L2-1,PET-BR,19919
CON-013134,LOT-03339,L2,BNK-L2-2,PET-RC,5580
CON-013135,LOT-03339,L2,BNK-L2-3,MB-AB,375
CON-013136,LOT-03339,L2,BNK-L2-4,MB-WH,253
CON-013137,LOT-03340,L2,BNK-L2-1,PET-BR,20035
CON-013138,LOT-03340,L2,BNK-L2-2,PET-RC,5612
CON-013139,LOT-03340,L2,BNK-L2-3,MB-AB,377
CON-013140,LOT-03340,L2,BNK-L2-4,MB-WH,254
CON-013141,LOT-03341,L3,BNK-L3-1,PET-BR,22362
CON-013142,LOT-03341,L3,BNK-L3-2,PET-SD,2384
CON-013143,LOT-03341,L3,BNK-L3-3,MB-SL,506
CON-013144,LOT-03341,L3,BNK-L3-4,MB-UV,383
CON-013145,LOT-03342,L3,BNK-L3-1,PET-BR,22494
CON-013146,LOT-03342,L3,BNK-L3-2,PET-SD,2398
CON-013147,LOT-03342,L3,BNK-L3-3,MB-SL,509
CON-013148,LOT-03342,L3,BNK-L3-4,MB-UV,386
CON-013149,LOT-03343,L4,BNK-L4-1,PET-BR,18418
CON-013150,LOT-03343,L4,BNK-L4-2,PET-CO,5246
CON-013151,LOT-03343,L4,BNK-L4-3,MB-WH,481
CON-013152,LOT-03343,L4,BNK-L4-4,MB-UV,234
CON-013153,LOT-03344,L4,BNK-L4-1,PET-BR,18532
CON-013154,LOT-03344,L4,BNK-L4-2,PET-CO,5278
CON-013155,LOT-03344,L4,BNK-L4-3,MB-WH,484
CON-013156,LOT-03344,L4,BNK-L4-4,MB-UV,235
CON-013157,LOT-03345,L5,BNK-L5-1,NY6-F,11570
CON-013158,LOT-03345,L5,BNK-L5-2,NY6-H,2636
CON-013159,LOT-03345,L5,BNK-L5-3,MB-NA,216
CON-013160,LOT-03345,L5,BNK-L5-4,MB-NS,140
CON-013161,LOT-03346,L5,BNK-L5-1,NY6-F,11682
CON-013162,LOT-03346,L5,BNK-L5-2,NY6-H,2661
CON-013163,LOT-03346,L5,BNK-L5-3,MB-NA,218
CON-013164,LOT-03346,L5,BNK-L5-4,MB-NS,141
CON-013165,LOT-03347,L6,BNK-L6-1,NY6-F,10594
CON-013166,LOT-03347,L6,BNK-L6-2,NY6-H,2741
CON-013167,LOT-03347,L6,BNK-L6-3,MB-NA,195
CON-013168,LOT-03347,L6,BNK-L6-4,MB-NS,131
CON-013169,LOT-03348,L6,BNK-L6-1,NY6-F,10704
CON-013170,LOT-03348,L6,BNK-L6-2,NY6-H,2769
CON-013171,LOT-03348,L6,BNK-L6-3,MB-NA,197
CON-013172,LOT-03348,L6,BNK-L6-4,MB-NS,133
CON-013173,LOT-03349,L1,BNK-L1-1,PET-BR,25526
CON-013174,LOT-03349,L1,BNK-L1-2,PET-SD,1298
CON-013175,LOT-03349,L1,BNK-L1-3,MB-AB,397
CON-013176,LOT-03349,L1,BNK-L1-4,MB-SL,267
CON-013177,LOT-03350,L1,BNK-L1-1,PET-BR,25669
CON-013178,LOT-03350,L1,BNK-L1-2,PET-SD,1305
CON-013179,LOT-03350,L1,BNK-L1-3,MB-AB,395
CON-013180,LOT-03350,L1,BNK-L1-4,MB-SL,266
CON-013181,LOT-03351,L2,BNK-L2-1,PET-BR,21624
CON-013182,LOT-03351,L2,BNK-L2-2,PET-RC,3408
CON-013183,LOT-03351,L2,BNK-L2-3,MB-AB,509
CON-013184,LOT-03351,L2,BNK-L2-4,MB-WH,257
CON-013185,LOT-03352,L2,BNK-L2-1,PET-BR,21750
CON-013186,LOT-03352,L2,BNK-L2-2,PET-RC,3428
CON-013187,LOT-03352,L2,BNK-L2-3,MB-AB,512
CON-013188,LOT-03352,L2,BNK-L2-4,MB-WH,259
CON-013189,LOT-03353,L3,BNK-L3-1,PET-BR,10625
CON-013190,LOT-03353,L3,BNK-L3-2,PET-SD,15327
CON-013191,LOT-03354,L3,BNK-L3-1,PET-BR,10686
CON-013192,LOT-03354,L3,BNK-L3-2,PET-SD,15416
CON-013193,LOT-03355,L4,BNK-L4-1,PET-BR,19766
CON-013194,LOT-03355,L4,BNK-L4-2,PET-CO,4208
CON-013195,LOT-03355,L4,BNK-L4-3,MB-WH,364
CON-013196,LOT-03355,L4,BNK-L4-4,MB-UV,236
CON-013197,LOT-03356,L4,BNK-L4-1,PET-BR,19887
CON-013198,LOT-03356,L4,BNK-L4-2,PET-CO,4234
CON-013199,LOT-03356,L4,BNK-L4-3,MB-WH,366
CON-013200,LOT-03356,L4,BNK-L4-4,MB-UV,237
CON-013201,LOT-03357,L5,BNK-L5-1,NY6-F,11269
CON-013202,LOT-03357,L5,BNK-L5-2,NY6-H,3189
CON-013203,LOT-03357,L5,BNK-L5-3,MB-NA,211
CON-013204,LOT-03357,L5,BNK-L5-4,MB-NS,142
CON-013205,LOT-03358,L5,BNK-L5-1,NY6-F,11377
CON-013206,LOT-03358,L5,BNK-L5-2,NY6-H,3219
CON-013207,LOT-03358,L5,BNK-L5-3,MB-NA,213
CON-013208,LOT-03358,L5,BNK-L5-4,MB-NS,144
CON-013209,LOT-03359,L6,BNK-L6-1,NY6-F,11524
CON-013210,LOT-03359,L6,BNK-L6-2,NY6-H,1898
CON-013211,LOT-03359,L6,BNK-L6-3,MB-NA,264
CON-013212,LOT-03359,L6,BNK-L6-4,MB-NS,133
CON-013213,LOT-03360,L6,BNK-L6-1,NY6-F,11642
CON-013214,LOT-03360,L6,BNK-L6-2,NY6-H,1918
CON-013215,LOT-03360,L6,BNK-L6-3,MB-NA,267
CON-013216,LOT-03360,L6,BNK-L6-4,MB-NS,135
CON-013217,LOT-03361,L1,BNK-L1-1,PET-BR,25241
CON-013218,LOT-03361,L1,BNK-L1-2,PET-SD,792
CON-013219,LOT-03361,L1,BNK-L1-3,MB-AB,533
CON-013220,LOT-03361,L1,BNK-L1-4,MB-SL,404
CON-013221,LOT-03362,L1,BNK-L1-1,PET-BR,25382
CON-013222,LOT-03362,L1,BNK-L1-2,PET-SD,797
CON-013223,LOT-03362,L1,BNK-L1-3,MB-AB,536
CON-013224,LOT-03362,L1,BNK-L1-4,MB-SL,406
CON-013225,LOT-03363,L2,BNK-L2-1,PET-BR,20869
CON-013226,LOT-03363,L2,BNK-L2-2,PET-RC,4626
CON-013227,LOT-03363,L2,BNK-L2-3,MB-AB,389
CON-013228,LOT-03363,L2,BNK-L2-4,MB-WH,378
CON-013229,LOT-03364,L2,BNK-L2-1,PET-BR,20990
CON-013230,LOT-03364,L2,BNK-L2-2,PET-RC,4653
CON-013231,LOT-03364,L2,BNK-L2-3,MB-AB,391
CON-013232,LOT-03364,L2,BNK-L2-4,MB-WH,380
CON-013233,LOT-03365,L3,BNK-L3-1,PET-BR,22313
CON-013234,LOT-03365,L3,BNK-L3-2,PET-SD,3090
CON-013235,LOT-03365,L3,BNK-L3-3,MB-SL,520
CON-013236,LOT-03365,L3,BNK-L3-4,MB-UV,252
CON-013237,LOT-03366,L3,BNK-L3-1,PET-BR,22442
CON-013238,LOT-03366,L3,BNK-L3-2,PET-SD,3108
CON-013239,LOT-03366,L3,BNK-L3-3,MB-SL,522
CON-013240,LOT-03366,L3,BNK-L3-4,MB-UV,254
CON-013241,LOT-03367,L4,BNK-L4-1,PET-BR,19402
CON-013242,LOT-03367,L4,BNK-L4-2,PET-CO,4897
CON-013243,LOT-03367,L4,BNK-L4-3,MB-WH,475
CON-013244,LOT-03367,L4,BNK-L4-4,MB-UV,240
CON-013245,LOT-03368,L4,BNK-L4-1,PET-BR,19520
CON-013246,LOT-03368,L4,BNK-L4-2,PET-CO,4927
CON-013247,LOT-03368,L4,BNK-L4-3,MB-WH,478
CON-013248,LOT-03368,L4,BNK-L4-4,MB-UV,241
CON-013249,LOT-03369,L5,BNK-L5-1,NY6-F,12412
CON-013250,LOT-03369,L5,BNK-L5-2,NY6-H,2127
CON-013251,LOT-03369,L5,BNK-L5-3,MB-NA,286
CON-013252,LOT-03369,L5,BNK-L5-4,MB-NS,145
CON-013253,LOT-03370,L5,BNK-L5-1,NY6-F,12530
CON-013254,LOT-03370,L5,BNK-L5-2,NY6-H,2148
CON-013255,LOT-03370,L5,BNK-L5-3,MB-NA,289
CON-013256,LOT-03370,L5,BNK-L5-4,MB-NS,146
CON-013257,LOT-03371,L6,BNK-L6-1,NY6-F,10754
CON-013258,LOT-03371,L6,BNK-L6-2,NY6-H,2465
CON-013259,LOT-03371,L6,BNK-L6-3,MB-NA,202
CON-013260,LOT-03371,L6,BNK-L6-4,MB-NS,204
CON-013261,LOT-03372,L6,BNK-L6-1,NY6-F,10746
CON-013262,LOT-03372,L6,BNK-L6-2,NY6-H,2464
CON-013263,LOT-03372,L6,BNK-L6-3,MB-NA,202
CON-013264,LOT-03372,L6,BNK-L6-4,MB-NS,204
CON-013265,LOT-03373,L1,BNK-L1-1,PET-BR,25422
CON-013266,LOT-03373,L1,BNK-L1-2,PET-SD,1344
CON-013267,LOT-03373,L1,BNK-L1-3,MB-AB,407
CON-013268,LOT-03373,L1,BNK-L1-4,MB-SL,263
CON-013269,LOT-03374,L1,BNK-L1-1,PET-BR,25564
CON-013270,LOT-03374,L1,BNK-L1-2,PET-SD,1352
CON-013271,LOT-03374,L1,BNK-L1-3,MB-AB,409
CON-013272,LOT-03374,L1,BNK-L1-4,MB-SL,265
CON-013273,LOT-03375,L2,BNK-L2-1,PET-BR,21549
CON-013274,LOT-03375,L2,BNK-L2-2,PET-RC,4274
CON-013275,LOT-03375,L2,BNK-L2-3,MB-AB,392
CON-013276,LOT-03375,L2,BNK-L2-4,MB-WH,254
CON-013277,LOT-03376,L2,BNK-L2-1,PET-BR,21673
CON-013278,LOT-03376,L2,BNK-L2-2,PET-RC,4299
CON-013279,LOT-03376,L2,BNK-L2-3,MB-AB,394
CON-013280,LOT-03376,L2,BNK-L2-4,MB-WH,255
CON-013281,LOT-03377,L3,BNK-L3-1,PET-BR,23230
CON-013282,LOT-03377,L3,BNK-L3-2,PET-SD,2621
CON-013283,LOT-03377,L3,BNK-L3-3,MB-SL,509
CON-013284,LOT-03377,L3,BNK-L3-4,MB-UV,257
CON-013285,LOT-03378,L3,BNK-L3-1,PET-BR,23363
CON-013286,LOT-03378,L3,BNK-L3-2,PET-SD,2636
CON-013287,LOT-03378,L3,BNK-L3-3,MB-SL,511
CON-013288,LOT-03378,L3,BNK-L3-4,MB-UV,258
CON-013289,LOT-03379,L4,BNK-L4-1,PET-BR,21113
CON-013290,LOT-03379,L4,BNK-L4-2,PET-CO,3478
CON-013291,LOT-03379,L4,BNK-L4-3,MB-WH,484
CON-013292,LOT-03379,L4,BNK-L4-4,MB-UV,244
CON-013293,LOT-03380,L4,BNK-L4-1,PET-BR,21240
CON-013294,LOT-03380,L4,BNK-L4-2,PET-CO,3499
CON-013295,LOT-03380,L4,BNK-L4-3,MB-WH,487
CON-013296,LOT-03380,L4,BNK-L4-4,MB-UV,246
CON-013297,LOT-03381,L5,BNK-L5-1,NY6-F,11573
CON-013298,LOT-03381,L5,BNK-L5-2,NY6-H,2741
CON-013299,LOT-03381,L5,BNK-L5-3,MB-NA,219
CON-013300,LOT-03381,L5,BNK-L5-4,MB-NS,221
CON-013301,LOT-03382,L5,BNK-L5-1,NY6-F,11683
CON-013302,LOT-03382,L5,BNK-L5-2,NY6-H,2767
CON-013303,LOT-03382,L5,BNK-L5-3,MB-NA,221
CON-013304,LOT-03382,L5,BNK-L5-4,MB-NS,223
CON-013305,LOT-03383,L6,BNK-L6-1,NY6-F,10496
CON-013306,LOT-03383,L6,BNK-L6-2,NY6-H,2818
CON-013307,LOT-03383,L6,BNK-L6-3,MB-NA,271
CON-013308,LOT-03383,L6,BNK-L6-4,MB-NS,132
CON-013309,LOT-03384,L6,BNK-L6-1,NY6-F,10603
CON-013310,LOT-03384,L6,BNK-L6-2,NY6-H,2846
CON-013311,LOT-03384,L6,BNK-L6-3,MB-NA,274
CON-013312,LOT-03384,L6,BNK-L6-4,MB-NS,133
CON-013313,LOT-03385,L1,BNK-L1-1,PET-BR,25885
CON-013314,LOT-03385,L1,BNK-L1-2,PET-SD,1084
CON-013315,LOT-03385,L1,BNK-L1-3,MB-AB,410
CON-013316,LOT-03385,L1,BNK-L1-4,MB-SL,265
CON-013317,LOT-03386,L1,BNK-L1-1,PET-BR,26029
CON-013318,LOT-03386,L1,BNK-L1-2,PET-SD,1090
CON-013319,LOT-03386,L1,BNK-L1-3,MB-AB,412
CON-013320,LOT-03386,L1,BNK-L1-4,MB-SL,267
CON-013321,LOT-03387,L2,BNK-L2-1,PET-BR,20888
CON-013322,LOT-03387,L2,BNK-L2-2,PET-RC,5405
CON-013323,LOT-03387,L2,BNK-L2-3,MB-AB,384
CON-013324,LOT-03387,L2,BNK-L2-4,MB-WH,258
CON-013325,LOT-03388,L2,BNK-L2-1,PET-BR,21008
CON-013326,LOT-03388,L2,BNK-L2-2,PET-RC,5435
CON-013327,LOT-03388,L2,BNK-L2-3,MB-AB,386
CON-013328,LOT-03388,L2,BNK-L2-4,MB-WH,260
CON-013329,LOT-03389,L3,BNK-L3-1,PET-BR,22320
CON-013330,LOT-03389,L3,BNK-L3-2,PET-SD,3848
CON-013331,LOT-03389,L3,BNK-L3-3,MB-SL,518
CON-013332,LOT-03389,L3,BNK-L3-4,MB-UV,261
CON-013333,LOT-03390,L3,BNK-L3-1,PET-BR,22448
CON-013334,LOT-03390,L3,BNK-L3-2,PET-SD,3870
CON-013335,LOT-03390,L3,BNK-L3-3,MB-SL,521
CON-013336,LOT-03390,L3,BNK-L3-4,MB-UV,263
CON-013337,LOT-03391,L4,BNK-L4-1,PET-BR,19831
CON-013338,LOT-03391,L4,BNK-L4-2,PET-CO,4396
CON-013339,LOT-03391,L4,BNK-L4-3,MB-WH,370
CON-013340,LOT-03391,L4,BNK-L4-4,MB-UV,373
CON-013341,LOT-03392,L4,BNK-L4-1,PET-BR,19950
CON-013342,LOT-03392,L4,BNK-L4-2,PET-CO,4422
CON-013343,LOT-03392,L4,BNK-L4-3,MB-WH,372
CON-013344,LOT-03392,L4,BNK-L4-4,MB-UV,375
CON-013345,LOT-03393,L5,BNK-L5-1,NY6-F,11482
CON-013346,LOT-03393,L5,BNK-L5-2,NY6-H,3082
CON-013347,LOT-03393,L5,BNK-L5-3,MB-NA,296
CON-013348,LOT-03393,L5,BNK-L5-4,MB-NS,144
CON-013349,LOT-03394,L5,BNK-L5-1,NY6-F,11466
CON-013350,LOT-03394,L5,BNK-L5-2,NY6-H,3078
CON-013351,LOT-03394,L5,BNK-L5-3,MB-NA,296
CON-013352,LOT-03394,L5,BNK-L5-4,MB-NS,144
CON-013353,LOT-03395,L6,BNK-L6-1,NY6-F,11114
CON-013354,LOT-03395,L6,BNK-L6-2,NY6-H,2366
CON-013355,LOT-03395,L6,BNK-L6-3,MB-NA,205
CON-013356,LOT-03395,L6,BNK-L6-4,MB-NS,133
CON-013357,LOT-03396,L6,BNK-L6-1,NY6-F,11227
CON-013358,LOT-03396,L6,BNK-L6-2,NY6-H,2390
CON-013359,LOT-03396,L6,BNK-L6-3,MB-NA,207
CON-013360,LOT-03396,L6,BNK-L6-4,MB-NS,134
CON-013361,LOT-03397,L1,BNK-L1-1,PET-BR,26339
CON-013362,LOT-03397,L1,BNK-L1-2,PET-SD,827
CON-013363,LOT-03397,L1,BNK-L1-3,MB-AB,535
CON-013364,LOT-03397,L1,BNK-L1-4,MB-SL,270
CON-013365,LOT-03398,L1,BNK-L1-1,PET-BR,26484
CON-013366,LOT-03398,L1,BNK-L1-2,PET-SD,831
CON-013367,LOT-03398,L1,BNK-L1-3,MB-AB,538
CON-013368,LOT-03398,L1,BNK-L1-4,MB-SL,272
CON-013369,LOT-03399,L2,BNK-L2-1,PET-BR,20726
CON-013370,LOT-03399,L2,BNK-L2-2,PET-RC,5806
CON-013371,LOT-03399,L2,BNK-L2-3,MB-AB,391
CON-013372,LOT-03399,L2,BNK-L2-4,MB-WH,263
CON-013373,LOT-03400,L2,BNK-L2-1,PET-BR,20843
CON-013374,LOT-03400,L2,BNK-L2-2,PET-RC,5839
CON-013375,LOT-03400,L2,BNK-L2-3,MB-AB,393
CON-013376,LOT-03400,L2,BNK-L2-4,MB-WH,264
CON-013377,LOT-03401,L3,BNK-L3-1,PET-BR,23271
CON-013378,LOT-03401,L3,BNK-L3-2,PET-SD,2481
CON-013379,LOT-03401,L3,BNK-L3-3,MB-SL,527
CON-013380,LOT-03401,L3,BNK-L3-4,MB-UV,399
CON-013381,LOT-03402,L3,BNK-L3-1,PET-BR,23404
CON-013382,LOT-03402,L3,BNK-L3-2,PET-SD,2495
CON-013383,LOT-03402,L3,BNK-L3-3,MB-SL,530
CON-013384,LOT-03402,L3,BNK-L3-4,MB-UV,401
CON-013385,LOT-03403,L4,BNK-L4-1,PET-BR,19208
CON-013386,LOT-03403,L4,BNK-L4-2,PET-CO,5470
CON-013387,LOT-03403,L4,BNK-L4-3,MB-WH,502
CON-013388,LOT-03403,L4,BNK-L4-4,MB-UV,244
CON-013389,LOT-03404,L4,BNK-L4-1,PET-BR,19116
CON-013390,LOT-03404,L4,BNK-L4-2,PET-CO,5445
CON-013391,LOT-03404,L4,BNK-L4-3,MB-WH,505
CON-013392,LOT-03404,L4,BNK-L4-4,MB-UV,245
CON-013393,LOT-03405,L5,BNK-L5-1,NY6-F,11877
CON-013394,LOT-03405,L5,BNK-L5-2,NY6-H,2706
CON-013395,LOT-03405,L5,BNK-L5-3,MB-NA,222
CON-013396,LOT-03405,L5,BNK-L5-4,MB-NS,143
CON-013397,LOT-03406,L5,BNK-L5-1,NY6-F,11989
CON-013398,LOT-03406,L5,BNK-L5-2,NY6-H,2731
CON-013399,LOT-03406,L5,BNK-L5-3,MB-NA,224
CON-013400,LOT-03406,L5,BNK-L5-4,MB-NS,145
CON-013401,LOT-03407,L6,BNK-L6-1,NY6-F,10903
CON-013402,LOT-03407,L6,BNK-L6-2,NY6-H,2821
CON-013403,LOT-03407,L6,BNK-L6-3,MB-NA,200
CON-013404,LOT-03407,L6,BNK-L6-4,MB-NS,135
CON-013405,LOT-03408,L6,BNK-L6-1,NY6-F,11012
CON-013406,LOT-03408,L6,BNK-L6-2,NY6-H,2849
CON-013407,LOT-03408,L6,BNK-L6-3,MB-NA,202
CON-013408,LOT-03408,L6,BNK-L6-4,MB-NS,136
CON-013409,LOT-03409,L1,BNK-L1-1,PET-BR,25302
CON-013410,LOT-03409,L1,BNK-L1-2,PET-SD,1286
CON-013411,LOT-03409,L1,BNK-L1-3,MB-AB,389
CON-013412,LOT-03409,L1,BNK-L1-4,MB-SL,262
CON-013413,LOT-03410,L1,BNK-L1-1,PET-BR,25445
CON-013414,LOT-03410,L1,BNK-L1-2,PET-SD,1294
CON-013415,LOT-03410,L1,BNK-L1-3,MB-AB,392
CON-013416,LOT-03410,L1,BNK-L1-4,MB-SL,264
CON-013417,LOT-03411,L2,BNK-L2-1,PET-BR,21425
CON-013418,LOT-03411,L2,BNK-L2-2,PET-RC,3377
CON-013419,LOT-03411,L2,BNK-L2-3,MB-AB,505
CON-013420,LOT-03411,L2,BNK-L2-4,MB-WH,255
CON-013421,LOT-03412,L2,BNK-L2-1,PET-BR,21551
CON-013422,LOT-03412,L2,BNK-L2-2,PET-RC,3397
CON-013423,LOT-03412,L2,BNK-L2-3,MB-AB,508
CON-013424,LOT-03412,L2,BNK-L2-4,MB-WH,256
CON-013425,LOT-03413,L3,BNK-L3-1,PET-BR,10526
CON-013426,LOT-03413,L3,BNK-L3-2,PET-SD,15184
CON-013427,LOT-03414,L3,BNK-L3-1,PET-BR,10588
CON-013428,LOT-03414,L3,BNK-L3-2,PET-SD,15273
CON-013429,LOT-03415,L4,BNK-L4-1,PET-BR,19355
CON-013430,LOT-03415,L4,BNK-L4-2,PET-CO,4121
CON-013431,LOT-03415,L4,BNK-L4-3,MB-WH,360
CON-013432,LOT-03415,L4,BNK-L4-4,MB-UV,233
CON-013433,LOT-03416,L4,BNK-L4-1,PET-BR,19476
CON-013434,LOT-03416,L4,BNK-L4-2,PET-CO,4147
CON-013435,LOT-03416,L4,BNK-L4-3,MB-WH,359
CON-013436,LOT-03416,L4,BNK-L4-4,MB-UV,232
CON-013437,LOT-03417,L5,BNK-L5-1,NY6-F,11058
CON-013438,LOT-03417,L5,BNK-L5-2,NY6-H,3129
CON-013439,LOT-03417,L5,BNK-L5-3,MB-NA,207
CON-013440,LOT-03417,L5,BNK-L5-4,MB-NS,139
CON-013441,LOT-03418,L5,BNK-L5-1,NY6-F,11166
CON-013442,LOT-03418,L5,BNK-L5-2,NY6-H,3160
CON-013443,LOT-03418,L5,BNK-L5-3,MB-NA,209
CON-013444,LOT-03418,L5,BNK-L5-4,MB-NS,141
CON-013445,LOT-03419,L6,BNK-L6-1,NY6-F,11298
CON-013446,LOT-03419,L6,BNK-L6-2,NY6-H,1861
CON-013447,LOT-03419,L6,BNK-L6-3,MB-NA,259
CON-013448,LOT-03419,L6,BNK-L6-4,MB-NS,131
CON-013449,LOT-03420,L6,BNK-L6-1,NY6-F,11415
CON-013450,LOT-03420,L6,BNK-L6-2,NY6-H,1880
CON-013451,LOT-03420,L6,BNK-L6-3,MB-NA,262
CON-013452,LOT-03420,L6,BNK-L6-4,MB-NS,132
CON-013453,LOT-03421,L1,BNK-L1-1,PET-BR,25025
CON-013454,LOT-03421,L1,BNK-L1-2,PET-SD,786
CON-013455,LOT-03421,L1,BNK-L1-3,MB-AB,528
CON-013456,LOT-03421,L1,BNK-L1-4,MB-SL,400
CON-013457,LOT-03422,L1,BNK-L1-1,PET-BR,25166
CON-013458,LOT-03422,L1,BNK-L1-2,PET-SD,790
CON-013459,LOT-03422,L1,BNK-L1-3,MB-AB,531
CON-013460,LOT-03422,L1,BNK-L1-4,MB-SL,402
CON-013461,LOT-03423,L2,BNK-L2-1,PET-BR,20678
CON-013462,LOT-03423,L2,BNK-L2-2,PET-RC,4583
CON-013463,LOT-03423,L2,BNK-L2-3,MB-AB,385
CON-013464,LOT-03423,L2,BNK-L2-4,MB-WH,374
CON-013465,LOT-03424,L2,BNK-L2-1,PET-BR,20799
CON-013466,LOT-03424,L2,BNK-L2-2,PET-RC,4610
CON-013467,LOT-03424,L2,BNK-L2-3,MB-AB,388
CON-013468,LOT-03424,L2,BNK-L2-4,MB-WH,376
CON-013469,LOT-03425,L3,BNK-L3-1,PET-BR,22108
CON-013470,LOT-03425,L3,BNK-L3-2,PET-SD,3062
CON-013471,LOT-03425,L3,BNK-L3-3,MB-SL,515
CON-013472,LOT-03425,L3,BNK-L3-4,MB-UV,250
CON-013473,LOT-03426,L3,BNK-L3-1,PET-BR,21999
CON-013474,LOT-03426,L3,BNK-L3-2,PET-SD,3047
CON-013475,LOT-03426,L3,BNK-L3-3,MB-SL,518
CON-013476,LOT-03426,L3,BNK-L3-4,MB-UV,251
CON-013477,LOT-03427,L4,BNK-L4-1,PET-BR,19002
CON-013478,LOT-03427,L4,BNK-L4-2,PET-CO,4797
CON-013479,LOT-03427,L4,BNK-L4-3,MB-WH,465
CON-013480,LOT-03427,L4,BNK-L4-4,MB-UV,235
CON-013481,LOT-03428,L4,BNK-L4-1,PET-BR,19119
CON-013482,LOT-03428,L4,BNK-L4-2,PET-CO,4826
CON-013483,LOT-03428,L4,BNK-L4-3,MB-WH,468
CON-013484,LOT-03428,L4,BNK-L4-4,MB-UV,236
CON-013485,LOT-03429,L5,BNK-L5-1,NY6-F,12182
CON-013486,LOT-03429,L5,BNK-L5-2,NY6-H,2088
CON-013487,LOT-03429,L5,BNK-L5-3,MB-NA,281
CON-013488,LOT-03429,L5,BNK-L5-4,MB-NS,142
CON-013489,LOT-03430,L5,BNK-L5-1,NY6-F,12299
CON-013490,LOT-03430,L5,BNK-L5-2,NY6-H,2108
CON-013491,LOT-03430,L5,BNK-L5-3,MB-NA,284
CON-013492,LOT-03430,L5,BNK-L5-4,MB-NS,143
CON-013493,LOT-03431,L6,BNK-L6-1,NY6-F,10542
CON-013494,LOT-03431,L6,BNK-L6-2,NY6-H,2417
CON-013495,LOT-03431,L6,BNK-L6-3,MB-NA,198
CON-013496,LOT-03431,L6,BNK-L6-4,MB-NS,200
CON-013497,LOT-03432,L6,BNK-L6-1,NY6-F,10652
CON-013498,LOT-03432,L6,BNK-L6-2,NY6-H,2442
CON-013499,LOT-03432,L6,BNK-L6-3,MB-NA,200
CON-013500,LOT-03432,L6,BNK-L6-4,MB-NS,202
CON-013501,LOT-03433,L1,BNK-L1-1,PET-BR,25205
CON-013502,LOT-03433,L1,BNK-L1-2,PET-SD,1333
CON-013503,LOT-03433,L1,BNK-L1-3,MB-AB,403
CON-013504,LOT-03433,L1,BNK-L1-4,MB-SL,261
CON-013505,LOT-03434,L1,BNK-L1-1,PET-BR,25347
CON-013506,LOT-03434,L1,BNK-L1-2,PET-SD,1340
CON-013507,LOT-03434,L1,BNK-L1-3,MB-AB,406
CON-013508,LOT-03434,L1,BNK-L1-4,MB-SL,263
CON-013509,LOT-03435,L2,BNK-L2-1,PET-BR,21353
CON-013510,LOT-03435,L2,BNK-L2-2,PET-RC,4235
CON-013511,LOT-03435,L2,BNK-L2-3,MB-AB,388
CON-013512,LOT-03435,L2,BNK-L2-4,MB-WH,251
CON-013513,LOT-03436,L2,BNK-L2-1,PET-BR,21478
CON-013514,LOT-03436,L2,BNK-L2-2,PET-RC,4260
CON-013515,LOT-03436,L2,BNK-L2-3,MB-AB,391
CON-013516,LOT-03436,L2,BNK-L2-4,MB-WH,253
CON-013517,LOT-03437,L3,BNK-L3-1,PET-BR,22774
CON-013518,LOT-03437,L3,BNK-L3-2,PET-SD,2569
CON-013519,LOT-03437,L3,BNK-L3-3,MB-SL,504
CON-013520,LOT-03437,L3,BNK-L3-4,MB-UV,254
CON-013521,LOT-03438,L3,BNK-L3-1,PET-BR,22906
CON-013522,LOT-03438,L3,BNK-L3-2,PET-SD,2584
CON-013523,LOT-03438,L3,BNK-L3-3,MB-SL,501
CON-013524,LOT-03438,L3,BNK-L3-4,MB-UV,253
CON-013525,LOT-03439,L4,BNK-L4-1,PET-BR,20681
CON-013526,LOT-03439,L4,BNK-L4-2,PET-CO,3406
CON-013527,LOT-03439,L4,BNK-L4-3,MB-WH,474
CON-013528,LOT-03439,L4,BNK-L4-4,MB-UV,239
CON-013529,LOT-03440,L4,BNK-L4-1,PET-BR,20807
CON-013530,LOT-03440,L4,BNK-L4-2,PET-CO,3427
CON-013531,LOT-03440,L4,BNK-L4-3,MB-WH,477
CON-013532,LOT-03440,L4,BNK-L4-4,MB-UV,241
CON-013533,LOT-03441,L5,BNK-L5-1,NY6-F,11357
CON-013534,LOT-03441,L5,BNK-L5-2,NY6-H,2690
CON-013535,LOT-03441,L5,BNK-L5-3,MB-NA,214
CON-013536,LOT-03441,L5,BNK-L5-4,MB-NS,217
CON-013537,LOT-03442,L5,BNK-L5-1,NY6-F,11467
CON-013538,LOT-03442,L5,BNK-L5-2,NY6-H,2716
CON-013539,LOT-03442,L5,BNK-L5-3,MB-NA,217
CON-013540,LOT-03442,L5,BNK-L5-4,MB-NS,219
CON-013541,LOT-03443,L6,BNK-L6-1,NY6-F,10403
CON-013542,LOT-03443,L6,BNK-L6-2,NY6-H,2792
CON-013543,LOT-03443,L6,BNK-L6-3,MB-NA,269
CON-013544,LOT-03443,L6,BNK-L6-4,MB-NS,130
CON-013545,LOT-03444,L6,BNK-L6-1,NY6-F,10510
CON-013546,LOT-03444,L6,BNK-L6-2,NY6-H,2821
CON-013547,LOT-03444,L6,BNK-L6-3,MB-NA,271
CON-013548,LOT-03444,L6,BNK-L6-4,MB-NS,132
CON-013549,LOT-03445,L1,BNK-L1-1,PET-BR,25667
CON-013550,LOT-03445,L1,BNK-L1-2,PET-SD,1074
CON-013551,LOT-03445,L1,BNK-L1-3,MB-AB,406
CON-013552,LOT-03445,L1,BNK-L1-4,MB-SL,263
CON-013553,LOT-03446,L1,BNK-L1-1,PET-BR,25811
CON-013554,LOT-03446,L1,BNK-L1-2,PET-SD,1080
CON-013555,LOT-03446,L1,BNK-L1-3,MB-AB,409
CON-013556,LOT-03446,L1,BNK-L1-4,MB-SL,265
CON-013557,LOT-03447,L2,BNK-L2-1,PET-BR,20700
CON-013558,LOT-03447,L2,BNK-L2-2,PET-RC,5356
CON-013559,LOT-03447,L2,BNK-L2-3,MB-AB,380
CON-013560,LOT-03447,L2,BNK-L2-4,MB-WH,256
CON-013561,LOT-03448,L2,BNK-L2-1,PET-BR,20598
CON-013562,LOT-03448,L2,BNK-L2-2,PET-RC,5330
CON-013563,LOT-03448,L2,BNK-L2-3,MB-AB,382
CON-013564,LOT-03448,L2,BNK-L2-4,MB-WH,257
CON-013565,LOT-03449,L3,BNK-L3-1,PET-BR,21886
CON-013566,LOT-03449,L3,BNK-L3-2,PET-SD,3773
CON-013567,LOT-03449,L3,BNK-L3-3,MB-SL,508
CON-013568,LOT-03449,L3,BNK-L3-4,MB-UV,256
CON-013569,LOT-03450,L3,BNK-L3-1,PET-BR,22012
CON-013570,LOT-03450,L3,BNK-L3-2,PET-SD,3794
CON-013571,LOT-03450,L3,BNK-L3-3,MB-SL,510
CON-013572,LOT-03450,L3,BNK-L3-4,MB-UV,258
CON-013573,LOT-03451,L4,BNK-L4-1,PET-BR,19424
CON-013574,LOT-03451,L4,BNK-L4-2,PET-CO,4306
CON-013575,LOT-03451,L4,BNK-L4-3,MB-WH,362
CON-013576,LOT-03451,L4,BNK-L4-4,MB-UV,366
CON-013577,LOT-03452,L4,BNK-L4-1,PET-BR,19543
CON-013578,LOT-03452,L4,BNK-L4-2,PET-CO,4332
CON-013579,LOT-03452,L4,BNK-L4-3,MB-WH,364
CON-013580,LOT-03452,L4,BNK-L4-4,MB-UV,368
CON-013581,LOT-03453,L5,BNK-L5-1,NY6-F,11270
CON-013582,LOT-03453,L5,BNK-L5-2,NY6-H,3025
CON-013583,LOT-03453,L5,BNK-L5-3,MB-NA,291
CON-013584,LOT-03453,L5,BNK-L5-4,MB-NS,141
CON-013585,LOT-03454,L5,BNK-L5-1,NY6-F,11378
CON-013586,LOT-03454,L5,BNK-L5-2,NY6-H,3054
CON-013587,LOT-03454,L5,BNK-L5-3,MB-NA,294
CON-013588,LOT-03454,L5,BNK-L5-4,MB-NS,143
CON-013589,LOT-03455,L6,BNK-L6-1,NY6-F,11017
CON-013590,LOT-03455,L6,BNK-L6-2,NY6-H,2346
CON-013591,LOT-03455,L6,BNK-L6-3,MB-NA,203
CON-013592,LOT-03455,L6,BNK-L6-4,MB-NS,131
CON-013593,LOT-03456,L6,BNK-L6-1,NY6-F,11129
CON-013594,LOT-03456,L6,BNK-L6-2,NY6-H,2369
CON-013595,LOT-03456,L6,BNK-L6-3,MB-NA,205
CON-013596,LOT-03456,L6,BNK-L6-4,MB-NS,133
CON-013597,LOT-03457,L1,BNK-L1-1,PET-BR,26118
CON-013598,LOT-03457,L1,BNK-L1-2,PET-SD,820
CON-013599,LOT-03457,L1,BNK-L1-3,MB-AB,530
CON-013600,LOT-03457,L1,BNK-L1-4,MB-SL,268
CON-013601,LOT-03458,L1,BNK-L1-1,PET-BR,26263
CON-013602,LOT-03458,L1,BNK-L1-2,PET-SD,824
CON-013603,LOT-03458,L1,BNK-L1-3,MB-AB,533
CON-013604,LOT-03458,L1,BNK-L1-4,MB-SL,269
CON-013605,LOT-03459,L2,BNK-L2-1,PET-BR,20324
CON-013606,LOT-03459,L2,BNK-L2-2,PET-RC,5693
CON-013607,LOT-03459,L2,BNK-L2-3,MB-AB,387
CON-013608,LOT-03459,L2,BNK-L2-4,MB-WH,261
CON-013609,LOT-03460,L2,BNK-L2-1,PET-BR,20440
CON-013610,LOT-03460,L2,BNK-L2-2,PET-RC,5726
CON-013611,LOT-03460,L2,BNK-L2-3,MB-AB,385
CON-013612,LOT-03460,L2,BNK-L2-4,MB-WH,259
CON-013613,LOT-03461,L3,BNK-L3-1,PET-BR,22816
CON-013614,LOT-03461,L3,BNK-L3-2,PET-SD,2432
CON-013615,LOT-03461,L3,BNK-L3-3,MB-SL,517
CON-013616,LOT-03461,L3,BNK-L3-4,MB-UV,391
CON-013617,LOT-03462,L3,BNK-L3-1,PET-BR,22948
CON-013618,LOT-03462,L3,BNK-L3-2,PET-SD,2446
CON-013619,LOT-03462,L3,BNK-L3-3,MB-SL,520
CON-013620,LOT-03462,L3,BNK-L3-4,MB-UV,393
CON-013621,LOT-03463,L4,BNK-L4-1,PET-BR,18817
CON-013622,LOT-03463,L4,BNK-L4-2,PET-CO,5360
CON-013623,LOT-03463,L4,BNK-L4-3,MB-WH,491
CON-013624,LOT-03463,L4,BNK-L4-4,MB-UV,239
CON-013625,LOT-03464,L4,BNK-L4-1,PET-BR,18931
CON-013626,LOT-03464,L4,BNK-L4-2,PET-CO,5392
CON-013627,LOT-03464,L4,BNK-L4-3,MB-WH,494
CON-013628,LOT-03464,L4,BNK-L4-4,MB-UV,240
CON-013629,LOT-03465,L5,BNK-L5-1,NY6-F,11785
CON-013630,LOT-03465,L5,BNK-L5-2,NY6-H,2685
CON-013631,LOT-03465,L5,BNK-L5-3,MB-NA,220
CON-013632,LOT-03465,L5,BNK-L5-4,MB-NS,142
CON-013633,LOT-03466,L5,BNK-L5-1,NY6-F,11897
CON-013634,LOT-03466,L5,BNK-L5-2,NY6-H,2710
CON-013635,LOT-03466,L5,BNK-L5-3,MB-NA,222
CON-013636,LOT-03466,L5,BNK-L5-4,MB-NS,144
CON-013637,LOT-03467,L6,BNK-L6-1,NY6-F,10807
CON-013638,LOT-03467,L6,BNK-L6-2,NY6-H,2796
CON-013639,LOT-03467,L6,BNK-L6-3,MB-NA,199
CON-013640,LOT-03467,L6,BNK-L6-4,MB-NS,134
CON-013641,LOT-03468,L6,BNK-L6-1,NY6-F,10917
CON-013642,LOT-03468,L6,BNK-L6-2,NY6-H,2824
CON-013643,LOT-03468,L6,BNK-L6-3,MB-NA,201
CON-013644,LOT-03468,L6,BNK-L6-4,MB-NS,135
CON-013645,LOT-03469,L1,BNK-L1-1,PET-BR,26297
CON-013646,LOT-03469,L1,BNK-L1-2,PET-SD,1337
CON-013647,LOT-03469,L1,BNK-L1-3,MB-AB,405
CON-013648,LOT-03469,L1,BNK-L1-4,MB-SL,272
CON-013649,LOT-03470,L1,BNK-L1-1,PET-BR,26164
CON-013650,LOT-03470,L1,BNK-L1-2,PET-SD,1330
CON-013651,LOT-03470,L1,BNK-L1-3,MB-AB,407
CON-013652,LOT-03470,L1,BNK-L1-4,MB-SL,274
CON-013653,LOT-03471,L2,BNK-L2-1,PET-BR,22059
CON-013654,LOT-03471,L2,BNK-L2-2,PET-RC,3477
CON-013655,LOT-03471,L2,BNK-L2-3,MB-AB,520
CON-013656,LOT-03471,L2,BNK-L2-4,MB-WH,262
CON-013657,LOT-03472,L2,BNK-L2-1,PET-BR,22186
CON-013658,LOT-03472,L2,BNK-L2-2,PET-RC,3497
CON-013659,LOT-03472,L2,BNK-L2-3,MB-AB,523
CON-013660,LOT-03472,L2,BNK-L2-4,MB-WH,264
CON-013661,LOT-03473,L3,BNK-L3-1,PET-BR,10839
CON-013662,LOT-03473,L3,BNK-L3-2,PET-SD,15636
CON-013663,LOT-03474,L3,BNK-L3-1,PET-BR,10901
CON-013664,LOT-03474,L3,BNK-L3-2,PET-SD,15725
CON-013665,LOT-03475,L4,BNK-L4-1,PET-BR,20191
CON-013666,LOT-03475,L4,BNK-L4-2,PET-CO,4299
CON-013667,LOT-03475,L4,BNK-L4-3,MB-WH,372
CON-013668,LOT-03475,L4,BNK-L4-4,MB-UV,241
CON-013669,LOT-03476,L4,BNK-L4-1,PET-BR,20313
CON-013670,LOT-03476,L4,BNK-L4-2,PET-CO,4325
CON-013671,LOT-03476,L4,BNK-L4-3,MB-WH,374
CON-013672,LOT-03476,L4,BNK-L4-4,MB-UV,242
CON-013673,LOT-03477,L5,BNK-L5-1,NY6-F,11476
CON-013674,LOT-03477,L5,BNK-L5-2,NY6-H,3248
CON-013675,LOT-03477,L5,BNK-L5-3,MB-NA,215
CON-013676,LOT-03477,L5,BNK-L5-4,MB-NS,145
CON-013677,LOT-03478,L5,BNK-L5-1,NY6-F,11585
CON-013678,LOT-03478,L5,BNK-L5-2,NY6-H,3278
CON-013679,LOT-03478,L5,BNK-L5-3,MB-NA,217
CON-013680,LOT-03478,L5,BNK-L5-4,MB-NS,146
CON-013681,LOT-03479,L6,BNK-L6-1,NY6-F,11753
CON-013682,LOT-03479,L6,BNK-L6-2,NY6-H,1936
CON-013683,LOT-03479,L6,BNK-L6-3,MB-NA,270
CON-013684,LOT-03479,L6,BNK-L6-4,MB-NS,136
CON-013685,LOT-03480,L6,BNK-L6-1,NY6-F,11872
CON-013686,LOT-03480,L6,BNK-L6-2,NY6-H,1955
CON-013687,LOT-03480,L6,BNK-L6-3,MB-NA,272
CON-013688,LOT-03480,L6,BNK-L6-4,MB-NS,138
CON-013689,LOT-03481,L2,BNK-L2-1,PET-BR,21244
CON-013690,LOT-03481,L2,BNK-L2-2,PET-RC,4709
CON-013691,LOT-03481,L2,BNK-L2-3,MB-AB,400
CON-013692,LOT-03481,L2,BNK-L2-4,MB-WH,389
CON-013693,LOT-03482,L2,BNK-L2-1,PET-BR,21365
CON-013694,LOT-03482,L2,BNK-L2-2,PET-RC,4736
CON-013695,LOT-03482,L2,BNK-L2-3,MB-AB,398
CON-013696,LOT-03482,L2,BNK-L2-4,MB-WH,387
CON-013697,LOT-03483,L3,BNK-L3-1,PET-BR,22714
CON-013698,LOT-03483,L3,BNK-L3-2,PET-SD,3146
CON-013699,LOT-03483,L3,BNK-L3-3,MB-SL,529
CON-013700,LOT-03483,L3,BNK-L3-4,MB-UV,257
CON-013701,LOT-03484,L3,BNK-L3-1,PET-BR,22843
CON-013702,LOT-03484,L3,BNK-L3-2,PET-SD,3164
CON-013703,LOT-03484,L3,BNK-L3-3,MB-SL,532
CON-013704,LOT-03484,L3,BNK-L3-4,MB-UV,258
CON-013705,LOT-03485,L4,BNK-L4-1,PET-BR,19777
CON-013706,LOT-03485,L4,BNK-L4-2,PET-CO,4992
CON-013707,LOT-03485,L4,BNK-L4-3,MB-WH,484
CON-013708,LOT-03485,L4,BNK-L4-4,MB-UV,245
CON-013709,LOT-03486,L4,BNK-L4-1,PET-BR,19895
CON-013710,LOT-03486,L4,BNK-L4-2,PET-CO,5022
CON-013711,LOT-03486,L4,BNK-L4-3,MB-WH,487
CON-013712,LOT-03486,L4,BNK-L4-4,MB-UV,246
CON-013713,LOT-03487,L5,BNK-L5-1,NY6-F,12615
CON-013714,LOT-03487,L5,BNK-L5-2,NY6-H,2162
CON-013715,LOT-03487,L5,BNK-L5-3,MB-NA,291
CON-013716,LOT-03487,L5,BNK-L5-4,MB-NS,147
CON-013717,LOT-03488,L5,BNK-L5-1,NY6-F,12733
CON-013718,LOT-03488,L5,BNK-L5-2,NY6-H,2182
CON-013719,LOT-03488,L5,BNK-L5-3,MB-NA,294
CON-013720,LOT-03488,L5,BNK-L5-4,MB-NS,148
CON-013721,LOT-03489,L6,BNK-L6-1,NY6-F,10945
CON-013722,LOT-03489,L6,BNK-L6-2,NY6-H,2509
CON-013723,LOT-03489,L6,BNK-L6-3,MB-NA,205
CON-013724,LOT-03489,L6,BNK-L6-4,MB-NS,207
CON-013725,LOT-03490,L6,BNK-L6-1,NY6-F,11055
CON-013726,LOT-03490,L6,BNK-L6-2,NY6-H,2534
CON-013727,LOT-03490,L6,BNK-L6-3,MB-NA,207
CON-013728,LOT-03490,L6,BNK-L6-4,MB-NS,209
CON-013729,LOT-03491,L1,BNK-L1-1,PET-BR,24937
CON-013730,LOT-03491,L1,BNK-L1-2,PET-SD,1318
CON-013731,LOT-03491,L1,BNK-L1-3,MB-AB,399
CON-013732,LOT-03491,L1,BNK-L1-4,MB-SL,258
CON-013733,LOT-03492,L1,BNK-L1-1,PET-BR,24810
CON-013734,LOT-03492,L1,BNK-L1-2,PET-SD,1312
CON-013735,LOT-03492,L1,BNK-L1-3,MB-AB,401
CON-013736,LOT-03492,L1,BNK-L1-4,MB-SL,260
CON-013737,LOT-03493,L3,BNK-L3-1,PET-BR,22475
CON-013738,LOT-03493,L3,BNK-L3-2,PET-SD,2536
CON-013739,LOT-03493,L3,BNK-L3-3,MB-SL,492
CON-013740,LOT-03493,L3,BNK-L3-4,MB-UV,248
CON-013741,LOT-03494,L3,BNK-L3-1,PET-BR,22607
CON-013742,LOT-03494,L3,BNK-L3-2,PET-SD,2551
CON-013743,LOT-03494,L3,BNK-L3-3,MB-SL,495
CON-013744,LOT-03494,L3,BNK-L3-4,MB-UV,250
CON-013745,LOT-03495,L4,BNK-L4-1,PET-BR,20390
CON-013746,LOT-03495,L4,BNK-L4-2,PET-CO,3358
CON-013747,LOT-03495,L4,BNK-L4-3,MB-WH,467
CON-013748,LOT-03495,L4,BNK-L4-4,MB-UV,236
CON-013749,LOT-03496,L4,BNK-L4-1,PET-BR,20516
CON-013750,LOT-03496,L4,BNK-L4-2,PET-CO,3379
CON-013751,LOT-03496,L4,BNK-L4-3,MB-WH,470
CON-013752,LOT-03496,L4,BNK-L4-4,MB-UV,237
CON-013753,LOT-03497,L5,BNK-L5-1,NY6-F,11221
CON-013754,LOT-03497,L5,BNK-L5-2,NY6-H,2658
CON-013755,LOT-03497,L5,BNK-L5-3,MB-NA,212
CON-013756,LOT-03497,L5,BNK-L5-4,MB-NS,214
CON-013757,LOT-03498,L5,BNK-L5-1,NY6-F,11331
CON-013758,LOT-03498,L5,BNK-L5-2,NY6-H,2684
CON-013759,LOT-03498,L5,BNK-L5-3,MB-NA,214
CON-013760,LOT-03498,L5,BNK-L5-4,MB-NS,216
CON-013761,LOT-03499,L6,BNK-L6-1,NY6-F,10268
CON-013762,LOT-03499,L6,BNK-L6-2,NY6-H,2756
CON-013763,LOT-03499,L6,BNK-L6-3,MB-NA,265
CON-013764,LOT-03499,L6,BNK-L6-4,MB-NS,129
CON-013765,LOT-03500,L6,BNK-L6-1,NY6-F,10375
CON-013766,LOT-03500,L6,BNK-L6-2,NY6-H,2785
CON-013767,LOT-03500,L6,BNK-L6-3,MB-NA,268
CON-013768,LOT-03500,L6,BNK-L6-4,MB-NS,130
CON-013769,LOT-03501,L1,BNK-L1-1,PET-BR,25346
CON-013770,LOT-03501,L1,BNK-L1-2,PET-SD,1061
CON-013771,LOT-03501,L1,BNK-L1-3,MB-AB,401
CON-013772,LOT-03501,L1,BNK-L1-4,MB-SL,260
CON-013773,LOT-03502,L1,BNK-L1-1,PET-BR,25490
CON-013774,LOT-03502,L1,BNK-L1-2,PET-SD,1067
CON-013775,LOT-03502,L1,BNK-L1-3,MB-AB,404
CON-013776,LOT-03502,L1,BNK-L1-4,MB-SL,261
CON-013777,LOT-03503,L2,BNK-L2-1,PET-BR,20213
CON-013778,LOT-03503,L2,BNK-L2-2,PET-RC,5230
CON-013779,LOT-03503,L2,BNK-L2-3,MB-AB,375
CON-013780,LOT-03503,L2,BNK-L2-4,MB-WH,253
CON-013781,LOT-03504,L2,BNK-L2-1,PET-BR,20331
CON-013782,LOT-03504,L2,BNK-L2-2,PET-RC,5261
CON-013783,LOT-03504,L2,BNK-L2-3,MB-AB,373
CON-013784,LOT-03504,L2,BNK-L2-4,MB-WH,251
CON-013785,LOT-03505,L4,BNK-L4-1,PET-BR,19116
CON-013786,LOT-03505,L4,BNK-L4-2,PET-CO,4238
CON-013787,LOT-03505,L4,BNK-L4-3,MB-WH,356
CON-013788,LOT-03505,L4,BNK-L4-4,MB-UV,360
CON-013789,LOT-03506,L4,BNK-L4-1,PET-BR,19234
CON-013790,LOT-03506,L4,BNK-L4-2,PET-CO,4264
CON-013791,LOT-03506,L4,BNK-L4-3,MB-WH,358
CON-013792,LOT-03506,L4,BNK-L4-4,MB-UV,362
CON-013793,LOT-03507,L5,BNK-L5-1,NY6-F,11114
CON-013794,LOT-03507,L5,BNK-L5-2,NY6-H,2983
CON-013795,LOT-03507,L5,BNK-L5-3,MB-NA,287
CON-013796,LOT-03507,L5,BNK-L5-4,MB-NS,139
CON-013797,LOT-03508,L5,BNK-L5-1,NY6-F,11222
CON-013798,LOT-03508,L5,BNK-L5-2,NY6-H,3012
CON-013799,LOT-03508,L5,BNK-L5-3,MB-NA,290
CON-013800,LOT-03508,L5,BNK-L5-4,MB-NS,141
CON-013801,LOT-03509,L6,BNK-L6-1,NY6-F,10853
CON-013802,LOT-03509,L6,BNK-L6-2,NY6-H,2311
CON-013803,LOT-03509,L6,BNK-L6-3,MB-NA,200
CON-013804,LOT-03509,L6,BNK-L6-4,MB-NS,129
CON-013805,LOT-03510,L6,BNK-L6-1,NY6-F,10966
CON-013806,LOT-03510,L6,BNK-L6-2,NY6-H,2335
CON-013807,LOT-03510,L6,BNK-L6-3,MB-NA,202
CON-013808,LOT-03510,L6,BNK-L6-4,MB-NS,131
CON-013809,LOT-03511,L1,BNK-L1-1,PET-BR,25744
CON-013810,LOT-03511,L1,BNK-L1-2,PET-SD,808
CON-013811,LOT-03511,L1,BNK-L1-3,MB-AB,523
CON-013812,LOT-03511,L1,BNK-L1-4,MB-SL,264
CON-013813,LOT-03512,L1,BNK-L1-1,PET-BR,25888
CON-013814,LOT-03512,L1,BNK-L1-2,PET-SD,813
CON-013815,LOT-03512,L1,BNK-L1-3,MB-AB,526
CON-013816,LOT-03512,L1,BNK-L1-4,MB-SL,265
CON-013817,LOT-03513,L2,BNK-L2-1,PET-BR,20235
CON-013818,LOT-03513,L2,BNK-L2-2,PET-RC,5669
CON-013819,LOT-03513,L2,BNK-L2-3,MB-AB,381
CON-013820,LOT-03513,L2,BNK-L2-4,MB-WH,257
CON-013821,LOT-03514,L2,BNK-L2-1,PET-BR,20138
CON-013822,LOT-03514,L2,BNK-L2-2,PET-RC,5641
CON-013823,LOT-03514,L2,BNK-L2-3,MB-AB,384
CON-013824,LOT-03514,L2,BNK-L2-4,MB-WH,258
CON-013825,LOT-03515,L3,BNK-L3-1,PET-BR,22477
CON-013826,LOT-03515,L3,BNK-L3-2,PET-SD,2396
CON-013827,LOT-03515,L3,BNK-L3-3,MB-SL,509
CON-013828,LOT-03515,L3,BNK-L3-4,MB-UV,385
CON-013829,LOT-03516,L3,BNK-L3-1,PET-BR,22608
CON-013830,LOT-03516,L3,BNK-L3-2,PET-SD,2410
CON-013831,LOT-03516,L3,BNK-L3-3,MB-SL,512
CON-013832,LOT-03516,L3,BNK-L3-4,MB-UV,388
CON-013833,LOT-03517,L5,BNK-L5-1,NY6-F,11600
CON-013834,LOT-03517,L5,BNK-L5-2,NY6-H,2643
CON-013835,LOT-03517,L5,BNK-L5-3,MB-NA,216
CON-013836,LOT-03517,L5,BNK-L5-4,MB-NS,140
CON-013837,LOT-03518,L5,BNK-L5-1,NY6-F,11712
CON-013838,LOT-03518,L5,BNK-L5-2,NY6-H,2668
CON-013839,LOT-03518,L5,BNK-L5-3,MB-NA,218
CON-013840,LOT-03518,L5,BNK-L5-4,MB-NS,141
CON-013841,LOT-03519,L6,BNK-L6-1,NY6-F,10628
CON-013842,LOT-03519,L6,BNK-L6-2,NY6-H,2750
CON-013843,LOT-03519,L6,BNK-L6-3,MB-NA,195
CON-013844,LOT-03519,L6,BNK-L6-4,MB-NS,132
CON-013845,LOT-03520,L6,BNK-L6-1,NY6-F,10737
CON-013846,LOT-03520,L6,BNK-L6-2,NY6-H,2778
CON-013847,LOT-03520,L6,BNK-L6-3,MB-NA,197
CON-013848,LOT-03520,L6,BNK-L6-4,MB-NS,133
CON-013849,LOT-03521,L1,BNK-L1-1,PET-BR,25873
CON-013850,LOT-03521,L1,BNK-L1-2,PET-SD,1316
CON-013851,LOT-03521,L1,BNK-L1-3,MB-AB,398
CON-013852,LOT-03521,L1,BNK-L1-4,MB-SL,268
CON-013853,LOT-03522,L1,BNK-L1-1,PET-BR,26017
CON-013854,LOT-03522,L1,BNK-L1-2,PET-SD,1323
CON-013855,LOT-03522,L1,BNK-L1-3,MB-AB,400
CON-013856,LOT-03522,L1,BNK-L1-4,MB-SL,270
CON-013857,LOT-03523,L2,BNK-L2-1,PET-BR,21928
CON-013858,LOT-03523,L2,BNK-L2-2,PET-RC,3456
CON-013859,LOT-03523,L2,BNK-L2-3,MB-AB,517
CON-013860,LOT-03523,L2,BNK-L2-4,MB-WH,261
CON-013861,LOT-03524,L2,BNK-L2-1,PET-BR,22055
CON-013862,LOT-03524,L2,BNK-L2-2,PET-RC,3476
CON-013863,LOT-03524,L2,BNK-L2-3,MB-AB,519
CON-013864,LOT-03524,L2,BNK-L2-4,MB-WH,262
CON-013865,LOT-03525,L3,BNK-L3-1,PET-BR,10658
CON-013866,LOT-03525,L3,BNK-L3-2,PET-SD,15375
CON-013867,LOT-03526,L3,BNK-L3-1,PET-BR,10719
CON-013868,LOT-03526,L3,BNK-L3-2,PET-SD,15464
CON-013869,LOT-03527,L4,BNK-L4-1,PET-BR,19837
CON-013870,LOT-03527,L4,BNK-L4-2,PET-CO,4224
CON-013871,LOT-03527,L4,BNK-L4-3,MB-WH,365
CON-013872,LOT-03527,L4,BNK-L4-4,MB-UV,236
CON-013873,LOT-03528,L4,BNK-L4-1,PET-BR,19957
CON-013874,LOT-03528,L4,BNK-L4-2,PET-CO,4249
CON-013875,LOT-03528,L4,BNK-L4-3,MB-WH,367
CON-013876,LOT-03528,L4,BNK-L4-4,MB-UV,238
CON-013877,LOT-03529,L6,BNK-L6-1,NY6-F,11537
CON-013878,LOT-03529,L6,BNK-L6-2,NY6-H,1900
CON-013879,LOT-03529,L6,BNK-L6-3,MB-NA,265
CON-013880,LOT-03529,L6,BNK-L6-4,MB-NS,134
CON-013881,LOT-03530,L6,BNK-L6-1,NY6-F,11655
CON-013882,LOT-03530,L6,BNK-L6-2,NY6-H,1920
CON-013883,LOT-03530,L6,BNK-L6-3,MB-NA,267
CON-013884,LOT-03530,L6,BNK-L6-4,MB-NS,135
CON-013885,LOT-03531,L1,BNK-L1-1,PET-BR,25537
CON-013886,LOT-03531,L1,BNK-L1-2,PET-SD,802
CON-013887,LOT-03531,L1,BNK-L1-3,MB-AB,539
CON-013888,LOT-03531,L1,BNK-L1-4,MB-SL,408
CON-013889,LOT-03532,L1,BNK-L1-1,PET-BR,25679
CON-013890,LOT-03532,L1,BNK-L1-2,PET-SD,806
CON-013891,LOT-03532,L1,BNK-L1-3,MB-AB,542
CON-013892,LOT-03532,L1,BNK-L1-4,MB-SL,411
CON-013893,LOT-03533,L2,BNK-L2-1,PET-BR,21118
CON-013894,LOT-03533,L2,BNK-L2-2,PET-RC,4681
CON-013895,LOT-03533,L2,BNK-L2-3,MB-AB,393
CON-013896,LOT-03533,L2,BNK-L2-4,MB-WH,382
CON-013897,LOT-03534,L2,BNK-L2-1,PET-BR,21240
CON-013898,LOT-03534,L2,BNK-L2-2,PET-RC,4708
CON-013899,LOT-03534,L2,BNK-L2-3,MB-AB,396
CON-013900,LOT-03534,L2,BNK-L2-4,MB-WH,384
CON-013901,LOT-03535,L3,BNK-L3-1,PET-BR,22579
CON-013902,LOT-03535,L3,BNK-L3-2,PET-SD,3127
CON-013903,LOT-03535,L3,BNK-L3-3,MB-SL,526
CON-013904,LOT-03535,L3,BNK-L3-4,MB-UV,255
CON-013905,LOT-03536,L3,BNK-L3-1,PET-BR,22465
CON-013906,LOT-03536,L3,BNK-L3-2,PET-SD,3111
CON-013907,LOT-03536,L3,BNK-L3-3,MB-SL,529
CON-013908,LOT-03536,L3,BNK-L3-4,MB-UV,257
CON-013909,LOT-03537,L4,BNK-L4-1,PET-BR,19432
CON-013910,LOT-03537,L4,BNK-L4-2,PET-CO,4905
CON-013911,LOT-03537,L4,BNK-L4-3,MB-WH,476
CON-013912,LOT-03537,L4,BNK-L4-4,MB-UV,240
CON-013913,LOT-03538,L4,BNK-L4-1,PET-BR,19550
CON-013914,LOT-03538,L4,BNK-L4-2,PET-CO,4935
CON-013915,LOT-03538,L4,BNK-L4-3,MB-WH,479
CON-013916,LOT-03538,L4,BNK-L4-4,MB-UV,242
CON-013917,LOT-03539,L5,BNK-L5-1,NY6-F,12420
CON-013918,LOT-03539,L5,BNK-L5-2,NY6-H,2128
CON-013919,LOT-03539,L5,BNK-L5-3,MB-NA,287
CON-013920,LOT-03539,L5,BNK-L5-4,MB-NS,145
CON-013921,LOT-03540,L5,BNK-L5-1,NY6-F,12537
CON-013922,LOT-03540,L5,BNK-L5-2,NY6-H,2149
CON-013923,LOT-03540,L5,BNK-L5-3,MB-NA,289
CON-013924,LOT-03540,L5,BNK-L5-4,MB-NS,146
CON-013925,LOT-03541,L1,BNK-L1-1,PET-BR,25668
CON-013926,LOT-03541,L1,BNK-L1-2,PET-SD,1357
CON-013927,LOT-03541,L1,BNK-L1-3,MB-AB,411
CON-013928,LOT-03541,L1,BNK-L1-4,MB-SL,266
CON-013929,LOT-03542,L1,BNK-L1-1,PET-BR,25810
CON-013930,LOT-03542,L1,BNK-L1-2,PET-SD,1365
CON-013931,LOT-03542,L1,BNK-L1-3,MB-AB,413
CON-013932,LOT-03542,L1,BNK-L1-4,MB-SL,267
CON-013933,LOT-03543,L2,BNK-L2-1,PET-BR,21762
CON-013934,LOT-03543,L2,BNK-L2-2,PET-RC,4317
CON-013935,LOT-03543,L2,BNK-L2-3,MB-AB,396
CON-013936,LOT-03543,L2,BNK-L2-4,MB-WH,256
CON-013937,LOT-03544,L2,BNK-L2-1,PET-BR,21887
CON-013938,LOT-03544,L2,BNK-L2-2,PET-RC,4341
CON-013939,LOT-03544,L2,BNK-L2-3,MB-AB,398
CON-013940,LOT-03544,L2,BNK-L2-4,MB-WH,258
CON-013941,LOT-03545,L3,BNK-L3-1,PET-BR,23460
CON-013942,LOT-03545,L3,BNK-L3-2,PET-SD,2647
CON-013943,LOT-03545,L3,BNK-L3-3,MB-SL,514
CON-013944,LOT-03545,L3,BNK-L3-4,MB-UV,259
CON-013945,LOT-03546,L3,BNK-L3-1,PET-BR,23593
CON-013946,LOT-03546,L3,BNK-L3-2,PET-SD,2662
CON-013947,LOT-03546,L3,BNK-L3-3,MB-SL,517
CON-013948,LOT-03546,L3,BNK-L3-4,MB-UV,261
CON-013949,LOT-03547,L4,BNK-L4-1,PET-BR,21105
CON-013950,LOT-03547,L4,BNK-L4-2,PET-CO,3476
CON-013951,LOT-03547,L4,BNK-L4-3,MB-WH,489
CON-013952,LOT-03547,L4,BNK-L4-4,MB-UV,247
CON-013953,LOT-03548,L4,BNK-L4-1,PET-BR,21232
CON-013954,LOT-03548,L4,BNK-L4-2,PET-CO,3497
CON-013955,LOT-03548,L4,BNK-L4-3,MB-WH,487
CON-013956,LOT-03548,L4,BNK-L4-4,MB-UV,246
CON-013957,LOT-03549,L5,BNK-L5-1,NY6-F,11555
CON-013958,LOT-03549,L5,BNK-L5-2,NY6-H,2737
CON-013959,LOT-03549,L5,BNK-L5-3,MB-NA,218
CON-013960,LOT-03549,L5,BNK-L5-4,MB-NS,220
CON-013961,LOT-03550,L5,BNK-L5-1,NY6-F,11664
CON-013962,LOT-03550,L5,BNK-L5-2,NY6-H,2763
CON-013963,LOT-03550,L5,BNK-L5-3,MB-NA,220
CON-013964,LOT-03550,L5,BNK-L5-4,MB-NS,222
CON-013965,LOT-03551,L6,BNK-L6-1,NY6-F,10600
CON-013966,LOT-03551,L6,BNK-L6-2,NY6-H,2845
CON-013967,LOT-03551,L6,BNK-L6-3,MB-NA,274
CON-013968,LOT-03551,L6,BNK-L6-4,MB-NS,133
CON-013969,LOT-03552,L6,BNK-L6-1,NY6-F,10707
CON-013970,LOT-03552,L6,BNK-L6-2,NY6-H,2874
CON-013971,LOT-03552,L6,BNK-L6-3,MB-NA,276
CON-013972,LOT-03552,L6,BNK-L6-4,MB-NS,134
CON-013973,LOT-03553,L1,BNK-L1-1,PET-BR,26134
CON-013974,LOT-03553,L1,BNK-L1-2,PET-SD,1094
CON-013975,LOT-03553,L1,BNK-L1-3,MB-AB,414
CON-013976,LOT-03553,L1,BNK-L1-4,MB-SL,268
CON-013977,LOT-03554,L1,BNK-L1-1,PET-BR,26278
CON-013978,LOT-03554,L1,BNK-L1-2,PET-SD,1100
CON-013979,LOT-03554,L1,BNK-L1-3,MB-AB,416
CON-013980,LOT-03554,L1,BNK-L1-4,MB-SL,269
CON-013981,LOT-03555,L2,BNK-L2-1,PET-BR,21094
CON-013982,LOT-03555,L2,BNK-L2-2,PET-RC,5458
CON-013983,LOT-03555,L2,BNK-L2-3,MB-AB,387
CON-013984,LOT-03555,L2,BNK-L2-4,MB-WH,261
CON-013985,LOT-03556,L2,BNK-L2-1,PET-BR,21214
CON-013986,LOT-03556,L2,BNK-L2-2,PET-RC,5489
CON-013987,LOT-03556,L2,BNK-L2-3,MB-AB,390
CON-013988,LOT-03556,L2,BNK-L2-4,MB-WH,262
CON-013989,LOT-03557,L3,BNK-L3-1,PET-BR,22539
CON-013990,LOT-03557,L3,BNK-L3-2,PET-SD,3886
CON-013991,LOT-03557,L3,BNK-L3-3,MB-SL,523
CON-013992,LOT-03557,L3,BNK-L3-4,MB-UV,264
CON-013993,LOT-03558,L3,BNK-L3-1,PET-BR,22428
CON-013994,LOT-03558,L3,BNK-L3-2,PET-SD,3866
CON-013995,LOT-03558,L3,BNK-L3-3,MB-SL,526
CON-013996,LOT-03558,L3,BNK-L3-4,MB-UV,265
CON-013997,LOT-03559,L4,BNK-L4-1,PET-BR,19819
CON-013998,LOT-03559,L4,BNK-L4-2,PET-CO,4394
CON-013999,LOT-03559,L4,BNK-L4-3,MB-WH,369
CON-014000,LOT-03559,L4,BNK-L4-4,MB-UV,373
CON-014001,LOT-03560,L4,BNK-L4-1,PET-BR,19937
CON-014002,LOT-03560,L4,BNK-L4-2,PET-CO,4420
CON-014003,LOT-03560,L4,BNK-L4-3,MB-WH,372
CON-014004,LOT-03560,L4,BNK-L4-4,MB-UV,375
CON-014005,LOT-03561,L5,BNK-L5-1,NY6-F,11465
CON-014006,LOT-03561,L5,BNK-L5-2,NY6-H,3078
CON-014007,LOT-03561,L5,BNK-L5-3,MB-NA,296
CON-014008,LOT-03561,L5,BNK-L5-4,MB-NS,144
CON-014009,LOT-03562,L5,BNK-L5-1,NY6-F,11573
CON-014010,LOT-03562,L5,BNK-L5-2,NY6-H,3107
CON-014011,LOT-03562,L5,BNK-L5-3,MB-NA,299
CON-014012,LOT-03562,L5,BNK-L5-4,MB-NS,145
CON-014013,LOT-03563,L6,BNK-L6-1,NY6-F,11223
CON-014014,LOT-03563,L6,BNK-L6-2,NY6-H,2390
CON-014015,LOT-03563,L6,BNK-L6-3,MB-NA,207
CON-014016,LOT-03563,L6,BNK-L6-4,MB-NS,134
CON-014017,LOT-03564,L6,BNK-L6-1,NY6-F,11336
CON-014018,LOT-03564,L6,BNK-L6-2,NY6-H,2414
CON-014019,LOT-03564,L6,BNK-L6-3,MB-NA,209
CON-014020,LOT-03564,L6,BNK-L6-4,MB-NS,135
CON-014021,LOT-03565,L1,BNK-L1-1,PET-BR,25370
CON-014022,LOT-03565,L1,BNK-L1-2,PET-SD,796
CON-014023,LOT-03565,L1,BNK-L1-3,MB-AB,515
CON-014024,LOT-03565,L1,BNK-L1-4,MB-SL,260
CON-014025,LOT-03566,L1,BNK-L1-1,PET-BR,25514
CON-014026,LOT-03566,L1,BNK-L1-2,PET-SD,801
CON-014027,LOT-03566,L1,BNK-L1-3,MB-AB,518
CON-014028,LOT-03566,L1,BNK-L1-4,MB-SL,262
CON-014029,LOT-03567,L2,BNK-L2-1,PET-BR,19930
CON-014030,LOT-03567,L2,BNK-L2-2,PET-RC,5584
CON-014031,LOT-03567,L2,BNK-L2-3,MB-AB,376
CON-014032,LOT-03567,L2,BNK-L2-4,MB-WH,253
CON-014033,LOT-03568,L2,BNK-L2-1,PET-BR,20047
CON-014034,LOT-03568,L2,BNK-L2-2,PET-RC,5617
CON-014035,LOT-03568,L2,BNK-L2-3,MB-AB,378
CON-014036,LOT-03568,L2,BNK-L2-4,MB-WH,254
CON-014037,LOT-03569,L3,BNK-L3-1,PET-BR,22138
CON-014038,LOT-03569,L3,BNK-L3-2,PET-SD,2360
CON-014039,LOT-03569,L3,BNK-L3-3,MB-SL,507
CON-014040,LOT-03569,L3,BNK-L3-4,MB-UV,384
CON-014041,LOT-03570,L3,BNK-L3-1,PET-BR,22268
CON-014042,LOT-03570,L3,BNK-L3-2,PET-SD,2374
CON-014043,LOT-03570,L3,BNK-L3-3,MB-SL,504
CON-014044,LOT-03570,L3,BNK-L3-4,MB-UV,382
CON-014045,LOT-03571,L4,BNK-L4-1,PET-BR,18225
CON-014046,LOT-03571,L4,BNK-L4-2,PET-CO,5191
CON-014047,LOT-03571,L4,BNK-L4-3,MB-WH,476
CON-014048,LOT-03571,L4,BNK-L4-4,MB-UV,231
CON-014049,LOT-03572,L4,BNK-L4-1,PET-BR,18338
CON-014050,LOT-03572,L4,BNK-L4-2,PET-CO,5223
CON-014051,LOT-03572,L4,BNK-L4-3,MB-WH,479
CON-014052,LOT-03572,L4,BNK-L4-4,MB-UV,233
CON-014053,LOT-03573,L5,BNK-L5-1,NY6-F,11461
CON-014054,LOT-03573,L5,BNK-L5-2,NY6-H,2611
CON-014055,LOT-03573,L5,BNK-L5-3,MB-NA,214
CON-014056,LOT-03573,L5,BNK-L5-4,MB-NS,138
CON-014057,LOT-03574,L5,BNK-L5-1,NY6-F,11573
CON-014058,LOT-03574,L5,BNK-L5-2,NY6-H,2637
CON-014059,LOT-03574,L5,BNK-L5-3,MB-NA,216
CON-014060,LOT-03574,L5,BNK-L5-4,MB-NS,140
CON-014061,LOT-03575,L6,BNK-L6-1,NY6-F,10490
CON-014062,LOT-03575,L6,BNK-L6-2,NY6-H,2714
CON-014063,LOT-03575,L6,BNK-L6-3,MB-NA,193
CON-014064,LOT-03575,L6,BNK-L6-4,MB-NS,130
CON-014065,LOT-03576,L6,BNK-L6-1,NY6-F,10599
CON-014066,LOT-03576,L6,BNK-L6-2,NY6-H,2742
CON-014067,LOT-03576,L6,BNK-L6-3,MB-NA,195
CON-014068,LOT-03576,L6,BNK-L6-4,MB-NS,131
CON-014069,LOT-03577,L1,BNK-L1-1,PET-BR,25549
CON-014070,LOT-03577,L1,BNK-L1-2,PET-SD,1299
CON-014071,LOT-03577,L1,BNK-L1-3,MB-AB,393
CON-014072,LOT-03577,L1,BNK-L1-4,MB-SL,265
CON-014073,LOT-03578,L1,BNK-L1-1,PET-BR,25693
CON-014074,LOT-03578,L1,BNK-L1-2,PET-SD,1307
CON-014075,LOT-03578,L1,BNK-L1-3,MB-AB,395
CON-014076,LOT-03578,L1,BNK-L1-4,MB-SL,266
CON-014077,LOT-03579,L2,BNK-L2-1,PET-BR,21642
CON-014078,LOT-03579,L2,BNK-L2-2,PET-RC,3411
CON-014079,LOT-03579,L2,BNK-L2-3,MB-AB,510
CON-014080,LOT-03579,L2,BNK-L2-4,MB-WH,257
CON-014081,LOT-03580,L2,BNK-L2-1,PET-BR,21533
CON-014082,LOT-03580,L2,BNK-L2-2,PET-RC,3394
CON-014083,LOT-03580,L2,BNK-L2-3,MB-AB,513
CON-014084,LOT-03580,L2,BNK-L2-4,MB-WH,259
CON-014085,LOT-03581,L3,BNK-L3-1,PET-BR,10519
CON-014086,LOT-03581,L3,BNK-L3-2,PET-SD,15175
CON-014087,LOT-03582,L3,BNK-L3-1,PET-BR,10580
CON-014088,LOT-03582,L3,BNK-L3-2,PET-SD,15263
CON-014089,LOT-03583,L4,BNK-L4-1,PET-BR,19560
CON-014090,LOT-03583,L4,BNK-L4-2,PET-CO,4165
CON-014091,LOT-03583,L4,BNK-L4-3,MB-WH,360
CON-014092,LOT-03583,L4,BNK-L4-4,MB-UV,233
CON-014093,LOT-03584,L4,BNK-L4-1,PET-BR,19681
CON-014094,LOT-03584,L4,BNK-L4-2,PET-CO,4190
CON-014095,LOT-03584,L4,BNK-L4-3,MB-WH,362
CON-014096,LOT-03584,L4,BNK-L4-4,MB-UV,235
CON-014097,LOT-03585,L5,BNK-L5-1,NY6-F,11163
CON-014098,LOT-03585,L5,BNK-L5-2,NY6-H,3159
CON-014099,LOT-03585,L5,BNK-L5-3,MB-NA,209
CON-014100,LOT-03585,L5,BNK-L5-4,MB-NS,141
CON-014101,LOT-03586,L5,BNK-L5-1,NY6-F,11271
CON-014102,LOT-03586,L5,BNK-L5-2,NY6-H,3189
CON-014103,LOT-03586,L5,BNK-L5-3,MB-NA,211
CON-014104,LOT-03586,L5,BNK-L5-4,MB-NS,142
CON-014105,LOT-03587,L6,BNK-L6-1,NY6-F,11411
CON-014106,LOT-03587,L6,BNK-L6-2,NY6-H,1879
CON-014107,LOT-03587,L6,BNK-L6-3,MB-NA,262
CON-014108,LOT-03587,L6,BNK-L6-4,MB-NS,132
CON-014109,LOT-03588,L6,BNK-L6-1,NY6-F,11528
CON-014110,LOT-03588,L6,BNK-L6-2,NY6-H,1899
CON-014111,LOT-03588,L6,BNK-L6-3,MB-NA,264
CON-014112,LOT-03588,L6,BNK-L6-4,MB-NS,134
CON-014113,LOT-03589,L1,BNK-L1-1,PET-BR,25270
CON-014114,LOT-03589,L1,BNK-L1-2,PET-SD,793
CON-014115,LOT-03589,L1,BNK-L1-3,MB-AB,534
CON-014116,LOT-03589,L1,BNK-L1-4,MB-SL,404
CON-014117,LOT-03590,L1,BNK-L1-1,PET-BR,25412
CON-014118,LOT-03590,L1,BNK-L1-2,PET-SD,798
CON-014119,LOT-03590,L1,BNK-L1-3,MB-AB,537
CON-014120,LOT-03590,L1,BNK-L1-4,MB-SL,406
CON-014121,LOT-03591,L2,BNK-L2-1,PET-BR,20662
CON-014122,LOT-03591,L2,BNK-L2-2,PET-RC,4580
CON-014123,LOT-03591,L2,BNK-L2-3,MB-AB,389
CON-014124,LOT-03591,L2,BNK-L2-4,MB-WH,378
CON-014125,LOT-03592,L2,BNK-L2-1,PET-BR,20782
CON-014126,LOT-03592,L2,BNK-L2-2,PET-RC,4607
CON-014127,LOT-03592,L2,BNK-L2-3,MB-AB,387
CON-014128,LOT-03592,L2,BNK-L2-4,MB-WH,376
CON-014129,LOT-03593,L3,BNK-L3-1,PET-BR,22091
CON-014130,LOT-03593,L3,BNK-L3-2,PET-SD,3059
CON-014131,LOT-03593,L3,BNK-L3-3,MB-SL,514
CON-014132,LOT-03593,L3,BNK-L3-4,MB-UV,250
CON-014133,LOT-03594,L3,BNK-L3-1,PET-BR,22220
CON-014134,LOT-03594,L3,BNK-L3-2,PET-SD,3077
CON-014135,LOT-03594,L3,BNK-L3-3,MB-SL,517
CON-014136,LOT-03594,L3,BNK-L3-4,MB-UV,251
CON-014137,LOT-03595,L4,BNK-L4-1,PET-BR,19201
CON-014138,LOT-03595,L4,BNK-L4-2,PET-CO,4847
CON-014139,LOT-03595,L4,BNK-L4-3,MB-WH,470
CON-014140,LOT-03595,L4,BNK-L4-4,MB-UV,237
CON-014141,LOT-03596,L4,BNK-L4-1,PET-BR,19319
CON-014142,LOT-03596,L4,BNK-L4-2,PET-CO,4877
CON-014143,LOT-03596,L4,BNK-L4-3,MB-WH,473
CON-014144,LOT-03596,L4,BNK-L4-4,MB-UV,239
CON-014145,LOT-03597,L5,BNK-L5-1,NY6-F,12296
CON-014146,LOT-03597,L5,BNK-L5-2,NY6-H,2107
CON-014147,LOT-03597,L5,BNK-L5-3,MB-NA,284
CON-014148,LOT-03597,L5,BNK-L5-4,MB-NS,143
CON-014149,LOT-03598,L5,BNK-L5-1,NY6-F,12414
CON-014150,LOT-03598,L5,BNK-L5-2,NY6-H,2128
CON-014151,LOT-03598,L5,BNK-L5-3,MB-NA,286
CON-014152,LOT-03598,L5,BNK-L5-4,MB-NS,145
CON-014153,LOT-03599,L6,BNK-L6-1,NY6-F,10648
CON-014154,LOT-03599,L6,BNK-L6-2,NY6-H,2441
CON-014155,LOT-03599,L6,BNK-L6-3,MB-NA,200
CON-014156,LOT-03599,L6,BNK-L6-4,MB-NS,202
CON-014157,LOT-03600,L6,BNK-L6-1,NY6-F,10758
CON-014158,LOT-03600,L6,BNK-L6-2,NY6-H,2466
CON-014159,LOT-03600,L6,BNK-L6-3,MB-NA,202
CON-014160,LOT-03600,L6,BNK-L6-4,MB-NS,204
CON-014161,LOT-03601,L1,BNK-L1-1,PET-BR,25451
CON-014162,LOT-03601,L1,BNK-L1-2,PET-SD,1346
CON-014163,LOT-03601,L1,BNK-L1-3,MB-AB,407
CON-014164,LOT-03601,L1,BNK-L1-4,MB-SL,264
CON-014165,LOT-03602,L1,BNK-L1-1,PET-BR,25319
CON-014166,LOT-03602,L1,BNK-L1-2,PET-SD,1339
CON-014167,LOT-03602,L1,BNK-L1-3,MB-AB,409
CON-014168,LOT-03602,L1,BNK-L1-4,MB-SL,265
CON-014169,LOT-03603,L2,BNK-L2-1,PET-BR,21336
CON-014170,LOT-03603,L2,BNK-L2-2,PET-RC,4232
CON-014171,LOT-03603,L2,BNK-L2-3,MB-AB,388
CON-014172,LOT-03603,L2,BNK-L2-4,MB-WH,251
CON-014173,LOT-03604,L2,BNK-L2-1,PET-BR,21460
CON-014174,LOT-03604,L2,BNK-L2-2,PET-RC,4257
CON-014175,LOT-03604,L2,BNK-L2-3,MB-AB,390
CON-014176,LOT-03604,L2,BNK-L2-4,MB-WH,253
CON-014177,LOT-03605,L3,BNK-L3-1,PET-BR,23002
CON-014178,LOT-03605,L3,BNK-L3-2,PET-SD,2595
CON-014179,LOT-03605,L3,BNK-L3-3,MB-SL,504
CON-014180,LOT-03605,L3,BNK-L3-4,MB-UV,254
CON-014181,LOT-03606,L3,BNK-L3-1,PET-BR,23134
CON-014182,LOT-03606,L3,BNK-L3-2,PET-SD,2610
CON-014183,LOT-03606,L3,BNK-L3-3,MB-SL,506
CON-014184,LOT-03606,L3,BNK-L3-4,MB-UV,256
CON-014185,LOT-03607,L4,BNK-L4-1,PET-BR,20896
CON-014186,LOT-03607,L4,BNK-L4-2,PET-CO,3442
CON-014187,LOT-03607,L4,BNK-L4-3,MB-WH,479
CON-014188,LOT-03607,L4,BNK-L4-4,MB-UV,242
CON-014189,LOT-03608,L4,BNK-L4-1,PET-BR,21023
CON-014190,LOT-03608,L4,BNK-L4-2,PET-CO,3463
CON-014191,LOT-03608,L4,BNK-L4-3,MB-WH,482
CON-014192,LOT-03608,L4,BNK-L4-4,MB-UV,243
CON-014193,LOT-03609,L5,BNK-L5-1,NY6-F,11465
CON-014194,LOT-03609,L5,BNK-L5-2,NY6-H,2716
CON-014195,LOT-03609,L5,BNK-L5-3,MB-NA,217
CON-014196,LOT-03609,L5,BNK-L5-4,MB-NS,219
CON-014197,LOT-03610,L5,BNK-L5-1,NY6-F,11574
CON-014198,LOT-03610,L5,BNK-L5-2,NY6-H,2742
CON-014199,LOT-03610,L5,BNK-L5-3,MB-NA,219
CON-014200,LOT-03610,L5,BNK-L5-4,MB-NS,221
CON-014201,LOT-03611,L6,BNK-L6-1,NY6-F,10506
CON-014202,LOT-03611,L6,BNK-L6-2,NY6-H,2820
CON-014203,LOT-03611,L6,BNK-L6-3,MB-NA,271
CON-014204,LOT-03611,L6,BNK-L6-4,MB-NS,132
CON-014205,LOT-03612,L6,BNK-L6-1,NY6-F,10614
CON-014206,LOT-03612,L6,BNK-L6-2,NY6-H,2849
CON-014207,LOT-03612,L6,BNK-L6-3,MB-NA,274
CON-014208,LOT-03612,L6,BNK-L6-4,MB-NS,133
CON-014209,LOT-03613,L1,BNK-L1-1,PET-BR,25638
CON-014210,LOT-03613,L1,BNK-L1-2,PET-SD,1073
CON-014211,LOT-03613,L1,BNK-L1-3,MB-AB,410
CON-014212,LOT-03613,L1,BNK-L1-4,MB-SL,266
CON-014213,LOT-03614,L1,BNK-L1-1,PET-BR,25781
CON-014214,LOT-03614,L1,BNK-L1-2,PET-SD,1079
CON-014215,LOT-03614,L1,BNK-L1-3,MB-AB,408
CON-014216,LOT-03614,L1,BNK-L1-4,MB-SL,264
CON-014217,LOT-03615,L2,BNK-L2-1,PET-BR,20684
CON-014218,LOT-03615,L2,BNK-L2-2,PET-RC,5352
CON-014219,LOT-03615,L2,BNK-L2-3,MB-AB,380
CON-014220,LOT-03615,L2,BNK-L2-4,MB-WH,256
CON-014221,LOT-03616,L2,BNK-L2-1,PET-BR,20803
CON-014222,LOT-03616,L2,BNK-L2-2,PET-RC,5383
CON-014223,LOT-03616,L2,BNK-L2-3,MB-AB,382
CON-014224,LOT-03616,L2,BNK-L2-4,MB-WH,257
CON-014225,LOT-03617,L3,BNK-L3-1,PET-BR,22103
CON-014226,LOT-03617,L3,BNK-L3-2,PET-SD,3810
CON-014227,LOT-03617,L3,BNK-L3-3,MB-SL,513
CON-014228,LOT-03617,L3,BNK-L3-4,MB-UV,259
CON-014229,LOT-03618,L3,BNK-L3-1,PET-BR,22229
CON-014230,LOT-03618,L3,BNK-L3-2,PET-SD,3832
CON-014231,LOT-03618,L3,BNK-L3-3,MB-SL,516
CON-014232,LOT-03618,L3,BNK-L3-4,MB-UV,260
CON-014233,LOT-03619,L4,BNK-L4-1,PET-BR,19627
CON-014234,LOT-03619,L4,BNK-L4-2,PET-CO,4351
CON-014235,LOT-03619,L4,BNK-L4-3,MB-WH,366
CON-014236,LOT-03619,L4,BNK-L4-4,MB-UV,369
CON-014237,LOT-03620,L4,BNK-L4-1,PET-BR,19746
CON-014238,LOT-03620,L4,BNK-L4-2,PET-CO,4377
CON-014239,LOT-03620,L4,BNK-L4-3,MB-WH,368
CON-014240,LOT-03620,L4,BNK-L4-4,MB-UV,372
CON-014241,LOT-03621,L5,BNK-L5-1,NY6-F,11376
CON-014242,LOT-03621,L5,BNK-L5-2,NY6-H,3054
CON-014243,LOT-03621,L5,BNK-L5-3,MB-NA,294
CON-014244,LOT-03621,L5,BNK-L5-4,MB-NS,143
CON-014245,LOT-03622,L5,BNK-L5-1,NY6-F,11484
CON-014246,LOT-03622,L5,BNK-L5-2,NY6-H,3083
CON-014247,LOT-03622,L5,BNK-L5-3,MB-NA,296
CON-014248,LOT-03622,L5,BNK-L5-4,MB-NS,144
CON-014249,LOT-03623,L6,BNK-L6-1,NY6-F,11125
CON-014250,LOT-03623,L6,BNK-L6-2,NY6-H,2369
CON-014251,LOT-03623,L6,BNK-L6-3,MB-NA,205
CON-014252,LOT-03623,L6,BNK-L6-4,MB-NS,133
CON-014253,LOT-03624,L6,BNK-L6-1,NY6-F,11238
CON-014254,LOT-03624,L6,BNK-L6-2,NY6-H,2393
CON-014255,LOT-03624,L6,BNK-L6-3,MB-NA,207
CON-014256,LOT-03624,L6,BNK-L6-4,MB-NS,134
CON-014257,LOT-03625,L1,BNK-L1-1,PET-BR,26089
CON-014258,LOT-03625,L1,BNK-L1-2,PET-SD,819
CON-014259,LOT-03625,L1,BNK-L1-3,MB-AB,530
CON-014260,LOT-03625,L1,BNK-L1-4,MB-SL,267
CON-014261,LOT-03626,L1,BNK-L1-1,PET-BR,26233
CON-014262,LOT-03626,L1,BNK-L1-2,PET-SD,823
CON-014263,LOT-03626,L1,BNK-L1-3,MB-AB,533
CON-014264,LOT-03626,L1,BNK-L1-4,MB-SL,269
CON-014265,LOT-03627,L2,BNK-L2-1,PET-BR,20524
CON-014266,LOT-03627,L2,BNK-L2-2,PET-RC,5749
CON-014267,LOT-03627,L2,BNK-L2-3,MB-AB,387
CON-014268,LOT-03627,L2,BNK-L2-4,MB-WH,260
CON-014269,LOT-03628,L2,BNK-L2-1,PET-BR,20641
CON-014270,LOT-03628,L2,BNK-L2-2,PET-RC,5782
CON-014271,LOT-03628,L2,BNK-L2-3,MB-AB,389
CON-014272,LOT-03628,L2,BNK-L2-4,MB-WH,262
CON-014273,LOT-03629,L3,BNK-L3-1,PET-BR,23043
CON-014274,LOT-03629,L3,BNK-L3-2,PET-SD,2456
CON-014275,LOT-03629,L3,BNK-L3-3,MB-SL,522
CON-014276,LOT-03629,L3,BNK-L3-4,MB-UV,395
CON-014277,LOT-03630,L3,BNK-L3-1,PET-BR,23175
CON-014278,LOT-03630,L3,BNK-L3-2,PET-SD,2470
CON-014279,LOT-03630,L3,BNK-L3-3,MB-SL,525
CON-014280,LOT-03630,L3,BNK-L3-4,MB-UV,397
CON-014281,LOT-03631,L4,BNK-L4-1,PET-BR,19012
CON-014282,LOT-03631,L4,BNK-L4-2,PET-CO,5415
CON-014283,LOT-03631,L4,BNK-L4-3,MB-WH,497
CON-014284,LOT-03631,L4,BNK-L4-4,MB-UV,241
CON-014285,LOT-03632,L4,BNK-L4-1,PET-BR,19127
CON-014286,LOT-03632,L4,BNK-L4-2,PET-CO,5447
CON-014287,LOT-03632,L4,BNK-L4-3,MB-WH,500
CON-014288,LOT-03632,L4,BNK-L4-4,MB-UV,243
CON-014289,LOT-03633,L5,BNK-L5-1,NY6-F,11895
CON-014290,LOT-03633,L5,BNK-L5-2,NY6-H,2710
CON-014291,LOT-03633,L5,BNK-L5-3,MB-NA,222
CON-014292,LOT-03633,L5,BNK-L5-4,MB-NS,144
CON-014293,LOT-03634,L5,BNK-L5-1,NY6-F,12007
CON-014294,LOT-03634,L5,BNK-L5-2,NY6-H,2735
CON-014295,LOT-03634,L5,BNK-L5-3,MB-NA,224
CON-014296,LOT-03634,L5,BNK-L5-4,MB-NS,145
CON-014297,LOT-03635,L6,BNK-L6-1,NY6-F,10913
CON-014298,LOT-03635,L6,BNK-L6-2,NY6-H,2823
CON-014299,LOT-03635,L6,BNK-L6-3,MB-NA,201
CON-014300,LOT-03635,L6,BNK-L6-4,MB-NS,135
CON-014301,LOT-03636,L6,BNK-L6-1,NY6-F,10906
CON-014302,LOT-03636,L6,BNK-L6-2,NY6-H,2822
CON-014303,LOT-03636,L6,BNK-L6-3,MB-NA,200
CON-014304,LOT-03636,L6,BNK-L6-4,MB-NS,135
CON-014305,LOT-03637,L1,BNK-L1-1,PET-BR,26269
CON-014306,LOT-03637,L1,BNK-L1-2,PET-SD,1336
CON-014307,LOT-03637,L1,BNK-L1-3,MB-AB,404
CON-014308,LOT-03637,L1,BNK-L1-4,MB-SL,272
CON-014309,LOT-03638,L1,BNK-L1-1,PET-BR,26413
CON-014310,LOT-03638,L1,BNK-L1-2,PET-SD,1343
CON-014311,LOT-03638,L1,BNK-L1-3,MB-AB,406
CON-014312,LOT-03638,L1,BNK-L1-4,MB-SL,274
CON-014313,LOT-03639,L2,BNK-L2-1,PET-BR,22278
CON-014314,LOT-03639,L2,BNK-L2-2,PET-RC,3511
CON-014315,LOT-03639,L2,BNK-L2-3,MB-AB,525
CON-014316,LOT-03639,L2,BNK-L2-4,MB-WH,265
CON-014317,LOT-03640,L2,BNK-L2-1,PET-BR,22405
CON-014318,LOT-03640,L2,BNK-L2-2,PET-RC,3531
CON-014319,LOT-03640,L2,BNK-L2-3,MB-AB,528
CON-014320,LOT-03640,L2,BNK-L2-4,MB-WH,266
CON-014321,LOT-03641,L3,BNK-L3-1,PET-BR,10946
CON-014322,LOT-03641,L3,BNK-L3-2,PET-SD,15790
CON-014323,LOT-03642,L3,BNK-L3-1,PET-BR,11008
CON-014324,LOT-03642,L3,BNK-L3-2,PET-SD,15879
CON-014325,LOT-03643,L4,BNK-L4-1,PET-BR,20399
CON-014326,LOT-03643,L4,BNK-L4-2,PET-CO,4343
CON-014327,LOT-03643,L4,BNK-L4-3,MB-WH,376
CON-014328,LOT-03643,L4,BNK-L4-4,MB-UV,243
CON-014329,LOT-03644,L4,BNK-L4-1,PET-BR,20521
CON-014330,LOT-03644,L4,BNK-L4-2,PET-CO,4369
CON-014331,LOT-03644,L4,BNK-L4-3,MB-WH,378
CON-014332,LOT-03644,L4,BNK-L4-4,MB-UV,245
CON-014333,LOT-03645,L5,BNK-L5-1,NY6-F,11583
CON-014334,LOT-03645,L5,BNK-L5-2,NY6-H,3278
CON-014335,LOT-03645,L5,BNK-L5-3,MB-NA,217
CON-014336,LOT-03645,L5,BNK-L5-4,MB-NS,146
CON-014337,LOT-03646,L5,BNK-L5-1,NY6-F,11692
CON-014338,LOT-03646,L5,BNK-L5-2,NY6-H,3308
CON-014339,LOT-03646,L5,BNK-L5-3,MB-NA,219
CON-014340,LOT-03646,L5,BNK-L5-4,MB-NS,147
CON-014341,LOT-03647,L6,BNK-L6-1,NY6-F,11743
CON-014342,LOT-03647,L6,BNK-L6-2,NY6-H,1934
CON-014343,LOT-03647,L6,BNK-L6-3,MB-NA,269
CON-014344,LOT-03647,L6,BNK-L6-4,MB-NS,136
CON-014345,LOT-03648,L6,BNK-L6-1,NY6-F,11861
CON-014346,LOT-03648,L6,BNK-L6-2,NY6-H,1953
CON-014347,LOT-03648,L6,BNK-L6-3,MB-NA,272
CON-014348,LOT-03648,L6,BNK-L6-4,MB-NS,137
CON-014349,LOT-03649,L1,BNK-L1-1,PET-BR,24780
CON-014350,LOT-03649,L1,BNK-L1-2,PET-SD,778
CON-014351,LOT-03649,L1,BNK-L1-3,MB-AB,523
CON-014352,LOT-03649,L1,BNK-L1-4,MB-SL,396
CON-014353,LOT-03650,L1,BNK-L1-1,PET-BR,24921
CON-014354,LOT-03650,L1,BNK-L1-2,PET-SD,782
CON-014355,LOT-03650,L1,BNK-L1-3,MB-AB,526
CON-014356,LOT-03650,L1,BNK-L1-4,MB-SL,399
CON-014357,LOT-03651,L2,BNK-L2-1,PET-BR,20471
CON-014358,LOT-03651,L2,BNK-L2-2,PET-RC,4538
CON-014359,LOT-03651,L2,BNK-L2-3,MB-AB,381
CON-014360,LOT-03651,L2,BNK-L2-4,MB-WH,370
CON-014361,LOT-03652,L2,BNK-L2-1,PET-BR,20591
CON-014362,LOT-03652,L2,BNK-L2-2,PET-RC,4564
CON-014363,LOT-03652,L2,BNK-L2-3,MB-AB,384
CON-014364,LOT-03652,L2,BNK-L2-4,MB-WH,373
CON-014365,LOT-03653,L3,BNK-L3-1,PET-BR,21887
CON-014366,LOT-03653,L3,BNK-L3-2,PET-SD,3031
CON-014367,LOT-03653,L3,BNK-L3-3,MB-SL,510
CON-014368,LOT-03653,L3,BNK-L3-4,MB-UV,247
CON-014369,LOT-03654,L3,BNK-L3-1,PET-BR,22016
CON-014370,LOT-03654,L3,BNK-L3-2,PET-SD,3049
CON-014371,LOT-03654,L3,BNK-L3-3,MB-SL,513
CON-014372,LOT-03654,L3,BNK-L3-4,MB-UV,249
CON-014373,LOT-03655,L4,BNK-L4-1,PET-BR,19005
CON-014374,LOT-03655,L4,BNK-L4-2,PET-CO,4797
CON-014375,LOT-03655,L4,BNK-L4-3,MB-WH,465
CON-014376,LOT-03655,L4,BNK-L4-4,MB-UV,235
CON-014377,LOT-03656,L4,BNK-L4-1,PET-BR,19123
CON-014378,LOT-03656,L4,BNK-L4-2,PET-CO,4827
CON-014379,LOT-03656,L4,BNK-L4-3,MB-WH,468
CON-014380,LOT-03656,L4,BNK-L4-4,MB-UV,236
CON-014381,LOT-03657,L5,BNK-L5-1,NY6-F,12196
CON-014382,LOT-03657,L5,BNK-L5-2,NY6-H,2090
CON-014383,LOT-03657,L5,BNK-L5-3,MB-NA,281
CON-014384,LOT-03657,L5,BNK-L5-4,MB-NS,142
CON-014385,LOT-03658,L5,BNK-L5-1,NY6-F,12185
CON-014386,LOT-03658,L5,BNK-L5-2,NY6-H,2088
CON-014387,LOT-03658,L5,BNK-L5-3,MB-NA,281
CON-014388,LOT-03658,L5,BNK-L5-4,MB-NS,142
CON-014389,LOT-03659,L6,BNK-L6-1,NY6-F,10437
CON-014390,LOT-03659,L6,BNK-L6-2,NY6-H,2393
CON-014391,LOT-03659,L6,BNK-L6-3,MB-NA,196
CON-014392,LOT-03659,L6,BNK-L6-4,MB-NS,198
CON-014393,LOT-03660,L6,BNK-L6-1,NY6-F,10546
CON-014394,LOT-03660,L6,BNK-L6-2,NY6-H,2418
CON-014395,LOT-03660,L6,BNK-L6-3,MB-NA,198
CON-014396,LOT-03660,L6,BNK-L6-4,MB-NS,200
CON-014397,LOT-03661,L1,BNK-L1-1,PET-BR,24961
CON-014398,LOT-03661,L1,BNK-L1-2,PET-SD,1320
CON-014399,LOT-03661,L1,BNK-L1-3,MB-AB,399
CON-014400,LOT-03661,L1,BNK-L1-4,MB-SL,259
CON-014401,LOT-03662,L1,BNK-L1-1,PET-BR,25103
CON-014402,LOT-03662,L1,BNK-L1-2,PET-SD,1327
CON-014403,LOT-03662,L1,BNK-L1-3,MB-AB,402
CON-014404,LOT-03662,L1,BNK-L1-4,MB-SL,260
CON-014405,LOT-03663,L2,BNK-L2-1,PET-BR,21141
CON-014406,LOT-03663,L2,BNK-L2-2,PET-RC,4193
CON-014407,LOT-03663,L2,BNK-L2-3,MB-AB,385
CON-014408,LOT-03663,L2,BNK-L2-4,MB-WH,249
CON-014409,LOT-03664,L2,BNK-L2-1,PET-BR,21265
CON-014410,LOT-03664,L2,BNK-L2-2,PET-RC,4218
CON-014411,LOT-03664,L2,BNK-L2-3,MB-AB,387
CON-014412,LOT-03664,L2,BNK-L2-4,MB-WH,250
CON-014413,LOT-03665,L3,BNK-L3-1,PET-BR,22790
CON-014414,LOT-03665,L3,BNK-L3-2,PET-SD,2571
CON-014415,LOT-03665,L3,BNK-L3-3,MB-SL,499
CON-014416,LOT-03665,L3,BNK-L3-4,MB-UV,252
CON-014417,LOT-03666,L3,BNK-L3-1,PET-BR,22923
CON-014418,LOT-03666,L3,BNK-L3-2,PET-SD,2586
CON-014419,LOT-03666,L3,BNK-L3-3,MB-SL,502
CON-014420,LOT-03666,L3,BNK-L3-4,MB-UV,253
CON-014421,LOT-03667,L4,BNK-L4-1,PET-BR,20684
CON-014422,LOT-03667,L4,BNK-L4-2,PET-CO,3407
CON-014423,LOT-03667,L4,BNK-L4-3,MB-WH,474
CON-014424,LOT-03667,L4,BNK-L4-4,MB-UV,239
CON-014425,LOT-03668,L4,BNK-L4-1,PET-BR,20592
CON-014426,LOT-03668,L4,BNK-L4-2,PET-CO,3391
CON-014427,LOT-03668,L4,BNK-L4-3,MB-WH,477
CON-014428,LOT-03668,L4,BNK-L4-4,MB-UV,241
CON-014429,LOT-03669,L5,BNK-L5-1,NY6-F,11250
CON-014430,LOT-03669,L5,BNK-L5-2,NY6-H,2665
CON-014431,LOT-03669,L5,BNK-L5-3,MB-NA,212
CON-014432,LOT-03669,L5,BNK-L5-4,MB-NS,215
CON-014433,LOT-03670,L5,BNK-L5-1,NY6-F,11359
CON-014434,LOT-03670,L5,BNK-L5-2,NY6-H,2691
CON-014435,LOT-03670,L5,BNK-L5-3,MB-NA,215
CON-014436,LOT-03670,L5,BNK-L5-4,MB-NS,217
CON-014437,LOT-03671,L6,BNK-L6-1,NY6-F,10300
CON-014438,LOT-03671,L6,BNK-L6-2,NY6-H,2765
CON-014439,LOT-03671,L6,BNK-L6-3,MB-NA,266
CON-014440,LOT-03671,L6,BNK-L6-4,MB-NS,129
CON-014441,LOT-03672,L6,BNK-L6-1,NY6-F,10407
CON-014442,LOT-03672,L6,BNK-L6-2,NY6-H,2793
CON-014443,LOT-03672,L6,BNK-L6-3,MB-NA,269
CON-014444,LOT-03672,L6,BNK-L6-4,MB-NS,130
CON-014445,LOT-03673,L1,BNK-L1-1,PET-BR,25420
CON-014446,LOT-03673,L1,BNK-L1-2,PET-SD,1064
CON-014447,LOT-03673,L1,BNK-L1-3,MB-AB,402
CON-014448,LOT-03673,L1,BNK-L1-4,MB-SL,261
CON-014449,LOT-03674,L1,BNK-L1-1,PET-BR,25563
CON-014450,LOT-03674,L1,BNK-L1-2,PET-SD,1070
CON-014451,LOT-03674,L1,BNK-L1-3,MB-AB,405
CON-014452,LOT-03674,L1,BNK-L1-4,MB-SL,262
CON-014453,LOT-03675,L2,BNK-L2-1,PET-BR,20496
CON-014454,LOT-03675,L2,BNK-L2-2,PET-RC,5303
CON-014455,LOT-03675,L2,BNK-L2-3,MB-AB,376
CON-014456,LOT-03675,L2,BNK-L2-4,MB-WH,253
CON-014457,LOT-03676,L2,BNK-L2-1,PET-BR,20615
CON-014458,LOT-03676,L2,BNK-L2-2,PET-RC,5334
CON-014459,LOT-03676,L2,BNK-L2-3,MB-AB,379
CON-014460,LOT-03676,L2,BNK-L2-4,MB-WH,255
CON-014461,LOT-03677,L3,BNK-L3-1,PET-BR,21900
CON-014462,LOT-03677,L3,BNK-L3-2,PET-SD,3776
CON-014463,LOT-03677,L3,BNK-L3-3,MB-SL,508
CON-014464,LOT-03677,L3,BNK-L3-4,MB-UV,256
CON-014465,LOT-03678,L3,BNK-L3-1,PET-BR,22027
CON-014466,LOT-03678,L3,BNK-L3-2,PET-SD,3798
CON-014467,LOT-03678,L3,BNK-L3-3,MB-SL,511
CON-014468,LOT-03678,L3,BNK-L3-4,MB-UV,258
CON-014469,LOT-03679,L4,BNK-L4-1,PET-BR,19222
CON-014470,LOT-03679,L4,BNK-L4-2,PET-CO,4261
CON-014471,LOT-03679,L4,BNK-L4-3,MB-WH,362
CON-014472,LOT-03679,L4,BNK-L4-4,MB-UV,366
CON-014473,LOT-03680,L4,BNK-L4-1,PET-BR,19340
CON-014474,LOT-03680,L4,BNK-L4-2,PET-CO,4288
CON-014475,LOT-03680,L4,BNK-L4-3,MB-WH,360
CON-014476,LOT-03680,L4,BNK-L4-4,MB-UV,364
CON-014477,LOT-03681,L5,BNK-L5-1,NY6-F,11165
CON-014478,LOT-03681,L5,BNK-L5-2,NY6-H,2997
CON-014479,LOT-03681,L5,BNK-L5-3,MB-NA,288
CON-014480,LOT-03681,L5,BNK-L5-4,MB-NS,140
CON-014481,LOT-03682,L5,BNK-L5-1,NY6-F,11272
CON-014482,LOT-03682,L5,BNK-L5-2,NY6-H,3026
CON-014483,LOT-03682,L5,BNK-L5-3,MB-NA,291
CON-014484,LOT-03682,L5,BNK-L5-4,MB-NS,141
CON-014485,LOT-03683,L6,BNK-L6-1,NY6-F,10908
CON-014486,LOT-03683,L6,BNK-L6-2,NY6-H,2323
CON-014487,LOT-03683,L6,BNK-L6-3,MB-NA,201
CON-014488,LOT-03683,L6,BNK-L6-4,MB-NS,130
CON-014489,LOT-03684,L6,BNK-L6-1,NY6-F,11020
CON-014490,LOT-03684,L6,BNK-L6-2,NY6-H,2346
CON-014491,LOT-03684,L6,BNK-L6-3,MB-NA,203
CON-014492,LOT-03684,L6,BNK-L6-4,MB-NS,131
CON-014493,LOT-03685,L2,BNK-L2-1,PET-BR,20300
CON-014494,LOT-03685,L2,BNK-L2-2,PET-RC,5687
CON-014495,LOT-03685,L2,BNK-L2-3,MB-AB,383
CON-014496,LOT-03685,L2,BNK-L2-4,MB-WH,258
CON-014497,LOT-03686,L2,BNK-L2-1,PET-BR,20417
CON-014498,LOT-03686,L2,BNK-L2-2,PET-RC,5720
CON-014499,LOT-03686,L2,BNK-L2-3,MB-AB,385
CON-014500,LOT-03686,L2,BNK-L2-4,MB-WH,259
CON-014501,LOT-03687,L3,BNK-L3-1,PET-BR,22793
CON-014502,LOT-03687,L3,BNK-L3-2,PET-SD,2430
CON-014503,LOT-03687,L3,BNK-L3-3,MB-SL,516
CON-014504,LOT-03687,L3,BNK-L3-4,MB-UV,391
CON-014505,LOT-03688,L3,BNK-L3-1,PET-BR,22925
CON-014506,LOT-03688,L3,BNK-L3-2,PET-SD,2444
CON-014507,LOT-03688,L3,BNK-L3-3,MB-SL,519
CON-014508,LOT-03688,L3,BNK-L3-4,MB-UV,393
CON-014509,LOT-03689,L4,BNK-L4-1,PET-BR,18788
CON-014510,LOT-03689,L4,BNK-L4-2,PET-CO,5351
CON-014511,LOT-03689,L4,BNK-L4-3,MB-WH,491
CON-014512,LOT-03689,L4,BNK-L4-4,MB-UV,238
CON-014513,LOT-03690,L4,BNK-L4-1,PET-BR,18700
CON-014514,LOT-03690,L4,BNK-L4-2,PET-CO,5326
CON-014515,LOT-03690,L4,BNK-L4-3,MB-WH,494
CON-014516,LOT-03690,L4,BNK-L4-4,MB-UV,240
CON-014517,LOT-03691,L5,BNK-L5-1,NY6-F,11652
CON-014518,LOT-03691,L5,BNK-L5-2,NY6-H,2655
CON-014519,LOT-03691,L5,BNK-L5-3,MB-NA,217
CON-014520,LOT-03691,L5,BNK-L5-4,MB-NS,141
CON-014521,LOT-03692,L5,BNK-L5-1,NY6-F,11764
CON-014522,LOT-03692,L5,BNK-L5-2,NY6-H,2680
CON-014523,LOT-03692,L5,BNK-L5-3,MB-NA,219
CON-014524,LOT-03692,L5,BNK-L5-4,MB-NS,142
CON-014525,LOT-03693,L6,BNK-L6-1,NY6-F,10681
CON-014526,LOT-03693,L6,BNK-L6-2,NY6-H,2764
CON-014527,LOT-03693,L6,BNK-L6-3,MB-NA,196
CON-014528,LOT-03693,L6,BNK-L6-4,MB-NS,132
CON-014529,LOT-03694,L6,BNK-L6-1,NY6-F,10790
CON-014530,LOT-03694,L6,BNK-L6-2,NY6-H,2792
CON-014531,LOT-03694,L6,BNK-L6-3,MB-NA,198
CON-014532,LOT-03694,L6,BNK-L6-4,MB-NS,134
CON-014533,LOT-03695,L1,BNK-L1-1,PET-BR,25997
CON-014534,LOT-03695,L1,BNK-L1-2,PET-SD,1322
CON-014535,LOT-03695,L1,BNK-L1-3,MB-AB,400
CON-014536,LOT-03695,L1,BNK-L1-4,MB-SL,269
CON-014537,LOT-03696,L1,BNK-L1-1,PET-BR,26141
CON-014538,LOT-03696,L1,BNK-L1-2,PET-SD,1329
CON-014539,LOT-03696,L1,BNK-L1-3,MB-AB,402
CON-014540,LOT-03696,L1,BNK-L1-4,MB-SL,271
CON-014541,LOT-03697,L3,BNK-L3-1,PET-BR,10806
CON-014542,LOT-03697,L3,BNK-L3-2,PET-SD,15588
CON-014543,LOT-03698,L3,BNK-L3-1,PET-BR,10868
CON-014544,LOT-03698,L3,BNK-L3-2,PET-SD,15678
CON-014545,LOT-03699,L4,BNK-L4-1,PET-BR,20122
CON-014546,LOT-03699,L4,BNK-L4-2,PET-CO,4284
CON-014547,LOT-03699,L4,BNK-L4-3,MB-WH,370
CON-014548,LOT-03699,L4,BNK-L4-4,MB-UV,240
CON-014549,LOT-03700,L4,BNK-L4-1,PET-BR,20244
CON-014550,LOT-03700,L4,BNK-L4-2,PET-CO,4310
CON-014551,LOT-03700,L4,BNK-L4-3,MB-WH,373
CON-014552,LOT-03700,L4,BNK-L4-4,MB-UV,241
CON-014553,LOT-03701,L5,BNK-L5-1,NY6-F,11448
CON-014554,LOT-03701,L5,BNK-L5-2,NY6-H,3239
CON-014555,LOT-03701,L5,BNK-L5-3,MB-NA,215
CON-014556,LOT-03701,L5,BNK-L5-4,MB-NS,144
CON-014557,LOT-03702,L5,BNK-L5-1,NY6-F,11434
CON-014558,LOT-03702,L5,BNK-L5-2,NY6-H,3236
CON-014559,LOT-03702,L5,BNK-L5-3,MB-NA,214
CON-014560,LOT-03702,L5,BNK-L5-4,MB-NS,144
CON-014561,LOT-03703,L6,BNK-L6-1,NY6-F,11595
CON-014562,LOT-03703,L6,BNK-L6-2,NY6-H,1909
CON-014563,LOT-03703,L6,BNK-L6-3,MB-NA,266
CON-014564,LOT-03703,L6,BNK-L6-4,MB-NS,134
CON-014565,LOT-03704,L6,BNK-L6-1,NY6-F,11712
CON-014566,LOT-03704,L6,BNK-L6-2,NY6-H,1929
CON-014567,LOT-03704,L6,BNK-L6-3,MB-NA,269
CON-014568,LOT-03704,L6,BNK-L6-4,MB-NS,136
CON-014569,LOT-03705,L1,BNK-L1-1,PET-BR,25657
CON-014570,LOT-03705,L1,BNK-L1-2,PET-SD,806
CON-014571,LOT-03705,L1,BNK-L1-3,MB-AB,542
CON-014572,LOT-03705,L1,BNK-L1-4,MB-SL,410
CON-014573,LOT-03706,L1,BNK-L1-1,PET-BR,25799
CON-014574,LOT-03706,L1,BNK-L1-2,PET-SD,810
CON-014575,LOT-03706,L1,BNK-L1-3,MB-AB,545
CON-014576,LOT-03706,L1,BNK-L1-4,MB-SL,413
CON-014577,LOT-03707,L2,BNK-L2-1,PET-BR,21224
CON-014578,LOT-03707,L2,BNK-L2-2,PET-RC,4704
CON-014579,LOT-03707,L2,BNK-L2-3,MB-AB,395
CON-014580,LOT-03707,L2,BNK-L2-4,MB-WH,384
CON-014581,LOT-03708,L2,BNK-L2-1,PET-BR,21345
CON-014582,LOT-03708,L2,BNK-L2-2,PET-RC,4731
CON-014583,LOT-03708,L2,BNK-L2-3,MB-AB,398
CON-014584,LOT-03708,L2,BNK-L2-4,MB-WH,386
CON-014585,LOT-03709,L4,BNK-L4-1,PET-BR,19710
CON-014586,LOT-03709,L4,BNK-L4-2,PET-CO,4975
CON-014587,LOT-03709,L4,BNK-L4-3,MB-WH,483
CON-014588,LOT-03709,L4,BNK-L4-4,MB-UV,244
CON-014589,LOT-03710,L4,BNK-L4-1,PET-BR,19828
CON-014590,LOT-03710,L4,BNK-L4-2,PET-CO,5005
CON-014591,LOT-03710,L4,BNK-L4-3,MB-WH,486
CON-014592,LOT-03710,L4,BNK-L4-4,MB-UV,245
CON-014593,LOT-03711,L5,BNK-L5-1,NY6-F,12583
CON-014594,LOT-03711,L5,BNK-L5-2,NY6-H,2157
CON-014595,LOT-03711,L5,BNK-L5-3,MB-NA,290
CON-014596,LOT-03711,L5,BNK-L5-4,MB-NS,147
CON-014597,LOT-03712,L5,BNK-L5-1,NY6-F,12702
CON-014598,LOT-03712,L5,BNK-L5-2,NY6-H,2177
CON-014599,LOT-03712,L5,BNK-L5-3,MB-NA,293
CON-014600,LOT-03712,L5,BNK-L5-4,MB-NS,148
CON-014601,LOT-03713,L6,BNK-L6-1,NY6-F,10795
CON-014602,LOT-03713,L6,BNK-L6-2,NY6-H,2475
CON-014603,LOT-03713,L6,BNK-L6-3,MB-NA,203
CON-014604,LOT-03713,L6,BNK-L6-4,MB-NS,205
CON-014605,LOT-03714,L6,BNK-L6-1,NY6-F,10905
CON-014606,LOT-03714,L6,BNK-L6-2,NY6-H,2500
CON-014607,LOT-03714,L6,BNK-L6-3,MB-NA,205
CON-014608,LOT-03714,L6,BNK-L6-4,MB-NS,207
CON-014609,LOT-03715,L1,BNK-L1-1,PET-BR,25787
CON-014610,LOT-03715,L1,BNK-L1-2,PET-SD,1363
CON-014611,LOT-03715,L1,BNK-L1-3,MB-AB,413
CON-014612,LOT-03715,L1,BNK-L1-4,MB-SL,267
CON-014613,LOT-03716,L1,BNK-L1-1,PET-BR,25929
CON-014614,LOT-03716,L1,BNK-L1-2,PET-SD,1371
CON-014615,LOT-03716,L1,BNK-L1-3,MB-AB,415
CON-014616,LOT-03716,L1,BNK-L1-4,MB-SL,269
CON-014617,LOT-03717,L2,BNK-L2-1,PET-BR,21870
CON-014618,LOT-03717,L2,BNK-L2-2,PET-RC,4338
CON-014619,LOT-03717,L2,BNK-L2-3,MB-AB,398
CON-014620,LOT-03717,L2,BNK-L2-4,MB-WH,258
CON-014621,LOT-03718,L2,BNK-L2-1,PET-BR,21994
CON-014622,LOT-03718,L2,BNK-L2-2,PET-RC,4363
CON-014623,LOT-03718,L2,BNK-L2-3,MB-AB,400
CON-014624,LOT-03718,L2,BNK-L2-4,MB-WH,259
CON-014625,LOT-03719,L3,BNK-L3-1,PET-BR,23576
CON-014626,LOT-03719,L3,BNK-L3-2,PET-SD,2660
CON-014627,LOT-03719,L3,BNK-L3-3,MB-SL,516
CON-014628,LOT-03719,L3,BNK-L3-4,MB-UV,261
CON-014629,LOT-03720,L3,BNK-L3-1,PET-BR,23710
CON-014630,LOT-03720,L3,BNK-L3-2,PET-SD,2675
CON-014631,LOT-03720,L3,BNK-L3-3,MB-SL,519
CON-014632,LOT-03720,L3,BNK-L3-4,MB-UV,262
CON-014633,LOT-03721,L5,BNK-L5-1,NY6-F,11709
CON-014634,LOT-03721,L5,BNK-L5-2,NY6-H,2774
CON-014635,LOT-03721,L5,BNK-L5-3,MB-NA,221
CON-014636,LOT-03721,L5,BNK-L5-4,MB-NS,223
CON-014637,LOT-03722,L5,BNK-L5-1,NY6-F,11819
CON-014638,LOT-03722,L5,BNK-L5-2,NY6-H,2800
CON-014639,LOT-03722,L5,BNK-L5-3,MB-NA,223
CON-014640,LOT-03722,L5,BNK-L5-4,MB-NS,225
CON-014641,LOT-03723,L6,BNK-L6-1,NY6-F,10745
CON-014642,LOT-03723,L6,BNK-L6-2,NY6-H,2884
CON-014643,LOT-03723,L6,BNK-L6-3,MB-NA,277
CON-014644,LOT-03723,L6,BNK-L6-4,MB-NS,135
CON-014645,LOT-03724,L6,BNK-L6-1,NY6-F,10737
CON-014646,LOT-03724,L6,BNK-L6-2,NY6-H,2882
CON-014647,LOT-03724,L6,BNK-L6-3,MB-NA,277
CON-014648,LOT-03724,L6,BNK-L6-4,MB-NS,135
CON-014649,LOT-03725,L1,BNK-L1-1,PET-BR,25001
CON-014650,LOT-03725,L1,BNK-L1-2,PET-SD,1047
CON-014651,LOT-03725,L1,BNK-L1-3,MB-AB,396
CON-014652,LOT-03725,L1,BNK-L1-4,MB-SL,256
CON-014653,LOT-03726,L1,BNK-L1-1,PET-BR,25144
CON-014654,LOT-03726,L1,BNK-L1-2,PET-SD,1052
CON-014655,LOT-03726,L1,BNK-L1-3,MB-AB,398
CON-014656,LOT-03726,L1,BNK-L1-4,MB-SL,258
CON-014657,LOT-03727,L2,BNK-L2-1,PET-BR,20148
CON-014658,LOT-03727,L2,BNK-L2-2,PET-RC,5213
CON-014659,LOT-03727,L2,BNK-L2-3,MB-AB,370
CON-014660,LOT-03727,L2,BNK-L2-4,MB-WH,249
CON-014661,LOT-03728,L2,BNK-L2-1,PET-BR,20266
CON-014662,LOT-03728,L2,BNK-L2-2,PET-RC,5244
CON-014663,LOT-03728,L2,BNK-L2-3,MB-AB,372
CON-014664,LOT-03728,L2,BNK-L2-4,MB-WH,251
CON-014665,LOT-03729,L3,BNK-L3-1,PET-BR,21529
CON-014666,LOT-03729,L3,BNK-L3-2,PET-SD,3712
CON-014667,LOT-03729,L3,BNK-L3-3,MB-SL,499
CON-014668,LOT-03729,L3,BNK-L3-4,MB-UV,252
CON-014669,LOT-03730,L3,BNK-L3-1,PET-BR,21656
CON-014670,LOT-03730,L3,BNK-L3-2,PET-SD,3734
CON-014671,LOT-03730,L3,BNK-L3-3,MB-SL,502
CON-014672,LOT-03730,L3,BNK-L3-4,MB-UV,254
CON-014673,LOT-03731,L4,BNK-L4-1,PET-BR,19084
CON-014674,LOT-03731,L4,BNK-L4-2,PET-CO,4231
CON-014675,LOT-03731,L4,BNK-L4-3,MB-WH,356
CON-014676,LOT-03731,L4,BNK-L4-4,MB-UV,359
CON-014677,LOT-03732,L4,BNK-L4-1,PET-BR,19203
CON-014678,LOT-03732,L4,BNK-L4-2,PET-CO,4257
CON-014679,LOT-03732,L4,BNK-L4-3,MB-WH,358
CON-014680,LOT-03732,L4,BNK-L4-4,MB-UV,361
CON-014681,LOT-03733,L6,BNK-L6-1,NY6-F,10819
CON-014682,LOT-03733,L6,BNK-L6-2,NY6-H,2303
CON-014683,LOT-03733,L6,BNK-L6-3,MB-NA,199
CON-014684,LOT-03733,L6,BNK-L6-4,MB-NS,129
CON-014685,LOT-03734,L6,BNK-L6-1,NY6-F,10932
CON-014686,LOT-03734,L6,BNK-L6-2,NY6-H,2327
CON-014687,LOT-03734,L6,BNK-L6-3,MB-NA,201
CON-014688,LOT-03734,L6,BNK-L6-4,MB-NS,130
CON-014689,LOT-03735,L1,BNK-L1-1,PET-BR,25396
CON-014690,LOT-03735,L1,BNK-L1-2,PET-SD,797
CON-014691,LOT-03735,L1,BNK-L1-3,MB-AB,516
CON-014692,LOT-03735,L1,BNK-L1-4,MB-SL,260
CON-014693,LOT-03736,L1,BNK-L1-1,PET-BR,25539
CON-014694,LOT-03736,L1,BNK-L1-2,PET-SD,802
CON-014695,LOT-03736,L1,BNK-L1-3,MB-AB,518
CON-014696,LOT-03736,L1,BNK-L1-4,MB-SL,262
CON-014697,LOT-03737,L2,BNK-L2-1,PET-BR,19958
CON-014698,LOT-03737,L2,BNK-L2-2,PET-RC,5591
CON-014699,LOT-03737,L2,BNK-L2-3,MB-AB,376
CON-014700,LOT-03737,L2,BNK-L2-4,MB-WH,253
CON-014701,LOT-03738,L2,BNK-L2-1,PET-BR,20074
CON-014702,LOT-03738,L2,BNK-L2-2,PET-RC,5623
CON-014703,LOT-03738,L2,BNK-L2-3,MB-AB,378
CON-014704,LOT-03738,L2,BNK-L2-4,MB-WH,255
CON-014705,LOT-03739,L3,BNK-L3-1,PET-BR,22407
CON-014706,LOT-03739,L3,BNK-L3-2,PET-SD,2389
CON-014707,LOT-03739,L3,BNK-L3-3,MB-SL,507
CON-014708,LOT-03739,L3,BNK-L3-4,MB-UV,384
CON-014709,LOT-03740,L3,BNK-L3-1,PET-BR,22538
CON-014710,LOT-03740,L3,BNK-L3-2,PET-SD,2403
CON-014711,LOT-03740,L3,BNK-L3-3,MB-SL,510
CON-014712,LOT-03740,L3,BNK-L3-4,MB-UV,386
CON-014713,LOT-03741,L4,BNK-L4-1,PET-BR,18454
CON-014714,LOT-03741,L4,BNK-L4-2,PET-CO,5256
CON-014715,LOT-03741,L4,BNK-L4-3,MB-WH,482
CON-014716,LOT-03741,L4,BNK-L4-4,MB-UV,234
CON-014717,LOT-03742,L4,BNK-L4-1,PET-BR,18568
CON-014718,LOT-03742,L4,BNK-L4-2,PET-CO,5288
CON-014719,LOT-03742,L4,BNK-L4-3,MB-WH,485
CON-014720,LOT-03742,L4,BNK-L4-4,MB-UV,235
CON-014721,LOT-03743,L5,BNK-L5-1,NY6-F,11593
CON-014722,LOT-03743,L5,BNK-L5-2,NY6-H,2641
CON-014723,LOT-03743,L5,BNK-L5-3,MB-NA,216
CON-014724,LOT-03743,L5,BNK-L5-4,MB-NS,140
CON-014725,LOT-03744,L5,BNK-L5-1,NY6-F,11705
CON-014726,LOT-03744,L5,BNK-L5-2,NY6-H,2667
CON-014727,LOT-03744,L5,BNK-L5-3,MB-NA,218
CON-014728,LOT-03744,L5,BNK-L5-4,MB-NS,141
CON-014729,LOT-03745,L1,BNK-L1-1,PET-BR,25526
CON-014730,LOT-03745,L1,BNK-L1-2,PET-SD,1298
CON-014731,LOT-03745,L1,BNK-L1-3,MB-AB,397
CON-014732,LOT-03745,L1,BNK-L1-4,MB-SL,267
CON-014733,LOT-03746,L1,BNK-L1-1,PET-BR,25669
CON-014734,LOT-03746,L1,BNK-L1-2,PET-SD,1305
CON-014735,LOT-03746,L1,BNK-L1-3,MB-AB,395
CON-014736,LOT-03746,L1,BNK-L1-4,MB-SL,266
CON-014737,LOT-03747,L2,BNK-L2-1,PET-BR,21624
CON-014738,LOT-03747,L2,BNK-L2-2,PET-RC,3408
CON-014739,LOT-03747,L2,BNK-L2-3,MB-AB,509
CON-014740,LOT-03747,L2,BNK-L2-4,MB-WH,257
CON-014741,LOT-03748,L2,BNK-L2-1,PET-BR,21750
CON-014742,LOT-03748,L2,BNK-L2-2,PET-RC,3428
CON-014743,LOT-03748,L2,BNK-L2-3,MB-AB,512
CON-014744,LOT-03748,L2,BNK-L2-4,MB-WH,259
CON-014745,LOT-03749,L3,BNK-L3-1,PET-BR,10625
CON-014746,LOT-03749,L3,BNK-L3-2,PET-SD,15327
CON-014747,LOT-03750,L3,BNK-L3-1,PET-BR,10686
CON-014748,LOT-03750,L3,BNK-L3-2,PET-SD,15416
CON-014749,LOT-03751,L4,BNK-L4-1,PET-BR,19766
CON-014750,LOT-03751,L4,BNK-L4-2,PET-CO,4208
CON-014751,LOT-03751,L4,BNK-L4-3,MB-WH,364
CON-014752,LOT-03751,L4,BNK-L4-4,MB-UV,236
CON-014753,LOT-03752,L4,BNK-L4-1,PET-BR,19887
CON-014754,LOT-03752,L4,BNK-L4-2,PET-CO,4234
CON-014755,LOT-03752,L4,BNK-L4-3,MB-WH,366
CON-014756,LOT-03752,L4,BNK-L4-4,MB-UV,237
CON-014757,LOT-03753,L5,BNK-L5-1,NY6-F,11269
CON-014758,LOT-03753,L5,BNK-L5-2,NY6-H,3189
CON-014759,LOT-03753,L5,BNK-L5-3,MB-NA,211
CON-014760,LOT-03753,L5,BNK-L5-4,MB-NS,142
CON-014761,LOT-03754,L5,BNK-L5-1,NY6-F,11377
CON-014762,LOT-03754,L5,BNK-L5-2,NY6-H,3219
CON-014763,LOT-03754,L5,BNK-L5-3,MB-NA,213
CON-014764,LOT-03754,L5,BNK-L5-4,MB-NS,144
CON-014765,LOT-03755,L6,BNK-L6-1,NY6-F,11524
CON-014766,LOT-03755,L6,BNK-L6-2,NY6-H,1898
CON-014767,LOT-03755,L6,BNK-L6-3,MB-NA,264
CON-014768,LOT-03755,L6,BNK-L6-4,MB-NS,133
CON-014769,LOT-03756,L6,BNK-L6-1,NY6-F,11642
CON-014770,LOT-03756,L6,BNK-L6-2,NY6-H,1918
CON-014771,LOT-03756,L6,BNK-L6-3,MB-NA,267
CON-014772,LOT-03756,L6,BNK-L6-4,MB-NS,135
CON-014773,LOT-03757,L1,BNK-L1-1,PET-BR,25241
CON-014774,LOT-03757,L1,BNK-L1-2,PET-SD,792
CON-014775,LOT-03757,L1,BNK-L1-3,MB-AB,533
CON-014776,LOT-03757,L1,BNK-L1-4,MB-SL,404
CON-014777,LOT-03758,L1,BNK-L1-1,PET-BR,25382
CON-014778,LOT-03758,L1,BNK-L1-2,PET-SD,797
CON-014779,LOT-03758,L1,BNK-L1-3,MB-AB,536
CON-014780,LOT-03758,L1,BNK-L1-4,MB-SL,406
CON-014781,LOT-03759,L2,BNK-L2-1,PET-BR,20869
CON-014782,LOT-03759,L2,BNK-L2-2,PET-RC,4626
CON-014783,LOT-03759,L2,BNK-L2-3,MB-AB,389
CON-014784,LOT-03759,L2,BNK-L2-4,MB-WH,378
CON-014785,LOT-03760,L2,BNK-L2-1,PET-BR,20990
CON-014786,LOT-03760,L2,BNK-L2-2,PET-RC,4653
CON-014787,LOT-03760,L2,BNK-L2-3,MB-AB,391
CON-014788,LOT-03760,L2,BNK-L2-4,MB-WH,380
CON-014789,LOT-03761,L3,BNK-L3-1,PET-BR,22313
CON-014790,LOT-03761,L3,BNK-L3-2,PET-SD,3090
CON-014791,LOT-03761,L3,BNK-L3-3,MB-SL,520
CON-014792,LOT-03761,L3,BNK-L3-4,MB-UV,252
CON-014793,LOT-03762,L3,BNK-L3-1,PET-BR,22442
CON-014794,LOT-03762,L3,BNK-L3-2,PET-SD,3108
CON-014795,LOT-03762,L3,BNK-L3-3,MB-SL,522
CON-014796,LOT-03762,L3,BNK-L3-4,MB-UV,254
CON-014797,LOT-03763,L4,BNK-L4-1,PET-BR,19402
CON-014798,LOT-03763,L4,BNK-L4-2,PET-CO,4897
CON-014799,LOT-03763,L4,BNK-L4-3,MB-WH,475
CON-014800,LOT-03763,L4,BNK-L4-4,MB-UV,240
CON-014801,LOT-03764,L4,BNK-L4-1,PET-BR,19520
CON-014802,LOT-03764,L4,BNK-L4-2,PET-CO,4927
CON-014803,LOT-03764,L4,BNK-L4-3,MB-WH,478
CON-014804,LOT-03764,L4,BNK-L4-4,MB-UV,241
CON-014805,LOT-03765,L5,BNK-L5-1,NY6-F,12412
CON-014806,LOT-03765,L5,BNK-L5-2,NY6-H,2127
CON-014807,LOT-03765,L5,BNK-L5-3,MB-NA,286
CON-014808,LOT-03765,L5,BNK-L5-4,MB-NS,145
CON-014809,LOT-03766,L5,BNK-L5-1,NY6-F,12530
CON-014810,LOT-03766,L5,BNK-L5-2,NY6-H,2148
CON-014811,LOT-03766,L5,BNK-L5-3,MB-NA,289
CON-014812,LOT-03766,L5,BNK-L5-4,MB-NS,146
CON-014813,LOT-03767,L6,BNK-L6-1,NY6-F,10754
CON-014814,LOT-03767,L6,BNK-L6-2,NY6-H,2465
CON-014815,LOT-03767,L6,BNK-L6-3,MB-NA,202
CON-014816,LOT-03767,L6,BNK-L6-4,MB-NS,204
CON-014817,LOT-03768,L6,BNK-L6-1,NY6-F,10746
CON-014818,LOT-03768,L6,BNK-L6-2,NY6-H,2464
CON-014819,LOT-03768,L6,BNK-L6-3,MB-NA,202
CON-014820,LOT-03768,L6,BNK-L6-4,MB-NS,204
CON-014821,LOT-03769,L1,BNK-L1-1,PET-BR,25422
CON-014822,LOT-03769,L1,BNK-L1-2,PET-SD,1344
CON-014823,LOT-03769,L1,BNK-L1-3,MB-AB,407
CON-014824,LOT-03769,L1,BNK-L1-4,MB-SL,263
CON-014825,LOT-03770,L1,BNK-L1-1,PET-BR,25564
CON-014826,LOT-03770,L1,BNK-L1-2,PET-SD,1352
CON-014827,LOT-03770,L1,BNK-L1-3,MB-AB,409
CON-014828,LOT-03770,L1,BNK-L1-4,MB-SL,265
CON-014829,LOT-03771,L2,BNK-L2-1,PET-BR,21549
CON-014830,LOT-03771,L2,BNK-L2-2,PET-RC,4274
CON-014831,LOT-03771,L2,BNK-L2-3,MB-AB,392
CON-014832,LOT-03771,L2,BNK-L2-4,MB-WH,254
CON-014833,LOT-03772,L2,BNK-L2-1,PET-BR,21673
CON-014834,LOT-03772,L2,BNK-L2-2,PET-RC,4299
CON-014835,LOT-03772,L2,BNK-L2-3,MB-AB,394
CON-014836,LOT-03772,L2,BNK-L2-4,MB-WH,255
CON-014837,LOT-03773,L3,BNK-L3-1,PET-BR,23230
CON-014838,LOT-03773,L3,BNK-L3-2,PET-SD,2621
CON-014839,LOT-03773,L3,BNK-L3-3,MB-SL,509
CON-014840,LOT-03773,L3,BNK-L3-4,MB-UV,257
CON-014841,LOT-03774,L3,BNK-L3-1,PET-BR,23363
CON-014842,LOT-03774,L3,BNK-L3-2,PET-SD,2636
CON-014843,LOT-03774,L3,BNK-L3-3,MB-SL,511
CON-014844,LOT-03774,L3,BNK-L3-4,MB-UV,258
CON-014845,LOT-03775,L4,BNK-L4-1,PET-BR,21113
CON-014846,LOT-03775,L4,BNK-L4-2,PET-CO,3478
CON-014847,LOT-03775,L4,BNK-L4-3,MB-WH,484
CON-014848,LOT-03775,L4,BNK-L4-4,MB-UV,244
CON-014849,LOT-03776,L4,BNK-L4-1,PET-BR,21240
CON-014850,LOT-03776,L4,BNK-L4-2,PET-CO,3499
CON-014851,LOT-03776,L4,BNK-L4-3,MB-WH,487
CON-014852,LOT-03776,L4,BNK-L4-4,MB-UV,246
CON-014853,LOT-03777,L5,BNK-L5-1,NY6-F,11573
CON-014854,LOT-03777,L5,BNK-L5-2,NY6-H,2741
CON-014855,LOT-03777,L5,BNK-L5-3,MB-NA,219
CON-014856,LOT-03777,L5,BNK-L5-4,MB-NS,221
CON-014857,LOT-03778,L5,BNK-L5-1,NY6-F,11683
CON-014858,LOT-03778,L5,BNK-L5-2,NY6-H,2767
CON-014859,LOT-03778,L5,BNK-L5-3,MB-NA,221
CON-014860,LOT-03778,L5,BNK-L5-4,MB-NS,223
CON-014861,LOT-03779,L6,BNK-L6-1,NY6-F,10496
CON-014862,LOT-03779,L6,BNK-L6-2,NY6-H,2818
CON-014863,LOT-03779,L6,BNK-L6-3,MB-NA,271
CON-014864,LOT-03779,L6,BNK-L6-4,MB-NS,132
CON-014865,LOT-03780,L6,BNK-L6-1,NY6-F,10603
CON-014866,LOT-03780,L6,BNK-L6-2,NY6-H,2846
CON-014867,LOT-03780,L6,BNK-L6-3,MB-NA,274
CON-014868,LOT-03780,L6,BNK-L6-4,MB-NS,133
CON-014869,LOT-03781,L1,BNK-L1-1,PET-BR,25885
CON-014870,LOT-03781,L1,BNK-L1-2,PET-SD,1084
CON-014871,LOT-03781,L1,BNK-L1-3,MB-AB,410
CON-014872,LOT-03781,L1,BNK-L1-4,MB-SL,265
CON-014873,LOT-03782,L1,BNK-L1-1,PET-BR,26029
CON-014874,LOT-03782,L1,BNK-L1-2,PET-SD,1090
CON-014875,LOT-03782,L1,BNK-L1-3,MB-AB,412
CON-014876,LOT-03782,L1,BNK-L1-4,MB-SL,267
CON-014877,LOT-03783,L2,BNK-L2-1,PET-BR,20888
CON-014878,LOT-03783,L2,BNK-L2-2,PET-RC,5405
CON-014879,LOT-03783,L2,BNK-L2-3,MB-AB,384
CON-014880,LOT-03783,L2,BNK-L2-4,MB-WH,258
CON-014881,LOT-03784,L2,BNK-L2-1,PET-BR,21008
CON-014882,LOT-03784,L2,BNK-L2-2,PET-RC,5435
CON-014883,LOT-03784,L2,BNK-L2-3,MB-AB,386
CON-014884,LOT-03784,L2,BNK-L2-4,MB-WH,260
CON-014885,LOT-03785,L3,BNK-L3-1,PET-BR,22320
CON-014886,LOT-03785,L3,BNK-L3-2,PET-SD,3848
CON-014887,LOT-03785,L3,BNK-L3-3,MB-SL,518
CON-014888,LOT-03785,L3,BNK-L3-4,MB-UV,261
CON-014889,LOT-03786,L3,BNK-L3-1,PET-BR,22448
CON-014890,LOT-03786,L3,BNK-L3-2,PET-SD,3870
CON-014891,LOT-03786,L3,BNK-L3-3,MB-SL,521
CON-014892,LOT-03786,L3,BNK-L3-4,MB-UV,263
CON-014893,LOT-03787,L4,BNK-L4-1,PET-BR,19831
CON-014894,LOT-03787,L4,BNK-L4-2,PET-CO,4396
CON-014895,LOT-03787,L4,BNK-L4-3,MB-WH,370
CON-014896,LOT-03787,L4,BNK-L4-4,MB-UV,373
CON-014897,LOT-03788,L4,BNK-L4-1,PET-BR,19950
CON-014898,LOT-03788,L4,BNK-L4-2,PET-CO,4422
CON-014899,LOT-03788,L4,BNK-L4-3,MB-WH,372
CON-014900,LOT-03788,L4,BNK-L4-4,MB-UV,375
CON-014901,LOT-03789,L5,BNK-L5-1,NY6-F,11482
CON-014902,LOT-03789,L5,BNK-L5-2,NY6-H,3082
CON-014903,LOT-03789,L5,BNK-L5-3,MB-NA,296
CON-014904,LOT-03789,L5,BNK-L5-4,MB-NS,144
CON-014905,LOT-03790,L5,BNK-L5-1,NY6-F,11466
CON-014906,LOT-03790,L5,BNK-L5-2,NY6-H,3078
CON-014907,LOT-03790,L5,BNK-L5-3,MB-NA,296
CON-014908,LOT-03790,L5,BNK-L5-4,MB-NS,144
CON-014909,LOT-03791,L6,BNK-L6-1,NY6-F,11114
CON-014910,LOT-03791,L6,BNK-L6-2,NY6-H,2366
CON-014911,LOT-03791,L6,BNK-L6-3,MB-NA,205
CON-014912,LOT-03791,L6,BNK-L6-4,MB-NS,133
CON-014913,LOT-03792,L6,BNK-L6-1,NY6-F,11227
CON-014914,LOT-03792,L6,BNK-L6-2,NY6-H,2390
CON-014915,LOT-03792,L6,BNK-L6-3,MB-NA,207
CON-014916,LOT-03792,L6,BNK-L6-4,MB-NS,134
CON-014917,LOT-03793,L1,BNK-L1-1,PET-BR,26339
CON-014918,LOT-03793,L1,BNK-L1-2,PET-SD,827
CON-014919,LOT-03793,L1,BNK-L1-3,MB-AB,535
CON-014920,LOT-03793,L1,BNK-L1-4,MB-SL,270
CON-014921,LOT-03794,L1,BNK-L1-1,PET-BR,26484
CON-014922,LOT-03794,L1,BNK-L1-2,PET-SD,831
CON-014923,LOT-03794,L1,BNK-L1-3,MB-AB,538
CON-014924,LOT-03794,L1,BNK-L1-4,MB-SL,272
CON-014925,LOT-03795,L2,BNK-L2-1,PET-BR,20726
CON-014926,LOT-03795,L2,BNK-L2-2,PET-RC,5806
CON-014927,LOT-03795,L2,BNK-L2-3,MB-AB,391
CON-014928,LOT-03795,L2,BNK-L2-4,MB-WH,263
CON-014929,LOT-03796,L2,BNK-L2-1,PET-BR,20843
CON-014930,LOT-03796,L2,BNK-L2-2,PET-RC,5839
CON-014931,LOT-03796,L2,BNK-L2-3,MB-AB,393
CON-014932,LOT-03796,L2,BNK-L2-4,MB-WH,264
CON-014933,LOT-03797,L3,BNK-L3-1,PET-BR,23271
CON-014934,LOT-03797,L3,BNK-L3-2,PET-SD,2481
CON-014935,LOT-03797,L3,BNK-L3-3,MB-SL,527
CON-014936,LOT-03797,L3,BNK-L3-4,MB-UV,399
CON-014937,LOT-03798,L3,BNK-L3-1,PET-BR,23404
CON-014938,LOT-03798,L3,BNK-L3-2,PET-SD,2495
CON-014939,LOT-03798,L3,BNK-L3-3,MB-SL,530
CON-014940,LOT-03798,L3,BNK-L3-4,MB-UV,401
CON-014941,LOT-03799,L4,BNK-L4-1,PET-BR,19208
CON-014942,LOT-03799,L4,BNK-L4-2,PET-CO,5470
CON-014943,LOT-03799,L4,BNK-L4-3,MB-WH,502
CON-014944,LOT-03799,L4,BNK-L4-4,MB-UV,244
CON-014945,LOT-03800,L4,BNK-L4-1,PET-BR,19116
CON-014946,LOT-03800,L4,BNK-L4-2,PET-CO,5445
CON-014947,LOT-03800,L4,BNK-L4-3,MB-WH,505
CON-014948,LOT-03800,L4,BNK-L4-4,MB-UV,245
CON-014949,LOT-03801,L5,BNK-L5-1,NY6-F,11877
CON-014950,LOT-03801,L5,BNK-L5-2,NY6-H,2706
CON-014951,LOT-03801,L5,BNK-L5-3,MB-NA,222
CON-014952,LOT-03801,L5,BNK-L5-4,MB-NS,143
CON-014953,LOT-03802,L5,BNK-L5-1,NY6-F,11989
CON-014954,LOT-03802,L5,BNK-L5-2,NY6-H,2731
CON-014955,LOT-03802,L5,BNK-L5-3,MB-NA,224
CON-014956,LOT-03802,L5,BNK-L5-4,MB-NS,145
CON-014957,LOT-03803,L6,BNK-L6-1,NY6-F,10903
CON-014958,LOT-03803,L6,BNK-L6-2,NY6-H,2821
CON-014959,LOT-03803,L6,BNK-L6-3,MB-NA,200
CON-014960,LOT-03803,L6,BNK-L6-4,MB-NS,135
CON-014961,LOT-03804,L6,BNK-L6-1,NY6-F,11012
CON-014962,LOT-03804,L6,BNK-L6-2,NY6-H,2849
CON-014963,LOT-03804,L6,BNK-L6-3,MB-NA,202
CON-014964,LOT-03804,L6,BNK-L6-4,MB-NS,136
CON-014965,LOT-03805,L1,BNK-L1-1,PET-BR,25302
CON-014966,LOT-03805,L1,BNK-L1-2,PET-SD,1286
CON-014967,LOT-03805,L1,BNK-L1-3,MB-AB,389
CON-014968,LOT-03805,L1,BNK-L1-4,MB-SL,262
CON-014969,LOT-03806,L1,BNK-L1-1,PET-BR,25445
CON-014970,LOT-03806,L1,BNK-L1-2,PET-SD,1294
CON-014971,LOT-03806,L1,BNK-L1-3,MB-AB,392
CON-014972,LOT-03806,L1,BNK-L1-4,MB-SL,264
CON-014973,LOT-03807,L2,BNK-L2-1,PET-BR,21425
CON-014974,LOT-03807,L2,BNK-L2-2,PET-RC,3377
CON-014975,LOT-03807,L2,BNK-L2-3,MB-AB,505
CON-014976,LOT-03807,L2,BNK-L2-4,MB-WH,255
CON-014977,LOT-03808,L2,BNK-L2-1,PET-BR,21551
CON-014978,LOT-03808,L2,BNK-L2-2,PET-RC,3397
CON-014979,LOT-03808,L2,BNK-L2-3,MB-AB,508
CON-014980,LOT-03808,L2,BNK-L2-4,MB-WH,256
CON-014981,LOT-03809,L3,BNK-L3-1,PET-BR,10526
CON-014982,LOT-03809,L3,BNK-L3-2,PET-SD,15184
CON-014983,LOT-03810,L3,BNK-L3-1,PET-BR,10588
CON-014984,LOT-03810,L3,BNK-L3-2,PET-SD,15273
CON-014985,LOT-03811,L4,BNK-L4-1,PET-BR,19355
CON-014986,LOT-03811,L4,BNK-L4-2,PET-CO,4121
CON-014987,LOT-03811,L4,BNK-L4-3,MB-WH,360
CON-014988,LOT-03811,L4,BNK-L4-4,MB-UV,233
CON-014989,LOT-03812,L4,BNK-L4-1,PET-BR,19476
CON-014990,LOT-03812,L4,BNK-L4-2,PET-CO,4147
CON-014991,LOT-03812,L4,BNK-L4-3,MB-WH,359
CON-014992,LOT-03812,L4,BNK-L4-4,MB-UV,232
CON-014993,LOT-03813,L5,BNK-L5-1,NY6-F,11058
CON-014994,LOT-03813,L5,BNK-L5-2,NY6-H,3129
CON-014995,LOT-03813,L5,BNK-L5-3,MB-NA,207
CON-014996,LOT-03813,L5,BNK-L5-4,MB-NS,139
CON-014997,LOT-03814,L5,BNK-L5-1,NY6-F,11166
CON-014998,LOT-03814,L5,BNK-L5-2,NY6-H,3160
CON-014999,LOT-03814,L5,BNK-L5-3,MB-NA,209
CON-015000,LOT-03814,L5,BNK-L5-4,MB-NS,141
CON-015001,LOT-03815,L6,BNK-L6-1,NY6-F,11298
CON-015002,LOT-03815,L6,BNK-L6-2,NY6-H,1861
CON-015003,LOT-03815,L6,BNK-L6-3,MB-NA,259
CON-015004,LOT-03815,L6,BNK-L6-4,MB-NS,131
CON-015005,LOT-03816,L6,BNK-L6-1,NY6-F,11415
CON-015006,LOT-03816,L6,BNK-L6-2,NY6-H,1880
CON-015007,LOT-03816,L6,BNK-L6-3,MB-NA,262
CON-015008,LOT-03816,L6,BNK-L6-4,MB-NS,132
CON-015009,LOT-03817,L1,BNK-L1-1,PET-BR,25025
CON-015010,LOT-03817,L1,BNK-L1-2,PET-SD,786
CON-015011,LOT-03817,L1,BNK-L1-3,MB-AB,528
CON-015012,LOT-03817,L1,BNK-L1-4,MB-SL,400
CON-015013,LOT-03818,L1,BNK-L1-1,PET-BR,25166
CON-015014,LOT-03818,L1,BNK-L1-2,PET-SD,790
CON-015015,LOT-03818,L1,BNK-L1-3,MB-AB,531
CON-015016,LOT-03818,L1,BNK-L1-4,MB-SL,402
CON-015017,LOT-03819,L2,BNK-L2-1,PET-BR,20678
CON-015018,LOT-03819,L2,BNK-L2-2,PET-RC,4583
CON-015019,LOT-03819,L2,BNK-L2-3,MB-AB,385
CON-015020,LOT-03819,L2,BNK-L2-4,MB-WH,374
CON-015021,LOT-03820,L2,BNK-L2-1,PET-BR,20799
CON-015022,LOT-03820,L2,BNK-L2-2,PET-RC,4610
CON-015023,LOT-03820,L2,BNK-L2-3,MB-AB,388
CON-015024,LOT-03820,L2,BNK-L2-4,MB-WH,376
CON-015025,LOT-03821,L3,BNK-L3-1,PET-BR,22108
CON-015026,LOT-03821,L3,BNK-L3-2,PET-SD,3062
CON-015027,LOT-03821,L3,BNK-L3-3,MB-SL,515
CON-015028,LOT-03821,L3,BNK-L3-4,MB-UV,250
CON-015029,LOT-03822,L3,BNK-L3-1,PET-BR,21999
CON-015030,LOT-03822,L3,BNK-L3-2,PET-SD,3047
CON-015031,LOT-03822,L3,BNK-L3-3,MB-SL,518
CON-015032,LOT-03822,L3,BNK-L3-4,MB-UV,251
CON-015033,LOT-03823,L4,BNK-L4-1,PET-BR,19002
CON-015034,LOT-03823,L4,BNK-L4-2,PET-CO,4797
CON-015035,LOT-03823,L4,BNK-L4-3,MB-WH,465
CON-015036,LOT-03823,L4,BNK-L4-4,MB-UV,235
CON-015037,LOT-03824,L4,BNK-L4-1,PET-BR,19119
CON-015038,LOT-03824,L4,BNK-L4-2,PET-CO,4826
CON-015039,LOT-03824,L4,BNK-L4-3,MB-WH,468
CON-015040,LOT-03824,L4,BNK-L4-4,MB-UV,236
CON-015041,LOT-03825,L5,BNK-L5-1,NY6-F,12182
CON-015042,LOT-03825,L5,BNK-L5-2,NY6-H,2088
CON-015043,LOT-03825,L5,BNK-L5-3,MB-NA,281
CON-015044,LOT-03825,L5,BNK-L5-4,MB-NS,142
CON-015045,LOT-03826,L5,BNK-L5-1,NY6-F,12299
CON-015046,LOT-03826,L5,BNK-L5-2,NY6-H,2108
CON-015047,LOT-03826,L5,BNK-L5-3,MB-NA,284
CON-015048,LOT-03826,L5,BNK-L5-4,MB-NS,143
CON-015049,LOT-03827,L6,BNK-L6-1,NY6-F,10542
CON-015050,LOT-03827,L6,BNK-L6-2,NY6-H,2417
CON-015051,LOT-03827,L6,BNK-L6-3,MB-NA,198
CON-015052,LOT-03827,L6,BNK-L6-4,MB-NS,200
CON-015053,LOT-03828,L6,BNK-L6-1,NY6-F,10652
CON-015054,LOT-03828,L6,BNK-L6-2,NY6-H,2442
CON-015055,LOT-03828,L6,BNK-L6-3,MB-NA,200
CON-015056,LOT-03828,L6,BNK-L6-4,MB-NS,202
CON-015057,LOT-03829,L1,BNK-L1-1,PET-BR,25205
CON-015058,LOT-03829,L1,BNK-L1-2,PET-SD,1333
CON-015059,LOT-03829,L1,BNK-L1-3,MB-AB,403
CON-015060,LOT-03829,L1,BNK-L1-4,MB-SL,261
CON-015061,LOT-03830,L1,BNK-L1-1,PET-BR,25347
CON-015062,LOT-03830,L1,BNK-L1-2,PET-SD,1340
CON-015063,LOT-03830,L1,BNK-L1-3,MB-AB,406
CON-015064,LOT-03830,L1,BNK-L1-4,MB-SL,263
CON-015065,LOT-03831,L2,BNK-L2-1,PET-BR,21353
CON-015066,LOT-03831,L2,BNK-L2-2,PET-RC,4235
CON-015067,LOT-03831,L2,BNK-L2-3,MB-AB,388
CON-015068,LOT-03831,L2,BNK-L2-4,MB-WH,251
CON-015069,LOT-03832,L2,BNK-L2-1,PET-BR,21478
CON-015070,LOT-03832,L2,BNK-L2-2,PET-RC,4260
CON-015071,LOT-03832,L2,BNK-L2-3,MB-AB,391
CON-015072,LOT-03832,L2,BNK-L2-4,MB-WH,253
CON-015073,LOT-03833,L3,BNK-L3-1,PET-BR,22774
CON-015074,LOT-03833,L3,BNK-L3-2,PET-SD,2569
CON-015075,LOT-03833,L3,BNK-L3-3,MB-SL,504
CON-015076,LOT-03833,L3,BNK-L3-4,MB-UV,254
CON-015077,LOT-03834,L3,BNK-L3-1,PET-BR,22906
CON-015078,LOT-03834,L3,BNK-L3-2,PET-SD,2584
CON-015079,LOT-03834,L3,BNK-L3-3,MB-SL,501
CON-015080,LOT-03834,L3,BNK-L3-4,MB-UV,253
CON-015081,LOT-03835,L4,BNK-L4-1,PET-BR,20681
CON-015082,LOT-03835,L4,BNK-L4-2,PET-CO,3406
CON-015083,LOT-03835,L4,BNK-L4-3,MB-WH,474
CON-015084,LOT-03835,L4,BNK-L4-4,MB-UV,239
CON-015085,LOT-03836,L4,BNK-L4-1,PET-BR,20807
CON-015086,LOT-03836,L4,BNK-L4-2,PET-CO,3427
CON-015087,LOT-03836,L4,BNK-L4-3,MB-WH,477
CON-015088,LOT-03836,L4,BNK-L4-4,MB-UV,241
CON-015089,LOT-03837,L5,BNK-L5-1,NY6-F,11357
CON-015090,LOT-03837,L5,BNK-L5-2,NY6-H,2690
CON-015091,LOT-03837,L5,BNK-L5-3,MB-NA,214
CON-015092,LOT-03837,L5,BNK-L5-4,MB-NS,217
CON-015093,LOT-03838,L5,BNK-L5-1,NY6-F,11467
CON-015094,LOT-03838,L5,BNK-L5-2,NY6-H,2716
CON-015095,LOT-03838,L5,BNK-L5-3,MB-NA,217
CON-015096,LOT-03838,L5,BNK-L5-4,MB-NS,219
CON-015097,LOT-03839,L6,BNK-L6-1,NY6-F,10403
CON-015098,LOT-03839,L6,BNK-L6-2,NY6-H,2792
CON-015099,LOT-03839,L6,BNK-L6-3,MB-NA,269
CON-015100,LOT-03839,L6,BNK-L6-4,MB-NS,130
CON-015101,LOT-03840,L6,BNK-L6-1,NY6-F,10510
CON-015102,LOT-03840,L6,BNK-L6-2,NY6-H,2821
CON-015103,LOT-03840,L6,BNK-L6-3,MB-NA,271
CON-015104,LOT-03840,L6,BNK-L6-4,MB-NS,132
CON-015105,LOT-03841,L1,BNK-L1-1,PET-BR,25667
CON-015106,LOT-03841,L1,BNK-L1-2,PET-SD,1074
CON-015107,LOT-03841,L1,BNK-L1-3,MB-AB,406
CON-015108,LOT-03841,L1,BNK-L1-4,MB-SL,263
CON-015109,LOT-03842,L1,BNK-L1-1,PET-BR,25811
CON-015110,LOT-03842,L1,BNK-L1-2,PET-SD,1080
CON-015111,LOT-03842,L1,BNK-L1-3,MB-AB,409
CON-015112,LOT-03842,L1,BNK-L1-4,MB-SL,265
CON-015113,LOT-03843,L2,BNK-L2-1,PET-BR,20700
CON-015114,LOT-03843,L2,BNK-L2-2,PET-RC,5356
CON-015115,LOT-03843,L2,BNK-L2-3,MB-AB,380
CON-015116,LOT-03843,L2,BNK-L2-4,MB-WH,256
CON-015117,LOT-03844,L2,BNK-L2-1,PET-BR,20598
CON-015118,LOT-03844,L2,BNK-L2-2,PET-RC,5330
CON-015119,LOT-03844,L2,BNK-L2-3,MB-AB,382
CON-015120,LOT-03844,L2,BNK-L2-4,MB-WH,257
CON-015121,LOT-03845,L3,BNK-L3-1,PET-BR,21886
CON-015122,LOT-03845,L3,BNK-L3-2,PET-SD,3773
CON-015123,LOT-03845,L3,BNK-L3-3,MB-SL,508
CON-015124,LOT-03845,L3,BNK-L3-4,MB-UV,256
CON-015125,LOT-03846,L3,BNK-L3-1,PET-BR,22012
CON-015126,LOT-03846,L3,BNK-L3-2,PET-SD,3794
CON-015127,LOT-03846,L3,BNK-L3-3,MB-SL,510
CON-015128,LOT-03846,L3,BNK-L3-4,MB-UV,258
CON-015129,LOT-03847,L4,BNK-L4-1,PET-BR,19424
CON-015130,LOT-03847,L4,BNK-L4-2,PET-CO,4306
CON-015131,LOT-03847,L4,BNK-L4-3,MB-WH,362
CON-015132,LOT-03847,L4,BNK-L4-4,MB-UV,366
CON-015133,LOT-03848,L4,BNK-L4-1,PET-BR,19543
CON-015134,LOT-03848,L4,BNK-L4-2,PET-CO,4332
CON-015135,LOT-03848,L4,BNK-L4-3,MB-WH,364
CON-015136,LOT-03848,L4,BNK-L4-4,MB-UV,368
CON-015137,LOT-03849,L5,BNK-L5-1,NY6-F,11270
CON-015138,LOT-03849,L5,BNK-L5-2,NY6-H,3025
CON-015139,LOT-03849,L5,BNK-L5-3,MB-NA,291
CON-015140,LOT-03849,L5,BNK-L5-4,MB-NS,141
CON-015141,LOT-03850,L5,BNK-L5-1,NY6-F,11378
CON-015142,LOT-03850,L5,BNK-L5-2,NY6-H,3054
CON-015143,LOT-03850,L5,BNK-L5-3,MB-NA,294
CON-015144,LOT-03850,L5,BNK-L5-4,MB-NS,143
CON-015145,LOT-03851,L6,BNK-L6-1,NY6-F,11017
CON-015146,LOT-03851,L6,BNK-L6-2,NY6-H,2346
CON-015147,LOT-03851,L6,BNK-L6-3,MB-NA,203
CON-015148,LOT-03851,L6,BNK-L6-4,MB-NS,131
CON-015149,LOT-03852,L6,BNK-L6-1,NY6-F,11129
CON-015150,LOT-03852,L6,BNK-L6-2,NY6-H,2369
CON-015151,LOT-03852,L6,BNK-L6-3,MB-NA,205
CON-015152,LOT-03852,L6,BNK-L6-4,MB-NS,133
CON-015153,LOT-03853,L1,BNK-L1-1,PET-BR,26118
CON-015154,LOT-03853,L1,BNK-L1-2,PET-SD,820
CON-015155,LOT-03853,L1,BNK-L1-3,MB-AB,530
CON-015156,LOT-03853,L1,BNK-L1-4,MB-SL,268
CON-015157,LOT-03854,L1,BNK-L1-1,PET-BR,26263
CON-015158,LOT-03854,L1,BNK-L1-2,PET-SD,824
CON-015159,LOT-03854,L1,BNK-L1-3,MB-AB,533
CON-015160,LOT-03854,L1,BNK-L1-4,MB-SL,269
CON-015161,LOT-03855,L2,BNK-L2-1,PET-BR,20324
CON-015162,LOT-03855,L2,BNK-L2-2,PET-RC,5693
CON-015163,LOT-03855,L2,BNK-L2-3,MB-AB,387
CON-015164,LOT-03855,L2,BNK-L2-4,MB-WH,261
CON-015165,LOT-03856,L2,BNK-L2-1,PET-BR,20440
CON-015166,LOT-03856,L2,BNK-L2-2,PET-RC,5726
CON-015167,LOT-03856,L2,BNK-L2-3,MB-AB,385
CON-015168,LOT-03856,L2,BNK-L2-4,MB-WH,259
CON-015169,LOT-03857,L3,BNK-L3-1,PET-BR,22816
CON-015170,LOT-03857,L3,BNK-L3-2,PET-SD,2432
CON-015171,LOT-03857,L3,BNK-L3-3,MB-SL,517
CON-015172,LOT-03857,L3,BNK-L3-4,MB-UV,391
CON-015173,LOT-03858,L3,BNK-L3-1,PET-BR,22948
CON-015174,LOT-03858,L3,BNK-L3-2,PET-SD,2446
CON-015175,LOT-03858,L3,BNK-L3-3,MB-SL,520
CON-015176,LOT-03858,L3,BNK-L3-4,MB-UV,393
CON-015177,LOT-03859,L4,BNK-L4-1,PET-BR,18817
CON-015178,LOT-03859,L4,BNK-L4-2,PET-CO,5360
CON-015179,LOT-03859,L4,BNK-L4-3,MB-WH,491
CON-015180,LOT-03859,L4,BNK-L4-4,MB-UV,239
CON-015181,LOT-03860,L4,BNK-L4-1,PET-BR,18931
CON-015182,LOT-03860,L4,BNK-L4-2,PET-CO,5392
CON-015183,LOT-03860,L4,BNK-L4-3,MB-WH,494
CON-015184,LOT-03860,L4,BNK-L4-4,MB-UV,240
CON-015185,LOT-03861,L5,BNK-L5-1,NY6-F,11785
CON-015186,LOT-03861,L5,BNK-L5-2,NY6-H,2685
CON-015187,LOT-03861,L5,BNK-L5-3,MB-NA,220
CON-015188,LOT-03861,L5,BNK-L5-4,MB-NS,142
CON-015189,LOT-03862,L5,BNK-L5-1,NY6-F,11897
CON-015190,LOT-03862,L5,BNK-L5-2,NY6-H,2710
CON-015191,LOT-03862,L5,BNK-L5-3,MB-NA,222
CON-015192,LOT-03862,L5,BNK-L5-4,MB-NS,144
CON-015193,LOT-03863,L6,BNK-L6-1,NY6-F,10807
CON-015194,LOT-03863,L6,BNK-L6-2,NY6-H,2796
CON-015195,LOT-03863,L6,BNK-L6-3,MB-NA,199
CON-015196,LOT-03863,L6,BNK-L6-4,MB-NS,134
CON-015197,LOT-03864,L6,BNK-L6-1,NY6-F,10917
CON-015198,LOT-03864,L6,BNK-L6-2,NY6-H,2824
CON-015199,LOT-03864,L6,BNK-L6-3,MB-NA,201
CON-015200,LOT-03864,L6,BNK-L6-4,MB-NS,135
CON-015201,LOT-03865,L1,BNK-L1-1,PET-BR,26297
CON-015202,LOT-03865,L1,BNK-L1-2,PET-SD,1337
CON-015203,LOT-03865,L1,BNK-L1-3,MB-AB,405
CON-015204,LOT-03865,L1,BNK-L1-4,MB-SL,272
CON-015205,LOT-03866,L1,BNK-L1-1,PET-BR,26164
CON-015206,LOT-03866,L1,BNK-L1-2,PET-SD,1330
CON-015207,LOT-03866,L1,BNK-L1-3,MB-AB,407
CON-015208,LOT-03866,L1,BNK-L1-4,MB-SL,274
CON-015209,LOT-03867,L2,BNK-L2-1,PET-BR,22059
CON-015210,LOT-03867,L2,BNK-L2-2,PET-RC,3477
CON-015211,LOT-03867,L2,BNK-L2-3,MB-AB,520
CON-015212,LOT-03867,L2,BNK-L2-4,MB-WH,262
CON-015213,LOT-03868,L2,BNK-L2-1,PET-BR,22186
CON-015214,LOT-03868,L2,BNK-L2-2,PET-RC,3497
CON-015215,LOT-03868,L2,BNK-L2-3,MB-AB,523
CON-015216,LOT-03868,L2,BNK-L2-4,MB-WH,264
CON-015217,LOT-03869,L3,BNK-L3-1,PET-BR,10839
CON-015218,LOT-03869,L3,BNK-L3-2,PET-SD,15636
CON-015219,LOT-03870,L3,BNK-L3-1,PET-BR,10901
CON-015220,LOT-03870,L3,BNK-L3-2,PET-SD,15725
CON-015221,LOT-03871,L4,BNK-L4-1,PET-BR,20191
CON-015222,LOT-03871,L4,BNK-L4-2,PET-CO,4299
CON-015223,LOT-03871,L4,BNK-L4-3,MB-WH,372
CON-015224,LOT-03871,L4,BNK-L4-4,MB-UV,241
CON-015225,LOT-03872,L4,BNK-L4-1,PET-BR,20313
CON-015226,LOT-03872,L4,BNK-L4-2,PET-CO,4325
CON-015227,LOT-03872,L4,BNK-L4-3,MB-WH,374
CON-015228,LOT-03872,L4,BNK-L4-4,MB-UV,242
CON-015229,LOT-03873,L5,BNK-L5-1,NY6-F,11476
CON-015230,LOT-03873,L5,BNK-L5-2,NY6-H,3248
CON-015231,LOT-03873,L5,BNK-L5-3,MB-NA,215
CON-015232,LOT-03873,L5,BNK-L5-4,MB-NS,145
CON-015233,LOT-03874,L5,BNK-L5-1,NY6-F,11585
CON-015234,LOT-03874,L5,BNK-L5-2,NY6-H,3278
CON-015235,LOT-03874,L5,BNK-L5-3,MB-NA,217
CON-015236,LOT-03874,L5,BNK-L5-4,MB-NS,146
CON-015237,LOT-03875,L6,BNK-L6-1,NY6-F,11753
CON-015238,LOT-03875,L6,BNK-L6-2,NY6-H,1936
CON-015239,LOT-03875,L6,BNK-L6-3,MB-NA,270
CON-015240,LOT-03875,L6,BNK-L6-4,MB-NS,136
CON-015241,LOT-03876,L6,BNK-L6-1,NY6-F,11872
CON-015242,LOT-03876,L6,BNK-L6-2,NY6-H,1955
CON-015243,LOT-03876,L6,BNK-L6-3,MB-NA,272
CON-015244,LOT-03876,L6,BNK-L6-4,MB-NS,138
CON-015245,LOT-03877,L1,BNK-L1-1,PET-BR,25725
CON-015246,LOT-03877,L1,BNK-L1-2,PET-SD,808
CON-015247,LOT-03877,L1,BNK-L1-3,MB-AB,549
CON-015248,LOT-03877,L1,BNK-L1-4,MB-SL,416
CON-015249,LOT-03878,L1,BNK-L1-1,PET-BR,25867
CON-015250,LOT-03878,L1,BNK-L1-2,PET-SD,812
CON-015251,LOT-03878,L1,BNK-L1-3,MB-AB,546
CON-015252,LOT-03878,L1,BNK-L1-4,MB-SL,414
CON-015253,LOT-03879,L2,BNK-L2-1,PET-BR,21286
CON-015254,LOT-03879,L2,BNK-L2-2,PET-RC,4719
CON-015255,LOT-03879,L2,BNK-L2-3,MB-AB,397
CON-015256,LOT-03879,L2,BNK-L2-4,MB-WH,385
CON-015257,LOT-03880,L2,BNK-L2-1,PET-BR,21407
CON-015258,LOT-03880,L2,BNK-L2-2,PET-RC,4745
CON-015259,LOT-03880,L2,BNK-L2-3,MB-AB,399
CON-015260,LOT-03880,L2,BNK-L2-4,MB-WH,387
CON-015261,LOT-03881,L3,BNK-L3-1,PET-BR,22759
CON-015262,LOT-03881,L3,BNK-L3-2,PET-SD,3152
CON-015263,LOT-03881,L3,BNK-L3-3,MB-SL,530
CON-015264,LOT-03881,L3,BNK-L3-4,MB-UV,257
CON-015265,LOT-03882,L3,BNK-L3-1,PET-BR,22888
CON-015266,LOT-03882,L3,BNK-L3-2,PET-SD,3170
CON-015267,LOT-03882,L3,BNK-L3-3,MB-SL,533
CON-015268,LOT-03882,L3,BNK-L3-4,MB-UV,259
CON-015269,LOT-03883,L4,BNK-L4-1,PET-BR,19816
CON-015270,LOT-03883,L4,BNK-L4-2,PET-CO,5002
CON-015271,LOT-03883,L4,BNK-L4-3,MB-WH,485
CON-015272,LOT-03883,L4,BNK-L4-4,MB-UV,245
CON-015273,LOT-03884,L4,BNK-L4-1,PET-BR,19934
CON-015274,LOT-03884,L4,BNK-L4-2,PET-CO,5032
CON-015275,LOT-03884,L4,BNK-L4-3,MB-WH,488
CON-015276,LOT-03884,L4,BNK-L4-4,MB-UV,247
CON-015277,LOT-03885,L5,BNK-L5-1,NY6-F,12639
CON-015278,LOT-03885,L5,BNK-L5-2,NY6-H,2166
CON-015279,LOT-03885,L5,BNK-L5-3,MB-NA,292
CON-015280,LOT-03885,L5,BNK-L5-4,MB-NS,147
CON-015281,LOT-03886,L5,BNK-L5-1,NY6-F,12757
CON-015282,LOT-03886,L5,BNK-L5-2,NY6-H,2187
CON-015283,LOT-03886,L5,BNK-L5-3,MB-NA,294
CON-015284,LOT-03886,L5,BNK-L5-4,MB-NS,149
CON-015285,LOT-03887,L6,BNK-L6-1,NY6-F,10966
CON-015286,LOT-03887,L6,BNK-L6-2,NY6-H,2514
CON-015287,LOT-03887,L6,BNK-L6-3,MB-NA,206
CON-015288,LOT-03887,L6,BNK-L6-4,MB-NS,208
CON-015289,LOT-03888,L6,BNK-L6-1,NY6-F,11077
CON-015290,LOT-03888,L6,BNK-L6-2,NY6-H,2539
CON-015291,LOT-03888,L6,BNK-L6-3,MB-NA,208
CON-015292,LOT-03888,L6,BNK-L6-4,MB-NS,210
CON-015293,LOT-03889,L2,BNK-L2-1,PET-BR,20888
CON-015294,LOT-03889,L2,BNK-L2-2,PET-RC,4143
CON-015295,LOT-03889,L2,BNK-L2-3,MB-AB,380
CON-015296,LOT-03889,L2,BNK-L2-4,MB-WH,246
CON-015297,LOT-03890,L2,BNK-L2-1,PET-BR,21011
CON-015298,LOT-03890,L2,BNK-L2-2,PET-RC,4168
CON-015299,LOT-03890,L2,BNK-L2-3,MB-AB,382
CON-015300,LOT-03890,L2,BNK-L2-4,MB-WH,247
CON-015301,LOT-03891,L3,BNK-L3-1,PET-BR,22518
CON-015302,LOT-03891,L3,BNK-L3-2,PET-SD,2541
CON-015303,LOT-03891,L3,BNK-L3-3,MB-SL,493
CON-015304,LOT-03891,L3,BNK-L3-4,MB-UV,249
CON-015305,LOT-03892,L3,BNK-L3-1,PET-BR,22651
CON-015306,LOT-03892,L3,BNK-L3-2,PET-SD,2555
CON-015307,LOT-03892,L3,BNK-L3-3,MB-SL,496
CON-015308,LOT-03892,L3,BNK-L3-4,MB-UV,250
CON-015309,LOT-03893,L4,BNK-L4-1,PET-BR,20429
CON-015310,LOT-03893,L4,BNK-L4-2,PET-CO,3365
CON-015311,LOT-03893,L4,BNK-L4-3,MB-WH,468
CON-015312,LOT-03893,L4,BNK-L4-4,MB-UV,236
CON-015313,LOT-03894,L4,BNK-L4-1,PET-BR,20556
CON-015314,LOT-03894,L4,BNK-L4-2,PET-CO,3386
CON-015315,LOT-03894,L4,BNK-L4-3,MB-WH,471
CON-015316,LOT-03894,L4,BNK-L4-4,MB-UV,238
CON-015317,LOT-03895,L5,BNK-L5-1,NY6-F,11244
CON-015318,LOT-03895,L5,BNK-L5-2,NY6-H,2663
CON-015319,LOT-03895,L5,BNK-L5-3,MB-NA,212
CON-015320,LOT-03895,L5,BNK-L5-4,MB-NS,214
CON-015321,LOT-03896,L5,BNK-L5-1,NY6-F,11353
CON-015322,LOT-03896,L5,BNK-L5-2,NY6-H,2689
CON-015323,LOT-03896,L5,BNK-L5-3,MB-NA,214
CON-015324,LOT-03896,L5,BNK-L5-4,MB-NS,216
CON-015325,LOT-03897,L6,BNK-L6-1,NY6-F,10288
CON-015326,LOT-03897,L6,BNK-L6-2,NY6-H,2762
CON-015327,LOT-03897,L6,BNK-L6-3,MB-NA,266
CON-015328,LOT-03897,L6,BNK-L6-4,MB-NS,129
CON-015329,LOT-03898,L6,BNK-L6-1,NY6-F,10395
CON-015330,LOT-03898,L6,BNK-L6-2,NY6-H,2790
CON-015331,LOT-03898,L6,BNK-L6-3,MB-NA,268
CON-015332,LOT-03898,L6,BNK-L6-4,MB-NS,130
CON-015333,LOT-03899,L1,BNK-L1-1,PET-BR,25124
CON-015334,LOT-03899,L1,BNK-L1-2,PET-SD,1052
CON-015335,LOT-03899,L1,BNK-L1-3,MB-AB,402
CON-015336,LOT-03899,L1,BNK-L1-4,MB-SL,260
CON-015337,LOT-03900,L1,BNK-L1-1,PET-BR,25266
CON-015338,LOT-03900,L1,BNK-L1-2,PET-SD,1058
CON-015339,LOT-03900,L1,BNK-L1-3,MB-AB,400
CON-015340,LOT-03900,L1,BNK-L1-4,MB-SL,259
CON-015341,LOT-03901,L3,BNK-L3-1,PET-BR,21600
CON-015342,LOT-03901,L3,BNK-L3-2,PET-SD,3723
CON-015343,LOT-03901,L3,BNK-L3-3,MB-SL,501
CON-015344,LOT-03901,L3,BNK-L3-4,MB-UV,253
CON-015345,LOT-03902,L3,BNK-L3-1,PET-BR,21726
CON-015346,LOT-03902,L3,BNK-L3-2,PET-SD,3745
CON-015347,LOT-03902,L3,BNK-L3-3,MB-SL,504
CON-015348,LOT-03902,L3,BNK-L3-4,MB-UV,254
CON-015349,LOT-03903,L4,BNK-L4-1,PET-BR,19154
CON-015350,LOT-03903,L4,BNK-L4-2,PET-CO,4246
CON-015351,LOT-03903,L4,BNK-L4-3,MB-WH,357
CON-015352,LOT-03903,L4,BNK-L4-4,MB-UV,360
CON-015353,LOT-03904,L4,BNK-L4-1,PET-BR,19272
CON-015354,LOT-03904,L4,BNK-L4-2,PET-CO,4272
CON-015355,LOT-03904,L4,BNK-L4-3,MB-WH,359
CON-015356,LOT-03904,L4,BNK-L4-4,MB-UV,363
CON-015357,LOT-03905,L5,BNK-L5-1,NY6-F,11136
CON-015358,LOT-03905,L5,BNK-L5-2,NY6-H,2989
CON-015359,LOT-03905,L5,BNK-L5-3,MB-NA,287
CON-015360,LOT-03905,L5,BNK-L5-4,MB-NS,140
CON-015361,LOT-03906,L5,BNK-L5-1,NY6-F,11244
CON-015362,LOT-03906,L5,BNK-L5-2,NY6-H,3018
CON-015363,LOT-03906,L5,BNK-L5-3,MB-NA,290
CON-015364,LOT-03906,L5,BNK-L5-4,MB-NS,141
CON-015365,LOT-03907,L6,BNK-L6-1,NY6-F,10875
CON-015366,LOT-03907,L6,BNK-L6-2,NY6-H,2315
CON-015367,LOT-03907,L6,BNK-L6-3,MB-NA,200
CON-015368,LOT-03907,L6,BNK-L6-4,MB-NS,130
CON-015369,LOT-03908,L6,BNK-L6-1,NY6-F,10987
CON-015370,LOT-03908,L6,BNK-L6-2,NY6-H,2339
CON-015371,LOT-03908,L6,BNK-L6-3,MB-NA,202
CON-015372,LOT-03908,L6,BNK-L6-4,MB-NS,131
CON-015373,LOT-03909,L1,BNK-L1-1,PET-BR,25793
CON-015374,LOT-03909,L1,BNK-L1-2,PET-SD,810
CON-015375,LOT-03909,L1,BNK-L1-3,MB-AB,524
CON-015376,LOT-03909,L1,BNK-L1-4,MB-SL,264
CON-015377,LOT-03910,L1,BNK-L1-1,PET-BR,25663
CON-015378,LOT-03910,L1,BNK-L1-2,PET-SD,806
CON-015379,LOT-03910,L1,BNK-L1-3,MB-AB,527
CON-015380,LOT-03910,L1,BNK-L1-4,MB-SL,266
CON-015381,LOT-03911,L2,BNK-L2-1,PET-BR,20061
CON-015382,LOT-03911,L2,BNK-L2-2,PET-RC,5619
CON-015383,LOT-03911,L2,BNK-L2-3,MB-AB,378
CON-015384,LOT-03911,L2,BNK-L2-4,MB-WH,254
CON-015385,LOT-03912,L2,BNK-L2-1,PET-BR,20177
CON-015386,LOT-03912,L2,BNK-L2-2,PET-RC,5652
CON-015387,LOT-03912,L2,BNK-L2-3,MB-AB,380
CON-015388,LOT-03912,L2,BNK-L2-4,MB-WH,256
CON-015389,LOT-03913,L4,BNK-L4-1,PET-BR,18521
CON-015390,LOT-03913,L4,BNK-L4-2,PET-CO,5275
CON-015391,LOT-03913,L4,BNK-L4-3,MB-WH,484
CON-015392,LOT-03913,L4,BNK-L4-4,MB-UV,235
CON-015393,LOT-03914,L4,BNK-L4-1,PET-BR,18635
CON-015394,LOT-03914,L4,BNK-L4-2,PET-CO,5307
CON-015395,LOT-03914,L4,BNK-L4-3,MB-WH,487
CON-015396,LOT-03914,L4,BNK-L4-4,MB-UV,236
CON-015397,LOT-03915,L5,BNK-L5-1,NY6-F,11623
CON-015398,LOT-03915,L5,BNK-L5-2,NY6-H,2648
CON-015399,LOT-03915,L5,BNK-L5-3,MB-NA,217
CON-015400,LOT-03915,L5,BNK-L5-4,MB-NS,140
CON-015401,LOT-03916,L5,BNK-L5-1,NY6-F,11735
CON-015402,LOT-03916,L5,BNK-L5-2,NY6-H,2673
CON-015403,LOT-03916,L5,BNK-L5-3,MB-NA,219
CON-015404,LOT-03916,L5,BNK-L5-4,MB-NS,142
CON-015405,LOT-03917,L6,BNK-L6-1,NY6-F,10648
CON-015406,LOT-03917,L6,BNK-L6-2,NY6-H,2755
CON-015407,LOT-03917,L6,BNK-L6-3,MB-NA,196
CON-015408,LOT-03917,L6,BNK-L6-4,MB-NS,132
CON-015409,LOT-03918,L6,BNK-L6-1,NY6-F,10758
CON-015410,LOT-03918,L6,BNK-L6-2,NY6-H,2783
CON-015411,LOT-03918,L6,BNK-L6-3,MB-NA,198
CON-015412,LOT-03918,L6,BNK-L6-4,MB-NS,133
CON-015413,LOT-03919,L1,BNK-L1-1,PET-BR,25923
CON-015414,LOT-03919,L1,BNK-L1-2,PET-SD,1318
CON-015415,LOT-03919,L1,BNK-L1-3,MB-AB,399
CON-015416,LOT-03919,L1,BNK-L1-4,MB-SL,269
CON-015417,LOT-03920,L1,BNK-L1-1,PET-BR,26067
CON-015418,LOT-03920,L1,BNK-L1-2,PET-SD,1326
CON-015419,LOT-03920,L1,BNK-L1-3,MB-AB,401
CON-015420,LOT-03920,L1,BNK-L1-4,MB-SL,270
CON-015421,LOT-03921,L2,BNK-L2-1,PET-BR,21733
CON-015422,LOT-03921,L2,BNK-L2-2,PET-RC,3426
CON-015423,LOT-03921,L2,BNK-L2-3,MB-AB,518
CON-015424,LOT-03921,L2,BNK-L2-4,MB-WH,261
CON-015425,LOT-03922,L2,BNK-L2-1,PET-BR,21859
CON-015426,LOT-03922,L2,BNK-L2-2,PET-RC,3445
CON-015427,LOT-03922,L2,BNK-L2-3,MB-AB,515
CON-015428,LOT-03922,L2,BNK-L2-4,MB-WH,260
CON-015429,LOT-03923,L3,BNK-L3-1,PET-BR,10679
CON-015430,LOT-03923,L3,BNK-L3-2,PET-SD,15405
CON-015431,LOT-03924,L3,BNK-L3-1,PET-BR,10740
CON-015432,LOT-03924,L3,BNK-L3-2,PET-SD,15494
CON-015433,LOT-03925,L5,BNK-L5-1,NY6-F,11298
CON-015434,LOT-03925,L5,BNK-L5-2,NY6-H,3197
CON-015435,LOT-03925,L5,BNK-L5-3,MB-NA,212
CON-015436,LOT-03925,L5,BNK-L5-4,MB-NS,143
CON-015437,LOT-03926,L5,BNK-L5-1,NY6-F,11406
CON-015438,LOT-03926,L5,BNK-L5-2,NY6-H,3228
CON-015439,LOT-03926,L5,BNK-L5-3,MB-NA,214
CON-015440,LOT-03926,L5,BNK-L5-4,MB-NS,144
CON-015441,LOT-03927,L6,BNK-L6-1,NY6-F,11560
CON-015442,LOT-03927,L6,BNK-L6-2,NY6-H,1904
CON-015443,LOT-03927,L6,BNK-L6-3,MB-NA,265
CON-015444,LOT-03927,L6,BNK-L6-4,MB-NS,134
CON-015445,LOT-03928,L6,BNK-L6-1,NY6-F,11678
CON-015446,LOT-03928,L6,BNK-L6-2,NY6-H,1923
CON-015447,LOT-03928,L6,BNK-L6-3,MB-NA,268
CON-015448,LOT-03928,L6,BNK-L6-4,MB-NS,135
CON-015449,LOT-03929,L1,BNK-L1-1,PET-BR,25587
CON-015450,LOT-03929,L1,BNK-L1-2,PET-SD,803
CON-015451,LOT-03929,L1,BNK-L1-3,MB-AB,540
CON-015452,LOT-03929,L1,BNK-L1-4,MB-SL,409
CON-015453,LOT-03930,L1,BNK-L1-1,PET-BR,25730
CON-015454,LOT-03930,L1,BNK-L1-2,PET-SD,808
CON-015455,LOT-03930,L1,BNK-L1-3,MB-AB,543
CON-015456,LOT-03930,L1,BNK-L1-4,MB-SL,411
CON-015457,LOT-03931,L2,BNK-L2-1,PET-BR,21160
CON-015458,LOT-03931,L2,BNK-L2-2,PET-RC,4690
CON-015459,LOT-03931,L2,BNK-L2-3,MB-AB,394
CON-015460,LOT-03931,L2,BNK-L2-4,MB-WH,383
CON-015461,LOT-03932,L2,BNK-L2-1,PET-BR,21053
CON-015462,LOT-03932,L2,BNK-L2-2,PET-RC,4667
CON-015463,LOT-03932,L2,BNK-L2-3,MB-AB,396
CON-015464,LOT-03932,L2,BNK-L2-4,MB-WH,385
CON-015465,LOT-03933,L3,BNK-L3-1,PET-BR,22381
CON-015466,LOT-03933,L3,BNK-L3-2,PET-SD,3100
CON-015467,LOT-03933,L3,BNK-L3-3,MB-SL,521
CON-015468,LOT-03933,L3,BNK-L3-4,MB-UV,253
CON-015469,LOT-03934,L3,BNK-L3-1,PET-BR,22509
CON-015470,LOT-03934,L3,BNK-L3-2,PET-SD,3117
CON-015471,LOT-03934,L3,BNK-L3-3,MB-SL,524
CON-015472,LOT-03934,L3,BNK-L3-4,MB-UV,254
CON-015473,LOT-03935,L4,BNK-L4-1,PET-BR,19470
CON-015474,LOT-03935,L4,BNK-L4-2,PET-CO,4915
CON-015475,LOT-03935,L4,BNK-L4-3,MB-WH,477
CON-015476,LOT-03935,L4,BNK-L4-4,MB-UV,241
CON-015477,LOT-03936,L4,BNK-L4-1,PET-BR,19588
CON-015478,LOT-03936,L4,BNK-L4-2,PET-CO,4945
CON-015479,LOT-03936,L4,BNK-L4-3,MB-WH,480
CON-015480,LOT-03936,L4,BNK-L4-4,MB-UV,242
CON-015481,LOT-03937,L6,BNK-L6-1,NY6-F,10764
CON-015482,LOT-03937,L6,BNK-L6-2,NY6-H,2468
CON-015483,LOT-03937,L6,BNK-L6-3,MB-NA,202
CON-015484,LOT-03937,L6,BNK-L6-4,MB-NS,204
CON-015485,LOT-03938,L6,BNK-L6-1,NY6-F,10874
CON-015486,LOT-03938,L6,BNK-L6-2,NY6-H,2493
CON-015487,LOT-03938,L6,BNK-L6-3,MB-NA,204
CON-015488,LOT-03938,L6,BNK-L6-4,MB-NS,206
CON-015489,LOT-03939,L1,BNK-L1-1,PET-BR,25718
CON-015490,LOT-03939,L1,BNK-L1-2,PET-SD,1360
CON-015491,LOT-03939,L1,BNK-L1-3,MB-AB,411
CON-015492,LOT-03939,L1,BNK-L1-4,MB-SL,266
CON-015493,LOT-03940,L1,BNK-L1-1,PET-BR,25860
CON-015494,LOT-03940,L1,BNK-L1-2,PET-SD,1367
CON-015495,LOT-03940,L1,BNK-L1-3,MB-AB,414
CON-015496,LOT-03940,L1,BNK-L1-4,MB-SL,268
CON-015497,LOT-03941,L2,BNK-L2-1,PET-BR,21805
CON-015498,LOT-03941,L2,BNK-L2-2,PET-RC,4325
CON-015499,LOT-03941,L2,BNK-L2-3,MB-AB,397
CON-015500,LOT-03941,L2,BNK-L2-4,MB-WH,257
CON-015501,LOT-03942,L2,BNK-L2-1,PET-BR,21930
CON-015502,LOT-03942,L2,BNK-L2-2,PET-RC,4350
CON-015503,LOT-03942,L2,BNK-L2-3,MB-AB,399
CON-015504,LOT-03942,L2,BNK-L2-4,MB-WH,258
CON-015505,LOT-03943,L3,BNK-L3-1,PET-BR,23255
CON-015506,LOT-03943,L3,BNK-L3-2,PET-SD,2624
CON-015507,LOT-03943,L3,BNK-L3-3,MB-SL,515
CON-015508,LOT-03943,L3,BNK-L3-4,MB-UV,260
CON-015509,LOT-03944,L3,BNK-L3-1,PET-BR,23388
CON-015510,LOT-03944,L3,BNK-L3-2,PET-SD,2639
CON-015511,LOT-03944,L3,BNK-L3-3,MB-SL,512
CON-015512,LOT-03944,L3,BNK-L3-4,MB-UV,259
CON-015513,LOT-03945,L4,BNK-L4-1,PET-BR,21146
CON-015514,LOT-03945,L4,BNK-L4-2,PET-CO,3482
CON-015515,LOT-03945,L4,BNK-L4-3,MB-WH,485
CON-015516,LOT-03945,L4,BNK-L4-4,MB-UV,245
CON-015517,LOT-03946,L4,BNK-L4-1,PET-BR,21273
CON-015518,LOT-03946,L4,BNK-L4-2,PET-CO,3503
CON-015519,LOT-03946,L4,BNK-L4-3,MB-WH,488
CON-015520,LOT-03946,L4,BNK-L4-4,MB-UV,246
CON-015521,LOT-03947,L5,BNK-L5-1,NY6-F,11578
CON-015522,LOT-03947,L5,BNK-L5-2,NY6-H,2743
CON-015523,LOT-03947,L5,BNK-L5-3,MB-NA,219
CON-015524,LOT-03947,L5,BNK-L5-4,MB-NS,221
CON-015525,LOT-03948,L5,BNK-L5-1,NY6-F,11687
CON-015526,LOT-03948,L5,BNK-L5-2,NY6-H,2769
CON-015527,LOT-03948,L5,BNK-L5-3,MB-NA,221
CON-015528,LOT-03948,L5,BNK-L5-4,MB-NS,223
CON-015529,LOT-03949,L1,BNK-L1-1,PET-BR,26134
CON-015530,LOT-03949,L1,BNK-L1-2,PET-SD,1094
CON-015531,LOT-03949,L1,BNK-L1-3,MB-AB,414
CON-015532,LOT-03949,L1,BNK-L1-4,MB-SL,268
CON-015533,LOT-03950,L1,BNK-L1-1,PET-BR,26278
CON-015534,LOT-03950,L1,BNK-L1-2,PET-SD,1100
CON-015535,LOT-03950,L1,BNK-L1-3,MB-AB,416
CON-015536,LOT-03950,L1,BNK-L1-4,MB-SL,269
CON-015537,LOT-03951,L2,BNK-L2-1,PET-BR,21094
CON-015538,LOT-03951,L2,BNK-L2-2,PET-RC,5458
CON-015539,LOT-03951,L2,BNK-L2-3,MB-AB,387
CON-015540,LOT-03951,L2,BNK-L2-4,MB-WH,261
CON-015541,LOT-03952,L2,BNK-L2-1,PET-BR,21214
CON-015542,LOT-03952,L2,BNK-L2-2,PET-RC,5489
CON-015543,LOT-03952,L2,BNK-L2-3,MB-AB,390
CON-015544,LOT-03952,L2,BNK-L2-4,MB-WH,262
CON-015545,LOT-03953,L3,BNK-L3-1,PET-BR,22539
CON-015546,LOT-03953,L3,BNK-L3-2,PET-SD,3886
CON-015547,LOT-03953,L3,BNK-L3-3,MB-SL,523
CON-015548,LOT-03953,L3,BNK-L3-4,MB-UV,264
CON-015549,LOT-03954,L3,BNK-L3-1,PET-BR,22428
CON-015550,LOT-03954,L3,BNK-L3-2,PET-SD,3866
CON-015551,LOT-03954,L3,BNK-L3-3,MB-SL,526
CON-015552,LOT-03954,L3,BNK-L3-4,MB-UV,265
CON-015553,LOT-03955,L4,BNK-L4-1,PET-BR,19819
CON-015554,LOT-03955,L4,BNK-L4-2,PET-CO,4394
CON-015555,LOT-03955,L4,BNK-L4-3,MB-WH,369
CON-015556,LOT-03955,L4,BNK-L4-4,MB-UV,373
CON-015557,LOT-03956,L4,BNK-L4-1,PET-BR,19937
CON-015558,LOT-03956,L4,BNK-L4-2,PET-CO,4420
CON-015559,LOT-03956,L4,BNK-L4-3,MB-WH,372
CON-015560,LOT-03956,L4,BNK-L4-4,MB-UV,375
CON-015561,LOT-03957,L5,BNK-L5-1,NY6-F,11465
CON-015562,LOT-03957,L5,BNK-L5-2,NY6-H,3078
CON-015563,LOT-03957,L5,BNK-L5-3,MB-NA,296
CON-015564,LOT-03957,L5,BNK-L5-4,MB-NS,144
CON-015565,LOT-03958,L5,BNK-L5-1,NY6-F,11573
CON-015566,LOT-03958,L5,BNK-L5-2,NY6-H,3107
CON-015567,LOT-03958,L5,BNK-L5-3,MB-NA,299
CON-015568,LOT-03958,L5,BNK-L5-4,MB-NS,145
CON-015569,LOT-03959,L6,BNK-L6-1,NY6-F,11223
CON-015570,LOT-03959,L6,BNK-L6-2,NY6-H,2390
CON-015571,LOT-03959,L6,BNK-L6-3,MB-NA,207
CON-015572,LOT-03959,L6,BNK-L6-4,MB-NS,134
CON-015573,LOT-03960,L6,BNK-L6-1,NY6-F,11336
CON-015574,LOT-03960,L6,BNK-L6-2,NY6-H,2414
CON-015575,LOT-03960,L6,BNK-L6-3,MB-NA,209
CON-015576,LOT-03960,L6,BNK-L6-4,MB-NS,135
CON-015577,LOT-03961,L1,BNK-L1-1,PET-BR,25370
CON-015578,LOT-03961,L1,BNK-L1-2,PET-SD,796
CON-015579,LOT-03961,L1,BNK-L1-3,MB-AB,515
CON-015580,LOT-03961,L1,BNK-L1-4,MB-SL,260
CON-015581,LOT-03962,L1,BNK-L1-1,PET-BR,25514
CON-015582,LOT-03962,L1,BNK-L1-2,PET-SD,801
CON-015583,LOT-03962,L1,BNK-L1-3,MB-AB,518
CON-015584,LOT-03962,L1,BNK-L1-4,MB-SL,262
CON-015585,LOT-03963,L2,BNK-L2-1,PET-BR,19930
CON-015586,LOT-03963,L2,BNK-L2-2,PET-RC,5584
CON-015587,LOT-03963,L2,BNK-L2-3,MB-AB,376
CON-015588,LOT-03963,L2,BNK-L2-4,MB-WH,253
CON-015589,LOT-03964,L2,BNK-L2-1,PET-BR,20047
CON-015590,LOT-03964,L2,BNK-L2-2,PET-RC,5617
CON-015591,LOT-03964,L2,BNK-L2-3,MB-AB,378
CON-015592,LOT-03964,L2,BNK-L2-4,MB-WH,254
CON-015593,LOT-03965,L3,BNK-L3-1,PET-BR,22138
CON-015594,LOT-03965,L3,BNK-L3-2,PET-SD,2360
CON-015595,LOT-03965,L3,BNK-L3-3,MB-SL,507
CON-015596,LOT-03965,L3,BNK-L3-4,MB-UV,384
CON-015597,LOT-03966,L3,BNK-L3-1,PET-BR,22268
CON-015598,LOT-03966,L3,BNK-L3-2,PET-SD,2374
CON-015599,LOT-03966,L3,BNK-L3-3,MB-SL,504
CON-015600,LOT-03966,L3,BNK-L3-4,MB-UV,382
CON-015601,LOT-03967,L4,BNK-L4-1,PET-BR,18225
CON-015602,LOT-03967,L4,BNK-L4-2,PET-CO,5191
CON-015603,LOT-03967,L4,BNK-L4-3,MB-WH,476
CON-015604,LOT-03967,L4,BNK-L4-4,MB-UV,231
CON-015605,LOT-03968,L4,BNK-L4-1,PET-BR,18338
CON-015606,LOT-03968,L4,BNK-L4-2,PET-CO,5223
CON-015607,LOT-03968,L4,BNK-L4-3,MB-WH,479
CON-015608,LOT-03968,L4,BNK-L4-4,MB-UV,233
CON-015609,LOT-03969,L5,BNK-L5-1,NY6-F,11461
CON-015610,LOT-03969,L5,BNK-L5-2,NY6-H,2611
CON-015611,LOT-03969,L5,BNK-L5-3,MB-NA,214
CON-015612,LOT-03969,L5,BNK-L5-4,MB-NS,138
CON-015613,LOT-03970,L5,BNK-L5-1,NY6-F,11573
CON-015614,LOT-03970,L5,BNK-L5-2,NY6-H,2637
CON-015615,LOT-03970,L5,BNK-L5-3,MB-NA,216
CON-015616,LOT-03970,L5,BNK-L5-4,MB-NS,140
CON-015617,LOT-03971,L6,BNK-L6-1,NY6-F,10490
CON-015618,LOT-03971,L6,BNK-L6-2,NY6-H,2714
CON-015619,LOT-03971,L6,BNK-L6-3,MB-NA,193
CON-015620,LOT-03971,L6,BNK-L6-4,MB-NS,130
CON-015621,LOT-03972,L6,BNK-L6-1,NY6-F,10599
CON-015622,LOT-03972,L6,BNK-L6-2,NY6-H,2742
CON-015623,LOT-03972,L6,BNK-L6-3,MB-NA,195
CON-015624,LOT-03972,L6,BNK-L6-4,MB-NS,131
CON-015625,LOT-03973,L1,BNK-L1-1,PET-BR,25549
CON-015626,LOT-03973,L1,BNK-L1-2,PET-SD,1299
CON-015627,LOT-03973,L1,BNK-L1-3,MB-AB,393
CON-015628,LOT-03973,L1,BNK-L1-4,MB-SL,265
CON-015629,LOT-03974,L1,BNK-L1-1,PET-BR,25693
CON-015630,LOT-03974,L1,BNK-L1-2,PET-SD,1307
CON-015631,LOT-03974,L1,BNK-L1-3,MB-AB,395
CON-015632,LOT-03974,L1,BNK-L1-4,MB-SL,266
CON-015633,LOT-03975,L2,BNK-L2-1,PET-BR,21642
CON-015634,LOT-03975,L2,BNK-L2-2,PET-RC,3411
CON-015635,LOT-03975,L2,BNK-L2-3,MB-AB,510
CON-015636,LOT-03975,L2,BNK-L2-4,MB-WH,257
CON-015637,LOT-03976,L2,BNK-L2-1,PET-BR,21533
CON-015638,LOT-03976,L2,BNK-L2-2,PET-RC,3394
CON-015639,LOT-03976,L2,BNK-L2-3,MB-AB,513
CON-015640,LOT-03976,L2,BNK-L2-4,MB-WH,259
CON-015641,LOT-03977,L3,BNK-L3-1,PET-BR,10519
CON-015642,LOT-03977,L3,BNK-L3-2,PET-SD,15175
CON-015643,LOT-03978,L3,BNK-L3-1,PET-BR,10580
CON-015644,LOT-03978,L3,BNK-L3-2,PET-SD,15263
CON-015645,LOT-03979,L4,BNK-L4-1,PET-BR,19560
CON-015646,LOT-03979,L4,BNK-L4-2,PET-CO,4165
CON-015647,LOT-03979,L4,BNK-L4-3,MB-WH,360
CON-015648,LOT-03979,L4,BNK-L4-4,MB-UV,233
CON-015649,LOT-03980,L4,BNK-L4-1,PET-BR,19681
CON-015650,LOT-03980,L4,BNK-L4-2,PET-CO,4190
CON-015651,LOT-03980,L4,BNK-L4-3,MB-WH,362
CON-015652,LOT-03980,L4,BNK-L4-4,MB-UV,235
CON-015653,LOT-03981,L5,BNK-L5-1,NY6-F,11163
CON-015654,LOT-03981,L5,BNK-L5-2,NY6-H,3159
CON-015655,LOT-03981,L5,BNK-L5-3,MB-NA,209
CON-015656,LOT-03981,L5,BNK-L5-4,MB-NS,141
CON-015657,LOT-03982,L5,BNK-L5-1,NY6-F,11271
CON-015658,LOT-03982,L5,BNK-L5-2,NY6-H,3189
CON-015659,LOT-03982,L5,BNK-L5-3,MB-NA,211
CON-015660,LOT-03982,L5,BNK-L5-4,MB-NS,142
CON-015661,LOT-03983,L6,BNK-L6-1,NY6-F,11411
CON-015662,LOT-03983,L6,BNK-L6-2,NY6-H,1879
CON-015663,LOT-03983,L6,BNK-L6-3,MB-NA,262
CON-015664,LOT-03983,L6,BNK-L6-4,MB-NS,132
CON-015665,LOT-03984,L6,BNK-L6-1,NY6-F,11528
CON-015666,LOT-03984,L6,BNK-L6-2,NY6-H,1899
CON-015667,LOT-03984,L6,BNK-L6-3,MB-NA,264
CON-015668,LOT-03984,L6,BNK-L6-4,MB-NS,134
CON-015669,LOT-03985,L1,BNK-L1-1,PET-BR,25270
CON-015670,LOT-03985,L1,BNK-L1-2,PET-SD,793
CON-015671,LOT-03985,L1,BNK-L1-3,MB-AB,534
CON-015672,LOT-03985,L1,BNK-L1-4,MB-SL,404
CON-015673,LOT-03986,L1,BNK-L1-1,PET-BR,25412
CON-015674,LOT-03986,L1,BNK-L1-2,PET-SD,798
CON-015675,LOT-03986,L1,BNK-L1-3,MB-AB,537
CON-015676,LOT-03986,L1,BNK-L1-4,MB-SL,406
CON-015677,LOT-03987,L2,BNK-L2-1,PET-BR,20662
CON-015678,LOT-03987,L2,BNK-L2-2,PET-RC,4580
CON-015679,LOT-03987,L2,BNK-L2-3,MB-AB,389
CON-015680,LOT-03987,L2,BNK-L2-4,MB-WH,378
CON-015681,LOT-03988,L2,BNK-L2-1,PET-BR,20782
CON-015682,LOT-03988,L2,BNK-L2-2,PET-RC,4607
CON-015683,LOT-03988,L2,BNK-L2-3,MB-AB,387
CON-015684,LOT-03988,L2,BNK-L2-4,MB-WH,376
CON-015685,LOT-03989,L3,BNK-L3-1,PET-BR,22091
CON-015686,LOT-03989,L3,BNK-L3-2,PET-SD,3059
CON-015687,LOT-03989,L3,BNK-L3-3,MB-SL,514
CON-015688,LOT-03989,L3,BNK-L3-4,MB-UV,250
CON-015689,LOT-03990,L3,BNK-L3-1,PET-BR,22220
CON-015690,LOT-03990,L3,BNK-L3-2,PET-SD,3077
CON-015691,LOT-03990,L3,BNK-L3-3,MB-SL,517
CON-015692,LOT-03990,L3,BNK-L3-4,MB-UV,251
CON-015693,LOT-03991,L4,BNK-L4-1,PET-BR,19201
CON-015694,LOT-03991,L4,BNK-L4-2,PET-CO,4847
CON-015695,LOT-03991,L4,BNK-L4-3,MB-WH,470
CON-015696,LOT-03991,L4,BNK-L4-4,MB-UV,237
CON-015697,LOT-03992,L4,BNK-L4-1,PET-BR,19319
CON-015698,LOT-03992,L4,BNK-L4-2,PET-CO,4877
CON-015699,LOT-03992,L4,BNK-L4-3,MB-WH,473
CON-015700,LOT-03992,L4,BNK-L4-4,MB-UV,239
CON-015701,LOT-03993,L5,BNK-L5-1,NY6-F,12296
CON-015702,LOT-03993,L5,BNK-L5-2,NY6-H,2107
CON-015703,LOT-03993,L5,BNK-L5-3,MB-NA,284
CON-015704,LOT-03993,L5,BNK-L5-4,MB-NS,143
CON-015705,LOT-03994,L5,BNK-L5-1,NY6-F,12414
CON-015706,LOT-03994,L5,BNK-L5-2,NY6-H,2128
CON-015707,LOT-03994,L5,BNK-L5-3,MB-NA,286
CON-015708,LOT-03994,L5,BNK-L5-4,MB-NS,145
CON-015709,LOT-03995,L6,BNK-L6-1,NY6-F,10648
CON-015710,LOT-03995,L6,BNK-L6-2,NY6-H,2441
CON-015711,LOT-03995,L6,BNK-L6-3,MB-NA,200
CON-015712,LOT-03995,L6,BNK-L6-4,MB-NS,202
CON-015713,LOT-03996,L6,BNK-L6-1,NY6-F,10758
CON-015714,LOT-03996,L6,BNK-L6-2,NY6-H,2466
CON-015715,LOT-03996,L6,BNK-L6-3,MB-NA,202
CON-015716,LOT-03996,L6,BNK-L6-4,MB-NS,204
CON-015717,LOT-03997,L1,BNK-L1-1,PET-BR,25451
CON-015718,LOT-03997,L1,BNK-L1-2,PET-SD,1346
CON-015719,LOT-03997,L1,BNK-L1-3,MB-AB,407
CON-015720,LOT-03997,L1,BNK-L1-4,MB-SL,264
CON-015721,LOT-03998,L1,BNK-L1-1,PET-BR,25319
CON-015722,LOT-03998,L1,BNK-L1-2,PET-SD,1339
CON-015723,LOT-03998,L1,BNK-L1-3,MB-AB,409
CON-015724,LOT-03998,L1,BNK-L1-4,MB-SL,265
CON-015725,LOT-03999,L2,BNK-L2-1,PET-BR,21336
CON-015726,LOT-03999,L2,BNK-L2-2,PET-RC,4232
CON-015727,LOT-03999,L2,BNK-L2-3,MB-AB,388
CON-015728,LOT-03999,L2,BNK-L2-4,MB-WH,251
CON-015729,LOT-04000,L2,BNK-L2-1,PET-BR,21460
CON-015730,LOT-04000,L2,BNK-L2-2,PET-RC,4257
CON-015731,LOT-04000,L2,BNK-L2-3,MB-AB,390
CON-015732,LOT-04000,L2,BNK-L2-4,MB-WH,253
CON-015733,LOT-04001,L3,BNK-L3-1,PET-BR,23002
CON-015734,LOT-04001,L3,BNK-L3-2,PET-SD,2595
CON-015735,LOT-04001,L3,BNK-L3-3,MB-SL,504
CON-015736,LOT-04001,L3,BNK-L3-4,MB-UV,254
CON-015737,LOT-04002,L3,BNK-L3-1,PET-BR,23134
CON-015738,LOT-04002,L3,BNK-L3-2,PET-SD,2610
CON-015739,LOT-04002,L3,BNK-L3-3,MB-SL,506
CON-015740,LOT-04002,L3,BNK-L3-4,MB-UV,256
CON-015741,LOT-04003,L4,BNK-L4-1,PET-BR,20896
CON-015742,LOT-04003,L4,BNK-L4-2,PET-CO,3442
CON-015743,LOT-04003,L4,BNK-L4-3,MB-WH,479
CON-015744,LOT-04003,L4,BNK-L4-4,MB-UV,242
CON-015745,LOT-04004,L4,BNK-L4-1,PET-BR,21023
CON-015746,LOT-04004,L4,BNK-L4-2,PET-CO,3463
CON-015747,LOT-04004,L4,BNK-L4-3,MB-WH,482
CON-015748,LOT-04004,L4,BNK-L4-4,MB-UV,243
CON-015749,LOT-04005,L5,BNK-L5-1,NY6-F,11465
CON-015750,LOT-04005,L5,BNK-L5-2,NY6-H,2716
CON-015751,LOT-04005,L5,BNK-L5-3,MB-NA,217
CON-015752,LOT-04005,L5,BNK-L5-4,MB-NS,219
CON-015753,LOT-04006,L5,BNK-L5-1,NY6-F,11574
CON-015754,LOT-04006,L5,BNK-L5-2,NY6-H,2742
CON-015755,LOT-04006,L5,BNK-L5-3,MB-NA,219
CON-015756,LOT-04006,L5,BNK-L5-4,MB-NS,221
CON-015757,LOT-04007,L6,BNK-L6-1,NY6-F,10506
CON-015758,LOT-04007,L6,BNK-L6-2,NY6-H,2820
CON-015759,LOT-04007,L6,BNK-L6-3,MB-NA,271
CON-015760,LOT-04007,L6,BNK-L6-4,MB-NS,132
CON-015761,LOT-04008,L6,BNK-L6-1,NY6-F,10614
CON-015762,LOT-04008,L6,BNK-L6-2,NY6-H,2849
CON-015763,LOT-04008,L6,BNK-L6-3,MB-NA,274
CON-015764,LOT-04008,L6,BNK-L6-4,MB-NS,133
CON-015765,LOT-04009,L1,BNK-L1-1,PET-BR,25638
CON-015766,LOT-04009,L1,BNK-L1-2,PET-SD,1073
CON-015767,LOT-04009,L1,BNK-L1-3,MB-AB,410
CON-015768,LOT-04009,L1,BNK-L1-4,MB-SL,266
CON-015769,LOT-04010,L1,BNK-L1-1,PET-BR,25781
CON-015770,LOT-04010,L1,BNK-L1-2,PET-SD,1079
CON-015771,LOT-04010,L1,BNK-L1-3,MB-AB,408
CON-015772,LOT-04010,L1,BNK-L1-4,MB-SL,264
CON-015773,LOT-04011,L2,BNK-L2-1,PET-BR,20684
CON-015774,LOT-04011,L2,BNK-L2-2,PET-RC,5352
CON-015775,LOT-04011,L2,BNK-L2-3,MB-AB,380
CON-015776,LOT-04011,L2,BNK-L2-4,MB-WH,256
CON-015777,LOT-04012,L2,BNK-L2-1,PET-BR,20803
CON-015778,LOT-04012,L2,BNK-L2-2,PET-RC,5383
CON-015779,LOT-04012,L2,BNK-L2-3,MB-AB,382
CON-015780,LOT-04012,L2,BNK-L2-4,MB-WH,257
CON-015781,LOT-04013,L3,BNK-L3-1,PET-BR,22103
CON-015782,LOT-04013,L3,BNK-L3-2,PET-SD,3810
CON-015783,LOT-04013,L3,BNK-L3-3,MB-SL,513
CON-015784,LOT-04013,L3,BNK-L3-4,MB-UV,259
CON-015785,LOT-04014,L3,BNK-L3-1,PET-BR,22229
CON-015786,LOT-04014,L3,BNK-L3-2,PET-SD,3832
CON-015787,LOT-04014,L3,BNK-L3-3,MB-SL,516
CON-015788,LOT-04014,L3,BNK-L3-4,MB-UV,260
CON-015789,LOT-04015,L4,BNK-L4-1,PET-BR,19627
CON-015790,LOT-04015,L4,BNK-L4-2,PET-CO,4351
CON-015791,LOT-04015,L4,BNK-L4-3,MB-WH,366
CON-015792,LOT-04015,L4,BNK-L4-4,MB-UV,369
CON-015793,LOT-04016,L4,BNK-L4-1,PET-BR,19746
CON-015794,LOT-04016,L4,BNK-L4-2,PET-CO,4377
CON-015795,LOT-04016,L4,BNK-L4-3,MB-WH,368
CON-015796,LOT-04016,L4,BNK-L4-4,MB-UV,372
CON-015797,LOT-04017,L5,BNK-L5-1,NY6-F,11376
CON-015798,LOT-04017,L5,BNK-L5-2,NY6-H,3054
CON-015799,LOT-04017,L5,BNK-L5-3,MB-NA,294
CON-015800,LOT-04017,L5,BNK-L5-4,MB-NS,143
CON-015801,LOT-04018,L5,BNK-L5-1,NY6-F,11484
CON-015802,LOT-04018,L5,BNK-L5-2,NY6-H,3083
CON-015803,LOT-04018,L5,BNK-L5-3,MB-NA,296
CON-015804,LOT-04018,L5,BNK-L5-4,MB-NS,144
CON-015805,LOT-04019,L6,BNK-L6-1,NY6-F,11125
CON-015806,LOT-04019,L6,BNK-L6-2,NY6-H,2369
CON-015807,LOT-04019,L6,BNK-L6-3,MB-NA,205
CON-015808,LOT-04019,L6,BNK-L6-4,MB-NS,133
CON-015809,LOT-04020,L6,BNK-L6-1,NY6-F,11238
CON-015810,LOT-04020,L6,BNK-L6-2,NY6-H,2393
CON-015811,LOT-04020,L6,BNK-L6-3,MB-NA,207
CON-015812,LOT-04020,L6,BNK-L6-4,MB-NS,134
CON-015813,LOT-04021,L1,BNK-L1-1,PET-BR,26089
CON-015814,LOT-04021,L1,BNK-L1-2,PET-SD,819
CON-015815,LOT-04021,L1,BNK-L1-3,MB-AB,530
CON-015816,LOT-04021,L1,BNK-L1-4,MB-SL,267
CON-015817,LOT-04022,L1,BNK-L1-1,PET-BR,26233
CON-015818,LOT-04022,L1,BNK-L1-2,PET-SD,823
CON-015819,LOT-04022,L1,BNK-L1-3,MB-AB,533
CON-015820,LOT-04022,L1,BNK-L1-4,MB-SL,269
CON-015821,LOT-04023,L2,BNK-L2-1,PET-BR,20524
CON-015822,LOT-04023,L2,BNK-L2-2,PET-RC,5749
CON-015823,LOT-04023,L2,BNK-L2-3,MB-AB,387
CON-015824,LOT-04023,L2,BNK-L2-4,MB-WH,260
CON-015825,LOT-04024,L2,BNK-L2-1,PET-BR,20641
CON-015826,LOT-04024,L2,BNK-L2-2,PET-RC,5782
CON-015827,LOT-04024,L2,BNK-L2-3,MB-AB,389
CON-015828,LOT-04024,L2,BNK-L2-4,MB-WH,262
CON-015829,LOT-04025,L3,BNK-L3-1,PET-BR,23043
CON-015830,LOT-04025,L3,BNK-L3-2,PET-SD,2456
CON-015831,LOT-04025,L3,BNK-L3-3,MB-SL,522
CON-015832,LOT-04025,L3,BNK-L3-4,MB-UV,395
CON-015833,LOT-04026,L3,BNK-L3-1,PET-BR,23175
CON-015834,LOT-04026,L3,BNK-L3-2,PET-SD,2470
CON-015835,LOT-04026,L3,BNK-L3-3,MB-SL,525
CON-015836,LOT-04026,L3,BNK-L3-4,MB-UV,397
CON-015837,LOT-04027,L4,BNK-L4-1,PET-BR,19012
CON-015838,LOT-04027,L4,BNK-L4-2,PET-CO,5415
CON-015839,LOT-04027,L4,BNK-L4-3,MB-WH,497
CON-015840,LOT-04027,L4,BNK-L4-4,MB-UV,241
CON-015841,LOT-04028,L4,BNK-L4-1,PET-BR,19127
CON-015842,LOT-04028,L4,BNK-L4-2,PET-CO,5447
CON-015843,LOT-04028,L4,BNK-L4-3,MB-WH,500
CON-015844,LOT-04028,L4,BNK-L4-4,MB-UV,243
CON-015845,LOT-04029,L5,BNK-L5-1,NY6-F,11895
CON-015846,LOT-04029,L5,BNK-L5-2,NY6-H,2710
CON-015847,LOT-04029,L5,BNK-L5-3,MB-NA,222
CON-015848,LOT-04029,L5,BNK-L5-4,MB-NS,144
CON-015849,LOT-04030,L5,BNK-L5-1,NY6-F,12007
CON-015850,LOT-04030,L5,BNK-L5-2,NY6-H,2735
CON-015851,LOT-04030,L5,BNK-L5-3,MB-NA,224
CON-015852,LOT-04030,L5,BNK-L5-4,MB-NS,145
CON-015853,LOT-04031,L6,BNK-L6-1,NY6-F,10913
CON-015854,LOT-04031,L6,BNK-L6-2,NY6-H,2823
CON-015855,LOT-04031,L6,BNK-L6-3,MB-NA,201
CON-015856,LOT-04031,L6,BNK-L6-4,MB-NS,135
CON-015857,LOT-04032,L6,BNK-L6-1,NY6-F,10906
CON-015858,LOT-04032,L6,BNK-L6-2,NY6-H,2822
CON-015859,LOT-04032,L6,BNK-L6-3,MB-NA,200
CON-015860,LOT-04032,L6,BNK-L6-4,MB-NS,135
CON-015861,LOT-04033,L1,BNK-L1-1,PET-BR,26269
CON-015862,LOT-04033,L1,BNK-L1-2,PET-SD,1336
CON-015863,LOT-04033,L1,BNK-L1-3,MB-AB,404
CON-015864,LOT-04033,L1,BNK-L1-4,MB-SL,272
CON-015865,LOT-04034,L1,BNK-L1-1,PET-BR,26413
CON-015866,LOT-04034,L1,BNK-L1-2,PET-SD,1343
CON-015867,LOT-04034,L1,BNK-L1-3,MB-AB,406
CON-015868,LOT-04034,L1,BNK-L1-4,MB-SL,274
CON-015869,LOT-04035,L2,BNK-L2-1,PET-BR,22278
CON-015870,LOT-04035,L2,BNK-L2-2,PET-RC,3511
CON-015871,LOT-04035,L2,BNK-L2-3,MB-AB,525
CON-015872,LOT-04035,L2,BNK-L2-4,MB-WH,265
CON-015873,LOT-04036,L2,BNK-L2-1,PET-BR,22405
CON-015874,LOT-04036,L2,BNK-L2-2,PET-RC,3531
CON-015875,LOT-04036,L2,BNK-L2-3,MB-AB,528
CON-015876,LOT-04036,L2,BNK-L2-4,MB-WH,266
CON-015877,LOT-04037,L3,BNK-L3-1,PET-BR,10946
CON-015878,LOT-04037,L3,BNK-L3-2,PET-SD,15790
CON-015879,LOT-04038,L3,BNK-L3-1,PET-BR,11008
CON-015880,LOT-04038,L3,BNK-L3-2,PET-SD,15879
CON-015881,LOT-04039,L4,BNK-L4-1,PET-BR,20399
CON-015882,LOT-04039,L4,BNK-L4-2,PET-CO,4343
CON-015883,LOT-04039,L4,BNK-L4-3,MB-WH,376
CON-015884,LOT-04039,L4,BNK-L4-4,MB-UV,243
CON-015885,LOT-04040,L4,BNK-L4-1,PET-BR,20521
CON-015886,LOT-04040,L4,BNK-L4-2,PET-CO,4369
CON-015887,LOT-04040,L4,BNK-L4-3,MB-WH,378
CON-015888,LOT-04040,L4,BNK-L4-4,MB-UV,245
CON-015889,LOT-04041,L5,BNK-L5-1,NY6-F,11583
CON-015890,LOT-04041,L5,BNK-L5-2,NY6-H,3278
CON-015891,LOT-04041,L5,BNK-L5-3,MB-NA,217
CON-015892,LOT-04041,L5,BNK-L5-4,MB-NS,146
CON-015893,LOT-04042,L5,BNK-L5-1,NY6-F,11692
CON-015894,LOT-04042,L5,BNK-L5-2,NY6-H,3308
CON-015895,LOT-04042,L5,BNK-L5-3,MB-NA,219
CON-015896,LOT-04042,L5,BNK-L5-4,MB-NS,147
CON-015897,LOT-04043,L6,BNK-L6-1,NY6-F,11743
CON-015898,LOT-04043,L6,BNK-L6-2,NY6-H,1934
CON-015899,LOT-04043,L6,BNK-L6-3,MB-NA,269
CON-015900,LOT-04043,L6,BNK-L6-4,MB-NS,136
CON-015901,LOT-04044,L6,BNK-L6-1,NY6-F,11861
CON-015902,LOT-04044,L6,BNK-L6-2,NY6-H,1953
CON-015903,LOT-04044,L6,BNK-L6-3,MB-NA,272
CON-015904,LOT-04044,L6,BNK-L6-4,MB-NS,137
CON-015905,LOT-04045,L1,BNK-L1-1,PET-BR,24780
CON-015906,LOT-04045,L1,BNK-L1-2,PET-SD,778
CON-015907,LOT-04045,L1,BNK-L1-3,MB-AB,523
CON-015908,LOT-04045,L1,BNK-L1-4,MB-SL,396
CON-015909,LOT-04046,L1,BNK-L1-1,PET-BR,24921
CON-015910,LOT-04046,L1,BNK-L1-2,PET-SD,782
CON-015911,LOT-04046,L1,BNK-L1-3,MB-AB,526
CON-015912,LOT-04046,L1,BNK-L1-4,MB-SL,399
CON-015913,LOT-04047,L2,BNK-L2-1,PET-BR,20471
CON-015914,LOT-04047,L2,BNK-L2-2,PET-RC,4538
CON-015915,LOT-04047,L2,BNK-L2-3,MB-AB,381
CON-015916,LOT-04047,L2,BNK-L2-4,MB-WH,370
CON-015917,LOT-04048,L2,BNK-L2-1,PET-BR,20591
CON-015918,LOT-04048,L2,BNK-L2-2,PET-RC,4564
CON-015919,LOT-04048,L2,BNK-L2-3,MB-AB,384
CON-015920,LOT-04048,L2,BNK-L2-4,MB-WH,373
CON-015921,LOT-04049,L3,BNK-L3-1,PET-BR,21887
CON-015922,LOT-04049,L3,BNK-L3-2,PET-SD,3031
CON-015923,LOT-04049,L3,BNK-L3-3,MB-SL,510
CON-015924,LOT-04049,L3,BNK-L3-4,MB-UV,247
CON-015925,LOT-04050,L3,BNK-L3-1,PET-BR,22016
CON-015926,LOT-04050,L3,BNK-L3-2,PET-SD,3049
CON-015927,LOT-04050,L3,BNK-L3-3,MB-SL,513
CON-015928,LOT-04050,L3,BNK-L3-4,MB-UV,249
CON-015929,LOT-04051,L4,BNK-L4-1,PET-BR,19005
CON-015930,LOT-04051,L4,BNK-L4-2,PET-CO,4797
CON-015931,LOT-04051,L4,BNK-L4-3,MB-WH,465
CON-015932,LOT-04051,L4,BNK-L4-4,MB-UV,235
CON-015933,LOT-04052,L4,BNK-L4-1,PET-BR,19123
CON-015934,LOT-04052,L4,BNK-L4-2,PET-CO,4827
CON-015935,LOT-04052,L4,BNK-L4-3,MB-WH,468
CON-015936,LOT-04052,L4,BNK-L4-4,MB-UV,236
CON-015937,LOT-04053,L5,BNK-L5-1,NY6-F,12196
CON-015938,LOT-04053,L5,BNK-L5-2,NY6-H,2090
CON-015939,LOT-04053,L5,BNK-L5-3,MB-NA,281
CON-015940,LOT-04053,L5,BNK-L5-4,MB-NS,142
CON-015941,LOT-04054,L5,BNK-L5-1,NY6-F,12185
CON-015942,LOT-04054,L5,BNK-L5-2,NY6-H,2088
CON-015943,LOT-04054,L5,BNK-L5-3,MB-NA,281
CON-015944,LOT-04054,L5,BNK-L5-4,MB-NS,142
CON-015945,LOT-04055,L6,BNK-L6-1,NY6-F,10437
CON-015946,LOT-04055,L6,BNK-L6-2,NY6-H,2393
CON-015947,LOT-04055,L6,BNK-L6-3,MB-NA,196
CON-015948,LOT-04055,L6,BNK-L6-4,MB-NS,198
CON-015949,LOT-04056,L6,BNK-L6-1,NY6-F,10546
CON-015950,LOT-04056,L6,BNK-L6-2,NY6-H,2418
CON-015951,LOT-04056,L6,BNK-L6-3,MB-NA,198
CON-015952,LOT-04056,L6,BNK-L6-4,MB-NS,200
CON-015953,LOT-04057,L1,BNK-L1-1,PET-BR,24961
CON-015954,LOT-04057,L1,BNK-L1-2,PET-SD,1320
CON-015955,LOT-04057,L1,BNK-L1-3,MB-AB,399
CON-015956,LOT-04057,L1,BNK-L1-4,MB-SL,259
CON-015957,LOT-04058,L1,BNK-L1-1,PET-BR,25103
CON-015958,LOT-04058,L1,BNK-L1-2,PET-SD,1327
CON-015959,LOT-04058,L1,BNK-L1-3,MB-AB,402
CON-015960,LOT-04058,L1,BNK-L1-4,MB-SL,260
CON-015961,LOT-04059,L2,BNK-L2-1,PET-BR,21141
CON-015962,LOT-04059,L2,BNK-L2-2,PET-RC,4193
CON-015963,LOT-04059,L2,BNK-L2-3,MB-AB,385
CON-015964,LOT-04059,L2,BNK-L2-4,MB-WH,249
CON-015965,LOT-04060,L2,BNK-L2-1,PET-BR,21265
CON-015966,LOT-04060,L2,BNK-L2-2,PET-RC,4218
CON-015967,LOT-04060,L2,BNK-L2-3,MB-AB,387
CON-015968,LOT-04060,L2,BNK-L2-4,MB-WH,250
CON-015969,LOT-04061,L3,BNK-L3-1,PET-BR,22790
CON-015970,LOT-04061,L3,BNK-L3-2,PET-SD,2571
CON-015971,LOT-04061,L3,BNK-L3-3,MB-SL,499
CON-015972,LOT-04061,L3,BNK-L3-4,MB-UV,252
CON-015973,LOT-04062,L3,BNK-L3-1,PET-BR,22923
CON-015974,LOT-04062,L3,BNK-L3-2,PET-SD,2586
CON-015975,LOT-04062,L3,BNK-L3-3,MB-SL,502
CON-015976,LOT-04062,L3,BNK-L3-4,MB-UV,253
CON-015977,LOT-04063,L4,BNK-L4-1,PET-BR,20684
CON-015978,LOT-04063,L4,BNK-L4-2,PET-CO,3407
CON-015979,LOT-04063,L4,BNK-L4-3,MB-WH,474
CON-015980,LOT-04063,L4,BNK-L4-4,MB-UV,239
CON-015981,LOT-04064,L4,BNK-L4-1,PET-BR,20592
CON-015982,LOT-04064,L4,BNK-L4-2,PET-CO,3391
CON-015983,LOT-04064,L4,BNK-L4-3,MB-WH,477
CON-015984,LOT-04064,L4,BNK-L4-4,MB-UV,241
CON-015985,LOT-04065,L5,BNK-L5-1,NY6-F,11250
CON-015986,LOT-04065,L5,BNK-L5-2,NY6-H,2665
CON-015987,LOT-04065,L5,BNK-L5-3,MB-NA,212
CON-015988,LOT-04065,L5,BNK-L5-4,MB-NS,215
CON-015989,LOT-04066,L5,BNK-L5-1,NY6-F,11359
CON-015990,LOT-04066,L5,BNK-L5-2,NY6-H,2691
CON-015991,LOT-04066,L5,BNK-L5-3,MB-NA,215
CON-015992,LOT-04066,L5,BNK-L5-4,MB-NS,217
CON-015993,LOT-04067,L6,BNK-L6-1,NY6-F,10300
CON-015994,LOT-04067,L6,BNK-L6-2,NY6-H,2765
CON-015995,LOT-04067,L6,BNK-L6-3,MB-NA,266
CON-015996,LOT-04067,L6,BNK-L6-4,MB-NS,129
CON-015997,LOT-04068,L6,BNK-L6-1,NY6-F,10407
CON-015998,LOT-04068,L6,BNK-L6-2,NY6-H,2793
CON-015999,LOT-04068,L6,BNK-L6-3,MB-NA,269
CON-016000,LOT-04068,L6,BNK-L6-4,MB-NS,130
CON-016001,LOT-04069,L1,BNK-L1-1,PET-BR,25420
CON-016002,LOT-04069,L1,BNK-L1-2,PET-SD,1064
CON-016003,LOT-04069,L1,BNK-L1-3,MB-AB,402
CON-016004,LOT-04069,L1,BNK-L1-4,MB-SL,261
CON-016005,LOT-04070,L1,BNK-L1-1,PET-BR,25563
CON-016006,LOT-04070,L1,BNK-L1-2,PET-SD,1070
CON-016007,LOT-04070,L1,BNK-L1-3,MB-AB,405
CON-016008,LOT-04070,L1,BNK-L1-4,MB-SL,262
CON-016009,LOT-04071,L2,BNK-L2-1,PET-BR,20496
CON-016010,LOT-04071,L2,BNK-L2-2,PET-RC,5303
CON-016011,LOT-04071,L2,BNK-L2-3,MB-AB,376
CON-016012,LOT-04071,L2,BNK-L2-4,MB-WH,253
CON-016013,LOT-04072,L2,BNK-L2-1,PET-BR,20615
CON-016014,LOT-04072,L2,BNK-L2-2,PET-RC,5334
CON-016015,LOT-04072,L2,BNK-L2-3,MB-AB,379
CON-016016,LOT-04072,L2,BNK-L2-4,MB-WH,255
CON-016017,LOT-04073,L3,BNK-L3-1,PET-BR,21900
CON-016018,LOT-04073,L3,BNK-L3-2,PET-SD,3776
CON-016019,LOT-04073,L3,BNK-L3-3,MB-SL,508
CON-016020,LOT-04073,L3,BNK-L3-4,MB-UV,256
CON-016021,LOT-04074,L3,BNK-L3-1,PET-BR,22027
CON-016022,LOT-04074,L3,BNK-L3-2,PET-SD,3798
CON-016023,LOT-04074,L3,BNK-L3-3,MB-SL,511
CON-016024,LOT-04074,L3,BNK-L3-4,MB-UV,258
CON-016025,LOT-04075,L4,BNK-L4-1,PET-BR,19222
CON-016026,LOT-04075,L4,BNK-L4-2,PET-CO,4261
CON-016027,LOT-04075,L4,BNK-L4-3,MB-WH,362
CON-016028,LOT-04075,L4,BNK-L4-4,MB-UV,366
CON-016029,LOT-04076,L4,BNK-L4-1,PET-BR,19340
CON-016030,LOT-04076,L4,BNK-L4-2,PET-CO,4288
CON-016031,LOT-04076,L4,BNK-L4-3,MB-WH,360
CON-016032,LOT-04076,L4,BNK-L4-4,MB-UV,364
CON-016033,LOT-04077,L5,BNK-L5-1,NY6-F,11165
CON-016034,LOT-04077,L5,BNK-L5-2,NY6-H,2997
CON-016035,LOT-04077,L5,BNK-L5-3,MB-NA,288
CON-016036,LOT-04077,L5,BNK-L5-4,MB-NS,140
CON-016037,LOT-04078,L5,BNK-L5-1,NY6-F,11272
CON-016038,LOT-04078,L5,BNK-L5-2,NY6-H,3026
CON-016039,LOT-04078,L5,BNK-L5-3,MB-NA,291
CON-016040,LOT-04078,L5,BNK-L5-4,MB-NS,141
CON-016041,LOT-04079,L6,BNK-L6-1,NY6-F,10908
CON-016042,LOT-04079,L6,BNK-L6-2,NY6-H,2323
CON-016043,LOT-04079,L6,BNK-L6-3,MB-NA,201
CON-016044,LOT-04079,L6,BNK-L6-4,MB-NS,130
CON-016045,LOT-04080,L6,BNK-L6-1,NY6-F,11020
CON-016046,LOT-04080,L6,BNK-L6-2,NY6-H,2346
CON-016047,LOT-04080,L6,BNK-L6-3,MB-NA,203
CON-016048,LOT-04080,L6,BNK-L6-4,MB-NS,131
CON-016049,LOT-04081,L1,BNK-L1-1,PET-BR,25868
CON-016050,LOT-04081,L1,BNK-L1-2,PET-SD,812
CON-016051,LOT-04081,L1,BNK-L1-3,MB-AB,525
CON-016052,LOT-04081,L1,BNK-L1-4,MB-SL,265
CON-016053,LOT-04082,L1,BNK-L1-1,PET-BR,26012
CON-016054,LOT-04082,L1,BNK-L1-2,PET-SD,817
CON-016055,LOT-04082,L1,BNK-L1-3,MB-AB,528
CON-016056,LOT-04082,L1,BNK-L1-4,MB-SL,267
CON-016057,LOT-04083,L2,BNK-L2-1,PET-BR,20339
CON-016058,LOT-04083,L2,BNK-L2-2,PET-RC,5698
CON-016059,LOT-04083,L2,BNK-L2-3,MB-AB,383
CON-016060,LOT-04083,L2,BNK-L2-4,MB-WH,258
CON-016061,LOT-04084,L2,BNK-L2-1,PET-BR,20456
CON-016062,LOT-04084,L2,BNK-L2-2,PET-RC,5731
CON-016063,LOT-04084,L2,BNK-L2-3,MB-AB,385
CON-016064,LOT-04084,L2,BNK-L2-4,MB-WH,259
CON-016065,LOT-04085,L3,BNK-L3-1,PET-BR,22838
CON-016066,LOT-04085,L3,BNK-L3-2,PET-SD,2434
CON-016067,LOT-04085,L3,BNK-L3-3,MB-SL,517
CON-016068,LOT-04085,L3,BNK-L3-4,MB-UV,392
CON-016069,LOT-04086,L3,BNK-L3-1,PET-BR,22721
CON-016070,LOT-04086,L3,BNK-L3-2,PET-SD,2422
CON-016071,LOT-04086,L3,BNK-L3-3,MB-SL,520
CON-016072,LOT-04086,L3,BNK-L3-4,MB-UV,394
CON-016073,LOT-04087,L4,BNK-L4-1,PET-BR,18623
CON-016074,LOT-04087,L4,BNK-L4-2,PET-CO,5304
CON-016075,LOT-04087,L4,BNK-L4-3,MB-WH,486
CON-016076,LOT-04087,L4,BNK-L4-4,MB-UV,236
CON-016077,LOT-04088,L4,BNK-L4-1,PET-BR,18737
CON-016078,LOT-04088,L4,BNK-L4-2,PET-CO,5337
CON-016079,LOT-04088,L4,BNK-L4-3,MB-WH,489
CON-016080,LOT-04088,L4,BNK-L4-4,MB-UV,238
CON-016081,LOT-04089,L5,BNK-L5-1,NY6-F,11675
CON-016082,LOT-04089,L5,BNK-L5-2,NY6-H,2660
CON-016083,LOT-04089,L5,BNK-L5-3,MB-NA,218
CON-016084,LOT-04089,L5,BNK-L5-4,MB-NS,141
CON-016085,LOT-04090,L5,BNK-L5-1,NY6-F,11787
CON-016086,LOT-04090,L5,BNK-L5-2,NY6-H,2685
CON-016087,LOT-04090,L5,BNK-L5-3,MB-NA,220
CON-016088,LOT-04090,L5,BNK-L5-4,MB-NS,142
CON-016089,LOT-04091,L6,BNK-L6-1,NY6-F,10702
CON-016090,LOT-04091,L6,BNK-L6-2,NY6-H,2769
CON-016091,LOT-04091,L6,BNK-L6-3,MB-NA,197
CON-016092,LOT-04091,L6,BNK-L6-4,MB-NS,132
CON-016093,LOT-04092,L6,BNK-L6-1,NY6-F,10811
CON-016094,LOT-04092,L6,BNK-L6-2,NY6-H,2797
CON-016095,LOT-04092,L6,BNK-L6-3,MB-NA,199
CON-016096,LOT-04092,L6,BNK-L6-4,MB-NS,134
CON-016097,LOT-04093,L2,BNK-L2-1,PET-BR,22038
CON-016098,LOT-04093,L2,BNK-L2-2,PET-RC,3473
CON-016099,LOT-04093,L2,BNK-L2-3,MB-AB,519
CON-016100,LOT-04093,L2,BNK-L2-4,MB-WH,262
CON-016101,LOT-04094,L2,BNK-L2-1,PET-BR,22165
CON-016102,LOT-04094,L2,BNK-L2-2,PET-RC,3493
CON-016103,LOT-04094,L2,BNK-L2-3,MB-AB,522
CON-016104,LOT-04094,L2,BNK-L2-4,MB-WH,264
CON-016105,LOT-04095,L3,BNK-L3-1,PET-BR,10827
CON-016106,LOT-04095,L3,BNK-L3-2,PET-SD,15619
CON-016107,LOT-04096,L3,BNK-L3-1,PET-BR,10889
CON-016108,LOT-04096,L3,BNK-L3-2,PET-SD,15708
CON-016109,LOT-04097,L4,BNK-L4-1,PET-BR,19945
CON-016110,LOT-04097,L4,BNK-L4-2,PET-CO,4247
CON-016111,LOT-04097,L4,BNK-L4-3,MB-WH,371
CON-016112,LOT-04097,L4,BNK-L4-4,MB-UV,240
CON-016113,LOT-04098,L4,BNK-L4-1,PET-BR,20066
CON-016114,LOT-04098,L4,BNK-L4-2,PET-CO,4272
CON-016115,LOT-04098,L4,BNK-L4-3,MB-WH,369
CON-016116,LOT-04098,L4,BNK-L4-4,MB-UV,239
CON-016117,LOT-04099,L5,BNK-L5-1,NY6-F,11348
CON-016118,LOT-04099,L5,BNK-L5-2,NY6-H,3211
CON-016119,LOT-04099,L5,BNK-L5-3,MB-NA,213
CON-016120,LOT-04099,L5,BNK-L5-4,MB-NS,143
CON-016121,LOT-04100,L5,BNK-L5-1,NY6-F,11456
CON-016122,LOT-04100,L5,BNK-L5-2,NY6-H,3242
CON-016123,LOT-04100,L5,BNK-L5-3,MB-NA,215
CON-016124,LOT-04100,L5,BNK-L5-4,MB-NS,145
CON-016125,LOT-04101,L6,BNK-L6-1,NY6-F,11617
CON-016126,LOT-04101,L6,BNK-L6-2,NY6-H,1913
CON-016127,LOT-04101,L6,BNK-L6-3,MB-NA,267
CON-016128,LOT-04101,L6,BNK-L6-4,MB-NS,135
CON-016129,LOT-04102,L6,BNK-L6-1,NY6-F,11735
CON-016130,LOT-04102,L6,BNK-L6-2,NY6-H,1933
CON-016131,LOT-04102,L6,BNK-L6-3,MB-NA,269
CON-016132,LOT-04102,L6,BNK-L6-4,MB-NS,136
CON-016133,LOT-04103,L1,BNK-L1-1,PET-BR,25707
CON-016134,LOT-04103,L1,BNK-L1-2,PET-SD,807
CON-016135,LOT-04103,L1,BNK-L1-3,MB-AB,543
CON-016136,LOT-04103,L1,BNK-L1-4,MB-SL,411
CON-016137,LOT-04104,L1,BNK-L1-1,PET-BR,25850
CON-016138,LOT-04104,L1,BNK-L1-2,PET-SD,812
CON-016139,LOT-04104,L1,BNK-L1-3,MB-AB,546
CON-016140,LOT-04104,L1,BNK-L1-4,MB-SL,413
CON-016141,LOT-04105,L3,BNK-L3-1,PET-BR,22691
CON-016142,LOT-04105,L3,BNK-L3-2,PET-SD,3142
CON-016143,LOT-04105,L3,BNK-L3-3,MB-SL,528
CON-016144,LOT-04105,L3,BNK-L3-4,MB-UV,257
CON-016145,LOT-04106,L3,BNK-L3-1,PET-BR,22821
CON-016146,LOT-04106,L3,BNK-L3-2,PET-SD,3160
CON-016147,LOT-04106,L3,BNK-L3-3,MB-SL,531
CON-016148,LOT-04106,L3,BNK-L3-4,MB-UV,258
CON-016149,LOT-04107,L4,BNK-L4-1,PET-BR,19748
CON-016150,LOT-04107,L4,BNK-L4-2,PET-CO,4985
CON-016151,LOT-04107,L4,BNK-L4-3,MB-WH,484
CON-016152,LOT-04107,L4,BNK-L4-4,MB-UV,244
CON-016153,LOT-04108,L4,BNK-L4-1,PET-BR,19655
CON-016154,LOT-04108,L4,BNK-L4-2,PET-CO,4962
CON-016155,LOT-04108,L4,BNK-L4-3,MB-WH,487
CON-016156,LOT-04108,L4,BNK-L4-4,MB-UV,246
CON-016157,LOT-04109,L5,BNK-L5-1,NY6-F,12475
CON-016158,LOT-04109,L5,BNK-L5-2,NY6-H,2138
CON-016159,LOT-04109,L5,BNK-L5-3,MB-NA,288
CON-016160,LOT-04109,L5,BNK-L5-4,MB-NS,145
CON-016161,LOT-04110,L5,BNK-L5-1,NY6-F,12593
CON-016162,LOT-04110,L5,BNK-L5-2,NY6-H,2158
CON-016163,LOT-04110,L5,BNK-L5-3,MB-NA,291
CON-016164,LOT-04110,L5,BNK-L5-4,MB-NS,147
CON-016165,LOT-04111,L6,BNK-L6-1,NY6-F,10817
CON-016166,LOT-04111,L6,BNK-L6-2,NY6-H,2480
CON-016167,LOT-04111,L6,BNK-L6-3,MB-NA,203
CON-016168,LOT-04111,L6,BNK-L6-4,MB-NS,205
CON-016169,LOT-04112,L6,BNK-L6-1,NY6-F,10926
CON-016170,LOT-04112,L6,BNK-L6-2,NY6-H,2505
CON-016171,LOT-04112,L6,BNK-L6-3,MB-NA,205
CON-016172,LOT-04112,L6,BNK-L6-4,MB-NS,207
CON-016173,LOT-04113,L1,BNK-L1-1,PET-BR,25838
CON-016174,LOT-04113,L1,BNK-L1-2,PET-SD,1366
CON-016175,LOT-04113,L1,BNK-L1-3,MB-AB,413
CON-016176,LOT-04113,L1,BNK-L1-4,MB-SL,268
CON-016177,LOT-04114,L1,BNK-L1-1,PET-BR,25980
CON-016178,LOT-04114,L1,BNK-L1-2,PET-SD,1374
CON-016179,LOT-04114,L1,BNK-L1-3,MB-AB,416
CON-016180,LOT-04114,L1,BNK-L1-4,MB-SL,269
CON-016181,LOT-04115,L2,BNK-L2-1,PET-BR,21913
CON-016182,LOT-04115,L2,BNK-L2-2,PET-RC,4346
CON-016183,LOT-04115,L2,BNK-L2-3,MB-AB,399
CON-016184,LOT-04115,L2,BNK-L2-4,MB-WH,258
CON-016185,LOT-04116,L2,BNK-L2-1,PET-BR,22037
CON-016186,LOT-04116,L2,BNK-L2-2,PET-RC,4371
CON-016187,LOT-04116,L2,BNK-L2-3,MB-AB,401
CON-016188,LOT-04116,L2,BNK-L2-4,MB-WH,260
CON-016189,LOT-04117,L4,BNK-L4-1,PET-BR,21445
CON-016190,LOT-04117,L4,BNK-L4-2,PET-CO,3532
CON-016191,LOT-04117,L4,BNK-L4-3,MB-WH,492
CON-016192,LOT-04117,L4,BNK-L4-4,MB-UV,248
CON-016193,LOT-04118,L4,BNK-L4-1,PET-BR,21573
CON-016194,LOT-04118,L4,BNK-L4-2,PET-CO,3554
CON-016195,LOT-04118,L4,BNK-L4-3,MB-WH,494
CON-016196,LOT-04118,L4,BNK-L4-4,MB-UV,250
CON-016197,LOT-04119,L5,BNK-L5-1,NY6-F,11732
CON-016198,LOT-04119,L5,BNK-L5-2,NY6-H,2779
CON-016199,LOT-04119,L5,BNK-L5-3,MB-NA,222
CON-016200,LOT-04119,L5,BNK-L5-4,MB-NS,224
CON-016201,LOT-04120,L5,BNK-L5-1,NY6-F,11714
CON-016202,LOT-04120,L5,BNK-L5-2,NY6-H,2775
CON-016203,LOT-04120,L5,BNK-L5-3,MB-NA,221
CON-016204,LOT-04120,L5,BNK-L5-4,MB-NS,223
CON-016205,LOT-04121,L6,BNK-L6-1,NY6-F,10651
CON-016206,LOT-04121,L6,BNK-L6-2,NY6-H,2859
CON-016207,LOT-04121,L6,BNK-L6-3,MB-NA,275
CON-016208,LOT-04121,L6,BNK-L6-4,MB-NS,133
CON-016209,LOT-04122,L6,BNK-L6-1,NY6-F,10758
CON-016210,LOT-04122,L6,BNK-L6-2,NY6-H,2888
CON-016211,LOT-04122,L6,BNK-L6-3,MB-NA,278
CON-016212,LOT-04122,L6,BNK-L6-4,MB-NS,135
CON-016213,LOT-04123,L1,BNK-L1-1,PET-BR,25050
CON-016214,LOT-04123,L1,BNK-L1-2,PET-SD,1049
CON-016215,LOT-04123,L1,BNK-L1-3,MB-AB,397
CON-016216,LOT-04123,L1,BNK-L1-4,MB-SL,257
CON-016217,LOT-04124,L1,BNK-L1-1,PET-BR,25193
CON-016218,LOT-04124,L1,BNK-L1-2,PET-SD,1055
CON-016219,LOT-04124,L1,BNK-L1-3,MB-AB,399
CON-016220,LOT-04124,L1,BNK-L1-4,MB-SL,258
CON-016221,LOT-04125,L2,BNK-L2-1,PET-BR,20187
CON-016222,LOT-04125,L2,BNK-L2-2,PET-RC,5223
CON-016223,LOT-04125,L2,BNK-L2-3,MB-AB,371
CON-016224,LOT-04125,L2,BNK-L2-4,MB-WH,250
CON-016225,LOT-04126,L2,BNK-L2-1,PET-BR,20306
CON-016226,LOT-04126,L2,BNK-L2-2,PET-RC,5254
CON-016227,LOT-04126,L2,BNK-L2-3,MB-AB,373
CON-016228,LOT-04126,L2,BNK-L2-4,MB-WH,251
CON-016229,LOT-04127,L3,BNK-L3-1,PET-BR,21571
CON-016230,LOT-04127,L3,BNK-L3-2,PET-SD,3719
CON-016231,LOT-04127,L3,BNK-L3-3,MB-SL,500
CON-016232,LOT-04127,L3,BNK-L3-4,MB-UV,253
CON-016233,LOT-04128,L3,BNK-L3-1,PET-BR,21697
CON-016234,LOT-04128,L3,BNK-L3-2,PET-SD,3741
CON-016235,LOT-04128,L3,BNK-L3-3,MB-SL,503
CON-016236,LOT-04128,L3,BNK-L3-4,MB-UV,254
CON-016237,LOT-04129,L5,BNK-L5-1,NY6-F,11107
CON-016238,LOT-04129,L5,BNK-L5-2,NY6-H,2981
CON-016239,LOT-04129,L5,BNK-L5-3,MB-NA,287
CON-016240,LOT-04129,L5,BNK-L5-4,MB-NS,139
CON-016241,LOT-04130,L5,BNK-L5-1,NY6-F,11215
CON-016242,LOT-04130,L5,BNK-L5-2,NY6-H,3010
CON-016243,LOT-04130,L5,BNK-L5-3,MB-NA,289
CON-016244,LOT-04130,L5,BNK-L5-4,MB-NS,141
CON-016245,LOT-04131,L6,BNK-L6-1,NY6-F,10724
CON-016246,LOT-04131,L6,BNK-L6-2,NY6-H,2283
CON-016247,LOT-04131,L6,BNK-L6-3,MB-NA,198
CON-016248,LOT-04131,L6,BNK-L6-4,MB-NS,128
CON-016249,LOT-04132,L6,BNK-L6-1,NY6-F,10836
CON-016250,LOT-04132,L6,BNK-L6-2,NY6-H,2307
CON-016251,LOT-04132,L6,BNK-L6-3,MB-NA,200
CON-016252,LOT-04132,L6,BNK-L6-4,MB-NS,129
