receipt_id,purchase_order_id,supplier_id,material_id,promised_date,received_date,quantity,unit
GR-00001,POH-00001,SUP-PET-A,PET-BR,20251001,20250930,5000,KG
GR-00002,POH-00001,SUP-PET-B,PET-SD,20251008,20251007,5700,KG
GR-00003,POH-00001,SUP-PET-A,PET-RC,20251015,20251015,6400,KG
GR-00004,POH-00002,SUP-PET-B,PET-CO,20251022,20251022,7100,KG
GR-00005,POH-00002,SUP-MB-A,MB-AB,20251029,20251028,7800,KG
GR-00006,POH-00002,SUP-MB-A,MB-SL,20251105,20251105,8500,KG
GR-00007,POH-00003,SUP-ADD-A,MB-WH,20251112,20251113,9200,KG
GR-00008,POH-00003,SUP-ADD-A,MB-UV,20251119,20251121,9900,KG
GR-00009,POH-00003,SUP-NY-A,NY6-F,20251126,20251126,10600,KG
GR-00010,POH-00004,SUP-NY-B,NY6-H,20251203,20251203,11300,KG
GR-00011,POH-00004,SUP-ADD-A,MB-NA,20251210,20251212,12000,KG
GR-00012,POH-00004,SUP-ADD-A,MB-NS,20251217,20251220,12700,KG
GR-00013,POH-00005,SUP-PET-A,PET-BR,20251224,20251224,13400,KG
GR-00014,POH-00005,SUP-PET-B,PET-SD,20251231,20251231,14100,KG
GR-00015,POH-00005,SUP-PET-A,PET-RC,20260107,20260107,14800,KG
GR-00016,POH-00006,SUP-PET-B,PET-CO,20260114,20260114,15500,KG
GR-00017,POH-00006,SUP-MB-A,MB-AB,20260121,20260122,16200,KG
GR-00018,POH-00006,SUP-MB-A,MB-SL,20260128,20260129,16900,KG
GR-00019,POH-00007,SUP-ADD-A,MB-WH,20260204,20260207,17600,KG
GR-00020,POH-00007,SUP-ADD-A,MB-UV,20260211,20260214,18300,KG
GR-00021,POH-00007,SUP-NY-A,NY6-F,20260218,20260218,19000,KG
GR-00022,POH-00008,SUP-NY-B,NY6-H,20260225,20260226,19700,KG
GR-00023,POH-00008,SUP-ADD-A,MB-NA,20260304,20260308,20400,KG
GR-00024,POH-00008,SUP-ADD-A,MB-NS,20260311,20260315,21100,KG
GR-00025,POH-00009,SUP-PET-A,PET-BR,20260318,20260318,21800,KG
GR-00026,POH-00009,SUP-PET-B,PET-SD,20260325,20260326,22500,KG
GR-00027,POH-00009,SUP-PET-A,PET-RC,20260401,20260402,23200,KG
GR-00028,POH-00010,SUP-PET-B,PET-CO,20260408,20260408,23900,KG
GR-00029,POH-00010,SUP-MB-A,MB-AB,20260415,20260416,24600,KG
GR-00030,POH-00010,SUP-MB-A,MB-SL,20260422,20260424,25300,KG
GR-00031,POH-00011,SUP-ADD-A,MB-WH,20260429,20260504,26000,KG
GR-00032,POH-00011,SUP-ADD-A,MB-UV,20260506,20260506,26700,KG
GR-00033,POH-00011,SUP-NY-A,NY6-F,20260513,20260514,27400,KG
GR-00034,POH-00012,SUP-NY-B,NY6-H,20260520,20260522,28100,KG
GR-00035,POH-00012,SUP-ADD-A,MB-NA,20260527,20260528,28800,KG
GR-00036,POH-00012,SUP-ADD-A,MB-NS,20260603,20260605,29500,KG
GR-00037,POH-00013,SUP-PET-A,PET-BR,20260610,20260611,30200,KG
GR-00038,POH-00013,SUP-PET-B,PET-SD,20260617,20260617,5000,KG
GR-00039,POH-00013,SUP-PET-A,PET-RC,20260624,20260624,5700,KG
GR-00040,POH-00014,SUP-PET-B,PET-CO,20260701,20260703,6400,KG
GR-00041,POH-00014,SUP-MB-A,MB-AB,20260708,20260710,7100,KG
GR-00042,POH-00014,SUP-MB-A,MB-SL,20260715,20260718,7800,KG
GR-00043,POH-00015,SUP-ADD-A,MB-WH,20260722,20260724,8500,KG
GR-00044,POH-00015,SUP-ADD-A,MB-UV,20260729,20260801,9200,KG
GR-00045,POH-00015,SUP-NY-A,NY6-F,20260805,20260806,9900,KG
GR-00046,POH-00016,SUP-NY-B,NY6-H,20260812,20260814,10600,KG
GR-00047,POH-00016,SUP-ADD-A,MB-NA,20260819,20260822,11300,KG
GR-00048,POH-00016,SUP-ADD-A,MB-NS,20260826,20260829,12000,KG
GR-00049,POH-00017,SUP-PET-A,PET-BR,20260902,20260904,12700,KG
GR-00050,POH-00017,SUP-PET-B,PET-SD,20260909,20260908,13400,KG
GR-00051,POH-00017,SUP-PET-A,PET-RC,20260916,20260916,14100,KG
GR-00052,POH-00018,SUP-PET-B,PET-CO,20260923,20260923,14800,KG
GR-00053,POH-00018,SUP-MB-A,MB-AB,20260930,20260930,15500,KG
GR-00054,POH-00018,SUP-MB-A,MB-SL,20251007,20251011,16200,KG
GR-00055,POH-00019,SUP-ADD-A,MB-WH,20251014,20251018,16900,KG
GR-00056,POH-00019,SUP-ADD-A,MB-UV,20251021,20251025,17600,KG
GR-00057,POH-00019,SUP-NY-A,NY6-F,20251028,20251029,18300,KG
GR-00058,POH-00020,SUP-NY-B,NY6-H,20251104,20251106,19000,KG
GR-00059,POH-00020,SUP-ADD-A,MB-NA,20251111,20251116,19700,KG
GR-00060,POH-00020,SUP-ADD-A,MB-NS,20251118,20251118,20400,KG
GR-00061,POH-00021,SUP-PET-A,PET-BR,20251125,20251124,21100,KG
GR-00062,POH-00021,SUP-PET-B,PET-SD,20251202,20251202,21800,KG
GR-00063,POH-00021,SUP-PET-A,PET-RC,20251209,20251209,22500,KG
GR-00064,POH-00022,SUP-PET-B,PET-CO,20251216,20251216,23200,KG
GR-00065,POH-00022,SUP-MB-A,MB-AB,20251223,20251222,23900,KG
GR-00066,POH-00022,SUP-MB-A,MB-SL,20251230,20251230,24600,KG
GR-00067,POH-00023,SUP-ADD-A,MB-WH,20260106,20260107,25300,KG
GR-00068,POH-00023,SUP-ADD-A,MB-UV,20260113,20260115,26000,KG
GR-00069,POH-00023,SUP-NY-A,NY6-F,20260120,20260122,26700,KG
GR-00070,POH-00024,SUP-NY-B,NY6-H,20260127,20260130,27400,KG
GR-00071,POH-00024,SUP-ADD-A,MB-NA,20260203,20260205,28100,KG
GR-00072,POH-00024,SUP-ADD-A,MB-NS,20260210,20260213,28800,KG
GR-00073,POH-00025,SUP-PET-A,PET-BR,20260217,20260217,29500,KG
GR-00074,POH-00025,SUP-PET-B,PET-SD,20260224,20260225,30200,KG
GR-00075,POH-00025,SUP-PET-A,PET-RC,20260303,20260303,5000,KG
GR-00076,POH-00026,SUP-PET-B,PET-CO,20260310,20260310,5700,KG
GR-00077,POH-00026,SUP-MB-A,MB-AB,20260317,20260318,6400,KG
GR-00078,POH-00026,SUP-MB-A,MB-SL,20260324,20260325,7100,KG
GR-00079,POH-00027,SUP-ADD-A,MB-WH,20260331,20260403,7800,KG
GR-00080,POH-00027,SUP-ADD-A,MB-UV,20260407,20260410,8500,KG
GR-00081,POH-00027,SUP-NY-A,NY6-F,20260414,20260416,9200,KG
GR-00082,POH-00028,SUP-NY-B,NY6-H,20260421,20260424,9900,KG
GR-00083,POH-00028,SUP-ADD-A,MB-NA,20260428,20260502,10600,KG
GR-00084,POH-00028,SUP-ADD-A,MB-NS,20260505,20260509,11300,KG
GR-00085,POH-00029,SUP-PET-A,PET-BR,20260512,20260512,12000,KG
GR-00086,POH-00029,SUP-PET-B,PET-SD,20260519,20260519,12700,KG
GR-00087,POH-00029,SUP-PET-A,PET-RC,20260526,20260527,13400,KG
GR-00088,POH-00030,SUP-PET-B,PET-CO,20260602,20260604,14100,KG
GR-00089,POH-00030,SUP-MB-A,MB-AB,20260609,20260610,14800,KG
GR-00090,POH-00030,SUP-MB-A,MB-SL,20260616,20260618,15500,KG
GR-00091,POH-00031,SUP-ADD-A,MB-WH,20260623,20260628,16200,KG
GR-00092,POH-00031,SUP-ADD-A,MB-UV,20260630,20260630,16900,KG
GR-00093,POH-00031,SUP-NY-A,NY6-F,20260707,20260710,17600,KG
GR-00094,POH-00032,SUP-NY-B,NY6-H,20260714,20260718,18300,KG
GR-00095,POH-00032,SUP-ADD-A,MB-NA,20260721,20260722,19000,KG
GR-00096,POH-00032,SUP-ADD-A,MB-NS,20260728,20260730,19700,KG
GR-00097,POH-00033,SUP-PET-A,PET-BR,20260804,20260805,20400,KG
GR-00098,POH-00033,SUP-PET-B,PET-SD,20260811,20260810,21100,KG
GR-00099,POH-00033,SUP-PET-A,PET-RC,20260818,20260818,21800,KG
GR-00100,POH-00034,SUP-PET-B,PET-CO,20260825,20260825,22500,KG
GR-00101,POH-00034,SUP-MB-A,MB-AB,20260901,20260903,23200,KG
GR-00102,POH-00034,SUP-MB-A,MB-SL,20260908,20260911,23900,KG
GR-00103,POH-00035,SUP-ADD-A,MB-WH,20260915,20260917,24600,KG
GR-00104,POH-00035,SUP-ADD-A,MB-UV,20260922,20260925,25300,KG
GR-00105,POH-00035,SUP-NY-A,NY6-F,20260929,20260928,26000,KG
GR-00106,POH-00036,SUP-NY-B,NY6-H,20251006,20251011,26700,KG
GR-00107,POH-00036,SUP-ADD-A,MB-NA,20251013,20251016,27400,KG
GR-00108,POH-00036,SUP-ADD-A,MB-NS,20251020,20251023,28100,KG
GR-00109,POH-00037,SUP-PET-A,PET-BR,20251027,20251029,28800,KG
GR-00110,POH-00037,SUP-PET-B,PET-SD,20251103,20251103,29500,KG
GR-00111,POH-00037,SUP-PET-A,PET-RC,20251110,20251110,30200,KG
GR-00112,POH-00038,SUP-PET-B,PET-CO,20251117,20251117,5000,KG
GR-00113,POH-00038,SUP-MB-A,MB-AB,20251124,20251124,5700,KG
GR-00114,POH-00038,SUP-MB-A,MB-SL,20251201,20251205,6400,KG
GR-00115,POH-00039,SUP-ADD-A,MB-WH,20251208,20251212,7100,KG
GR-00116,POH-00039,SUP-ADD-A,MB-UV,20251215,20251219,7800,KG
GR-00117,POH-00039,SUP-NY-A,NY6-F,20251222,20251225,8500,KG
GR-00118,POH-00040,SUP-NY-B,NY6-H,20251229,20251229,9200,KG
GR-00119,POH-00040,SUP-ADD-A,MB-NA,20260105,20260110,9900,KG
GR-00120,POH-00040,SUP-ADD-A,MB-NS,20260112,20260112,10600,KG
GR-00121,POH-00041,SUP-PET-A,PET-BR,20260119,20260118,11300,KG
GR-00122,POH-00041,SUP-PET-B,PET-SD,20260126,20260127,12000,KG
GR-00123,POH-00041,SUP-PET-A,PET-RC,20260202,20260202,12700,KG
GR-00124,POH-00042,SUP-PET-B,PET-CO,20260209,20260209,13400,KG
GR-00125,POH-00042,SUP-MB-A,MB-AB,20260216,20260215,14100,KG
GR-00126,POH-00042,SUP-MB-A,MB-SL,20260223,20260223,14800,KG
GR-00127,POH-00043,SUP-ADD-A,MB-WH,20260302,20260303,15500,KG
GR-00128,POH-00043,SUP-ADD-A,MB-UV,20260309,20260311,16200,KG
GR-00129,POH-00043,SUP-NY-A,NY6-F,20260316,20260316,16900,KG
GR-00130,POH-00044,SUP-NY-B,NY6-H,20260323,20260323,17600,KG
GR-00131,POH-00044,SUP-ADD-A,MB-NA,20260330,20260401,18300,KG
GR-00132,POH-00044,SUP-ADD-A,MB-NS,20260406,20260409,19000,KG
GR-00133,POH-00045,SUP-PET-A,PET-BR,20260413,20260413,19700,KG
GR-00134,POH-00045,SUP-PET-B,PET-SD,20260420,20260420,20400,KG
GR-00135,POH-00045,SUP-PET-A,PET-RC,20260427,20260427,21100,KG
GR-00136,POH-00046,SUP-PET-B,PET-CO,20260504,20260506,21800,KG
GR-00137,POH-00046,SUP-MB-A,MB-AB,20260511,20260512,22500,KG
GR-00138,POH-00046,SUP-MB-A,MB-SL,20260518,20260519,23200,KG
GR-00139,POH-00047,SUP-ADD-A,MB-WH,20260525,20260528,23900,KG
GR-00140,POH-00047,SUP-ADD-A,MB-UV,20260601,20260604,24600,KG
GR-00141,POH-00047,SUP-NY-A,NY6-F,20260608,20260608,25300,KG
GR-00142,POH-00048,SUP-NY-B,NY6-H,20260615,20260616,26000,KG
GR-00143,POH-00048,SUP-ADD-A,MB-NA,20260622,20260626,26700,KG
GR-00144,POH-00048,SUP-ADD-A,MB-NS,20260629,20260703,27400,KG
GR-00145,POH-00049,SUP-PET-A,PET-BR,20260706,20260706,28100,KG
GR-00146,POH-00049,SUP-PET-B,PET-SD,20260713,20260712,28800,KG
GR-00147,POH-00049,SUP-PET-A,PET-RC,20260720,20260721,29500,KG
GR-00148,POH-00050,SUP-PET-B,PET-CO,20260727,20260727,30200,KG
GR-00149,POH-00050,SUP-MB-A,MB-AB,20260803,20260804,5000,KG
GR-00150,POH-00050,SUP-MB-A,MB-SL,20260810,20260812,5700,KG
GR-00151,POH-00051,SUP-ADD-A,MB-WH,20260817,20260822,6400,KG
GR-00152,POH-00051,SUP-ADD-A,MB-UV,20260824,20260824,7100,KG
GR-00153,POH-00051,SUP-NY-A,NY6-F,20260831,20260901,7800,KG
GR-00154,POH-00052,SUP-NY-B,NY6-H,20260907,20260909,8500,KG
GR-00155,POH-00052,SUP-ADD-A,MB-NA,20260914,20260915,9200,KG
GR-00156,POH-00052,SUP-ADD-A,MB-NS,20260921,20260923,9900,KG
GR-00157,POH-00053,SUP-PET-A,PET-BR,20260928,20260929,10600,KG
GR-00158,POH-00053,SUP-PET-B,PET-SD,20251005,20251005,11300,KG
GR-00159,POH-00053,SUP-PET-A,PET-RC,20251012,20251012,12000,KG
GR-00160,POH-00054,SUP-PET-B,PET-CO,20251019,20251019,12700,KG
GR-00161,POH-00054,SUP-MB-A,MB-AB,20251026,20251028,13400,KG
GR-00162,POH-00054,SUP-MB-A,MB-SL,20251102,20251105,14100,KG
GR-00163,POH-00055,SUP-ADD-A,MB-WH,20251109,20251111,14800,KG
GR-00164,POH-00055,SUP-ADD-A,MB-UV,20251116,20251119,15500,KG
GR-00165,POH-00055,SUP-NY-A,NY6-F,20251123,20251124,16200,KG
GR-00166,POH-00056,SUP-NY-B,NY6-H,20251130,20251202,16900,KG
GR-00167,POH-00056,SUP-ADD-A,MB-NA,20251207,20251210,17600,KG
GR-00168,POH-00056,SUP-ADD-A,MB-NS,20251214,20251217,18300,KG
GR-00169,POH-00057,SUP-PET-A,PET-BR,20251221,20251223,19000,KG
GR-00170,POH-00057,SUP-PET-B,PET-SD,20251228,20251229,19700,KG
GR-00171,POH-00057,SUP-PET-A,PET-RC,20260104,20260104,20400,KG
GR-00172,POH-00058,SUP-PET-B,PET-CO,20260111,20260111,21100,KG
GR-00173,POH-00058,SUP-MB-A,MB-AB,20260118,20260118,21800,KG
GR-00174,POH-00058,SUP-MB-A,MB-SL,20260125,20260129,22500,KG
GR-00175,POH-00059,SUP-ADD-A,MB-WH,20260201,20260205,23200,KG
GR-00176,POH-00059,SUP-ADD-A,MB-UV,20260208,20260212,23900,KG
GR-00177,POH-00059,SUP-NY-A,NY6-F,20260215,20260216,24600,KG
GR-00178,POH-00060,SUP-NY-B,NY6-H,20260222,20260224,25300,KG
GR-00179,POH-00060,SUP-ADD-A,MB-NA,20260301,20260306,26000,KG
GR-00180,POH-00060,SUP-ADD-A,MB-NS,20260308,20260308,26700,KG
GR-00181,POH-00061,SUP-PET-A,PET-BR,20260315,20260314,27400,KG
GR-00182,POH-00061,SUP-PET-B,PET-SD,20260322,20260322,28100,KG
GR-00183,POH-00061,SUP-PET-A,PET-RC,20260329,20260329,28800,KG
GR-00184,POH-00062,SUP-PET-B,PET-CO,20260405,20260407,29500,KG
GR-00185,POH-00062,SUP-MB-A,MB-AB,20260412,20260411,30200,KG
GR-00186,POH-00062,SUP-MB-A,MB-SL,20260419,20260419,5000,KG
GR-00187,POH-00063,SUP-ADD-A,MB-WH,20260426,20260427,5700,KG
GR-00188,POH-00063,SUP-ADD-A,MB-UV,20260503,20260505,6400,KG
GR-00189,POH-00063,SUP-NY-A,NY6-F,20260510,20260512,7100,KG
GR-00190,POH-00064,SUP-NY-B,NY6-H,20260517,20260520,7800,KG
GR-00191,POH-00064,SUP-ADD-A,MB-NA,20260524,20260526,8500,KG
GR-00192,POH-00064,SUP-ADD-A,MB-NS,20260531,20260603,9200,KG
GR-00193,POH-00065,SUP-PET-A,PET-BR,20260607,20260607,9900,KG
GR-00194,POH-00065,SUP-PET-B,PET-SD,20260614,20260613,10600,KG
GR-00195,POH-00065,SUP-PET-A,PET-RC,20260621,20260621,11300,KG
GR-00196,POH-00066,SUP-PET-B,PET-CO,20260628,20260628,12000,KG
GR-00197,POH-00066,SUP-MB-A,MB-AB,20260705,20260706,12700,KG
GR-00198,POH-00066,SUP-MB-A,MB-SL,20260712,20260713,13400,KG
GR-00199,POH-00067,SUP-ADD-A,MB-WH,20260719,20260722,14100,KG
GR-00200,POH-00067,SUP-ADD-A,MB-UV,20260726,20260729,14800,KG
GR-00201,POH-00067,SUP-NY-A,NY6-F,20260802,20260804,15500,KG
GR-00202,POH-00068,SUP-NY-B,NY6-H,20260809,20260812,16200,KG
GR-00203,POH-00068,SUP-ADD-A,MB-NA,20260816,20260820,16900,KG
GR-00204,POH-00068,SUP-ADD-A,MB-NS,20260823,20260827,17600,KG
GR-00205,POH-00069,SUP-PET-A,PET-BR,20260830,20260830,18300,KG
GR-00206,POH-00069,SUP-PET-B,PET-SD,20260906,20260906,19000,KG
GR-00207,POH-00069,SUP-PET-A,PET-RC,20260913,20260914,19700,KG
GR-00208,POH-00070,SUP-PET-B,PET-CO,20260920,20260920,20400,KG
GR-00209,POH-00070,SUP-MB-A,MB-AB,20260927,20260928,21100,KG
GR-00210,POH-00070,SUP-MB-A,MB-SL,20251004,20251006,21800,KG
GR-00211,POH-00071,SUP-ADD-A,MB-WH,20251011,20251016,22500,KG
GR-00212,POH-00071,SUP-ADD-A,MB-UV,20251018,20251018,23200,KG
GR-00213,POH-00071,SUP-NY-A,NY6-F,20251025,20251028,23900,KG
GR-00214,POH-00072,SUP-NY-B,NY6-H,20251101,20251105,24600,KG
GR-00215,POH-00072,SUP-ADD-A,MB-NA,20251108,20251109,25300,KG
GR-00216,POH-00072,SUP-ADD-A,MB-NS,20251115,20251117,26000,KG
GR-00217,POH-00073,SUP-PET-A,PET-BR,20251122,20251123,26700,KG
GR-00218,POH-00073,SUP-PET-B,PET-SD,20251129,20251130,27400,KG
GR-00219,POH-00073,SUP-PET-A,PET-RC,20251206,20251206,28100,KG
GR-00220,POH-00074,SUP-PET-B,PET-CO,20251213,20251213,28800,KG
GR-00221,POH-00074,SUP-MB-A,MB-AB,20251220,20251222,29500,KG
GR-00222,POH-00074,SUP-MB-A,MB-SL,20251227,20251230,30200,KG
GR-00223,POH-00075,SUP-ADD-A,MB-WH,20260103,20260105,5000,KG
GR-00224,POH-00075,SUP-ADD-A,MB-UV,20260110,20260113,5700,KG
GR-00225,POH-00075,SUP-NY-A,NY6-F,20260117,20260116,6400,KG
GR-00226,POH-00076,SUP-NY-B,NY6-H,20260124,20260129,7100,KG
GR-00227,POH-00076,SUP-ADD-A,MB-NA,20260131,20260203,7800,KG
GR-00228,POH-00076,SUP-ADD-A,MB-NS,20260207,20260210,8500,KG
GR-00229,POH-00077,SUP-PET-A,PET-BR,20260214,20260216,9200,KG
GR-00230,POH-00077,SUP-PET-B,PET-SD,20260221,20260221,9900,KG
GR-00231,POH-00077,SUP-PET-A,PET-RC,20260228,20260228,10600,KG
GR-00232,POH-00078,SUP-PET-B,PET-CO,20260307,20260309,11300,KG
GR-00233,POH-00078,SUP-MB-A,MB-AB,20260314,20260314,12000,KG
GR-00234,POH-00078,SUP-MB-A,MB-SL,20260321,20260325,12700,KG
GR-00235,POH-00079,SUP-ADD-A,MB-WH,20260328,20260401,13400,KG
GR-00236,POH-00079,SUP-ADD-A,MB-UV,20260404,20260408,14100,KG
GR-00237,POH-00079,SUP-NY-A,NY6-F,20260411,20260414,14800,KG
GR-00238,POH-00080,SUP-NY-B,NY6-H,20260418,20260418,15500,KG
GR-00239,POH-00080,SUP-ADD-A,MB-NA,20260425,20260430,16200,KG
GR-00240,POH-00080,SUP-ADD-A,MB-NS,20260502,20260502,16900,KG
GR-00241,POH-00081,SUP-PET-A,PET-BR,20260509,20260508,17600,KG
GR-00242,POH-00081,SUP-PET-B,PET-SD,20260516,20260515,18300,KG
GR-00243,POH-00081,SUP-PET-A,PET-RC,20260523,20260523,19000,KG
GR-00244,POH-00082,SUP-PET-B,PET-CO,20260530,20260530,19700,KG
GR-00245,POH-00082,SUP-MB-A,MB-AB,20260606,20260605,20400,KG
GR-00246,POH-00082,SUP-MB-A,MB-SL,20260613,20260613,21100,KG
GR-00247,POH-00083,SUP-ADD-A,MB-WH,20260620,20260621,21800,KG
GR-00248,POH-00083,SUP-ADD-A,MB-UV,20260627,20260629,22500,KG
GR-00249,POH-00083,SUP-NY-A,NY6-F,20260704,20260704,23200,KG
GR-00250,POH-00084,SUP-NY-B,NY6-H,20260711,20260711,23900,KG
GR-00251,POH-00084,SUP-ADD-A,MB-NA,20260718,20260720,24600,KG
GR-00252,POH-00084,SUP-ADD-A,MB-NS,20260725,20260728,25300,KG
GR-00253,POH-00085,SUP-PET-A,PET-BR,20260801,20260801,26000,KG
GR-00254,POH-00085,SUP-PET-B,PET-SD,20260808,20260808,26700,KG
GR-00255,POH-00085,SUP-PET-A,PET-RC,20260815,20260815,27400,KG
GR-00256,POH-00086,SUP-PET-B,PET-CO,20260822,20260822,28100,KG
GR-00257,POH-00086,SUP-MB-A,MB-AB,20260829,20260830,28800,KG
GR-00258,POH-00086,SUP-MB-A,MB-SL,20260905,20260906,29500,KG
GR-00259,POH-00087,SUP-ADD-A,MB-WH,20260912,20260915,30200,KG
GR-00260,POH-00087,SUP-ADD-A,MB-UV,20260919,20260922,5000,KG
GR-00261,POH-00087,SUP-NY-A,NY6-F,20260926,20260926,5700,KG
GR-00262,POH-00088,SUP-NY-B,NY6-H,20251003,20251004,6400,KG
GR-00263,POH-00088,SUP-ADD-A,MB-NA,20251010,20251014,7100,KG
GR-00264,POH-00088,SUP-ADD-A,MB-NS,20251017,20251021,7800,KG
GR-00265,POH-00089,SUP-PET-A,PET-BR,20251024,20251024,8500,KG
GR-00266,POH-00089,SUP-PET-B,PET-SD,20251031,20251101,9200,KG
GR-00267,POH-00089,SUP-PET-A,PET-RC,20251107,20251108,9900,KG
GR-00268,POH-00090,SUP-PET-B,PET-CO,20251114,20251114,10600,KG
GR-00269,POH-00090,SUP-MB-A,MB-AB,20251121,20251122,11300,KG
GR-00270,POH-00090,SUP-MB-A,MB-SL,20251128,20251130,12000,KG
GR-00271,POH-00091,SUP-ADD-A,MB-WH,20251205,20251210,12700,KG
GR-00272,POH-00091,SUP-ADD-A,MB-UV,20251212,20251212,13400,KG
GR-00273,POH-00091,SUP-NY-A,NY6-F,20251219,20251220,14100,KG
GR-00274,POH-00092,SUP-NY-B,NY6-H,20251226,20251228,14800,KG
GR-00275,POH-00092,SUP-ADD-A,MB-NA,20260102,20260103,15500,KG
GR-00276,POH-00092,SUP-ADD-A,MB-NS,20260109,20260111,16200,KG
GR-00277,POH-00093,SUP-PET-A,PET-BR,20260116,20260117,16900,KG
GR-00278,POH-00093,SUP-PET-B,PET-SD,20260123,20260123,17600,KG
GR-00279,POH-00093,SUP-PET-A,PET-RC,20260130,20260130,18300,KG
GR-00280,POH-00094,SUP-PET-B,PET-CO,20260206,20260208,19000,KG
GR-00281,POH-00094,SUP-MB-A,MB-AB,20260213,20260215,19700,KG
GR-00282,POH-00094,SUP-MB-A,MB-SL,20260220,20260223,20400,KG
GR-00283,POH-00095,SUP-ADD-A,MB-WH,20260227,20260301,21100,KG
GR-00284,POH-00095,SUP-ADD-A,MB-UV,20260306,20260309,21800,KG
GR-00285,POH-00095,SUP-NY-A,NY6-F,20260313,20260314,22500,KG
GR-00286,POH-00096,SUP-NY-B,NY6-H,20260320,20260322,23200,KG
GR-00287,POH-00096,SUP-ADD-A,MB-NA,20260327,20260330,23900,KG
GR-00288,POH-00096,SUP-ADD-A,MB-NS,20260403,20260406,24600,KG
GR-00289,POH-00097,SUP-PET-A,PET-BR,20260410,20260412,25300,KG
GR-00290,POH-00097,SUP-PET-B,PET-SD,20260417,20260416,26000,KG
GR-00291,POH-00097,SUP-PET-A,PET-RC,20260424,20260424,26700,KG
GR-00292,POH-00098,SUP-PET-B,PET-CO,20260501,20260501,27400,KG
GR-00293,POH-00098,SUP-MB-A,MB-AB,20260508,20260508,28100,KG
GR-00294,POH-00098,SUP-MB-A,MB-SL,20260515,20260519,28800,KG
GR-00295,POH-00099,SUP-ADD-A,MB-WH,20260522,20260526,29500,KG
GR-00296,POH-00099,SUP-ADD-A,MB-UV,20260529,20260602,30200,KG
GR-00297,POH-00099,SUP-NY-A,NY6-F,20260605,20260606,5000,KG
GR-00298,POH-00100,SUP-NY-B,NY6-H,20260612,20260614,5700,KG
GR-00299,POH-00100,SUP-ADD-A,MB-NA,20260619,20260624,6400,KG
GR-00300,POH-00100,SUP-ADD-A,MB-NS,20260626,20260626,7100,KG
GR-00301,POH-00101,SUP-PET-A,PET-BR,20260703,20260702,7800,KG
GR-00302,POH-00101,SUP-PET-B,PET-SD,20260710,20260710,8500,KG
GR-00303,POH-00101,SUP-PET-A,PET-RC,20260717,20260717,9200,KG
GR-00304,POH-00102,SUP-PET-B,PET-CO,20260724,20260724,9900,KG
GR-00305,POH-00102,SUP-MB-A,MB-AB,20260731,20260730,10600,KG
GR-00306,POH-00102,SUP-MB-A,MB-SL,20260807,20260807,11300,KG
GR-00307,POH-00103,SUP-ADD-A,MB-WH,20260814,20260815,12000,KG
GR-00308,POH-00103,SUP-ADD-A,MB-UV,20260821,20260823,12700,KG
GR-00309,POH-00103,SUP-NY-A,NY6-F,20260828,20260830,13400,KG
GR-00310,POH-00104,SUP-NY-B,NY6-H,20260904,20260907,14100,KG
GR-00311,POH-00104,SUP-ADD-A,MB-NA,20260911,20260913,14800,KG
GR-00312,POH-00104,SUP-ADD-A,MB-NS,20260918,20260921,15500,KG
GR-00313,POH-00105,SUP-PET-A,PET-BR,20260925,20260925,16200,KG
GR-00314,POH-00105,SUP-PET-B,PET-SD,20251002,20251003,16900,KG
GR-00315,POH-00105,SUP-PET-A,PET-RC,20251009,20251009,17600,KG
GR-00316,POH-00106,SUP-PET-B,PET-CO,20251016,20251016,18300,KG
GR-00317,POH-00106,SUP-MB-A,MB-AB,20251023,20251024,19000,KG
GR-00318,POH-00106,SUP-MB-A,MB-SL,20251030,20251031,19700,KG
GR-00319,POH-00107,SUP-ADD-A,MB-WH,20251106,20251109,20400,KG
GR-00320,POH-00107,SUP-ADD-A,MB-UV,20251113,20251116,21100,KG
GR-00321,POH-00107,SUP-NY-A,NY6-F,20251120,20251122,21800,KG
GR-00322,POH-00108,SUP-NY-B,NY6-H,20251127,20251130,22500,KG
GR-00323,POH-00108,SUP-ADD-A,MB-NA,20251204,20251208,23200,KG
GR-00324,POH-00108,SUP-ADD-A,MB-NS,20251211,20251215,23900,KG
GR-00325,POH-00109,SUP-PET-A,PET-BR,20251218,20251218,24600,KG
GR-00326,POH-00109,SUP-PET-B,PET-SD,20251225,20251225,25300,KG
GR-00327,POH-00109,SUP-PET-A,PET-RC,20260101,20260102,26000,KG
GR-00328,POH-00110,SUP-PET-B,PET-CO,20260108,20260110,26700,KG
GR-00329,POH-00110,SUP-MB-A,MB-AB,20260115,20260116,27400,KG
GR-00330,POH-00110,SUP-MB-A,MB-SL,20260122,20260124,28100,KG
GR-00331,POH-00111,SUP-ADD-A,MB-WH,20260129,20260203,28800,KG
GR-00332,POH-00111,SUP-ADD-A,MB-UV,20260205,20260205,29500,KG
GR-00333,POH-00111,SUP-NY-A,NY6-F,20260212,20260215,30200,KG
GR-00334,POH-00112,SUP-NY-B,NY6-H,20260219,20260223,5000,KG
GR-00335,POH-00112,SUP-ADD-A,MB-NA,20260226,20260227,5700,KG
GR-00336,POH-00112,SUP-ADD-A,MB-NS,20260305,20260307,6400,KG
GR-00337,POH-00113,SUP-PET-A,PET-BR,20260312,20260313,7100,KG
GR-00338,POH-00113,SUP-PET-B,PET-SD,20260319,20260318,7800,KG
GR-00339,POH-00113,SUP-PET-A,PET-RC,20260326,20260326,8500,KG
GR-00340,POH-00114,SUP-PET-B,PET-CO,20260402,20260402,9200,KG
GR-00341,POH-00114,SUP-MB-A,MB-AB,20260409,20260411,9900,KG
GR-00342,POH-00114,SUP-MB-A,MB-SL,20260416,20260419,10600,KG
GR-00343,POH-00115,SUP-ADD-A,MB-WH,20260423,20260425,11300,KG
GR-00344,POH-00115,SUP-ADD-A,MB-UV,20260430,20260503,12000,KG
GR-00345,POH-00115,SUP-NY-A,NY6-F,20260507,20260506,12700,KG
GR-00346,POH-00116,SUP-NY-B,NY6-H,20260514,20260519,13400,KG
GR-00347,POH-00116,SUP-ADD-A,MB-NA,20260521,20260524,14100,KG
GR-00348,POH-00116,SUP-ADD-A,MB-NS,20260528,20260531,14800,KG
GR-00349,POH-00117,SUP-PET-A,PET-BR,20260604,20260606,15500,KG
GR-00350,POH-00117,SUP-PET-B,PET-SD,20260611,20260611,16200,KG
GR-00351,POH-00117,SUP-PET-A,PET-RC,20260618,20260618,16900,KG
GR-00352,POH-00118,SUP-PET-B,PET-CO,20260625,20260625,17600,KG
GR-00353,POH-00118,SUP-MB-A,MB-AB,20260702,20260702,18300,KG
GR-00354,POH-00118,SUP-MB-A,MB-SL,20260709,20260713,19000,KG
GR-00355,POH-00119,SUP-ADD-A,MB-WH,20260716,20260720,19700,KG
GR-00356,POH-00119,SUP-ADD-A,MB-UV,20260723,20260727,20400,KG
GR-00357,POH-00119,SUP-NY-A,NY6-F,20260730,20260802,21100,KG
GR-00358,POH-00120,SUP-NY-B,NY6-H,20260806,20260806,21800,KG
GR-00359,POH-00120,SUP-ADD-A,MB-NA,20260813,20260818,22500,KG
GR-00360,POH-00120,SUP-ADD-A,MB-NS,20260820,20260820,23200,KG
GR-00361,POH-00121,SUP-PET-A,PET-BR,20260827,20260826,23900,KG
GR-00362,POH-00121,SUP-PET-B,PET-SD,20260903,20260904,24600,KG
GR-00363,POH-00121,SUP-PET-A,PET-RC,20260910,20260910,25300,KG
GR-00364,POH-00122,SUP-PET-B,PET-CO,20260917,20260917,26000,KG
GR-00365,POH-00122,SUP-MB-A,MB-AB,20260924,20260923,26700,KG
GR-00366,POH-00122,SUP-MB-A,MB-SL,20251001,20251001,27400,KG
GR-00367,POH-00123,SUP-ADD-A,MB-WH,20251008,20251009,28100,KG
GR-00368,POH-00123,SUP-ADD-A,MB-UV,20251015,20251017,28800,KG
GR-00369,POH-00123,SUP-NY-A,NY6-F,20251022,20251022,29500,KG
GR-00370,POH-00124,SUP-NY-B,NY6-H,20251029,20251029,30200,KG
GR-00371,POH-00124,SUP-ADD-A,MB-NA,20251105,20251107,5000,KG
GR-00372,POH-00124,SUP-ADD-A,MB-NS,20251112,20251115,5700,KG
GR-00373,POH-00125,SUP-PET-A,PET-BR,20251119,20251119,6400,KG
GR-00374,POH-00125,SUP-PET-B,PET-SD,20251126,20251126,7100,KG
GR-00375,POH-00125,SUP-PET-A,PET-RC,20251203,20251203,7800,KG
GR-00376,POH-00126,SUP-PET-B,PET-CO,20251210,20251212,8500,KG
GR-00377,POH-00126,SUP-MB-A,MB-AB,20251217,20251218,9200,KG
GR-00378,POH-00126,SUP-MB-A,MB-SL,20251224,20251225,9900,KG
GR-00379,POH-00127,SUP-ADD-A,MB-WH,20251231,20260103,10600,KG
GR-00380,POH-00127,SUP-ADD-A,MB-UV,20260107,20260110,11300,KG
GR-00381,POH-00127,SUP-NY-A,NY6-F,20260114,20260114,12000,KG
GR-00382,POH-00128,SUP-NY-B,NY6-H,20260121,20260122,12700,KG
GR-00383,POH-00128,SUP-ADD-A,MB-NA,20260128,20260201,13400,KG
GR-00384,POH-00128,SUP-ADD-A,MB-NS,20260204,20260208,14100,KG
GR-00385,POH-00129,SUP-PET-A,PET-BR,20260211,20260211,14800,KG
GR-00386,POH-00129,SUP-PET-B,PET-SD,20260218,20260217,15500,KG
GR-00387,POH-00129,SUP-PET-A,PET-RC,20260225,20260226,16200,KG
GR-00388,POH-00130,SUP-PET-B,PET-CO,20260304,20260304,16900,KG
GR-00389,POH-00130,SUP-MB-A,MB-AB,20260311,20260312,17600,KG
GR-00390,POH-00130,SUP-MB-A,MB-SL,20260318,20260320,18300,KG
GR-00391,POH-00131,SUP-ADD-A,MB-WH,20260325,20260330,19000,KG
GR-00392,POH-00131,SUP-ADD-A,MB-UV,20260401,20260401,19700,KG
GR-00393,POH-00131,SUP-NY-A,NY6-F,20260408,20260409,20400,KG
GR-00394,POH-00132,SUP-NY-B,NY6-H,20260415,20260417,21100,KG
GR-00395,POH-00132,SUP-ADD-A,MB-NA,20260422,20260423,21800,KG
GR-00396,POH-00132,SUP-ADD-A,MB-NS,20260429,20260501,22500,KG
GR-00397,POH-00133,SUP-PET-A,PET-BR,20260506,20260507,23200,KG
GR-00398,POH-00133,SUP-PET-B,PET-SD,20260513,20260513,23900,KG
GR-00399,POH-00133,SUP-PET-A,PET-RC,20260520,20260520,24600,KG
GR-00400,POH-00134,SUP-PET-B,PET-CO,20260527,20260527,25300,KG
GR-00401,POH-00134,SUP-MB-A,MB-AB,20260603,20260605,26000,KG
GR-00402,POH-00134,SUP-MB-A,MB-SL,20260610,20260613,26700,KG
GR-00403,POH-00135,SUP-ADD-A,MB-WH,20260617,20260619,27400,KG
GR-00404,POH-00135,SUP-ADD-A,MB-UV,20260624,20260627,28100,KG
GR-00405,POH-00135,SUP-NY-A,NY6-F,20260701,20260702,28800,KG
GR-00406,POH-00136,SUP-NY-B,NY6-H,20260708,20260710,29500,KG
GR-00407,POH-00136,SUP-ADD-A,MB-NA,20260715,20260718,30200,KG
GR-00408,POH-00136,SUP-ADD-A,MB-NS,20260722,20260725,5000,KG
GR-00409,POH-00137,SUP-PET-A,PET-BR,20260729,20260731,5700,KG
GR-00410,POH-00137,SUP-PET-B,PET-SD,20260805,20260806,6400,KG
GR-00411,POH-00137,SUP-PET-A,PET-RC,20260812,20260812,7100,KG
GR-00412,POH-00138,SUP-PET-B,PET-CO,20260819,20260819,7800,KG
GR-00413,POH-00138,SUP-MB-A,MB-AB,20260826,20260826,8500,KG
GR-00414,POH-00138,SUP-MB-A,MB-SL,20260902,20260906,9200,KG
GR-00415,POH-00139,SUP-ADD-A,MB-WH,20260909,20260913,9900,KG
GR-00416,POH-00139,SUP-ADD-A,MB-UV,20260916,20260920,10600,KG
GR-00417,POH-00139,SUP-NY-A,NY6-F,20260923,20260924,11300,KG
GR-00418,POH-00140,SUP-NY-B,NY6-H,20260930,20261002,12000,KG
GR-00419,POH-00140,SUP-ADD-A,MB-NA,20251007,20251012,12700,KG
GR-00420,POH-00140,SUP-ADD-A,MB-NS,20251014,20251014,13400,KG
GR-00421,POH-00141,SUP-PET-A,PET-BR,20251021,20251020,14100,KG
GR-00422,POH-00141,SUP-PET-B,PET-SD,20251028,20251028,14800,KG
GR-00423,POH-00141,SUP-PET-A,PET-RC,20251104,20251104,15500,KG
GR-00424,POH-00142,SUP-PET-B,PET-CO,20251111,20251113,16200,KG
GR-00425,POH-00142,SUP-MB-A,MB-AB,20251118,20251117,16900,KG
GR-00426,POH-00142,SUP-MB-A,MB-SL,20251125,20251125,17600,KG
GR-00427,POH-00143,SUP-ADD-A,MB-WH,20251202,20251203,18300,KG
GR-00428,POH-00143,SUP-ADD-A,MB-UV,20251209,20251211,19000,KG
GR-00429,POH-00143,SUP-NY-A,NY6-F,20251216,20251218,19700,KG
GR-00430,POH-00144,SUP-NY-B,NY6-H,20251223,20251226,20400,KG
GR-00431,POH-00144,SUP-ADD-A,MB-NA,20251230,20260101,21100,KG
GR-00432,POH-00144,SUP-ADD-A,MB-NS,20260106,20260109,21800,KG
GR-00433,POH-00145,SUP-PET-A,PET-BR,20260113,20260113,22500,KG
GR-00434,POH-00145,SUP-PET-B,PET-SD,20260120,20260119,23200,KG
GR-00435,POH-00145,SUP-PET-A,PET-RC,20260127,20260127,23900,KG
GR-00436,POH-00146,SUP-PET-B,PET-CO,20260203,20260203,24600,KG
GR-00437,POH-00146,SUP-MB-A,MB-AB,20260210,20260211,25300,KG
GR-00438,POH-00146,SUP-MB-A,MB-SL,20260217,20260218,26000,KG
GR-00439,POH-00147,SUP-ADD-A,MB-WH,20260224,20260227,26700,KG
GR-00440,POH-00147,SUP-ADD-A,MB-UV,20260303,20260306,27400,KG
GR-00441,POH-00147,SUP-NY-A,NY6-F,20260310,20260312,28100,KG
GR-00442,POH-00148,SUP-NY-B,NY6-H,20260317,20260320,28800,KG
GR-00443,POH-00148,SUP-ADD-A,MB-NA,20260324,20260328,29500,KG
GR-00444,POH-00148,SUP-ADD-A,MB-NS,20260331,20260404,30200,KG
GR-00445,POH-00149,SUP-PET-A,PET-BR,20260407,20260407,5000,KG
GR-00446,POH-00149,SUP-PET-B,PET-SD,20260414,20260414,5700,KG
GR-00447,POH-00149,SUP-PET-A,PET-RC,20260421,20260422,6400,KG
GR-00448,POH-00150,SUP-PET-B,PET-CO,20260428,20260428,7100,KG
GR-00449,POH-00150,SUP-MB-A,MB-AB,20260505,20260506,7800,KG
GR-00450,POH-00150,SUP-MB-A,MB-SL,20260512,20260514,8500,KG
GR-00451,POH-00151,SUP-ADD-A,MB-WH,20260519,20260524,9200,KG
GR-00452,POH-00151,SUP-ADD-A,MB-UV,20260526,20260526,9900,KG
GR-00453,POH-00151,SUP-NY-A,NY6-F,20260602,20260605,10600,KG
GR-00454,POH-00152,SUP-NY-B,NY6-H,20260609,20260613,11300,KG
GR-00455,POH-00152,SUP-ADD-A,MB-NA,20260616,20260617,12000,KG
GR-00456,POH-00152,SUP-ADD-A,MB-NS,20260623,20260625,12700,KG
GR-00457,POH-00153,SUP-PET-A,PET-BR,20260630,20260701,13400,KG
GR-00458,POH-00153,SUP-PET-B,PET-SD,20260707,20260708,14100,KG
GR-00459,POH-00153,SUP-PET-A,PET-RC,20260714,20260714,14800,KG
GR-00460,POH-00154,SUP-PET-B,PET-CO,20260721,20260721,15500,KG
GR-00461,POH-00154,SUP-MB-A,MB-AB,20260728,20260730,16200,KG
GR-00462,POH-00154,SUP-MB-A,MB-SL,20260804,20260807,16900,KG
GR-00463,POH-00155,SUP-ADD-A,MB-WH,20260811,20260813,17600,KG
GR-00464,POH-00155,SUP-ADD-A,MB-UV,20260818,20260821,18300,KG
GR-00465,POH-00155,SUP-NY-A,NY6-F,20260825,20260824,19000,KG
GR-00466,POH-00156,SUP-NY-B,NY6-H,20260901,20260906,19700,KG
GR-00467,POH-00156,SUP-ADD-A,MB-NA,20260908,20260911,20400,KG
GR-00468,POH-00156,SUP-ADD-A,MB-NS,20260915,20260918,21100,KG
GR-00469,POH-00157,SUP-PET-A,PET-BR,20260922,20260924,21800,KG
GR-00470,POH-00157,SUP-PET-B,PET-SD,20260929,20260929,22500,KG
GR-00471,POH-00157,SUP-PET-A,PET-RC,20251006,20251006,23200,KG
GR-00472,POH-00158,SUP-PET-B,PET-CO,20251013,20251015,23900,KG
GR-00473,POH-00158,SUP-MB-A,MB-AB,20251020,20251020,24600,KG
GR-00474,POH-00158,SUP-MB-A,MB-SL,20251027,20251031,25300,KG
GR-00475,POH-00159,SUP-ADD-A,MB-WH,20251103,20251107,26000,KG
GR-00476,POH-00159,SUP-ADD-A,MB-UV,20251110,20251114,26700,KG
GR-00477,POH-00159,SUP-NY-A,NY6-F,20251117,20251120,27400,KG
GR-00478,POH-00160,SUP-NY-B,NY6-H,20251124,20251124,28100,KG
GR-00479,POH-00160,SUP-ADD-A,MB-NA,20251201,20251206,28800,KG
GR-00480,POH-00160,SUP-ADD-A,MB-NS,20251208,20251208,29500,KG
GR-00481,POH-00161,SUP-PET-A,PET-BR,20251215,20251214,30200,KG
GR-00482,POH-00161,SUP-PET-B,PET-SD,20251222,20251221,5000,KG
GR-00483,POH-00161,SUP-PET-A,PET-RC,20251229,20251229,5700,KG
GR-00484,POH-00162,SUP-PET-B,PET-CO,20260105,20260105,6400,KG
GR-00485,POH-00162,SUP-MB-A,MB-AB,20260112,20260111,7100,KG
GR-00486,POH-00162,SUP-MB-A,MB-SL,20260119,20260119,7800,KG
GR-00487,POH-00163,SUP-ADD-A,MB-WH,20260126,20260127,8500,KG
GR-00488,POH-00163,SUP-ADD-A,MB-UV,20260202,20260204,9200,KG
GR-00489,POH-00163,SUP-NY-A,NY6-F,20260209,20260209,9900,KG
GR-00490,POH-00164,SUP-NY-B,NY6-H,20260216,20260216,10600,KG
GR-00491,POH-00164,SUP-ADD-A,MB-NA,20260223,20260225,11300,KG
GR-00492,POH-00164,SUP-ADD-A,MB-NS,20260302,20260305,12000,KG
GR-00493,POH-00165,SUP-PET-A,PET-BR,20260309,20260309,12700,KG
GR-00494,POH-00165,SUP-PET-B,PET-SD,20260316,20260316,13400,KG
GR-00495,POH-00165,SUP-PET-A,PET-RC,20260323,20260323,14100,KG
GR-00496,POH-00166,SUP-PET-B,PET-CO,20260330,20260330,14800,KG
GR-00497,POH-00166,SUP-MB-A,MB-AB,20260406,20260407,15500,KG
GR-00498,POH-00166,SUP-MB-A,MB-SL,20260413,20260414,16200,KG
GR-00499,POH-00167,SUP-ADD-A,MB-WH,20260420,20260423,16900,KG
GR-00500,POH-00167,SUP-ADD-A,MB-UV,20260427,20260430,17600,KG
GR-00501,POH-00167,SUP-NY-A,NY6-F,20260504,20260504,18300,KG
GR-00502,POH-00168,SUP-NY-B,NY6-H,20260511,20260512,19000,KG
GR-00503,POH-00168,SUP-ADD-A,MB-NA,20260518,20260522,19700,KG
GR-00504,POH-00168,SUP-ADD-A,MB-NS,20260525,20260529,20400,KG
GR-00505,POH-00169,SUP-PET-A,PET-BR,20260601,20260601,21100,KG
GR-00506,POH-00169,SUP-PET-B,PET-SD,20260608,20260609,21800,KG
GR-00507,POH-00169,SUP-PET-A,PET-RC,20260615,20260616,22500,KG
GR-00508,POH-00170,SUP-PET-B,PET-CO,20260622,20260622,23200,KG
GR-00509,POH-00170,SUP-MB-A,MB-AB,20260629,20260630,23900,KG
GR-00510,POH-00170,SUP-MB-A,MB-SL,20260706,20260708,24600,KG
GR-00511,POH-00171,SUP-ADD-A,MB-WH,20260713,20260718,25300,KG
GR-00512,POH-00171,SUP-ADD-A,MB-UV,20260720,20260720,26000,KG
GR-00513,POH-00171,SUP-NY-A,NY6-F,20260727,20260728,26700,KG
GR-00514,POH-00172,SUP-NY-B,NY6-H,20260803,20260805,27400,KG
GR-00515,POH-00172,SUP-ADD-A,MB-NA,20260810,20260811,28100,KG
GR-00516,POH-00172,SUP-ADD-A,MB-NS,20260817,20260819,28800,KG
GR-00517,POH-00173,SUP-PET-A,PET-BR,20260824,20260825,29500,KG
GR-00518,POH-00173,SUP-PET-B,PET-SD,20260831,20260831,30200,KG
GR-00519,POH-00173,SUP-PET-A,PET-RC,20260907,20260907,5000,KG
GR-00520,POH-00174,SUP-PET-B,PET-CO,20260914,20260916,5700,KG
GR-00521,POH-00174,SUP-MB-A,MB-AB,20260921,20260923,6400,KG
GR-00522,POH-00174,SUP-MB-A,MB-SL,20260928,20261001,7100,KG
GR-00523,POH-00175,SUP-ADD-A,MB-WH,20251005,20251007,7800,KG
GR-00524,POH-00175,SUP-ADD-A,MB-UV,20251012,20251015,8500,KG
GR-00525,POH-00175,SUP-NY-A,NY6-F,20251019,20251020,9200,KG
GR-00526,POH-00176,SUP-NY-B,NY6-H,20251026,20251028,9900,KG
GR-00527,POH-00176,SUP-ADD-A,MB-NA,20251102,20251105,10600,KG
GR-00528,POH-00176,SUP-ADD-A,MB-NS,20251109,20251112,11300,KG
GR-00529,POH-00177,SUP-PET-A,PET-BR,20251116,20251118,12000,KG
GR-00530,POH-00177,SUP-PET-B,PET-SD,20251123,20251122,12700,KG
GR-00531,POH-00177,SUP-PET-A,PET-RC,20251130,20251130,13400,KG
GR-00532,POH-00178,SUP-PET-B,PET-CO,20251207,20251207,14100,KG
GR-00533,POH-00178,SUP-MB-A,MB-AB,20251214,20251214,14800,KG
GR-00534,POH-00178,SUP-MB-A,MB-SL,20251221,20251225,15500,KG
GR-00535,POH-00179,SUP-ADD-A,MB-WH,20251228,20260101,16200,KG
GR-00536,POH-00179,SUP-ADD-A,MB-UV,20260104,20260108,16900,KG
GR-00537,POH-00179,SUP-NY-A,NY6-F,20260111,20260112,17600,KG
GR-00538,POH-00180,SUP-NY-B,NY6-H,20260118,20260120,18300,KG
GR-00539,POH-00180,SUP-ADD-A,MB-NA,20260125,20260130,19000,KG
GR-00540,POH-00180,SUP-ADD-A,MB-NS,20260201,20260201,19700,KG
GR-00541,POH-00181,SUP-PET-A,PET-BR,20260208,20260207,20400,KG
GR-00542,POH-00181,SUP-PET-B,PET-SD,20260215,20260215,21100,KG
GR-00543,POH-00181,SUP-PET-A,PET-RC,20260222,20260222,21800,KG
GR-00544,POH-00182,SUP-PET-B,PET-CO,20260301,20260301,22500,KG
GR-00545,POH-00182,SUP-MB-A,MB-AB,20260308,20260307,23200,KG
GR-00546,POH-00182,SUP-MB-A,MB-SL,20260315,20260315,23900,KG
GR-00547,POH-00183,SUP-ADD-A,MB-WH,20260322,20260323,24600,KG
GR-00548,POH-00183,SUP-ADD-A,MB-UV,20260329,20260331,25300,KG
GR-00549,POH-00183,SUP-NY-A,NY6-F,20260405,20260407,26000,KG
GR-00550,POH-00184,SUP-NY-B,NY6-H,20260412,20260415,26700,KG
GR-00551,POH-00184,SUP-ADD-A,MB-NA,20260419,20260421,27400,KG
GR-00552,POH-00184,SUP-ADD-A,MB-NS,20260426,20260429,28100,KG
GR-00553,POH-00185,SUP-PET-A,PET-BR,20260503,20260503,28800,KG
GR-00554,POH-00185,SUP-PET-B,PET-SD,20260510,20260511,29500,KG
GR-00555,POH-00185,SUP-PET-A,PET-RC,20260517,20260517,30200,KG
GR-00556,POH-00186,SUP-PET-B,PET-CO,20260524,20260524,5000,KG
GR-00557,POH-00186,SUP-MB-A,MB-AB,20260531,20260601,5700,KG
GR-00558,POH-00186,SUP-MB-A,MB-SL,20260607,20260608,6400,KG
GR-00559,POH-00187,SUP-ADD-A,MB-WH,20260614,20260617,7100,KG
GR-00560,POH-00187,SUP-ADD-A,MB-UV,20260621,20260624,7800,KG
GR-00561,POH-00187,SUP-NY-A,NY6-F,20260628,20260630,8500,KG
GR-00562,POH-00188,SUP-NY-B,NY6-H,20260705,20260708,9200,KG
GR-00563,POH-00188,SUP-ADD-A,MB-NA,20260712,20260716,9900,KG
GR-00564,POH-00188,SUP-ADD-A,MB-NS,20260719,20260723,10600,KG
GR-00565,POH-00189,SUP-PET-A,PET-BR,20260726,20260726,11300,KG
GR-00566,POH-00189,SUP-PET-B,PET-SD,20260802,20260802,12000,KG
GR-00567,POH-00189,SUP-PET-A,PET-RC,20260809,20260810,12700,KG
GR-00568,POH-00190,SUP-PET-B,PET-CO,20260816,20260818,13400,KG
GR-00569,POH-00190,SUP-MB-A,MB-AB,20260823,20260824,14100,KG
GR-00570,POH-00190,SUP-MB-A,MB-SL,20260830,20260901,14800,KG
GR-00571,POH-00191,SUP-ADD-A,MB-WH,20260906,20260911,15500,KG
GR-00572,POH-00191,SUP-ADD-A,MB-UV,20260913,20260913,16200,KG
GR-00573,POH-00191,SUP-NY-A,NY6-F,20260920,20260923,16900,KG
GR-00574,POH-00192,SUP-NY-B,NY6-H,20260927,20261001,17600,KG
GR-00575,POH-00192,SUP-ADD-A,MB-NA,20251004,20251005,18300,KG
GR-00576,POH-00192,SUP-ADD-A,MB-NS,20251011,20251013,19000,KG
GR-00577,POH-00193,SUP-PET-A,PET-BR,20251018,20251019,19700,KG
GR-00578,POH-00193,SUP-PET-B,PET-SD,20251025,20251024,20400,KG
GR-00579,POH-00193,SUP-PET-A,PET-RC,20251101,20251101,21100,KG
GR-00580,POH-00194,SUP-PET-B,PET-CO,20251108,20251108,21800,KG
GR-00581,POH-00194,SUP-MB-A,MB-AB,20251115,20251117,22500,KG
GR-00582,POH-00194,SUP-MB-A,MB-SL,20251122,20251125,23200,KG
GR-00583,POH-00195,SUP-ADD-A,MB-WH,20251129,20251201,23900,KG
GR-00584,POH-00195,SUP-ADD-A,MB-UV,20251206,20251209,24600,KG
GR-00585,POH-00195,SUP-NY-A,NY6-F,20251213,20251212,25300,KG
GR-00586,POH-00196,SUP-NY-B,NY6-H,20251220,20251225,26000,KG
GR-00587,POH-00196,SUP-ADD-A,MB-NA,20251227,20251230,26700,KG
GR-00588,POH-00196,SUP-ADD-A,MB-NS,20260103,20260106,27400,KG
GR-00589,POH-00197,SUP-PET-A,PET-BR,20260110,20260112,28100,KG
GR-00590,POH-00197,SUP-PET-B,PET-SD,20260117,20260117,28800,KG
GR-00591,POH-00197,SUP-PET-A,PET-RC,20260124,20260124,29500,KG
GR-00592,POH-00198,SUP-PET-B,PET-CO,20260131,20260131,30200,KG
GR-00593,POH-00198,SUP-MB-A,MB-AB,20260207,20260207,5000,KG
GR-00594,POH-00198,SUP-MB-A,MB-SL,20260214,20260218,5700,KG
GR-00595,POH-00199,SUP-ADD-A,MB-WH,20260221,20260225,6400,KG
GR-00596,POH-00199,SUP-ADD-A,MB-UV,20260228,20260304,7100,KG
GR-00597,POH-00199,SUP-NY-A,NY6-F,20260307,20260310,7800,KG
GR-00598,POH-00200,SUP-NY-B,NY6-H,20260314,20260314,8500,KG
GR-00599,POH-00200,SUP-ADD-A,MB-NA,20260321,20260326,9200,KG
GR-00600,POH-00200,SUP-ADD-A,MB-NS,20260328,20260328,9900,KG
GR-00601,POH-00201,SUP-PET-A,PET-BR,20260404,20260403,10600,KG
GR-00602,POH-00201,SUP-PET-B,PET-SD,20260411,20260412,11300,KG
GR-00603,POH-00201,SUP-PET-A,PET-RC,20260418,20260418,12000,KG
GR-00604,POH-00202,SUP-PET-B,PET-CO,20260425,20260425,12700,KG
GR-00605,POH-00202,SUP-MB-A,MB-AB,20260502,20260501,13400,KG
GR-00606,POH-00202,SUP-MB-A,MB-SL,20260509,20260509,14100,KG
GR-00607,POH-00203,SUP-ADD-A,MB-WH,20260516,20260517,14800,KG
GR-00608,POH-00203,SUP-ADD-A,MB-UV,20260523,20260525,15500,KG
GR-00609,POH-00203,SUP-NY-A,NY6-F,20260530,20260530,16200,KG
GR-00610,POH-00204,SUP-NY-B,NY6-H,20260606,20260606,16900,KG
GR-00611,POH-00204,SUP-ADD-A,MB-NA,20260613,20260615,17600,KG
GR-00612,POH-00204,SUP-ADD-A,MB-NS,20260620,20260623,18300,KG
GR-00613,POH-00205,SUP-PET-A,PET-BR,20260627,20260627,19000,KG
GR-00614,POH-00205,SUP-PET-B,PET-SD,20260704,20260704,19700,KG
GR-00615,POH-00205,SUP-PET-A,PET-RC,20260711,20260711,20400,KG
GR-00616,POH-00206,SUP-PET-B,PET-CO,20260718,20260720,21100,KG
GR-00617,POH-00206,SUP-MB-A,MB-AB,20260725,20260726,21800,KG
GR-00618,POH-00206,SUP-MB-A,MB-SL,20260801,20260802,22500,KG
GR-00619,POH-00207,SUP-ADD-A,MB-WH,20260808,20260811,23200,KG
GR-00620,POH-00207,SUP-ADD-A,MB-UV,20260815,20260818,23900,KG
GR-00621,POH-00207,SUP-NY-A,NY6-F,20260822,20260822,24600,KG
GR-00622,POH-00208,SUP-NY-B,NY6-H,20260829,20260830,25300,KG
GR-00623,POH-00208,SUP-ADD-A,MB-NA,20260905,20260909,26000,KG
GR-00624,POH-00208,SUP-ADD-A,MB-NS,20260912,20260916,26700,KG
GR-00625,POH-00209,SUP-PET-A,PET-BR,20260919,20260919,27400,KG
GR-00626,POH-00209,SUP-PET-B,PET-SD,20260926,20260925,28100,KG
GR-00627,POH-00209,SUP-PET-A,PET-RC,20251003,20251004,28800,KG
GR-00628,POH-00210,SUP-PET-B,PET-CO,20251010,20251010,29500,KG
GR-00629,POH-00210,SUP-MB-A,MB-AB,20251017,20251018,30200,KG
GR-00630,POH-00210,SUP-MB-A,MB-SL,20251024,20251026,5000,KG
GR-00631,POH-00211,SUP-ADD-A,MB-WH,20251031,20251105,5700,KG
GR-00632,POH-00211,SUP-ADD-A,MB-UV,20251107,20251107,6400,KG
GR-00633,POH-00211,SUP-NY-A,NY6-F,20251114,20251115,7100,KG
GR-00634,POH-00212,SUP-NY-B,NY6-H,20251121,20251123,7800,KG
GR-00635,POH-00212,SUP-ADD-A,MB-NA,20251128,20251129,8500,KG
GR-00636,POH-00212,SUP-ADD-A,MB-NS,20251205,20251207,9200,KG
GR-00637,POH-00213,SUP-PET-A,PET-BR,20251212,20251213,9900,KG
GR-00638,POH-00213,SUP-PET-B,PET-SD,20251219,20251219,10600,KG
GR-00639,POH-00213,SUP-PET-A,PET-RC,20251226,20251226,11300,KG
GR-00640,POH-00214,SUP-PET-B,PET-CO,20260102,20260102,12000,KG
GR-00641,POH-00214,SUP-MB-A,MB-AB,20260109,20260111,12700,KG
GR-00642,POH-00214,SUP-MB-A,MB-SL,20260116,20260119,13400,KG
GR-00643,POH-00215,SUP-ADD-A,MB-WH,20260123,20260125,14100,KG
GR-00644,POH-00215,SUP-ADD-A,MB-UV,20260130,20260202,14800,KG
GR-00645,POH-00215,SUP-NY-A,NY6-F,20260206,20260207,15500,KG
GR-00646,POH-00216,SUP-NY-B,NY6-H,20260213,20260215,16200,KG
GR-00647,POH-00216,SUP-ADD-A,MB-NA,20260220,20260223,16900,KG
GR-00648,POH-00216,SUP-ADD-A,MB-NS,20260227,20260302,17600,KG
GR-00649,POH-00217,SUP-PET-A,PET-BR,20260306,20260308,18300,KG
GR-00650,POH-00217,SUP-PET-B,PET-SD,20260313,20260314,19000,KG
GR-00651,POH-00217,SUP-PET-A,PET-RC,20260320,20260320,19700,KG
GR-00652,POH-00218,SUP-PET-B,PET-CO,20260327,20260327,20400,KG
GR-00653,POH-00218,SUP-MB-A,MB-AB,20260403,20260403,21100,KG
GR-00654,POH-00218,SUP-MB-A,MB-SL,20260410,20260414,21800,KG
GR-00655,POH-00219,SUP-ADD-A,MB-WH,20260417,20260421,22500,KG
GR-00656,POH-00219,SUP-ADD-A,MB-UV,20260424,20260428,23200,KG
GR-00657,POH-00219,SUP-NY-A,NY6-F,20260501,20260502,23900,KG
GR-00658,POH-00220,SUP-NY-B,NY6-H,20260508,20260510,24600,KG
GR-00659,POH-00220,SUP-ADD-A,MB-NA,20260515,20260520,25300,KG
GR-00660,POH-00220,SUP-ADD-A,MB-NS,20260522,20260522,26000,KG
GR-00661,POH-00221,SUP-PET-A,PET-BR,20260529,20260528,26700,KG
GR-00662,POH-00221,SUP-PET-B,PET-SD,20260605,20260605,27400,KG
GR-00663,POH-00221,SUP-PET-A,PET-RC,20260612,20260612,28100,KG
GR-00664,POH-00222,SUP-PET-B,PET-CO,20260619,20260621,28800,KG
GR-00665,POH-00222,SUP-MB-A,MB-AB,20260626,20260625,29500,KG
GR-00666,POH-00222,SUP-MB-A,MB-SL,20260703,20260703,30200,KG
GR-00667,POH-00223,SUP-ADD-A,MB-WH,20260710,20260711,5000,KG
GR-00668,POH-00223,SUP-ADD-A,MB-UV,20260717,20260719,5700,KG
GR-00669,POH-00223,SUP-NY-A,NY6-F,20260724,20260726,6400,KG
GR-00670,POH-00224,SUP-NY-B,NY6-H,20260731,20260803,7100,KG
GR-00671,POH-00224,SUP-ADD-A,MB-NA,20260807,20260809,7800,KG
GR-00672,POH-00224,SUP-ADD-A,MB-NS,20260814,20260817,8500,KG
GR-00673,POH-00225,SUP-PET-A,PET-BR,20260821,20260821,9200,KG
GR-00674,POH-00225,SUP-PET-B,PET-SD,20260828,20260827,9900,KG
GR-00675,POH-00225,SUP-PET-A,PET-RC,20260904,20260904,10600,KG
GR-00676,POH-00226,SUP-PET-B,PET-CO,20260911,20260911,11300,KG
GR-00677,POH-00226,SUP-MB-A,MB-AB,20260918,20260919,12000,KG
GR-00678,POH-00226,SUP-MB-A,MB-SL,20260925,20260926,12700,KG
GR-00679,POH-00227,SUP-ADD-A,MB-WH,20251002,20251005,13400,KG
GR-00680,POH-00227,SUP-ADD-A,MB-UV,20251009,20251012,14100,KG
GR-00681,POH-00227,SUP-NY-A,NY6-F,20251016,20251018,14800,KG
GR-00682,POH-00228,SUP-NY-B,NY6-H,20251023,20251026,15500,KG
GR-00683,POH-00228,SUP-ADD-A,MB-NA,20251030,20251103,16200,KG
GR-00684,POH-00228,SUP-ADD-A,MB-NS,20251106,20251110,16900,KG
GR-00685,POH-00229,SUP-PET-A,PET-BR,20251113,20251113,17600,KG
GR-00686,POH-00229,SUP-PET-B,PET-SD,20251120,20251120,18300,KG
GR-00687,POH-00229,SUP-PET-A,PET-RC,20251127,20251128,19000,KG
GR-00688,POH-00230,SUP-PET-B,PET-CO,20251204,20251204,19700,KG
GR-00689,POH-00230,SUP-MB-A,MB-AB,20251211,20251212,20400,KG
GR-00690,POH-00230,SUP-MB-A,MB-SL,20251218,20251220,21100,KG
GR-00691,POH-00231,SUP-ADD-A,MB-WH,20251225,20251230,21800,KG
GR-00692,POH-00231,SUP-ADD-A,MB-UV,20260101,20260101,22500,KG
GR-00693,POH-00231,SUP-NY-A,NY6-F,20260108,20260111,23200,KG
GR-00694,POH-00232,SUP-NY-B,NY6-H,20260115,20260119,23900,KG
GR-00695,POH-00232,SUP-ADD-A,MB-NA,20260122,20260123,24600,KG
GR-00696,POH-00232,SUP-ADD-A,MB-NS,20260129,20260131,25300,KG
GR-00697,POH-00233,SUP-PET-A,PET-BR,20260205,20260206,26000,KG
GR-00698,POH-00233,SUP-PET-B,PET-SD,20260212,20260213,26700,KG
GR-00699,POH-00233,SUP-PET-A,PET-RC,20260219,20260219,27400,KG
GR-00700,POH-00234,SUP-PET-B,PET-CO,20260226,20260226,28100,KG
GR-00701,POH-00234,SUP-MB-A,MB-AB,20260305,20260307,28800,KG
GR-00702,POH-00234,SUP-MB-A,MB-SL,20260312,20260315,29500,KG
GR-00703,POH-00235,SUP-ADD-A,MB-WH,20260319,20260321,30200,KG
GR-00704,POH-00235,SUP-ADD-A,MB-UV,20260326,20260329,5000,KG
GR-00705,POH-00235,SUP-NY-A,NY6-F,20260402,20260401,5700,KG
GR-00706,POH-00236,SUP-NY-B,NY6-H,20260409,20260414,6400,KG
GR-00707,POH-00236,SUP-ADD-A,MB-NA,20260416,20260419,7100,KG
GR-00708,POH-00236,SUP-ADD-A,MB-NS,20260423,20260426,7800,KG
GR-00709,POH-00237,SUP-PET-A,PET-BR,20260430,20260502,8500,KG
GR-00710,POH-00237,SUP-PET-B,PET-SD,20260507,20260507,9200,KG
GR-00711,POH-00237,SUP-PET-A,PET-RC,20260514,20260514,9900,KG
GR-00712,POH-00238,SUP-PET-B,PET-CO,20260521,20260523,10600,KG
GR-00713,POH-00238,SUP-MB-A,MB-AB,20260528,20260528,11300,KG
GR-00714,POH-00238,SUP-MB-A,MB-SL,20260604,20260608,12000,KG
GR-00715,POH-00239,SUP-ADD-A,MB-WH,20260611,20260615,12700,KG
GR-00716,POH-00239,SUP-ADD-A,MB-UV,20260618,20260622,13400,KG
GR-00717,POH-00239,SUP-NY-A,NY6-F,20260625,20260628,14100,KG
GR-00718,POH-00240,SUP-NY-B,NY6-H,20260702,20260702,14800,KG
GR-00719,POH-00240,SUP-ADD-A,MB-NA,20260709,20260714,15500,KG
GR-00720,POH-00240,SUP-ADD-A,MB-NS,20260716,20260716,16200,KG
GR-00721,POH-00241,SUP-PET-A,PET-BR,20260723,20260722,16900,KG
GR-00722,POH-00241,SUP-PET-B,PET-SD,20260730,20260729,17600,KG
GR-00723,POH-00241,SUP-PET-A,PET-RC,20260806,20260806,18300,KG
GR-00724,POH-00242,SUP-PET-B,PET-CO,20260813,20260813,19000,KG
GR-00725,POH-00242,SUP-MB-A,MB-AB,20260820,20260819,19700,KG
GR-00726,POH-00242,SUP-MB-A,MB-SL,20260827,20260827,20400,KG
GR-00727,POH-00243,SUP-ADD-A,MB-WH,20260903,20260904,21100,KG
GR-00728,POH-00243,SUP-ADD-A,MB-UV,20260910,20260912,21800,KG
GR-00729,POH-00243,SUP-NY-A,NY6-F,20260917,20260917,22500,KG
GR-00730,POH-00244,SUP-NY-B,NY6-H,20260924,20260924,23200,KG
GR-00731,POH-00244,SUP-ADD-A,MB-NA,20251001,20251003,23900,KG
GR-00732,POH-00244,SUP-ADD-A,MB-NS,20251008,20251011,24600,KG
GR-00733,POH-00245,SUP-PET-A,PET-BR,20251015,20251015,25300,KG
GR-00734,POH-00245,SUP-PET-B,PET-SD,20251022,20251022,26000,KG
GR-00735,POH-00245,SUP-PET-A,PET-RC,20251029,20251029,26700,KG
GR-00736,POH-00246,SUP-PET-B,PET-CO,20251105,20251105,27400,KG
GR-00737,POH-00246,SUP-MB-A,MB-AB,20251112,20251113,28100,KG
GR-00738,POH-00246,SUP-MB-A,MB-SL,20251119,20251120,28800,KG
GR-00739,POH-00247,SUP-ADD-A,MB-WH,20251126,20251129,29500,KG
GR-00740,POH-00247,SUP-ADD-A,MB-UV,20251203,20251206,30200,KG
GR-00741,POH-00247,SUP-NY-A,NY6-F,20251210,20251210,5000,KG
GR-00742,POH-00248,SUP-NY-B,NY6-H,20251217,20251218,5700,KG
GR-00743,POH-00248,SUP-ADD-A,MB-NA,20251224,20251228,6400,KG
GR-00744,POH-00248,SUP-ADD-A,MB-NS,20251231,20260104,7100,KG
GR-00745,POH-00249,SUP-PET-A,PET-BR,20260107,20260107,7800,KG
GR-00746,POH-00249,SUP-PET-B,PET-SD,20260114,20260115,8500,KG
GR-00747,POH-00249,SUP-PET-A,PET-RC,20260121,20260122,9200,KG
GR-00748,POH-00250,SUP-PET-B,PET-CO,20260128,20260128,9900,KG
GR-00749,POH-00250,SUP-MB-A,MB-AB,20260204,20260205,10600,KG
GR-00750,POH-00250,SUP-MB-A,MB-SL,20260211,20260213,11300,KG
GR-00751,POH-00251,SUP-ADD-A,MB-WH,20260218,20260223,12000,KG
GR-00752,POH-00251,SUP-ADD-A,MB-UV,20260225,20260225,12700,KG
GR-00753,POH-00251,SUP-NY-A,NY6-F,20260304,20260305,13400,KG
GR-00754,POH-00252,SUP-NY-B,NY6-H,20260311,20260313,14100,KG
GR-00755,POH-00252,SUP-ADD-A,MB-NA,20260318,20260319,14800,KG
GR-00756,POH-00252,SUP-ADD-A,MB-NS,20260325,20260327,15500,KG
GR-00757,POH-00253,SUP-PET-A,PET-BR,20260401,20260402,16200,KG
GR-00758,POH-00253,SUP-PET-B,PET-SD,20260408,20260408,16900,KG
GR-00759,POH-00253,SUP-PET-A,PET-RC,20260415,20260415,17600,KG
GR-00760,POH-00254,SUP-PET-B,PET-CO,20260422,20260424,18300,KG
GR-00761,POH-00254,SUP-MB-A,MB-AB,20260429,20260501,19000,KG
GR-00762,POH-00254,SUP-MB-A,MB-SL,20260506,20260509,19700,KG
GR-00763,POH-00255,SUP-ADD-A,MB-WH,20260513,20260515,20400,KG
GR-00764,POH-00255,SUP-ADD-A,MB-UV,20260520,20260523,21100,KG
GR-00765,POH-00255,SUP-NY-A,NY6-F,20260527,20260528,21800,KG
GR-00766,POH-00256,SUP-NY-B,NY6-H,20260603,20260605,22500,KG
GR-00767,POH-00256,SUP-ADD-A,MB-NA,20260610,20260613,23200,KG
GR-00768,POH-00256,SUP-ADD-A,MB-NS,20260617,20260620,23900,KG
GR-00769,POH-00257,SUP-PET-A,PET-BR,20260624,20260626,24600,KG
GR-00770,POH-00257,SUP-PET-B,PET-SD,20260701,20260630,25300,KG
GR-00771,POH-00257,SUP-PET-A,PET-RC,20260708,20260708,26000,KG
GR-00772,POH-00258,SUP-PET-B,PET-CO,20260715,20260715,26700,KG
GR-00773,POH-00258,SUP-MB-A,MB-AB,20260722,20260722,27400,KG
GR-00774,POH-00258,SUP-MB-A,MB-SL,20260729,20260802,28100,KG
GR-00775,POH-00259,SUP-ADD-A,MB-WH,20260805,20260809,28800,KG
GR-00776,POH-00259,SUP-ADD-A,MB-UV,20260812,20260816,29500,KG
GR-00777,POH-00259,SUP-NY-A,NY6-F,20260819,20260820,30200,KG
GR-00778,POH-00260,SUP-NY-B,NY6-H,20260826,20260828,5000,KG
GR-00779,POH-00260,SUP-ADD-A,MB-NA,20260902,20260907,5700,KG
GR-00780,POH-00260,SUP-ADD-A,MB-NS,20260909,20260909,6400,KG
GR-00781,POH-00261,SUP-PET-A,PET-BR,20260916,20260915,7100,KG
GR-00782,POH-00261,SUP-PET-B,PET-SD,20260923,20260923,7800,KG
GR-00783,POH-00261,SUP-PET-A,PET-RC,20260930,20260930,8500,KG
GR-00784,POH-00262,SUP-PET-B,PET-CO,20251007,20251007,9200,KG
GR-00785,POH-00262,SUP-MB-A,MB-AB,20251014,20251013,9900,KG
GR-00786,POH-00262,SUP-MB-A,MB-SL,20251021,20251021,10600,KG
GR-00787,POH-00263,SUP-ADD-A,MB-WH,20251028,20251029,11300,KG
GR-00788,POH-00263,SUP-ADD-A,MB-UV,20251104,20251106,12000,KG
GR-00789,POH-00263,SUP-NY-A,NY6-F,20251111,20251113,12700,KG
GR-00790,POH-00264,SUP-NY-B,NY6-H,20251118,20251121,13400,KG
GR-00791,POH-00264,SUP-ADD-A,MB-NA,20251125,20251127,14100,KG
GR-00792,POH-00264,SUP-ADD-A,MB-NS,20251202,20251205,14800,KG
GR-00793,POH-00265,SUP-PET-A,PET-BR,20251209,20251209,15500,KG
GR-00794,POH-00265,SUP-PET-B,PET-SD,20251216,20251217,16200,KG
GR-00795,POH-00265,SUP-PET-A,PET-RC,20251223,20251223,16900,KG
GR-00796,POH-00266,SUP-PET-B,PET-CO,20251230,20251230,17600,KG
GR-00797,POH-00266,SUP-MB-A,MB-AB,20260106,20260107,18300,KG
GR-00798,POH-00266,SUP-MB-A,MB-SL,20260113,20260114,19000,KG
GR-00799,POH-00267,SUP-ADD-A,MB-WH,20260120,20260123,19700,KG
GR-00800,POH-00267,SUP-ADD-A,MB-UV,20260127,20260130,20400,KG
GR-00801,POH-00267,SUP-NY-A,NY6-F,20260203,20260205,21100,KG
GR-00802,POH-00268,SUP-NY-B,NY6-H,20260210,20260213,21800,KG
GR-00803,POH-00268,SUP-ADD-A,MB-NA,20260217,20260221,22500,KG
GR-00804,POH-00268,SUP-ADD-A,MB-NS,20260224,20260228,23200,KG
GR-00805,POH-00269,SUP-PET-A,PET-BR,20260303,20260303,23900,KG
GR-00806,POH-00269,SUP-PET-B,PET-SD,20260310,20260310,24600,KG
GR-00807,POH-00269,SUP-PET-A,PET-RC,20260317,20260318,25300,KG
GR-00808,POH-00270,SUP-PET-B,PET-CO,20260324,20260326,26000,KG
GR-00809,POH-00270,SUP-MB-A,MB-AB,20260331,20260401,26700,KG
GR-00810,POH-00270,SUP-MB-A,MB-SL,20260407,20260409,27400,KG
GR-00811,POH-00271,SUP-ADD-A,MB-WH,20260414,20260419,28100,KG
GR-00812,POH-00271,SUP-ADD-A,MB-UV,20260421,20260421,28800,KG
GR-00813,POH-00271,SUP-NY-A,NY6-F,20260428,20260501,29500,KG
GR-00814,POH-00272,SUP-NY-B,NY6-H,20260505,20260509,30200,KG
GR-00815,POH-00272,SUP-ADD-A,MB-NA,20260512,20260513,5000,KG
GR-00816,POH-00272,SUP-ADD-A,MB-NS,20260519,20260521,5700,KG
GR-00817,POH-00273,SUP-PET-A,PET-BR,20260526,20260527,6400,KG
GR-00818,POH-00273,SUP-PET-B,PET-SD,20260602,20260601,7100,KG
GR-00819,POH-00273,SUP-PET-A,PET-RC,20260609,20260609,7800,KG
GR-00820,POH-00274,SUP-PET-B,PET-CO,20260616,20260616,8500,KG
GR-00821,POH-00274,SUP-MB-A,MB-AB,20260623,20260625,9200,KG
GR-00822,POH-00274,SUP-MB-A,MB-SL,20260630,20260703,9900,KG
GR-00823,POH-00275,SUP-ADD-A,MB-WH,20260707,20260709,10600,KG
GR-00824,POH-00275,SUP-ADD-A,MB-UV,20260714,20260717,11300,KG
GR-00825,POH-00275,SUP-NY-A,NY6-F,20260721,20260720,12000,KG
GR-00826,POH-00276,SUP-NY-B,NY6-H,20260728,20260802,12700,KG
GR-00827,POH-00276,SUP-ADD-A,MB-NA,20260804,20260807,13400,KG
GR-00828,POH-00276,SUP-ADD-A,MB-NS,20260811,20260814,14100,KG
GR-00829,POH-00277,SUP-PET-A,PET-BR,20260818,20260820,14800,KG
GR-00830,POH-00277,SUP-PET-B,PET-SD,20260825,20260825,15500,KG
GR-00831,POH-00277,SUP-PET-A,PET-RC,20260901,20260901,16200,KG
GR-00832,POH-00278,SUP-PET-B,PET-CO,20260908,20260908,16900,KG
GR-00833,POH-00278,SUP-MB-A,MB-AB,20260915,20260915,17600,KG
GR-00834,POH-00278,SUP-MB-A,MB-SL,20260922,20260926,18300,KG
GR-00835,POH-00279,SUP-ADD-A,MB-WH,20260929,20261003,19000,KG
GR-00836,POH-00279,SUP-ADD-A,MB-UV,20251006,20251010,19700,KG
GR-00837,POH-00279,SUP-NY-A,NY6-F,20251013,20251016,20400,KG
GR-00838,POH-00280,SUP-NY-B,NY6-H,20251020,20251020,21100,KG
GR-00839,POH-00280,SUP-ADD-A,MB-NA,20251027,20251101,21800,KG
GR-00840,POH-00280,SUP-ADD-A,MB-NS,20251103,20251103,22500,KG
GR-00841,POH-00281,SUP-PET-A,PET-BR,20251110,20251109,23200,KG
GR-00842,POH-00281,SUP-PET-B,PET-SD,20251117,20251118,23900,KG
GR-00843,POH-00281,SUP-PET-A,PET-RC,20251124,20251124,24600,KG
GR-00844,POH-00282,SUP-PET-B,PET-CO,20251201,20251201,25300,KG
GR-00845,POH-00282,SUP-MB-A,MB-AB,20251208,20251207,26000,KG
GR-00846,POH-00282,SUP-MB-A,MB-SL,20251215,20251215,26700,KG
GR-00847,POH-00283,SUP-ADD-A,MB-WH,20251222,20251223,27400,KG
GR-00848,POH-00283,SUP-ADD-A,MB-UV,20251229,20251231,28100,KG
GR-00849,POH-00283,SUP-NY-A,NY6-F,20260105,20260105,28800,KG
GR-00850,POH-00284,SUP-NY-B,NY6-H,20260112,20260112,29500,KG
GR-00851,POH-00284,SUP-ADD-A,MB-NA,20260119,20260121,30200,KG
GR-00852,POH-00284,SUP-ADD-A,MB-NS,20260126,20260129,5000,KG
GR-00853,POH-00285,SUP-PET-A,PET-BR,20260202,20260202,5700,KG
GR-00854,POH-00285,SUP-PET-B,PET-SD,20260209,20260209,6400,KG
GR-00855,POH-00285,SUP-PET-A,PET-RC,20260216,20260216,7100,KG
GR-00856,POH-00286,SUP-PET-B,PET-CO,20260223,20260225,7800,KG
GR-00857,POH-00286,SUP-MB-A,MB-AB,20260302,20260303,8500,KG
GR-00858,POH-00286,SUP-MB-A,MB-SL,20260309,20260310,9200,KG
GR-00859,POH-00287,SUP-ADD-A,MB-WH,20260316,20260319,9900,KG
GR-00860,POH-00287,SUP-ADD-A,MB-UV,20260323,20260326,10600,KG
GR-00861,POH-00287,SUP-NY-A,NY6-F,20260330,20260330,11300,KG
GR-00862,POH-00288,SUP-NY-B,NY6-H,20260406,20260407,12000,KG
GR-00863,POH-00288,SUP-ADD-A,MB-NA,20260413,20260417,12700,KG
GR-00864,POH-00288,SUP-ADD-A,MB-NS,20260420,20260424,13400,KG
GR-00865,POH-00289,SUP-PET-A,PET-BR,20260427,20260427,14100,KG
GR-00866,POH-00289,SUP-PET-B,PET-SD,20260504,20260503,14800,KG
GR-00867,POH-00289,SUP-PET-A,PET-RC,20260511,20260512,15500,KG
GR-00868,POH-00290,SUP-PET-B,PET-CO,20260518,20260518,16200,KG
GR-00869,POH-00290,SUP-MB-A,MB-AB,20260525,20260526,16900,KG
GR-00870,POH-00290,SUP-MB-A,MB-SL,20260601,20260603,17600,KG
GR-00871,POH-00291,SUP-ADD-A,MB-WH,20260608,20260613,18300,KG
GR-00872,POH-00291,SUP-ADD-A,MB-UV,20260615,20260615,19000,KG
GR-00873,POH-00291,SUP-NY-A,NY6-F,20260622,20260623,19700,KG
GR-00874,POH-00292,SUP-NY-B,NY6-H,20260629,20260701,20400,KG
GR-00875,POH-00292,SUP-ADD-A,MB-NA,20260706,20260707,21100,KG
GR-00876,POH-00292,SUP-ADD-A,MB-NS,20260713,20260715,21800,KG
GR-00877,POH-00293,SUP-PET-A,PET-BR,20260720,20260721,22500,KG
GR-00878,POH-00293,SUP-PET-B,PET-SD,20260727,20260727,23200,KG
GR-00879,POH-00293,SUP-PET-A,PET-RC,20260803,20260803,23900,KG
GR-00880,POH-00294,SUP-PET-B,PET-CO,20260810,20260810,24600,KG
GR-00881,POH-00294,SUP-MB-A,MB-AB,20260817,20260819,25300,KG
GR-00882,POH-00294,SUP-MB-A,MB-SL,20260824,20260827,26000,KG
GR-00883,POH-00295,SUP-ADD-A,MB-WH,20260831,20260902,26700,KG
GR-00884,POH-00295,SUP-ADD-A,MB-UV,20260907,20260910,27400,KG
GR-00885,POH-00295,SUP-NY-A,NY6-F,20260914,20260915,28100,KG
GR-00886,POH-00296,SUP-NY-B,NY6-H,20260921,20260923,28800,KG
GR-00887,POH-00296,SUP-ADD-A,MB-NA,20260928,20261001,29500,KG
GR-00888,POH-00296,SUP-ADD-A,MB-NS,20251005,20251008,30200,KG
GR-00889,POH-00297,SUP-PET-A,PET-BR,20251012,20251014,5000,KG
GR-00890,POH-00297,SUP-PET-B,PET-SD,20251019,20251020,5700,KG
GR-00891,POH-00297,SUP-PET-A,PET-RC,20251026,20251026,6400,KG
GR-00892,POH-00298,SUP-PET-B,PET-CO,20251102,20251102,7100,KG
GR-00893,POH-00298,SUP-MB-A,MB-AB,20251109,20251109,7800,KG
GR-00894,POH-00298,SUP-MB-A,MB-SL,20251116,20251120,8500,KG
GR-00895,POH-00299,SUP-ADD-A,MB-WH,20251123,20251127,9200,KG
GR-00896,POH-00299,SUP-ADD-A,MB-UV,20251130,20251204,9900,KG
GR-00897,POH-00299,SUP-NY-A,NY6-F,20251207,20251208,10600,KG
GR-00898,POH-00300,SUP-NY-B,NY6-H,20251214,20251216,11300,KG
GR-00899,POH-00300,SUP-ADD-A,MB-NA,20251221,20251226,12000,KG
GR-00900,POH-00300,SUP-ADD-A,MB-NS,20251228,20251228,12700,KG
GR-00901,POH-00301,SUP-PET-A,PET-BR,20260104,20260103,13400,KG
GR-00902,POH-00301,SUP-PET-B,PET-SD,20260111,20260111,14100,KG
GR-00903,POH-00301,SUP-PET-A,PET-RC,20260118,20260118,14800,KG
GR-00904,POH-00302,SUP-PET-B,PET-CO,20260125,20260127,15500,KG
GR-00905,POH-00302,SUP-MB-A,MB-AB,20260201,20260131,16200,KG
GR-00906,POH-00302,SUP-MB-A,MB-SL,20260208,20260208,16900,KG
GR-00907,POH-00303,SUP-ADD-A,MB-WH,20260215,20260216,17600,KG
GR-00908,POH-00303,SUP-ADD-A,MB-UV,20260222,20260224,18300,KG
GR-00909,POH-00303,SUP-NY-A,NY6-F,20260301,20260303,19000,KG
GR-00910,POH-00304,SUP-NY-B,NY6-H,20260308,20260311,19700,KG
GR-00911,POH-00304,SUP-ADD-A,MB-NA,20260315,20260317,20400,KG
GR-00912,POH-00304,SUP-ADD-A,MB-NS,20260322,20260325,21100,KG
GR-00913,POH-00305,SUP-PET-A,PET-BR,20260329,20260329,21800,KG
GR-00914,POH-00305,SUP-PET-B,PET-SD,20260405,20260404,22500,KG
GR-00915,POH-00305,SUP-PET-A,PET-RC,20260412,20260412,23200,KG
GR-00916,POH-00306,SUP-PET-B,PET-CO,20260419,20260419,23900,KG
GR-00917,POH-00306,SUP-MB-A,MB-AB,20260426,20260427,24600,KG
GR-00918,POH-00306,SUP-MB-A,MB-SL,20260503,20260504,25300,KG
GR-00919,POH-00307,SUP-ADD-A,MB-WH,20260510,20260513,26000,KG
GR-00920,POH-00307,SUP-ADD-A,MB-UV,20260517,20260520,26700,KG
GR-00921,POH-00307,SUP-NY-A,NY6-F,20260524,20260526,27400,KG
GR-00922,POH-00308,SUP-NY-B,NY6-H,20260531,20260603,28100,KG
GR-00923,POH-00308,SUP-ADD-A,MB-NA,20260607,20260611,28800,KG
GR-00924,POH-00308,SUP-ADD-A,MB-NS,20260614,20260618,29500,KG
GR-00925,POH-00309,SUP-PET-A,PET-BR,20260621,20260621,30200,KG
GR-00926,POH-00309,SUP-PET-B,PET-SD,20260628,20260628,5000,KG
GR-00927,POH-00309,SUP-PET-A,PET-RC,20260705,20260706,5700,KG
GR-00928,POH-00310,SUP-PET-B,PET-CO,20260712,20260712,6400,KG
GR-00929,POH-00310,SUP-MB-A,MB-AB,20260719,20260720,7100,KG
GR-00930,POH-00310,SUP-MB-A,MB-SL,20260726,20260728,7800,KG
GR-00931,POH-00311,SUP-ADD-A,MB-WH,20260802,20260807,8500,KG
GR-00932,POH-00311,SUP-ADD-A,MB-UV,20260809,20260809,9200,KG
GR-00933,POH-00311,SUP-NY-A,NY6-F,20260816,20260819,9900,KG
GR-00934,POH-00312,SUP-NY-B,NY6-H,20260823,20260827,10600,KG
GR-00935,POH-00312,SUP-ADD-A,MB-NA,20260830,20260831,11300,KG
GR-00936,POH-00312,SUP-ADD-A,MB-NS,20260906,20260908,12000,KG
GR-00937,POH-00313,SUP-PET-A,PET-BR,20260913,20260914,12700,KG
GR-00938,POH-00313,SUP-PET-B,PET-SD,20260920,20260921,13400,KG
GR-00939,POH-00313,SUP-PET-A,PET-RC,20260927,20260927,14100,KG
GR-00940,POH-00314,SUP-PET-B,PET-CO,20251004,20251004,14800,KG
GR-00941,POH-00314,SUP-MB-A,MB-AB,20251011,20251013,15500,KG
GR-00942,POH-00314,SUP-MB-A,MB-SL,20251018,20251021,16200,KG
GR-00943,POH-00315,SUP-ADD-A,MB-WH,20251025,20251027,16900,KG
GR-00944,POH-00315,SUP-ADD-A,MB-UV,20251101,20251104,17600,KG
GR-00945,POH-00315,SUP-NY-A,NY6-F,20251108,20251107,18300,KG
GR-00946,POH-00316,SUP-NY-B,NY6-H,20251115,20251120,19000,KG
GR-00947,POH-00316,SUP-ADD-A,MB-NA,20251122,20251125,19700,KG
GR-00948,POH-00316,SUP-ADD-A,MB-NS,20251129,20251202,20400,KG
GR-00949,POH-00317,SUP-PET-A,PET-BR,20251206,20251208,21100,KG
GR-00950,POH-00317,SUP-PET-B,PET-SD,20251213,20251213,21800,KG
GR-00951,POH-00317,SUP-PET-A,PET-RC,20251220,20251220,22500,KG
GR-00952,POH-00318,SUP-PET-B,PET-CO,20251227,20251229,23200,KG
GR-00953,POH-00318,SUP-MB-A,MB-AB,20260103,20260103,23900,KG
GR-00954,POH-00318,SUP-MB-A,MB-SL,20260110,20260114,24600,KG
GR-00955,POH-00319,SUP-ADD-A,MB-WH,20260117,20260121,25300,KG
GR-00956,POH-00319,SUP-ADD-A,MB-UV,20260124,20260128,26000,KG
GR-00957,POH-00319,SUP-NY-A,NY6-F,20260131,20260203,26700,KG
GR-00958,POH-00320,SUP-NY-B,NY6-H,20260207,20260207,27400,KG
GR-00959,POH-00320,SUP-ADD-A,MB-NA,20260214,20260219,28100,KG
GR-00960,POH-00320,SUP-ADD-A,MB-NS,20260221,20260221,28800,KG
GR-00961,POH-00321,SUP-PET-A,PET-BR,20260228,20260227,29500,KG
GR-00962,POH-00321,SUP-PET-B,PET-SD,20260307,20260306,30200,KG
GR-00963,POH-00321,SUP-PET-A,PET-RC,20260314,20260314,5000,KG
GR-00964,POH-00322,SUP-PET-B,PET-CO,20260321,20260321,5700,KG
GR-00965,POH-00322,SUP-MB-A,MB-AB,20260328,20260327,6400,KG
GR-00966,POH-00322,SUP-MB-A,MB-SL,20260404,20260404,7100,KG
GR-00967,POH-00323,SUP-ADD-A,MB-WH,20260411,20260412,7800,KG
GR-00968,POH-00323,SUP-ADD-A,MB-UV,20260418,20260420,8500,KG
GR-00969,POH-00323,SUP-NY-A,NY6-F,20260425,20260425,9200,KG
GR-00970,POH-00324,SUP-NY-B,NY6-H,20260502,20260502,9900,KG
GR-00971,POH-00324,SUP-ADD-A,MB-NA,20260509,20260511,10600,KG
GR-00972,POH-00324,SUP-ADD-A,MB-NS,20260516,20260519,11300,KG
GR-00973,POH-00325,SUP-PET-A,PET-BR,20260523,20260523,12000,KG
GR-00974,POH-00325,SUP-PET-B,PET-SD,20260530,20260530,12700,KG
GR-00975,POH-00325,SUP-PET-A,PET-RC,20260606,20260606,13400,KG
GR-00976,POH-00326,SUP-PET-B,PET-CO,20260613,20260613,14100,KG
GR-00977,POH-00326,SUP-MB-A,MB-AB,20260620,20260621,14800,KG
GR-00978,POH-00326,SUP-MB-A,MB-SL,20260627,20260628,15500,KG
GR-00979,POH-00327,SUP-ADD-A,MB-WH,20260704,20260707,16200,KG
GR-00980,POH-00327,SUP-ADD-A,MB-UV,20260711,20260714,16900,KG
GR-00981,POH-00327,SUP-NY-A,NY6-F,20260718,20260718,17600,KG
GR-00982,POH-00328,SUP-NY-B,NY6-H,20260725,20260726,18300,KG
GR-00983,POH-00328,SUP-ADD-A,MB-NA,20260801,20260805,19000,KG
GR-00984,POH-00328,SUP-ADD-A,MB-NS,20260808,20260812,19700,KG
GR-00985,POH-00329,SUP-PET-A,PET-BR,20260815,20260815,20400,KG
GR-00986,POH-00329,SUP-PET-B,PET-SD,20260822,20260823,21100,KG
GR-00987,POH-00329,SUP-PET-A,PET-RC,20260829,20260830,21800,KG
GR-00988,POH-00330,SUP-PET-B,PET-CO,20260905,20260905,22500,KG
GR-00989,POH-00330,SUP-MB-A,MB-AB,20260912,20260913,23200,KG
GR-00990,POH-00330,SUP-MB-A,MB-SL,20260919,20260921,23900,KG
GR-00991,POH-00331,SUP-ADD-A,MB-WH,20260926,20261001,24600,KG
GR-00992,POH-00331,SUP-ADD-A,MB-UV,20251003,20251003,25300,KG
GR-00993,POH-00331,SUP-NY-A,NY6-F,20251010,20251011,26000,KG
GR-00994,POH-00332,SUP-NY-B,NY6-H,20251017,20251019,26700,KG
GR-00995,POH-00332,SUP-ADD-A,MB-NA,20251024,20251025,27400,KG
GR-00996,POH-00332,SUP-ADD-A,MB-NS,20251031,20251102,28100,KG
GR-00997,POH-00333,SUP-PET-A,PET-BR,20251107,20251108,28800,KG
GR-00998,POH-00333,SUP-PET-B,PET-SD,20251114,20251114,29500,KG
GR-00999,POH-00333,SUP-PET-A,PET-RC,20251121,20251121,30200,KG
GR-01000,POH-00334,SUP-PET-B,PET-CO,20251128,20251130,5000,KG
GR-01001,POH-00334,SUP-MB-A,MB-AB,20251205,20251207,5700,KG
GR-01002,POH-00334,SUP-MB-A,MB-SL,20251212,20251215,6400,KG
GR-01003,POH-00335,SUP-ADD-A,MB-WH,20251219,20251221,7100,KG
GR-01004,POH-00335,SUP-ADD-A,MB-UV,20251226,20251229,7800,KG
GR-01005,POH-00335,SUP-NY-A,NY6-F,20260102,20260103,8500,KG
GR-01006,POH-00336,SUP-NY-B,NY6-H,20260109,20260111,9200,KG
GR-01007,POH-00336,SUP-ADD-A,MB-NA,20260116,20260119,9900,KG
GR-01008,POH-00336,SUP-ADD-A,MB-NS,20260123,20260126,10600,KG
GR-01009,POH-00337,SUP-PET-A,PET-BR,20260130,20260201,11300,KG
GR-01010,POH-00337,SUP-PET-B,PET-SD,20260206,20260205,12000,KG
GR-01011,POH-00337,SUP-PET-A,PET-RC,20260213,20260213,12700,KG
GR-01012,POH-00338,SUP-PET-B,PET-CO,20260220,20260220,13400,KG
GR-01013,POH-00338,SUP-MB-A,MB-AB,20260227,20260227,14100,KG
GR-01014,POH-00338,SUP-MB-A,MB-SL,20260306,20260310,14800,KG
GR-01015,POH-00339,SUP-ADD-A,MB-WH,20260313,20260317,15500,KG
GR-01016,POH-00339,SUP-ADD-A,MB-UV,20260320,20260324,16200,KG
GR-01017,POH-00339,SUP-NY-A,NY6-F,20260327,20260328,16900,KG
GR-01018,POH-00340,SUP-NY-B,NY6-H,20260403,20260405,17600,KG
GR-01019,POH-00340,SUP-ADD-A,MB-NA,20260410,20260415,18300,KG
GR-01020,POH-00340,SUP-ADD-A,MB-NS,20260417,20260417,19000,KG
GR-01021,POH-00341,SUP-PET-A,PET-BR,20260424,20260423,19700,KG
GR-01022,POH-00341,SUP-PET-B,PET-SD,20260501,20260501,20400,KG
GR-01023,POH-00341,SUP-PET-A,PET-RC,20260508,20260508,21100,KG
GR-01024,POH-00342,SUP-PET-B,PET-CO,20260515,20260515,21800,KG
GR-01025,POH-00342,SUP-MB-A,MB-AB,20260522,20260521,22500,KG
GR-01026,POH-00342,SUP-MB-A,MB-SL,20260529,20260529,23200,KG
GR-01027,POH-00343,SUP-ADD-A,MB-WH,20260605,20260606,23900,KG
GR-01028,POH-00343,SUP-ADD-A,MB-UV,20260612,20260614,24600,KG
GR-01029,POH-00343,SUP-NY-A,NY6-F,20260619,20260621,25300,KG
GR-01030,POH-00344,SUP-NY-B,NY6-H,20260626,20260629,26000,KG
GR-01031,POH-00344,SUP-ADD-A,MB-NA,20260703,20260705,26700,KG
GR-01032,POH-00344,SUP-ADD-A,MB-NS,20260710,20260713,27400,KG
GR-01033,POH-00345,SUP-PET-A,PET-BR,20260717,20260717,28100,KG
GR-01034,POH-00345,SUP-PET-B,PET-SD,20260724,20260725,28800,KG
GR-01035,POH-00345,SUP-PET-A,PET-RC,20260731,20260731,29500,KG
GR-01036,POH-00346,SUP-PET-B,PET-CO,20260807,20260807,30200,KG
GR-01037,POH-00346,SUP-MB-A,MB-AB,20260814,20260815,5000,KG
GR-01038,POH-00346,SUP-MB-A,MB-SL,20260821,20260822,5700,KG
GR-01039,POH-00347,SUP-ADD-A,MB-WH,20260828,20260831,6400,KG
GR-01040,POH-00347,SUP-ADD-A,MB-UV,20260904,20260907,7100,KG
GR-01041,POH-00347,SUP-NY-A,NY6-F,20260911,20260913,7800,KG
GR-01042,POH-00348,SUP-NY-B,NY6-H,20260918,20260921,8500,KG
GR-01043,POH-00348,SUP-ADD-A,MB-NA,20260925,20260929,9200,KG
GR-01044,POH-00348,SUP-ADD-A,MB-NS,20251002,20251006,9900,KG
GR-01045,POH-00349,SUP-PET-A,PET-BR,20251009,20251009,10600,KG
GR-01046,POH-00349,SUP-PET-B,PET-SD,20251016,20251016,11300,KG
GR-01047,POH-00349,SUP-PET-A,PET-RC,20251023,20251024,12000,KG
GR-01048,POH-00350,SUP-PET-B,PET-CO,20251030,20251101,12700,KG
GR-01049,POH-00350,SUP-MB-A,MB-AB,20251106,20251107,13400,KG
GR-01050,POH-00350,SUP-MB-A,MB-SL,20251113,20251115,14100,KG
GR-01051,POH-00351,SUP-ADD-A,MB-WH,20251120,20251125,14800,KG
GR-01052,POH-00351,SUP-ADD-A,MB-UV,20251127,20251127,15500,KG
GR-01053,POH-00351,SUP-NY-A,NY6-F,20251204,20251207,16200,KG
GR-01054,POH-00352,SUP-NY-B,NY6-H,20251211,20251215,16900,KG
GR-01055,POH-00352,SUP-ADD-A,MB-NA,20251218,20251219,17600,KG
GR-01056,POH-00352,SUP-ADD-A,MB-NS,20251225,20251227,18300,KG
GR-01057,POH-00353,SUP-PET-A,PET-BR,20260101,20260102,19000,KG
GR-01058,POH-00353,SUP-PET-B,PET-SD,20260108,20260107,19700,KG
GR-01059,POH-00353,SUP-PET-A,PET-RC,20260115,20260115,20400,KG
GR-01060,POH-00354,SUP-PET-B,PET-CO,20260122,20260122,21100,KG
GR-01061,POH-00354,SUP-MB-A,MB-AB,20260129,20260131,21800,KG
GR-01062,POH-00354,SUP-MB-A,MB-SL,20260205,20260208,22500,KG
GR-01063,POH-00355,SUP-ADD-A,MB-WH,20260212,20260214,23200,KG
GR-01064,POH-00355,SUP-ADD-A,MB-UV,20260219,20260222,23900,KG
GR-01065,POH-00355,SUP-NY-A,NY6-F,20260226,20260225,24600,KG
GR-01066,POH-00356,SUP-NY-B,NY6-H,20260305,20260310,25300,KG
GR-01067,POH-00356,SUP-ADD-A,MB-NA,20260312,20260315,26000,KG
GR-01068,POH-00356,SUP-ADD-A,MB-NS,20260319,20260322,26700,KG
GR-01069,POH-00357,SUP-PET-A,PET-BR,20260326,20260328,27400,KG
GR-01070,POH-00357,SUP-PET-B,PET-SD,20260402,20260402,28100,KG
GR-01071,POH-00357,SUP-PET-A,PET-RC,20260409,20260409,28800,KG
GR-01072,POH-00358,SUP-PET-B,PET-CO,20260416,20260416,29500,KG
GR-01073,POH-00358,SUP-MB-A,MB-AB,20260423,20260423,30200,KG
GR-01074,POH-00358,SUP-MB-A,MB-SL,20260430,20260504,5000,KG
GR-01075,POH-00359,SUP-ADD-A,MB-WH,20260507,20260511,5700,KG
GR-01076,POH-00359,SUP-ADD-A,MB-UV,20260514,20260518,6400,KG
GR-01077,POH-00359,SUP-NY-A,NY6-F,20260521,20260524,7100,KG
GR-01078,POH-00360,SUP-NY-B,NY6-H,20260528,20260528,7800,KG
GR-01079,POH-00360,SUP-ADD-A,MB-NA,20260604,20260609,8500,KG
GR-01080,POH-00360,SUP-ADD-A,MB-NS,20260611,20260611,9200,KG
GR-01081,POH-00361,SUP-PET-A,PET-BR,20260618,20260617,9900,KG
GR-01082,POH-00361,SUP-PET-B,PET-SD,20260625,20260626,10600,KG
GR-01083,POH-00361,SUP-PET-A,PET-RC,20260702,20260702,11300,KG
GR-01084,POH-00362,SUP-PET-B,PET-CO,20260709,20260709,12000,KG
GR-01085,POH-00362,SUP-MB-A,MB-AB,20260716,20260715,12700,KG
GR-01086,POH-00362,SUP-MB-A,MB-SL,20260723,20260723,13400,KG
GR-01087,POH-00363,SUP-ADD-A,MB-WH,20260730,20260731,14100,KG
GR-01088,POH-00363,SUP-ADD-A,MB-UV,20260806,20260808,14800,KG
GR-01089,POH-00363,SUP-NY-A,NY6-F,20260813,20260813,15500,KG
GR-01090,POH-00364,SUP-NY-B,NY6-H,20260820,20260820,16200,KG
GR-01091,POH-00364,SUP-ADD-A,MB-NA,20260827,20260829,16900,KG
GR-01092,POH-00364,SUP-ADD-A,MB-NS,20260903,20260906,17600,KG
GR-01093,POH-00365,SUP-PET-A,PET-BR,20260910,20260910,18300,KG
GR-01094,POH-00365,SUP-PET-B,PET-SD,20260917,20260917,19000,KG
GR-01095,POH-00365,SUP-PET-A,PET-RC,20260924,20260924,19700,KG
GR-01096,POH-00366,SUP-PET-B,PET-CO,20251001,20251003,20400,KG
GR-01097,POH-00366,SUP-MB-A,MB-AB,20251008,20251009,21100,KG
GR-01098,POH-00366,SUP-MB-A,MB-SL,20251015,20251016,21800,KG
GR-01099,POH-00367,SUP-ADD-A,MB-WH,20251022,20251025,22500,KG
GR-01100,POH-00367,SUP-ADD-A,MB-UV,20251029,20251101,23200,KG
GR-01101,POH-00367,SUP-NY-A,NY6-F,20251105,20251105,23900,KG
GR-01102,POH-00368,SUP-NY-B,NY6-H,20251112,20251113,24600,KG
GR-01103,POH-00368,SUP-ADD-A,MB-NA,20251119,20251123,25300,KG
GR-01104,POH-00368,SUP-ADD-A,MB-NS,20251126,20251130,26000,KG
GR-01105,POH-00369,SUP-PET-A,PET-BR,20251203,20251203,26700,KG
GR-01106,POH-00369,SUP-PET-B,PET-SD,20251210,20251209,27400,KG
GR-01107,POH-00369,SUP-PET-A,PET-RC,20251217,20251218,28100,KG
GR-01108,POH-00370,SUP-PET-B,PET-CO,20251224,20251224,28800,KG
GR-01109,POH-00370,SUP-MB-A,MB-AB,20251231,20260101,29500,KG
GR-01110,POH-00370,SUP-MB-A,MB-SL,20260107,20260109,30200,KG
GR-01111,POH-00371,SUP-ADD-A,MB-WH,20260114,20260119,5000,KG
GR-01112,POH-00371,SUP-ADD-A,MB-UV,20260121,20260121,5700,KG
GR-01113,POH-00371,SUP-NY-A,NY6-F,20260128,20260129,6400,KG
GR-01114,POH-00372,SUP-NY-B,NY6-H,20260204,20260206,7100,KG
GR-01115,POH-00372,SUP-ADD-A,MB-NA,20260211,20260212,7800,KG
GR-01116,POH-00372,SUP-ADD-A,MB-NS,20260218,20260220,8500,KG
GR-01117,POH-00373,SUP-PET-A,PET-BR,20260225,20260226,9200,KG
GR-01118,POH-00373,SUP-PET-B,PET-SD,20260304,20260304,9900,KG
GR-01119,POH-00373,SUP-PET-A,PET-RC,20260311,20260311,10600,KG
GR-01120,POH-00374,SUP-PET-B,PET-CO,20260318,20260318,11300,KG
GR-01121,POH-00374,SUP-MB-A,MB-AB,20260325,20260327,12000,KG
GR-01122,POH-00374,SUP-MB-A,MB-SL,20260401,20260404,12700,KG
GR-01123,POH-00375,SUP-ADD-A,MB-WH,20260408,20260410,13400,KG
GR-01124,POH-00375,SUP-ADD-A,MB-UV,20260415,20260418,14100,KG
GR-01125,POH-00375,SUP-NY-A,NY6-F,20260422,20260423,14800,KG
GR-01126,POH-00376,SUP-NY-B,NY6-H,20260429,20260501,15500,KG
GR-01127,POH-00376,SUP-ADD-A,MB-NA,20260506,20260509,16200,KG
GR-01128,POH-00376,SUP-ADD-A,MB-NS,20260513,20260516,16900,KG
GR-01129,POH-00377,SUP-PET-A,PET-BR,20260520,20260522,17600,KG
GR-01130,POH-00377,SUP-PET-B,PET-SD,20260527,20260528,18300,KG
GR-01131,POH-00377,SUP-PET-A,PET-RC,20260603,20260603,19000,KG
GR-01132,POH-00378,SUP-PET-B,PET-CO,20260610,20260610,19700,KG
GR-01133,POH-00378,SUP-MB-A,MB-AB,20260617,20260617,20400,KG
GR-01134,POH-00378,SUP-MB-A,MB-SL,20260624,20260628,21100,KG
GR-01135,POH-00379,SUP-ADD-A,MB-WH,20260701,20260705,21800,KG
GR-01136,POH-00379,SUP-ADD-A,MB-UV,20260708,20260712,22500,KG
GR-01137,POH-00379,SUP-NY-A,NY6-F,20260715,20260716,23200,KG
GR-01138,POH-00380,SUP-NY-B,NY6-H,20260722,20260724,23900,KG
GR-01139,POH-00380,SUP-ADD-A,MB-NA,20260729,20260803,24600,KG
GR-01140,POH-00380,SUP-ADD-A,MB-NS,20260805,20260805,25300,KG
GR-01141,POH-00381,SUP-PET-A,PET-BR,20260812,20260811,26000,KG
GR-01142,POH-00381,SUP-PET-B,PET-SD,20260819,20260819,26700,KG
GR-01143,POH-00381,SUP-PET-A,PET-RC,20260826,20260826,27400,KG
GR-01144,POH-00382,SUP-PET-B,PET-CO,20260902,20260904,28100,KG
GR-01145,POH-00382,SUP-MB-A,MB-AB,20260909,20260908,28800,KG
GR-01146,POH-00382,SUP-MB-A,MB-SL,20260916,20260916,29500,KG
GR-01147,POH-00383,SUP-ADD-A,MB-WH,20260923,20260924,30200,KG
GR-01148,POH-00383,SUP-ADD-A,MB-UV,20260930,20261002,5000,KG
GR-01149,POH-00383,SUP-NY-A,NY6-F,20251007,20251009,5700,KG
GR-01150,POH-00384,SUP-NY-B,NY6-H,20251014,20251017,6400,KG
GR-01151,POH-00384,SUP-ADD-A,MB-NA,20251021,20251023,7100,KG
GR-01152,POH-00384,SUP-ADD-A,MB-NS,20251028,20251031,7800,KG
GR-01153,POH-00385,SUP-PET-A,PET-BR,20251104,20251104,8500,KG
GR-01154,POH-00385,SUP-PET-B,PET-SD,20251111,20251110,9200,KG
GR-01155,POH-00385,SUP-PET-A,PET-RC,20251118,20251118,9900,KG
GR-01156,POH-00386,SUP-PET-B,PET-CO,20251125,20251125,10600,KG
GR-01157,POH-00386,SUP-MB-A,MB-AB,20251202,20251203,11300,KG
GR-01158,POH-00386,SUP-MB-A,MB-SL,20251209,20251210,12000,KG
GR-01159,POH-00387,SUP-ADD-A,MB-WH,20251216,20251219,12700,KG
GR-01160,POH-00387,SUP-ADD-A,MB-UV,20251223,20251226,13400,KG
GR-01161,POH-00387,SUP-NY-A,NY6-F,20251230,20260101,14100,KG
GR-01162,POH-00388,SUP-NY-B,NY6-H,20260106,20260109,14800,KG
GR-01163,POH-00388,SUP-ADD-A,MB-NA,20260113,20260117,15500,KG
GR-01164,POH-00388,SUP-ADD-A,MB-NS,20260120,20260124,16200,KG
GR-01165,POH-00389,SUP-PET-A,PET-BR,20260127,20260127,16900,KG
GR-01166,POH-00389,SUP-PET-B,PET-SD,20260203,20260203,17600,KG
GR-01167,POH-00389,SUP-PET-A,PET-RC,20260210,20260211,18300,KG
GR-01168,POH-00390,SUP-PET-B,PET-CO,20260217,20260217,19000,KG
GR-01169,POH-00390,SUP-MB-A,MB-AB,20260224,20260225,19700,KG
GR-01170,POH-00390,SUP-MB-A,MB-SL,20260303,20260305,20400,KG
GR-01171,POH-00391,SUP-ADD-A,MB-WH,20260310,20260315,21100,KG
GR-01172,POH-00391,SUP-ADD-A,MB-UV,20260317,20260317,21800,KG
GR-01173,POH-00391,SUP-NY-A,NY6-F,20260324,20260327,22500,KG
GR-01174,POH-00392,SUP-NY-B,NY6-H,20260331,20260404,23200,KG
GR-01175,POH-00392,SUP-ADD-A,MB-NA,20260407,20260408,23900,KG
GR-01176,POH-00392,SUP-ADD-A,MB-NS,20260414,20260416,24600,KG
GR-01177,POH-00393,SUP-PET-A,PET-BR,20260421,20260422,25300,KG
GR-01178,POH-00393,SUP-PET-B,PET-SD,20260428,20260429,26000,KG
GR-01179,POH-00393,SUP-PET-A,PET-RC,20260505,20260505,26700,KG
GR-01180,POH-00394,SUP-PET-B,PET-CO,20260512,20260512,27400,KG
GR-01181,POH-00394,SUP-MB-A,MB-AB,20260519,20260521,28100,KG
GR-01182,POH-00394,SUP-MB-A,MB-SL,20260526,20260529,28800,KG
GR-01183,POH-00395,SUP-ADD-A,MB-WH,20260602,20260604,29500,KG
GR-01184,POH-00395,SUP-ADD-A,MB-UV,20260609,20260612,30200,KG
GR-01185,POH-00395,SUP-NY-A,NY6-F,20260616,20260615,5000,KG
GR-01186,POH-00396,SUP-NY-B,NY6-H,20260623,20260628,5700,KG
GR-01187,POH-00396,SUP-ADD-A,MB-NA,20260630,20260703,6400,KG
GR-01188,POH-00396,SUP-ADD-A,MB-NS,20260707,20260710,7100,KG
GR-01189,POH-00397,SUP-PET-A,PET-BR,20260714,20260716,7800,KG
GR-01190,POH-00397,SUP-PET-B,PET-SD,20260721,20260721,8500,KG
GR-01191,POH-00397,SUP-PET-A,PET-RC,20260728,20260728,9200,KG
GR-01192,POH-00398,SUP-PET-B,PET-CO,20260804,20260806,9900,KG
GR-01193,POH-00398,SUP-MB-A,MB-AB,20260811,20260811,10600,KG
GR-01194,POH-00398,SUP-MB-A,MB-SL,20260818,20260822,11300,KG
GR-01195,POH-00399,SUP-ADD-A,MB-WH,20260825,20260829,12000,KG
GR-01196,POH-00399,SUP-ADD-A,MB-UV,20260901,20260905,12700,KG
GR-01197,POH-00399,SUP-NY-A,NY6-F,20260908,20260911,13400,KG
GR-01198,POH-00400,SUP-NY-B,NY6-H,20260915,20260915,14100,KG
GR-01199,POH-00400,SUP-ADD-A,MB-NA,20260922,20260927,14800,KG
GR-01200,POH-00400,SUP-ADD-A,MB-NS,20260929,20260929,15500,KG
GR-01201,POH-00401,SUP-PET-A,PET-BR,20251006,20251005,16200,KG
GR-01202,POH-00401,SUP-PET-B,PET-SD,20251013,20251012,16900,KG
GR-01203,POH-00401,SUP-PET-A,PET-RC,20251020,20251020,17600,KG
GR-01204,POH-00402,SUP-PET-B,PET-CO,20251027,20251027,18300,KG
GR-01205,POH-00402,SUP-MB-A,MB-AB,20251103,20251102,19000,KG
GR-01206,POH-00402,SUP-MB-A,MB-SL,20251110,20251110,19700,KG
GR-01207,POH-00403,SUP-ADD-A,MB-WH,20251117,20251118,20400,KG
GR-01208,POH-00403,SUP-ADD-A,MB-UV,20251124,20251126,21100,KG
GR-01209,POH-00403,SUP-NY-A,NY6-F,20251201,20251201,21800,KG
GR-01210,POH-00404,SUP-NY-B,NY6-H,20251208,20251208,22500,KG
GR-01211,POH-00404,SUP-ADD-A,MB-NA,20251215,20251217,23200,KG
GR-01212,POH-00404,SUP-ADD-A,MB-NS,20251222,20251225,23900,KG
GR-01213,POH-00405,SUP-PET-A,PET-BR,20251229,20251229,24600,KG
GR-01214,POH-00405,SUP-PET-B,PET-SD,20260105,20260105,25300,KG
GR-01215,POH-00405,SUP-PET-A,PET-RC,20260112,20260112,26000,KG
GR-01216,POH-00406,SUP-PET-B,PET-CO,20260119,20260119,26700,KG
GR-01217,POH-00406,SUP-MB-A,MB-AB,20260126,20260127,27400,KG
GR-01218,POH-00406,SUP-MB-A,MB-SL,20260202,20260203,28100,KG
GR-01219,POH-00407,SUP-ADD-A,MB-WH,20260209,20260212,28800,KG
GR-01220,POH-00407,SUP-ADD-A,MB-UV,20260216,20260219,29500,KG
GR-01221,POH-00407,SUP-NY-A,NY6-F,20260223,20260223,30200,KG
GR-01222,POH-00408,SUP-NY-B,NY6-H,20260302,20260303,5000,KG
GR-01223,POH-00408,SUP-ADD-A,MB-NA,20260309,20260313,5700,KG
GR-01224,POH-00408,SUP-ADD-A,MB-NS,20260316,20260320,6400,KG
GR-01225,POH-00409,SUP-PET-A,PET-BR,20260323,20260323,7100,KG
GR-01226,POH-00409,SUP-PET-B,PET-SD,20260330,20260331,7800,KG
GR-01227,POH-00409,SUP-PET-A,PET-RC,20260406,20260407,8500,KG
GR-01228,POH-00410,SUP-PET-B,PET-CO,20260413,20260413,9200,KG
GR-01229,POH-00410,SUP-MB-A,MB-AB,20260420,20260421,9900,KG
GR-01230,POH-00410,SUP-MB-A,MB-SL,20260427,20260429,10600,KG
GR-01231,POH-00411,SUP-ADD-A,MB-WH,20260504,20260509,11300,KG
GR-01232,POH-00411,SUP-ADD-A,MB-UV,20260511,20260511,12000,KG
GR-01233,POH-00411,SUP-NY-A,NY6-F,20260518,20260519,12700,KG
GR-01234,POH-00412,SUP-NY-B,NY6-H,20260525,20260527,13400,KG
GR-01235,POH-00412,SUP-ADD-A,MB-NA,20260601,20260602,14100,KG
GR-01236,POH-00412,SUP-ADD-A,MB-NS,20260608,20260610,14800,KG
GR-01237,POH-00413,SUP-PET-A,PET-BR,20260615,20260616,15500,KG
GR-01238,POH-00413,SUP-PET-B,PET-SD,20260622,20260622,16200,KG
GR-01239,POH-00413,SUP-PET-A,PET-RC,20260629,20260629,16900,KG
GR-01240,POH-00414,SUP-PET-B,PET-CO,20260706,20260708,17600,KG
GR-01241,POH-00414,SUP-MB-A,MB-AB,20260713,20260715,18300,KG
GR-01242,POH-00414,SUP-MB-A,MB-SL,20260720,20260723,19000,KG
GR-01243,POH-00415,SUP-ADD-A,MB-WH,20260727,20260729,19700,KG
GR-01244,POH-00415,SUP-ADD-A,MB-UV,20260803,20260806,20400,KG
GR-01245,POH-00415,SUP-NY-A,NY6-F,20260810,20260811,21100,KG
GR-01246,POH-00416,SUP-NY-B,NY6-H,20260817,20260819,21800,KG
GR-01247,POH-00416,SUP-ADD-A,MB-NA,20260824,20260827,22500,KG
GR-01248,POH-00416,SUP-ADD-A,MB-NS,20260831,20260903,23200,KG
GR-01249,POH-00417,SUP-PET-A,PET-BR,20260907,20260909,23900,KG
GR-01250,POH-00417,SUP-PET-B,PET-SD,20260914,20260913,24600,KG
GR-01251,POH-00417,SUP-PET-A,PET-RC,20260921,20260921,25300,KG
GR-01252,POH-00418,SUP-PET-B,PET-CO,20260928,20260928,26000,KG
GR-01253,POH-00418,SUP-MB-A,MB-AB,20251005,20251005,26700,KG
GR-01254,POH-00418,SUP-MB-A,MB-SL,20251012,20251016,27400,KG
GR-01255,POH-00419,SUP-ADD-A,MB-WH,20251019,20251023,28100,KG
GR-01256,POH-00419,SUP-ADD-A,MB-UV,20251026,20251030,28800,KG
GR-01257,POH-00419,SUP-NY-A,NY6-F,20251102,20251103,29500,KG
GR-01258,POH-00420,SUP-NY-B,NY6-H,20251109,20251111,30200,KG
GR-01259,POH-00420,SUP-ADD-A,MB-NA,20251116,20251121,5000,KG
GR-01260,POH-00420,SUP-ADD-A,MB-NS,20251123,20251123,5700,KG
GR-01261,POH-00421,SUP-PET-A,PET-BR,20251130,20251129,6400,KG
GR-01262,POH-00421,SUP-PET-B,PET-SD,20251207,20251207,7100,KG
GR-01263,POH-00421,SUP-PET-A,PET-RC,20251214,20251214,7800,KG
GR-01264,POH-00422,SUP-PET-B,PET-CO,20251221,20251221,8500,KG
GR-01265,POH-00422,SUP-MB-A,MB-AB,20251228,20251227,9200,KG
GR-01266,POH-00422,SUP-MB-A,MB-SL,20260104,20260104,9900,KG
GR-01267,POH-00423,SUP-ADD-A,MB-WH,20260111,20260112,10600,KG
GR-01268,POH-00423,SUP-ADD-A,MB-UV,20260118,20260120,11300,KG
GR-01269,POH-00423,SUP-NY-A,NY6-F,20260125,20260127,12000,KG
GR-01270,POH-00424,SUP-NY-B,NY6-H,20260201,20260204,12700,KG
GR-01271,POH-00424,SUP-ADD-A,MB-NA,20260208,20260210,13400,KG
GR-01272,POH-00424,SUP-ADD-A,MB-NS,20260215,20260218,14100,KG
GR-01273,POH-00425,SUP-PET-A,PET-BR,20260222,20260222,14800,KG
GR-01274,POH-00425,SUP-PET-B,PET-SD,20260301,20260302,15500,KG
GR-01275,POH-00425,SUP-PET-A,PET-RC,20260308,20260308,16200,KG
GR-01276,POH-00426,SUP-PET-B,PET-CO,20260315,20260315,16900,KG
GR-01277,POH-00426,SUP-MB-A,MB-AB,20260322,20260323,17600,KG
GR-01278,POH-00426,SUP-MB-A,MB-SL,20260329,20260330,18300,KG
GR-01279,POH-00427,SUP-ADD-A,MB-WH,20260405,20260408,19000,KG
GR-01280,POH-00427,SUP-ADD-A,MB-UV,20260412,20260415,19700,KG
GR-01281,POH-00427,SUP-NY-A,NY6-F,20260419,20260421,20400,KG
GR-01282,POH-00428,SUP-NY-B,NY6-H,20260426,20260429,21100,KG
GR-01283,POH-00428,SUP-ADD-A,MB-NA,20260503,20260507,21800,KG
GR-01284,POH-00428,SUP-ADD-A,MB-NS,20260510,20260514,22500,KG
GR-01285,POH-00429,SUP-PET-A,PET-BR,20260517,20260517,23200,KG
GR-01286,POH-00429,SUP-PET-B,PET-SD,20260524,20260524,23900,KG
GR-01287,POH-00429,SUP-PET-A,PET-RC,20260531,20260601,24600,KG
GR-01288,POH-00430,SUP-PET-B,PET-CO,20260607,20260609,25300,KG
GR-01289,POH-00430,SUP-MB-A,MB-AB,20260614,20260615,26000,KG
GR-01290,POH-00430,SUP-MB-A,MB-SL,20260621,20260623,26700,KG
GR-01291,POH-00431,SUP-ADD-A,MB-WH,20260628,20260703,27400,KG
GR-01292,POH-00431,SUP-ADD-A,MB-UV,20260705,20260705,28100,KG
GR-01293,POH-00431,SUP-NY-A,NY6-F,20260712,20260715,28800,KG
GR-01294,POH-00432,SUP-NY-B,NY6-H,20260719,20260723,29500,KG
GR-01295,POH-00432,SUP-ADD-A,MB-NA,20260726,20260727,30200,KG
GR-01296,POH-00432,SUP-ADD-A,MB-NS,20260802,20260804,5000,KG
GR-01297,POH-00433,SUP-PET-A,PET-BR,20260809,20260810,5700,KG
GR-01298,POH-00433,SUP-PET-B,PET-SD,20260816,20260815,6400,KG
GR-01299,POH-00433,SUP-PET-A,PET-RC,20260823,20260823,7100,KG
GR-01300,POH-00434,SUP-PET-B,PET-CO,20260830,20260830,7800,KG
GR-01301,POH-00434,SUP-MB-A,MB-AB,20260906,20260908,8500,KG
GR-01302,POH-00434,SUP-MB-A,MB-SL,20260913,20260916,9200,KG
GR-01303,POH-00435,SUP-ADD-A,MB-WH,20260920,20260922,9900,KG
GR-01304,POH-00435,SUP-ADD-A,MB-UV,20260927,20260930,10600,KG
GR-01305,POH-00435,SUP-NY-A,NY6-F,20251004,20251003,11300,KG
GR-01306,POH-00436,SUP-NY-B,NY6-H,20251011,20251016,12000,KG
GR-01307,POH-00436,SUP-ADD-A,MB-NA,20251018,20251021,12700,KG
GR-01308,POH-00436,SUP-ADD-A,MB-NS,20251025,20251028,13400,KG
GR-01309,POH-00437,SUP-PET-A,PET-BR,20251101,20251103,14100,KG
GR-01310,POH-00437,SUP-PET-B,PET-SD,20251108,20251108,14800,KG
GR-01311,POH-00437,SUP-PET-A,PET-RC,20251115,20251115,15500,KG
GR-01312,POH-00438,SUP-PET-B,PET-CO,20251122,20251122,16200,KG
GR-01313,POH-00438,SUP-MB-A,MB-AB,20251129,20251129,16900,KG
GR-01314,POH-00438,SUP-MB-A,MB-SL,20251206,20251210,17600,KG
GR-01315,POH-00439,SUP-ADD-A,MB-WH,20251213,20251217,18300,KG
GR-01316,POH-00439,SUP-ADD-A,MB-UV,20251220,20251224,19000,KG
GR-01317,POH-00439,SUP-NY-A,NY6-F,20251227,20251230,19700,KG
GR-01318,POH-00440,SUP-NY-B,NY6-H,20260103,20260103,20400,KG
GR-01319,POH-00440,SUP-ADD-A,MB-NA,20260110,20260115,21100,KG
GR-01320,POH-00440,SUP-ADD-A,MB-NS,20260117,20260117,21800,KG
GR-01321,POH-00441,SUP-PET-A,PET-BR,20260124,20260123,22500,KG
GR-01322,POH-00441,SUP-PET-B,PET-SD,20260131,20260201,23200,KG
GR-01323,POH-00441,SUP-PET-A,PET-RC,20260207,20260207,23900,KG
GR-01324,POH-00442,SUP-PET-B,PET-CO,20260214,20260214,24600,KG
GR-01325,POH-00442,SUP-MB-A,MB-AB,20260221,20260220,25300,KG
GR-01326,POH-00442,SUP-MB-A,MB-SL,20260228,20260228,26000,KG
GR-01327,POH-00443,SUP-ADD-A,MB-WH,20260307,20260308,26700,KG
GR-01328,POH-00443,SUP-ADD-A,MB-UV,20260314,20260316,27400,KG
GR-01329,POH-00443,SUP-NY-A,NY6-F,20260321,20260321,28100,KG
GR-01330,POH-00444,SUP-NY-B,NY6-H,20260328,20260328,28800,KG
GR-01331,POH-00444,SUP-ADD-A,MB-NA,20260404,20260406,29500,KG
GR-01332,POH-00444,SUP-ADD-A,MB-NS,20260411,20260414,30200,KG
GR-01333,POH-00445,SUP-PET-A,PET-BR,20260418,20260418,5000,KG
GR-01334,POH-00445,SUP-PET-B,PET-SD,20260425,20260425,5700,KG
GR-01335,POH-00445,SUP-PET-A,PET-RC,20260502,20260502,6400,KG
GR-01336,POH-00446,SUP-PET-B,PET-CO,20260509,20260511,7100,KG
GR-01337,POH-00446,SUP-MB-A,MB-AB,20260516,20260517,7800,KG
GR-01338,POH-00446,SUP-MB-A,MB-SL,20260523,20260524,8500,KG
GR-01339,POH-00447,SUP-ADD-A,MB-WH,20260530,20260602,9200,KG
GR-01340,POH-00447,SUP-ADD-A,MB-UV,20260606,20260609,9900,KG
GR-01341,POH-00447,SUP-NY-A,NY6-F,20260613,20260613,10600,KG
GR-01342,POH-00448,SUP-NY-B,NY6-H,20260620,20260621,11300,KG
GR-01343,POH-00448,SUP-ADD-A,MB-NA,20260627,20260701,12000,KG
GR-01344,POH-00448,SUP-ADD-A,MB-NS,20260704,20260708,12700,KG
GR-01345,POH-00449,SUP-PET-A,PET-BR,20260711,20260711,13400,KG
GR-01346,POH-00449,SUP-PET-B,PET-SD,20260718,20260717,14100,KG
GR-01347,POH-00449,SUP-PET-A,PET-RC,20260725,20260726,14800,KG
GR-01348,POH-00450,SUP-PET-B,PET-CO,20260801,20260801,15500,KG
GR-01349,POH-00450,SUP-MB-A,MB-AB,20260808,20260809,16200,KG
GR-01350,POH-00450,SUP-MB-A,MB-SL,20260815,20260817,16900,KG
GR-01351,POH-00451,SUP-ADD-A,MB-WH,20260822,20260827,17600,KG
GR-01352,POH-00451,SUP-ADD-A,MB-UV,20260829,20260829,18300,KG
GR-01353,POH-00451,SUP-NY-A,NY6-F,20260905,20260906,19000,KG
GR-01354,POH-00452,SUP-NY-B,NY6-H,20260912,20260914,19700,KG
GR-01355,POH-00452,SUP-ADD-A,MB-NA,20260919,20260920,20400,KG
GR-01356,POH-00452,SUP-ADD-A,MB-NS,20260926,20260928,21100,KG
GR-01357,POH-00453,SUP-PET-A,PET-BR,20251003,20251004,21800,KG
GR-01358,POH-00453,SUP-PET-B,PET-SD,20251010,20251010,22500,KG
GR-01359,POH-00453,SUP-PET-A,PET-RC,20251017,20251017,23200,KG
GR-01360,POH-00454,SUP-PET-B,PET-CO,20251024,20251024,23900,KG
GR-01361,POH-00454,SUP-MB-A,MB-AB,20251031,20251102,24600,KG
GR-01362,POH-00454,SUP-MB-A,MB-SL,20251107,20251110,25300,KG
GR-01363,POH-00455,SUP-ADD-A,MB-WH,20251114,20251116,26000,KG
GR-01364,POH-00455,SUP-ADD-A,MB-UV,20251121,20251124,26700,KG
GR-01365,POH-00455,SUP-NY-A,NY6-F,20251128,20251129,27400,KG
GR-01366,POH-00456,SUP-NY-B,NY6-H,20251205,20251207,28100,KG
GR-01367,POH-00456,SUP-ADD-A,MB-NA,20251212,20251215,28800,KG
GR-01368,POH-00456,SUP-ADD-A,MB-NS,20251219,20251222,29500,KG
GR-01369,POH-00457,SUP-PET-A,PET-BR,20251226,20251228,30200,KG
GR-01370,POH-00457,SUP-PET-B,PET-SD,20260102,20260103,5000,KG
GR-01371,POH-00457,SUP-PET-A,PET-RC,20260109,20260109,5700,KG
GR-01372,POH-00458,SUP-PET-B,PET-CO,20260116,20260116,6400,KG
GR-01373,POH-00458,SUP-MB-A,MB-AB,20260123,20260123,7100,KG
GR-01374,POH-00458,SUP-MB-A,MB-SL,20260130,20260203,7800,KG
GR-01375,POH-00459,SUP-ADD-A,MB-WH,20260206,20260210,8500,KG
GR-01376,POH-00459,SUP-ADD-A,MB-UV,20260213,20260217,9200,KG
GR-01377,POH-00459,SUP-NY-A,NY6-F,20260220,20260221,9900,KG
GR-01378,POH-00460,SUP-NY-B,NY6-H,20260227,20260301,10600,KG
GR-01379,POH-00460,SUP-ADD-A,MB-NA,20260306,20260311,11300,KG
GR-01380,POH-00460,SUP-ADD-A,MB-NS,20260313,20260313,12000,KG
GR-01381,POH-00461,SUP-PET-A,PET-BR,20260320,20260319,12700,KG
GR-01382,POH-00461,SUP-PET-B,PET-SD,20260327,20260327,13400,KG
GR-01383,POH-00461,SUP-PET-A,PET-RC,20260403,20260403,14100,KG
GR-01384,POH-00462,SUP-PET-B,PET-CO,20260410,20260412,14800,KG
GR-01385,POH-00462,SUP-MB-A,MB-AB,20260417,20260416,15500,KG
GR-01386,POH-00462,SUP-MB-A,MB-SL,20260424,20260424,16200,KG
GR-01387,POH-00463,SUP-ADD-A,MB-WH,20260501,20260502,16900,KG
GR-01388,POH-00463,SUP-ADD-A,MB-UV,20260508,20260510,17600,KG
GR-01389,POH-00463,SUP-NY-A,NY6-F,20260515,20260517,18300,KG
GR-01390,POH-00464,SUP-NY-B,NY6-H,20260522,20260525,19000,KG
GR-01391,POH-00464,SUP-ADD-A,MB-NA,20260529,20260531,19700,KG
GR-01392,POH-00464,SUP-ADD-A,MB-NS,20260605,20260608,20400,KG
GR-01393,POH-00465,SUP-PET-A,PET-BR,20260612,20260612,21100,KG
GR-01394,POH-00465,SUP-PET-B,PET-SD,20260619,20260618,21800,KG
GR-01395,POH-00465,SUP-PET-A,PET-RC,20260626,20260626,22500,KG
GR-01396,POH-00466,SUP-PET-B,PET-CO,20260703,20260703,23200,KG
GR-01397,POH-00466,SUP-MB-A,MB-AB,20260710,20260711,23900,KG
GR-01398,POH-00466,SUP-MB-A,MB-SL,20260717,20260718,24600,KG
GR-01399,POH-00467,SUP-ADD-A,MB-WH,20260724,20260727,25300,KG
GR-01400,POH-00467,SUP-ADD-A,MB-UV,20260731,20260803,26000,KG
GR-01401,POH-00467,SUP-NY-A,NY6-F,20260807,20260809,26700,KG
GR-01402,POH-00468,SUP-NY-B,NY6-H,20260814,20260817,27400,KG
GR-01403,POH-00468,SUP-ADD-A,MB-NA,20260821,20260825,28100,KG
GR-01404,POH-00468,SUP-ADD-A,MB-NS,20260828,20260901,28800,KG
GR-01405,POH-00469,SUP-PET-A,PET-BR,20260904,20260904,29500,KG
GR-01406,POH-00469,SUP-PET-B,PET-SD,20260911,20260911,30200,KG
GR-01407,POH-00469,SUP-PET-A,PET-RC,20260918,20260919,5000,KG
GR-01408,POH-00470,SUP-PET-B,PET-CO,20260925,20260925,5700,KG
GR-01409,POH-00470,SUP-MB-A,MB-AB,20251002,20251003,6400,KG
GR-01410,POH-00470,SUP-MB-A,MB-SL,20251009,20251011,7100,KG
GR-01411,POH-00471,SUP-ADD-A,MB-WH,20251016,20251021,7800,KG
GR-01412,POH-00471,SUP-ADD-A,MB-UV,20251023,20251023,8500,KG
GR-01413,POH-00471,SUP-NY-A,NY6-F,20251030,20251102,9200,KG
GR-01414,POH-00472,SUP-NY-B,NY6-H,20251106,20251110,9900,KG
GR-01415,POH-00472,SUP-ADD-A,MB-NA,20251113,20251114,10600,KG
GR-01416,POH-00472,SUP-ADD-A,MB-NS,20251120,20251122,11300,KG
GR-01417,POH-00473,SUP-PET-A,PET-BR,20251127,20251128,12000,KG
GR-01418,POH-00473,SUP-PET-B,PET-SD,20251204,20251205,12700,KG
GR-01419,POH-00473,SUP-PET-A,PET-RC,20251211,20251211,13400,KG
GR-01420,POH-00474,SUP-PET-B,PET-CO,20251218,20251218,14100,KG
GR-01421,POH-00474,SUP-MB-A,MB-AB,20251225,20251227,14800,KG
GR-01422,POH-00474,SUP-MB-A,MB-SL,20260101,20260104,15500,KG
GR-01423,POH-00475,SUP-ADD-A,MB-WH,20260108,20260110,16200,KG
GR-01424,POH-00475,SUP-ADD-A,MB-UV,20260115,20260118,16900,KG
GR-01425,POH-00475,SUP-NY-A,NY6-F,20260122,20260121,17600,KG
GR-01426,POH-00476,SUP-NY-B,NY6-H,20260129,20260203,18300,KG
GR-01427,POH-00476,SUP-ADD-A,MB-NA,20260205,20260208,19000,KG
GR-01428,POH-00476,SUP-ADD-A,MB-NS,20260212,20260215,19700,KG
GR-01429,POH-00477,SUP-PET-A,PET-BR,20260219,20260221,20400,KG
GR-01430,POH-00477,SUP-PET-B,PET-SD,20260226,20260226,21100,KG
GR-01431,POH-00477,SUP-PET-A,PET-RC,20260305,20260305,21800,KG
GR-01432,POH-00478,SUP-PET-B,PET-CO,20260312,20260314,22500,KG
GR-01433,POH-00478,SUP-MB-A,MB-AB,20260319,20260319,23200,KG
GR-01434,POH-00478,SUP-MB-A,MB-SL,20260326,20260330,23900,KG
GR-01435,POH-00479,SUP-ADD-A,MB-WH,20260402,20260406,24600,KG
GR-01436,POH-00479,SUP-ADD-A,MB-UV,20260409,20260413,25300,KG
GR-01437,POH-00479,SUP-NY-A,NY6-F,20260416,20260419,26000,KG
GR-01438,POH-00480,SUP-NY-B,NY6-H,20260423,20260423,26700,KG
GR-01439,POH-00480,SUP-ADD-A,MB-NA,20260430,20260505,27400,KG
GR-01440,POH-00480,SUP-ADD-A,MB-NS,20260507,20260507,28100,KG
GR-01441,POH-00481,SUP-PET-A,PET-BR,20260514,20260513,28800,KG
GR-01442,POH-00481,SUP-PET-B,PET-SD,20260521,20260520,29500,KG
GR-01443,POH-00481,SUP-PET-A,PET-RC,20260528,20260528,30200,KG
GR-01444,POH-00482,SUP-PET-B,PET-CO,20260604,20260604,5000,KG
GR-01445,POH-00482,SUP-MB-A,MB-AB,20260611,20260610,5700,KG
GR-01446,POH-00482,SUP-MB-A,MB-SL,20260618,20260618,6400,KG
GR-01447,POH-00483,SUP-ADD-A,MB-WH,20260625,20260626,7100,KG
GR-01448,POH-00483,SUP-ADD-A,MB-UV,20260702,20260704,7800,KG
GR-01449,POH-00483,SUP-NY-A,NY6-F,20260709,20260709,8500,KG
GR-01450,POH-00484,SUP-NY-B,NY6-H,20260716,20260716,9200,KG
GR-01451,POH-00484,SUP-ADD-A,MB-NA,20260723,20260725,9900,KG
GR-01452,POH-00484,SUP-ADD-A,MB-NS,20260730,20260802,10600,KG
GR-01453,POH-00485,SUP-PET-A,PET-BR,20260806,20260806,11300,KG
GR-01454,POH-00485,SUP-PET-B,PET-SD,20260813,20260813,12000,KG
GR-01455,POH-00485,SUP-PET-A,PET-RC,20260820,20260820,12700,KG
GR-01456,POH-00486,SUP-PET-B,PET-CO,20260827,20260827,13400,KG
GR-01457,POH-00486,SUP-MB-A,MB-AB,20260903,20260904,14100,KG
GR-01458,POH-00486,SUP-MB-A,MB-SL,20260910,20260911,14800,KG
GR-01459,POH-00487,SUP-ADD-A,MB-WH,20260917,20260920,15500,KG
GR-01460,POH-00487,SUP-ADD-A,MB-UV,20260924,20260927,16200,KG
GR-01461,POH-00487,SUP-NY-A,NY6-F,20251001,20251001,16900,KG
GR-01462,POH-00488,SUP-NY-B,NY6-H,20251008,20251009,17600,KG
GR-01463,POH-00488,SUP-ADD-A,MB-NA,20251015,20251019,18300,KG
GR-01464,POH-00488,SUP-ADD-A,MB-NS,20251022,20251026,19000,KG
GR-01465,POH-00489,SUP-PET-A,PET-BR,20251029,20251029,19700,KG
GR-01466,POH-00489,SUP-PET-B,PET-SD,20251105,20251106,20400,KG
GR-01467,POH-00489,SUP-PET-A,PET-RC,20251112,20251113,21100,KG
GR-01468,POH-00490,SUP-PET-B,PET-CO,20251119,20251119,21800,KG
GR-01469,POH-00490,SUP-MB-A,MB-AB,20251126,20251127,22500,KG
GR-01470,POH-00490,SUP-MB-A,MB-SL,20251203,20251205,23200,KG
GR-01471,POH-00491,SUP-ADD-A,MB-WH,20251210,20251215,23900,KG
GR-01472,POH-00491,SUP-ADD-A,MB-UV,20251217,20251217,24600,KG
GR-01473,POH-00491,SUP-NY-A,NY6-F,20251224,20251225,25300,KG
GR-01474,POH-00492,SUP-NY-B,NY6-H,20251231,20260102,26000,KG
GR-01475,POH-00492,SUP-ADD-A,MB-NA,20260107,20260108,26700,KG
GR-01476,POH-00492,SUP-ADD-A,MB-NS,20260114,20260116,27400,KG
GR-01477,POH-00493,SUP-PET-A,PET-BR,20260121,20260122,28100,KG
GR-01478,POH-00493,SUP-PET-B,PET-SD,20260128,20260128,28800,KG
GR-01479,POH-00493,SUP-PET-A,PET-RC,20260204,20260204,29500,KG
GR-01480,POH-00494,SUP-PET-B,PET-CO,20260211,20260213,30200,KG
GR-01481,POH-00494,SUP-MB-A,MB-AB,20260218,20260220,5000,KG
GR-01482,POH-00494,SUP-MB-A,MB-SL,20260225,20260228,5700,KG
GR-01483,POH-00495,SUP-ADD-A,MB-WH,20260304,20260306,6400,KG
GR-01484,POH-00495,SUP-ADD-A,MB-UV,20260311,20260314,7100,KG
GR-01485,POH-00495,SUP-NY-A,NY6-F,20260318,20260319,7800,KG
GR-01486,POH-00496,SUP-NY-B,NY6-H,20260325,20260327,8500,KG
GR-01487,POH-00496,SUP-ADD-A,MB-NA,20260401,20260404,9200,KG
GR-01488,POH-00496,SUP-ADD-A,MB-NS,20260408,20260411,9900,KG
GR-01489,POH-00497,SUP-PET-A,PET-BR,20260415,20260417,10600,KG
GR-01490,POH-00497,SUP-PET-B,PET-SD,20260422,20260421,11300,KG
GR-01491,POH-00497,SUP-PET-A,PET-RC,20260429,20260429,12000,KG
GR-01492,POH-00498,SUP-PET-B,PET-CO,20260506,20260506,12700,KG
GR-01493,POH-00498,SUP-MB-A,MB-AB,20260513,20260513,13400,KG
GR-01494,POH-00498,SUP-MB-A,MB-SL,20260520,20260524,14100,KG
GR-01495,POH-00499,SUP-ADD-A,MB-WH,20260527,20260531,14800,KG
GR-01496,POH-00499,SUP-ADD-A,MB-UV,20260603,20260607,15500,KG
GR-01497,POH-00499,SUP-NY-A,NY6-F,20260610,20260611,16200,KG
GR-01498,POH-00500,SUP-NY-B,NY6-H,20260617,20260619,16900,KG
GR-01499,POH-00500,SUP-ADD-A,MB-NA,20260624,20260629,17600,KG
GR-01500,POH-00500,SUP-ADD-A,MB-NS,20260701,20260701,18300,KG
GR-01501,POH-00501,SUP-PET-A,PET-BR,20260708,20260707,19000,KG
GR-01502,POH-00501,SUP-PET-B,PET-SD,20260715,20260715,19700,KG
GR-01503,POH-00501,SUP-PET-A,PET-RC,20260722,20260722,20400,KG
GR-01504,POH-00502,SUP-PET-B,PET-CO,20260729,20260729,21100,KG
GR-01505,POH-00502,SUP-MB-A,MB-AB,20260805,20260804,21800,KG
GR-01506,POH-00502,SUP-MB-A,MB-SL,20260812,20260812,22500,KG
GR-01507,POH-00503,SUP-ADD-A,MB-WH,20260819,20260820,23200,KG
GR-01508,POH-00503,SUP-ADD-A,MB-UV,20260826,20260828,23900,KG
GR-01509,POH-00503,SUP-NY-A,NY6-F,20260902,20260904,24600,KG
GR-01510,POH-00504,SUP-NY-B,NY6-H,20260909,20260912,25300,KG
GR-01511,POH-00504,SUP-ADD-A,MB-NA,20260916,20260918,26000,KG
GR-01512,POH-00504,SUP-ADD-A,MB-NS,20260923,20260926,26700,KG
GR-01513,POH-00505,SUP-PET-A,PET-BR,20260930,20260930,27400,KG
GR-01514,POH-00505,SUP-PET-B,PET-SD,20251007,20251008,28100,KG
GR-01515,POH-00505,SUP-PET-A,PET-RC,20251014,20251014,28800,KG
GR-01516,POH-00506,SUP-PET-B,PET-CO,20251021,20251021,29500,KG
GR-01517,POH-00506,SUP-MB-A,MB-AB,20251028,20251029,30200,KG
GR-01518,POH-00506,SUP-MB-A,MB-SL,20251104,20251105,5000,KG
GR-01519,POH-00507,SUP-ADD-A,MB-WH,20251111,20251114,5700,KG
GR-01520,POH-00507,SUP-ADD-A,MB-UV,20251118,20251121,6400,KG
GR-01521,POH-00507,SUP-NY-A,NY6-F,20251125,20251127,7100,KG
GR-01522,POH-00508,SUP-NY-B,NY6-H,20251202,20251205,7800,KG
GR-01523,POH-00508,SUP-ADD-A,MB-NA,20251209,20251213,8500,KG
GR-01524,POH-00508,SUP-ADD-A,MB-NS,20251216,20251220,9200,KG
GR-01525,POH-00509,SUP-PET-A,PET-BR,20251223,20251223,9900,KG
GR-01526,POH-00509,SUP-PET-B,PET-SD,20251230,20251230,10600,KG
GR-01527,POH-00509,SUP-PET-A,PET-RC,20260106,20260107,11300,KG
GR-01528,POH-00510,SUP-PET-B,PET-CO,20260113,20260115,12000,KG
GR-01529,POH-00510,SUP-MB-A,MB-AB,20260120,20260121,12700,KG
GR-01530,POH-00510,SUP-MB-A,MB-SL,20260127,20260129,13400,KG
GR-01531,POH-00511,SUP-ADD-A,MB-WH,20260203,20260208,14100,KG
GR-01532,POH-00511,SUP-ADD-A,MB-UV,20260210,20260210,14800,KG
GR-01533,POH-00511,SUP-NY-A,NY6-F,20260217,20260220,15500,KG
GR-01534,POH-00512,SUP-NY-B,NY6-H,20260224,20260228,16200,KG
GR-01535,POH-00512,SUP-ADD-A,MB-NA,20260303,20260304,16900,KG
GR-01536,POH-00512,SUP-ADD-A,MB-NS,20260310,20260312,17600,KG
GR-01537,POH-00513,SUP-PET-A,PET-BR,20260317,20260318,18300,KG
GR-01538,POH-00513,SUP-PET-B,PET-SD,20260324,20260323,19000,KG
GR-01539,POH-00513,SUP-PET-A,PET-RC,20260331,20260331,19700,KG
GR-01540,POH-00514,SUP-PET-B,PET-CO,20260407,20260407,20400,KG
GR-01541,POH-00514,SUP-MB-A,MB-AB,20260414,20260416,21100,KG
GR-01542,POH-00514,SUP-MB-A,MB-SL,20260421,20260424,21800,KG
GR-01543,POH-00515,SUP-ADD-A,MB-WH,20260428,20260430,22500,KG
GR-01544,POH-00515,SUP-ADD-A,MB-UV,20260505,20260508,23200,KG
GR-01545,POH-00515,SUP-NY-A,NY6-F,20260512,20260511,23900,KG
GR-01546,POH-00516,SUP-NY-B,NY6-H,20260519,20260524,24600,KG
GR-01547,POH-00516,SUP-ADD-A,MB-NA,20260526,20260529,25300,KG
GR-01548,POH-00516,SUP-ADD-A,MB-NS,20260602,20260605,26000,KG
GR-01549,POH-00517,SUP-PET-A,PET-BR,20260609,20260611,26700,KG
GR-01550,POH-00517,SUP-PET-B,PET-SD,20260616,20260616,27400,KG
GR-01551,POH-00517,SUP-PET-A,PET-RC,20260623,20260623,28100,KG
GR-01552,POH-00518,SUP-PET-B,PET-CO,20260630,20260630,28800,KG
GR-01553,POH-00518,SUP-MB-A,MB-AB,20260707,20260707,29500,KG
GR-01554,POH-00518,SUP-MB-A,MB-SL,20260714,20260718,30200,KG
GR-01555,POH-00519,SUP-ADD-A,MB-WH,20260721,20260725,5000,KG
GR-01556,POH-00519,SUP-ADD-A,MB-UV,20260728,20260801,5700,KG
GR-01557,POH-00519,SUP-NY-A,NY6-F,20260804,20260807,6400,KG
GR-01558,POH-00520,SUP-NY-B,NY6-H,20260811,20260811,7100,KG
GR-01559,POH-00520,SUP-ADD-A,MB-NA,20260818,20260823,7800,KG
GR-01560,POH-00520,SUP-ADD-A,MB-NS,20260825,20260825,8500,KG
GR-01561,POH-00521,SUP-PET-A,PET-BR,20260901,20260831,9200,KG
GR-01562,POH-00521,SUP-PET-B,PET-SD,20260908,20260909,9900,KG
GR-01563,POH-00521,SUP-PET-A,PET-RC,20260915,20260915,10600,KG
GR-01564,POH-00522,SUP-PET-B,PET-CO,20260922,20260922,11300,KG
GR-01565,POH-00522,SUP-MB-A,MB-AB,20260929,20260928,12000,KG
GR-01566,POH-00522,SUP-MB-A,MB-SL,20251006,20251006,12700,KG
GR-01567,POH-00523,SUP-ADD-A,MB-WH,20251013,20251014,13400,KG
GR-01568,POH-00523,SUP-ADD-A,MB-UV,20251020,20251022,14100,KG
GR-01569,POH-00523,SUP-NY-A,NY6-F,20251027,20251027,14800,KG
GR-01570,POH-00524,SUP-NY-B,NY6-H,20251103,20251103,15500,KG
GR-01571,POH-00524,SUP-ADD-A,MB-NA,20251110,20251112,16200,KG
GR-01572,POH-00524,SUP-ADD-A,MB-NS,20251117,20251120,16900,KG
GR-01573,POH-00525,SUP-PET-A,PET-BR,20251124,20251124,17600,KG
GR-01574,POH-00525,SUP-PET-B,PET-SD,20251201,20251201,18300,KG
GR-01575,POH-00525,SUP-PET-A,PET-RC,20251208,20251208,19000,KG
GR-01576,POH-00526,SUP-PET-B,PET-CO,20251215,20251217,19700,KG
GR-01577,POH-00526,SUP-MB-A,MB-AB,20251222,20251223,20400,KG
GR-01578,POH-00526,SUP-MB-A,MB-SL,20251229,20251230,21100,KG
GR-01579,POH-00527,SUP-ADD-A,MB-WH,20260105,20260108,21800,KG
GR-01580,POH-00527,SUP-ADD-A,MB-UV,20260112,20260115,22500,KG
GR-01581,POH-00527,SUP-NY-A,NY6-F,20260119,20260119,23200,KG
GR-01582,POH-00528,SUP-NY-B,NY6-H,20260126,20260127,23900,KG
GR-01583,POH-00528,SUP-ADD-A,MB-NA,20260202,20260206,24600,KG
GR-01584,POH-00528,SUP-ADD-A,MB-NS,20260209,20260213,25300,KG
GR-01585,POH-00529,SUP-PET-A,PET-BR,20260216,20260216,26000,KG
GR-01586,POH-00529,SUP-PET-B,PET-SD,20260223,20260222,26700,KG
GR-01587,POH-00529,SUP-PET-A,PET-RC,20260302,20260303,27400,KG
GR-01588,POH-00530,SUP-PET-B,PET-CO,20260309,20260309,28100,KG
GR-01589,POH-00530,SUP-MB-A,MB-AB,20260316,20260317,28800,KG
GR-01590,POH-00530,SUP-MB-A,MB-SL,20260323,20260325,29500,KG
GR-01591,POH-00531,SUP-ADD-A,MB-WH,20260330,20260404,30200,KG
GR-01592,POH-00531,SUP-ADD-A,MB-UV,20260406,20260406,5000,KG
GR-01593,POH-00531,SUP-NY-A,NY6-F,20260413,20260414,5700,KG
GR-01594,POH-00532,SUP-NY-B,NY6-H,20260420,20260422,6400,KG
GR-01595,POH-00532,SUP-ADD-A,MB-NA,20260427,20260428,7100,KG
GR-01596,POH-00532,SUP-ADD-A,MB-NS,20260504,20260506,7800,KG
GR-01597,POH-00533,SUP-PET-A,PET-BR,20260511,20260512,8500,KG
GR-01598,POH-00533,SUP-PET-B,PET-SD,20260518,20260518,9200,KG
GR-01599,POH-00533,SUP-PET-A,PET-RC,20260525,20260525,9900,KG
GR-01600,POH-00534,SUP-PET-B,PET-CO,20260601,20260601,10600,KG
GR-01601,POH-00534,SUP-MB-A,MB-AB,20260608,20260610,11300,KG
GR-01602,POH-00534,SUP-MB-A,MB-SL,20260615,20260618,12000,KG
GR-01603,POH-00535,SUP-ADD-A,MB-WH,20260622,20260624,12700,KG
GR-01604,POH-00535,SUP-ADD-A,MB-UV,20260629,20260702,13400,KG
GR-01605,POH-00535,SUP-NY-A,NY6-F,20260706,20260707,14100,KG
GR-01606,POH-00536,SUP-NY-B,NY6-H,20260713,20260715,14800,KG
GR-01607,POH-00536,SUP-ADD-A,MB-NA,20260720,20260723,15500,KG
GR-01608,POH-00536,SUP-ADD-A,MB-NS,20260727,20260730,16200,KG
GR-01609,POH-00537,SUP-PET-A,PET-BR,20260803,20260805,16900,KG
GR-01610,POH-00537,SUP-PET-B,PET-SD,20260810,20260811,17600,KG
GR-01611,POH-00537,SUP-PET-A,PET-RC,20260817,20260817,18300,KG
GR-01612,POH-00538,SUP-PET-B,PET-CO,20260824,20260824,19000,KG
GR-01613,POH-00538,SUP-MB-A,MB-AB,20260831,20260831,19700,KG
GR-01614,POH-00538,SUP-MB-A,MB-SL,20260907,20260911,20400,KG
GR-01615,POH-00539,SUP-ADD-A,MB-WH,20260914,20260918,21100,KG
GR-01616,POH-00539,SUP-ADD-A,MB-UV,20260921,20260925,21800,KG
GR-01617,POH-00539,SUP-NY-A,NY6-F,20260928,20260929,22500,KG
GR-01618,POH-00540,SUP-NY-B,NY6-H,20251005,20251007,23200,KG
GR-01619,POH-00540,SUP-ADD-A,MB-NA,20251012,20251017,23900,KG
GR-01620,POH-00540,SUP-ADD-A,MB-NS,20251019,20251019,24600,KG
GR-01621,POH-00541,SUP-PET-A,PET-BR,20251026,20251025,25300,KG
GR-01622,POH-00541,SUP-PET-B,PET-SD,20251102,20251102,26000,KG
GR-01623,POH-00541,SUP-PET-A,PET-RC,20251109,20251109,26700,KG
GR-01624,POH-00542,SUP-PET-B,PET-CO,20251116,20251118,27400,KG
GR-01625,POH-00542,SUP-MB-A,MB-AB,20251123,20251122,28100,KG
GR-01626,POH-00542,SUP-MB-A,MB-SL,20251130,20251130,28800,KG
GR-01627,POH-00543,SUP-ADD-A,MB-WH,20251207,20251208,29500,KG
GR-01628,POH-00543,SUP-ADD-A,MB-UV,20251214,20251216,30200,KG
GR-01629,POH-00543,SUP-NY-A,NY6-F,20251221,20251223,5000,KG
GR-01630,POH-00544,SUP-NY-B,NY6-H,20251228,20251231,5700,KG
GR-01631,POH-00544,SUP-ADD-A,MB-NA,20260104,20260106,6400,KG
GR-01632,POH-00544,SUP-ADD-A,MB-NS,20260111,20260114,7100,KG
GR-01633,POH-00545,SUP-PET-A,PET-BR,20260118,20260118,7800,KG
GR-01634,POH-00545,SUP-PET-B,PET-SD,20260125,20260124,8500,KG
GR-01635,POH-00545,SUP-PET-A,PET-RC,20260201,20260201,9200,KG
GR-01636,POH-00546,SUP-PET-B,PET-CO,20260208,20260208,9900,KG
GR-01637,POH-00546,SUP-MB-A,MB-AB,20260215,20260216,10600,KG
GR-01638,POH-00546,SUP-MB-A,MB-SL,20260222,20260223,11300,KG
GR-01639,POH-00547,SUP-ADD-A,MB-WH,20260301,20260304,12000,KG
GR-01640,POH-00547,SUP-ADD-A,MB-UV,20260308,20260311,12700,KG
GR-01641,POH-00547,SUP-NY-A,NY6-F,20260315,20260317,13400,KG
GR-01642,POH-00548,SUP-NY-B,NY6-H,20260322,20260325,14100,KG
GR-01643,POH-00548,SUP-ADD-A,MB-NA,20260329,20260402,14800,KG
GR-01644,POH-00548,SUP-ADD-A,MB-NS,20260405,20260409,15500,KG
GR-01645,POH-00549,SUP-PET-A,PET-BR,20260412,20260412,16200,KG
GR-01646,POH-00549,SUP-PET-B,PET-SD,20260419,20260419,16900,KG
GR-01647,POH-00549,SUP-PET-A,PET-RC,20260426,20260427,17600,KG
GR-01648,POH-00550,SUP-PET-B,PET-CO,20260503,20260503,18300,KG
GR-01649,POH-00550,SUP-MB-A,MB-AB,20260510,20260511,19000,KG
GR-01650,POH-00550,SUP-MB-A,MB-SL,20260517,20260519,19700,KG
GR-01651,POH-00551,SUP-ADD-A,MB-WH,20260524,20260529,20400,KG
GR-01652,POH-00551,SUP-ADD-A,MB-UV,20260531,20260531,21100,KG
GR-01653,POH-00551,SUP-NY-A,NY6-F,20260607,20260610,21800,KG
GR-01654,POH-00552,SUP-NY-B,NY6-H,20260614,20260618,22500,KG
GR-01655,POH-00552,SUP-ADD-A,MB-NA,20260621,20260622,23200,KG
GR-01656,POH-00552,SUP-ADD-A,MB-NS,20260628,20260630,23900,KG
GR-01657,POH-00553,SUP-PET-A,PET-BR,20260705,20260706,24600,KG
GR-01658,POH-00553,SUP-PET-B,PET-SD,20260712,20260713,25300,KG
GR-01659,POH-00553,SUP-PET-A,PET-RC,20260719,20260719,26000,KG
GR-01660,POH-00554,SUP-PET-B,PET-CO,20260726,20260726,26700,KG
GR-01661,POH-00554,SUP-MB-A,MB-AB,20260802,20260804,27400,KG
GR-01662,POH-00554,SUP-MB-A,MB-SL,20260809,20260812,28100,KG
GR-01663,POH-00555,SUP-ADD-A,MB-WH,20260816,20260818,28800,KG
GR-01664,POH-00555,SUP-ADD-A,MB-UV,20260823,20260826,29500,KG
GR-01665,POH-00555,SUP-NY-A,NY6-F,20260830,20260829,30200,KG
GR-01666,POH-00556,SUP-NY-B,NY6-H,20260906,20260911,5000,KG
GR-01667,POH-00556,SUP-ADD-A,MB-NA,20260913,20260916,5700,KG
GR-01668,POH-00556,SUP-ADD-A,MB-NS,20260920,20260923,6400,KG
GR-01669,POH-00557,SUP-PET-A,PET-BR,20260927,20260929,7100,KG
GR-01670,POH-00557,SUP-PET-B,PET-SD,20251004,20251004,7800,KG
GR-01671,POH-00557,SUP-PET-A,PET-RC,20251011,20251011,8500,KG
GR-01672,POH-00558,SUP-PET-B,PET-CO,20251018,20251020,9200,KG
GR-01673,POH-00558,SUP-MB-A,MB-AB,20251025,20251025,9900,KG
GR-01674,POH-00558,SUP-MB-A,MB-SL,20251101,20251105,10600,KG
GR-01675,POH-00559,SUP-ADD-A,MB-WH,20251108,20251112,11300,KG
GR-01676,POH-00559,SUP-ADD-A,MB-UV,20251115,20251119,12000,KG
GR-01677,POH-00559,SUP-NY-A,NY6-F,20251122,20251125,12700,KG
GR-01678,POH-00560,SUP-NY-B,NY6-H,20251129,20251129,13400,KG
GR-01679,POH-00560,SUP-ADD-A,MB-NA,20251206,20251211,14100,KG
GR-01680,POH-00560,SUP-ADD-A,MB-NS,20251213,20251213,14800,KG
GR-01681,POH-00561,SUP-PET-A,PET-BR,20251220,20251219,15500,KG
GR-01682,POH-00561,SUP-PET-B,PET-SD,20251227,20251226,16200,KG
GR-01683,POH-00561,SUP-PET-A,PET-RC,20260103,20260103,16900,KG
GR-01684,POH-00562,SUP-PET-B,PET-CO,20260110,20260110,17600,KG
GR-01685,POH-00562,SUP-MB-A,MB-AB,20260117,20260116,18300,KG
GR-01686,POH-00562,SUP-MB-A,MB-SL,20260124,20260124,19000,KG
GR-01687,POH-00563,SUP-ADD-A,MB-WH,20260131,20260201,19700,KG
GR-01688,POH-00563,SUP-ADD-A,MB-UV,20260207,20260209,20400,KG
GR-01689,POH-00563,SUP-NY-A,NY6-F,20260214,20260214,21100,KG
GR-01690,POH-00564,SUP-NY-B,NY6-H,20260221,20260221,21800,KG
GR-01691,POH-00564,SUP-ADD-A,MB-NA,20260228,20260302,22500,KG
GR-01692,POH-00564,SUP-ADD-A,MB-NS,20260307,20260310,23200,KG
GR-01693,POH-00565,SUP-PET-A,PET-BR,20260314,20260314,23900,KG
GR-01694,POH-00565,SUP-PET-B,PET-SD,20260321,20260321,24600,KG
GR-01695,POH-00565,SUP-PET-A,PET-RC,20260328,20260328,25300,KG
GR-01696,POH-00566,SUP-PET-B,PET-CO,20260404,20260404,26000,KG
GR-01697,POH-00566,SUP-MB-A,MB-AB,20260411,20260412,26700,KG
GR-01698,POH-00566,SUP-MB-A,MB-SL,20260418,20260419,27400,KG
GR-01699,POH-00567,SUP-ADD-A,MB-WH,20260425,20260428,28100,KG
GR-01700,POH-00567,SUP-ADD-A,MB-UV,20260502,20260505,28800,KG
GR-01701,POH-00567,SUP-NY-A,NY6-F,20260509,20260509,29500,KG
GR-01702,POH-00568,SUP-NY-B,NY6-H,20260516,20260517,30200,KG
GR-01703,POH-00568,SUP-ADD-A,MB-NA,20260523,20260527,5000,KG
GR-01704,POH-00568,SUP-ADD-A,MB-NS,20260530,20260603,5700,KG
GR-01705,POH-00569,SUP-PET-A,PET-BR,20260606,20260606,6400,KG
GR-01706,POH-00569,SUP-PET-B,PET-SD,20260613,20260614,7100,KG
GR-01707,POH-00569,SUP-PET-A,PET-RC,20260620,20260621,7800,KG
GR-01708,POH-00570,SUP-PET-B,PET-CO,20260627,20260627,8500,KG
GR-01709,POH-00570,SUP-MB-A,MB-AB,20260704,20260705,9200,KG
GR-01710,POH-00570,SUP-MB-A,MB-SL,20260711,20260713,9900,KG
GR-01711,POH-00571,SUP-ADD-A,MB-WH,20260718,20260723,10600,KG
GR-01712,POH-00571,SUP-ADD-A,MB-UV,20260725,20260725,11300,KG
GR-01713,POH-00571,SUP-NY-A,NY6-F,20260801,20260802,12000,KG
GR-01714,POH-00572,SUP-NY-B,NY6-H,20260808,20260810,12700,KG
GR-01715,POH-00572,SUP-ADD-A,MB-NA,20260815,20260816,13400,KG
GR-01716,POH-00572,SUP-ADD-A,MB-NS,20260822,20260824,14100,KG
GR-01717,POH-00573,SUP-PET-A,PET-BR,20260829,20260830,14800,KG
GR-01718,POH-00573,SUP-PET-B,PET-SD,20260905,20260905,15500,KG
GR-01719,POH-00573,SUP-PET-A,PET-RC,20260912,20260912,16200,KG
GR-01720,POH-00574,SUP-PET-B,PET-CO,20260919,20260921,16900,KG
GR-01721,POH-00574,SUP-MB-A,MB-AB,20260926,20260928,17600,KG
GR-01722,POH-00574,SUP-MB-A,MB-SL,20251003,20251006,18300,KG
GR-01723,POH-00575,SUP-ADD-A,MB-WH,20251010,20251012,19000,KG
GR-01724,POH-00575,SUP-ADD-A,MB-UV,20251017,20251020,19700,KG
GR-01725,POH-00575,SUP-NY-A,NY6-F,20251024,20251025,20400,KG
GR-01726,POH-00576,SUP-NY-B,NY6-H,20251031,20251102,21100,KG
GR-01727,POH-00576,SUP-ADD-A,MB-NA,20251107,20251110,21800,KG
GR-01728,POH-00576,SUP-ADD-A,MB-NS,20251114,20251117,22500,KG
GR-01729,POH-00577,SUP-PET-A,PET-BR,20251121,20251123,23200,KG
GR-01730,POH-00577,SUP-PET-B,PET-SD,20251128,20251127,23900,KG
GR-01731,POH-00577,SUP-PET-A,PET-RC,20251205,20251205,24600,KG
GR-01732,POH-00578,SUP-PET-B,PET-CO,20251212,20251212,25300,KG
GR-01733,POH-00578,SUP-MB-A,MB-AB,20251219,20251219,26000,KG
GR-01734,POH-00578,SUP-MB-A,MB-SL,20251226,20251230,26700,KG
GR-01735,POH-00579,SUP-ADD-A,MB-WH,20260102,20260106,27400,KG
GR-01736,POH-00579,SUP-ADD-A,MB-UV,20260109,20260113,28100,KG
GR-01737,POH-00579,SUP-NY-A,NY6-F,20260116,20260117,28800,KG
GR-01738,POH-00580,SUP-NY-B,NY6-H,20260123,20260125,29500,KG
GR-01739,POH-00580,SUP-ADD-A,MB-NA,20260130,20260204,30200,KG
GR-01740,POH-00580,SUP-ADD-A,MB-NS,20260206,20260206,5000,KG
GR-01741,POH-00581,SUP-PET-A,PET-BR,20260213,20260212,5700,KG
GR-01742,POH-00581,SUP-PET-B,PET-SD,20260220,20260220,6400,KG
GR-01743,POH-00581,SUP-PET-A,PET-RC,20260227,20260227,7100,KG
GR-01744,POH-00582,SUP-PET-B,PET-CO,20260306,20260306,7800,KG
GR-01745,POH-00582,SUP-MB-A,MB-AB,20260313,20260312,8500,KG
GR-01746,POH-00582,SUP-MB-A,MB-SL,20260320,20260320,9200,KG
GR-01747,POH-00583,SUP-ADD-A,MB-WH,20260327,20260328,9900,KG
GR-01748,POH-00583,SUP-ADD-A,MB-UV,20260403,20260405,10600,KG
GR-01749,POH-00583,SUP-NY-A,NY6-F,20260410,20260412,11300,KG
GR-01750,POH-00584,SUP-NY-B,NY6-H,20260417,20260420,12000,KG
GR-01751,POH-00584,SUP-ADD-A,MB-NA,20260424,20260426,12700,KG
GR-01752,POH-00584,SUP-ADD-A,MB-NS,20260501,20260504,13400,KG
GR-01753,POH-00585,SUP-PET-A,PET-BR,20260508,20260508,14100,KG
GR-01754,POH-00585,SUP-PET-B,PET-SD,20260515,20260516,14800,KG
GR-01755,POH-00585,SUP-PET-A,PET-RC,20260522,20260522,15500,KG
GR-01756,POH-00586,SUP-PET-B,PET-CO,20260529,20260529,16200,KG
GR-01757,POH-00586,SUP-MB-A,MB-AB,20260605,20260606,16900,KG
GR-01758,POH-00586,SUP-MB-A,MB-SL,20260612,20260613,17600,KG
GR-01759,POH-00587,SUP-ADD-A,MB-WH,20260619,20260622,18300,KG
GR-01760,POH-00587,SUP-ADD-A,MB-UV,20260626,20260629,19000,KG
GR-01761,POH-00587,SUP-NY-A,NY6-F,20260703,20260705,19700,KG
GR-01762,POH-00588,SUP-NY-B,NY6-H,20260710,20260713,20400,KG
GR-01763,POH-00588,SUP-ADD-A,MB-NA,20260717,20260721,21100,KG
GR-01764,POH-00588,SUP-ADD-A,MB-NS,20260724,20260728,21800,KG
GR-01765,POH-00589,SUP-PET-A,PET-BR,20260731,20260731,22500,KG
GR-01766,POH-00589,SUP-PET-B,PET-SD,20260807,20260807,23200,KG
GR-01767,POH-00589,SUP-PET-A,PET-RC,20260814,20260815,23900,KG
GR-01768,POH-00590,SUP-PET-B,PET-CO,20260821,20260823,24600,KG
GR-01769,POH-00590,SUP-MB-A,MB-AB,20260828,20260829,25300,KG
GR-01770,POH-00590,SUP-MB-A,MB-SL,20260904,20260906,26000,KG
GR-01771,POH-00591,SUP-ADD-A,MB-WH,20260911,20260916,26700,KG
GR-01772,POH-00591,SUP-ADD-A,MB-UV,20260918,20260918,27400,KG
GR-01773,POH-00591,SUP-NY-A,NY6-F,20260925,20260928,28100,KG
GR-01774,POH-00592,SUP-NY-B,NY6-H,20251002,20251006,28800,KG
GR-01775,POH-00592,SUP-ADD-A,MB-NA,20251009,20251010,29500,KG
GR-01776,POH-00592,SUP-ADD-A,MB-NS,20251016,20251018,30200,KG
GR-01777,POH-00593,SUP-PET-A,PET-BR,20251023,20251024,5000,KG
GR-01778,POH-00593,SUP-PET-B,PET-SD,20251030,20251029,5700,KG
GR-01779,POH-00593,SUP-PET-A,PET-RC,20251106,20251106,6400,KG
GR-01780,POH-00594,SUP-PET-B,PET-CO,20251113,20251113,7100,KG
GR-01781,POH-00594,SUP-MB-A,MB-AB,20251120,20251122,7800,KG
GR-01782,POH-00594,SUP-MB-A,MB-SL,20251127,20251130,8500,KG
GR-01783,POH-00595,SUP-ADD-A,MB-WH,20251204,20251206,9200,KG
GR-01784,POH-00595,SUP-ADD-A,MB-UV,20251211,20251214,9900,KG
GR-01785,POH-00595,SUP-NY-A,NY6-F,20251218,20251217,10600,KG
GR-01786,POH-00596,SUP-NY-B,NY6-H,20251225,20251230,11300,KG
GR-01787,POH-00596,SUP-ADD-A,MB-NA,20260101,20260104,12000,KG
GR-01788,POH-00596,SUP-ADD-A,MB-NS,20260108,20260111,12700,KG
GR-01789,POH-00597,SUP-PET-A,PET-BR,20260115,20260117,13400,KG
GR-01790,POH-00597,SUP-PET-B,PET-SD,20260122,20260122,14100,KG
GR-01791,POH-00597,SUP-PET-A,PET-RC,20260129,20260129,14800,KG
GR-01792,POH-00598,SUP-PET-B,PET-CO,20260205,20260205,15500,KG
GR-01793,POH-00598,SUP-MB-A,MB-AB,20260212,20260212,16200,KG
GR-01794,POH-00598,SUP-MB-A,MB-SL,20260219,20260223,16900,KG
GR-01795,POH-00599,SUP-ADD-A,MB-WH,20260226,20260302,17600,KG
GR-01796,POH-00599,SUP-ADD-A,MB-UV,20260305,20260309,18300,KG
GR-01797,POH-00599,SUP-NY-A,NY6-F,20260312,20260315,19000,KG
GR-01798,POH-00600,SUP-NY-B,NY6-H,20260319,20260319,19700,KG
GR-01799,POH-00600,SUP-ADD-A,MB-NA,20260326,20260331,20400,KG
GR-01800,POH-00600,SUP-ADD-A,MB-NS,20260402,20260402,21100,KG
GR-01801,POH-00601,SUP-PET-A,PET-BR,20260409,20260408,21800,KG
GR-01802,POH-00601,SUP-PET-B,PET-SD,20260416,20260417,22500,KG
GR-01803,POH-00601,SUP-PET-A,PET-RC,20260423,20260423,23200,KG
GR-01804,POH-00602,SUP-PET-B,PET-CO,20260430,20260430,23900,KG
GR-01805,POH-00602,SUP-MB-A,MB-AB,20260507,20260506,24600,KG
GR-01806,POH-00602,SUP-MB-A,MB-SL,20260514,20260514,25300,KG
GR-01807,POH-00603,SUP-ADD-A,MB-WH,20260521,20260522,26000,KG
GR-01808,POH-00603,SUP-ADD-A,MB-UV,20260528,20260530,26700,KG
GR-01809,POH-00603,SUP-NY-A,NY6-F,20260604,20260604,27400,KG
GR-01810,POH-00604,SUP-NY-B,NY6-H,20260611,20260611,28100,KG
GR-01811,POH-00604,SUP-ADD-A,MB-NA,20260618,20260620,28800,KG
GR-01812,POH-00604,SUP-ADD-A,MB-NS,20260625,20260628,29500,KG
GR-01813,POH-00605,SUP-PET-A,PET-BR,20260702,20260702,30200,KG
GR-01814,POH-00605,SUP-PET-B,PET-SD,20260709,20260709,5000,KG
GR-01815,POH-00605,SUP-PET-A,PET-RC,20260716,20260716,5700,KG
GR-01816,POH-00606,SUP-PET-B,PET-CO,20260723,20260725,6400,KG
GR-01817,POH-00606,SUP-MB-A,MB-AB,20260730,20260731,7100,KG
GR-01818,POH-00606,SUP-MB-A,MB-SL,20260806,20260807,7800,KG
GR-01819,POH-00607,SUP-ADD-A,MB-WH,20260813,20260816,8500,KG
GR-01820,POH-00607,SUP-ADD-A,MB-UV,20260820,20260823,9200,KG
GR-01821,POH-00607,SUP-NY-A,NY6-F,20260827,20260827,9900,KG
GR-01822,POH-00608,SUP-NY-B,NY6-H,20260903,20260904,10600,KG
GR-01823,POH-00608,SUP-ADD-A,MB-NA,20260910,20260914,11300,KG
GR-01824,POH-00608,SUP-ADD-A,MB-NS,20260917,20260921,12000,KG
GR-01825,POH-00609,SUP-PET-A,PET-BR,20260924,20260924,12700,KG
GR-01826,POH-00609,SUP-PET-B,PET-SD,20251001,20250930,13400,KG
GR-01827,POH-00609,SUP-PET-A,PET-RC,20251008,20251009,14100,KG
GR-01828,POH-00610,SUP-PET-B,PET-CO,20251015,20251015,14800,KG
GR-01829,POH-00610,SUP-MB-A,MB-AB,20251022,20251023,15500,KG
GR-01830,POH-00610,SUP-MB-A,MB-SL,20251029,20251031,16200,KG
GR-01831,POH-00611,SUP-ADD-A,MB-WH,20251105,20251110,16900,KG
GR-01832,POH-00611,SUP-ADD-A,MB-UV,20251112,20251112,17600,KG
GR-01833,POH-00611,SUP-NY-A,NY6-F,20251119,20251120,18300,KG
GR-01834,POH-00612,SUP-NY-B,NY6-H,20251126,20251128,19000,KG
GR-01835,POH-00612,SUP-ADD-A,MB-NA,20251203,20251204,19700,KG
GR-01836,POH-00612,SUP-ADD-A,MB-NS,20251210,20251212,20400,KG
GR-01837,POH-00613,SUP-PET-A,PET-BR,20251217,20251218,21100,KG
GR-01838,POH-00613,SUP-PET-B,PET-SD,20251224,20251224,21800,KG
GR-01839,POH-00613,SUP-PET-A,PET-RC,20251231,20251231,22500,KG
GR-01840,POH-00614,SUP-PET-B,PET-CO,20260107,20260107,23200,KG
GR-01841,POH-00614,SUP-MB-A,MB-AB,20260114,20260116,23900,KG
GR-01842,POH-00614,SUP-MB-A,MB-SL,20260121,20260124,24600,KG
GR-01843,POH-00615,SUP-ADD-A,MB-WH,20260128,20260130,25300,KG
GR-01844,POH-00615,SUP-ADD-A,MB-UV,20260204,20260207,26000,KG
GR-01845,POH-00615,SUP-NY-A,NY6-F,20260211,20260212,26700,KG
GR-01846,POH-00616,SUP-NY-B,NY6-H,20260218,20260220,27400,KG
GR-01847,POH-00616,SUP-ADD-A,MB-NA,20260225,20260228,28100,KG
GR-01848,POH-00616,SUP-ADD-A,MB-NS,20260304,20260307,28800,KG
GR-01849,POH-00617,SUP-PET-A,PET-BR,20260311,20260313,29500,KG
GR-01850,POH-00617,SUP-PET-B,PET-SD,20260318,20260319,30200,KG
GR-01851,POH-00617,SUP-PET-A,PET-RC,20260325,20260325,5000,KG
GR-01852,POH-00618,SUP-PET-B,PET-CO,20260401,20260401,5700,KG
GR-01853,POH-00618,SUP-MB-A,MB-AB,20260408,20260408,6400,KG
GR-01854,POH-00618,SUP-MB-A,MB-SL,20260415,20260419,7100,KG
GR-01855,POH-00619,SUP-ADD-A,MB-WH,20260422,20260426,7800,KG
GR-01856,POH-00619,SUP-ADD-A,MB-UV,20260429,20260503,8500,KG
GR-01857,POH-00619,SUP-NY-A,NY6-F,20260506,20260507,9200,KG
GR-01858,POH-00620,SUP-NY-B,NY6-H,20260513,20260515,9900,KG
GR-01859,POH-00620,SUP-ADD-A,MB-NA,20260520,20260525,10600,KG
GR-01860,POH-00620,SUP-ADD-A,MB-NS,20260527,20260527,11300,KG
GR-01861,POH-00621,SUP-PET-A,PET-BR,20260603,20260602,12000,KG
GR-01862,POH-00621,SUP-PET-B,PET-SD,20260610,20260610,12700,KG
GR-01863,POH-00621,SUP-PET-A,PET-RC,20260617,20260617,13400,KG
GR-01864,POH-00622,SUP-PET-B,PET-CO,20260624,20260626,14100,KG
GR-01865,POH-00622,SUP-MB-A,MB-AB,20260701,20260630,14800,KG
GR-01866,POH-00622,SUP-MB-A,MB-SL,20260708,20260708,15500,KG
GR-01867,POH-00623,SUP-ADD-A,MB-WH,20260715,20260716,16200,KG
GR-01868,POH-00623,SUP-ADD-A,MB-UV,20260722,20260724,16900,KG
GR-01869,POH-00623,SUP-NY-A,NY6-F,20260729,20260731,17600,KG
GR-01870,POH-00624,SUP-NY-B,NY6-H,20260805,20260808,18300,KG
GR-01871,POH-00624,SUP-ADD-A,MB-NA,20260812,20260814,19000,KG
GR-01872,POH-00624,SUP-ADD-A,MB-NS,20260819,20260822,19700,KG
GR-01873,POH-00625,SUP-PET-A,PET-BR,20260826,20260826,20400,KG
GR-01874,POH-00625,SUP-PET-B,PET-SD,20260902,20260901,21100,KG
GR-01875,POH-00625,SUP-PET-A,PET-RC,20260909,20260909,21800,KG
GR-01876,POH-00626,SUP-PET-B,PET-CO,20260916,20260916,22500,KG
GR-01877,POH-00626,SUP-MB-A,MB-AB,20260923,20260924,23200,KG
GR-01878,POH-00626,SUP-MB-A,MB-SL,20260930,20261001,23900,KG
GR-01879,POH-00627,SUP-ADD-A,MB-WH,20251007,20251010,24600,KG
GR-01880,POH-00627,SUP-ADD-A,MB-UV,20251014,20251017,25300,KG
GR-01881,POH-00627,SUP-NY-A,NY6-F,20251021,20251023,26000,KG
GR-01882,POH-00628,SUP-NY-B,NY6-H,20251028,20251031,26700,KG
GR-01883,POH-00628,SUP-ADD-A,MB-NA,20251104,20251108,27400,KG
GR-01884,POH-00628,SUP-ADD-A,MB-NS,20251111,20251115,28100,KG
GR-01885,POH-00629,SUP-PET-A,PET-BR,20251118,20251118,28800,KG
GR-01886,POH-00629,SUP-PET-B,PET-SD,20251125,20251125,29500,KG
GR-01887,POH-00629,SUP-PET-A,PET-RC,20251202,20251203,30200,KG
GR-01888,POH-00630,SUP-PET-B,PET-CO,20251209,20251209,5000,KG
GR-01889,POH-00630,SUP-MB-A,MB-AB,20251216,20251217,5700,KG
GR-01890,POH-00630,SUP-MB-A,MB-SL,20251223,20251225,6400,KG
GR-01891,POH-00631,SUP-ADD-A,MB-WH,20251230,20260104,7100,KG
GR-01892,POH-00631,SUP-ADD-A,MB-UV,20260106,20260106,7800,KG
GR-01893,POH-00631,SUP-NY-A,NY6-F,20260113,20260116,8500,KG
GR-01894,POH-00632,SUP-NY-B,NY6-H,20260120,20260124,9200,KG
GR-01895,POH-00632,SUP-ADD-A,MB-NA,20260127,20260128,9900,KG
GR-01896,POH-00632,SUP-ADD-A,MB-NS,20260203,20260205,10600,KG
GR-01897,POH-00633,SUP-PET-A,PET-BR,20260210,20260211,11300,KG
GR-01898,POH-00633,SUP-PET-B,PET-SD,20260217,20260218,12000,KG
GR-01899,POH-00633,SUP-PET-A,PET-RC,20260224,20260224,12700,KG
GR-01900,POH-00634,SUP-PET-B,PET-CO,20260303,20260303,13400,KG
